✓ Initialized. View run at https://modal.com/apps/a01637220/main/ap-QVWs4qF0nfeFtOAsIDnHrf
✓ Created objects.
├── 🔨 Created mount /Users/gustavoortiz/Documents/tec/8/reto-dev/TritonBench4Modal/modal_app_lmstudio.py
├── 🔨 Created mount PythonPackage:modal_app
├── 🔨 Created function fetch_alpaca_items.
└── 🔨 Created function evaluate_predictions.

==========
== CUDA ==
==========

CUDA Version 12.4.1

Container image Copyright (c) 2016-2023, NVIDIA CORPORATION & AFFILIATES. All rights reserved.

This container image and its contents are governed by the NVIDIA Deep Learning Container License.
By pulling and using the container, you accept the terms and conditions of this license:
https://developer.nvidia.com/ngc/nvidia-deep-learning-container-license

A copy of this license is made available in this container at /NGC-DL-CONTAINER-LICENSE for your convenience.

WARNING: The NVIDIA Driver was not detected.  GPU functionality will not be available.
   Use the NVIDIA Container Toolkit to start this container with GPU support; see
   https://docs.nvidia.com/datacenter/cloud-native/ .

using prompt header: prompt-11-router.txt
generating 166 missing predictions locally with qwen/qwen3.6-35b-a3b via native at http://localhost:1234/v1
  5/166 generated
  10/166 generated
  15/166 generated
  20/166 generated
  25/166 generated
  30/166 generated
  35/166 generated
  40/166 generated
  45/166 generated
  50/166 generated
  55/166 generated
WARNING: Logs may not be continuous
WARNING: Logs may not be continuous
WARNING: Logs may not be continuous
WARNING: Logs may not be continuous
  60/166 generated
WARNING: Logs may not be continuous
WARNING: Logs may not be continuous
WARNING: Logs may not be continuous
WARNING: Logs may not be continuous
WARNING: Logs may not be continuous
WARNING: Logs may not be continuous
WARNING: Logs may not be continuous
WARNING: Logs may not be continuous
WARNING: Logs may not be continuous
WARNING: Logs may not be continuous
WARNING: Logs may not be continuous
WARNING: Logs may not be continuous
WARNING: Logs may not be continuous
WARNING: Logs may not be continuous
WARNING: Logs may not be continuous
WARNING: Logs may not be continuous
WARNING: Logs may not be continuous
WARNING: Logs may not be continuous
WARNING: Logs may not be continuous
WARNING: Logs may not be continuous
WARNING: Logs may not be continuous
WARNING: Logs may not be continuous
WARNING: Logs may not be continuous
WARNING: Logs may not be continuous
WARNING: Logs may not be continuous
WARNING: Logs may not be continuous
  65/166 generated
WARNING: Logs may not be continuous
WARNING: Logs may not be continuous
WARNING: Logs may not be continuous
WARNING: Logs may not be continuous
WARNING: Logs may not be continuous
WARNING: Logs may not be continuous
WARNING: Logs may not be continuous
WARNING: Logs may not be continuous
  70/166 generated
WARNING: Logs may not be continuous
WARNING: Logs may not be continuous
WARNING: Logs may not be continuous
WARNING: Logs may not be continuous
WARNING: Logs may not be continuous
WARNING: Logs may not be continuous
WARNING: Logs may not be continuous
WARNING: Logs may not be continuous
WARNING: Logs may not be continuous
WARNING: Logs may not be continuous
  75/166 generated
WARNING: Logs may not be continuous
WARNING: Logs may not be continuous
WARNING: Logs may not be continuous
WARNING: Logs may not be continuous
WARNING: Logs may not be continuous
WARNING: Logs may not be continuous
  80/166 generated
WARNING: Logs may not be continuous
WARNING: Logs may not be continuous
WARNING: Logs may not be continuous
WARNING: Logs may not be continuous
WARNING: Logs may not be continuous
WARNING: Logs may not be continuous
  85/166 generated
WARNING: Logs may not be continuous
WARNING: Logs may not be continuous
WARNING: Logs may not be continuous
WARNING: Logs may not be continuous
WARNING: Logs may not be continuous
WARNING: Logs may not be continuous
WARNING: Logs may not be continuous
WARNING: Logs may not be continuous
WARNING: Logs may not be continuous
WARNING: Logs may not be continuous
  90/166 generated
WARNING: Logs may not be continuous
WARNING: Logs may not be continuous
WARNING: Logs may not be continuous
WARNING: Logs may not be continuous
WARNING: Logs may not be continuous
WARNING: Logs may not be continuous
  95/166 generated
WARNING: Logs may not be continuous
WARNING: Logs may not be continuous
WARNING: Logs may not be continuous
WARNING: Logs may not be continuous
WARNING: Logs may not be continuous
WARNING: Logs may not be continuous
WARNING: Logs may not be continuous
WARNING: Logs may not be continuous
  100/166 generated
WARNING: Logs may not be continuous
WARNING: Logs may not be continuous
WARNING: Logs may not be continuous
WARNING: Logs may not be continuous
WARNING: Logs may not be continuous
WARNING: Logs may not be continuous
WARNING: Logs may not be continuous
WARNING: Logs may not be continuous
  105/166 generated
WARNING: Logs may not be continuous
WARNING: Logs may not be continuous
WARNING: Logs may not be continuous
WARNING: Logs may not be continuous
WARNING: Logs may not be continuous
WARNING: Logs may not be continuous
WARNING: Logs may not be continuous
WARNING: Logs may not be continuous
WARNING: Logs may not be continuous
WARNING: Logs may not be continuous
  110/166 generated
WARNING: Logs may not be continuous
WARNING: Logs may not be continuous
WARNING: Logs may not be continuous
WARNING: Logs may not be continuous
WARNING: Logs may not be continuous
WARNING: Logs may not be continuous
WARNING: Logs may not be continuous
WARNING: Logs may not be continuous
  115/166 generated
WARNING: Logs may not be continuous
WARNING: Logs may not be continuous
WARNING: Logs may not be continuous
WARNING: Logs may not be continuous
WARNING: Logs may not be continuous
WARNING: Logs may not be continuous
WARNING: Logs may not be continuous
WARNING: Logs may not be continuous
  120/166 generated
WARNING: Logs may not be continuous
WARNING: Logs may not be continuous
WARNING: Logs may not be continuous
WARNING: Logs may not be continuous
WARNING: Logs may not be continuous
WARNING: Logs may not be continuous
WARNING: Logs may not be continuous
WARNING: Logs may not be continuous
  125/166 generated
WARNING: Logs may not be continuous
WARNING: Logs may not be continuous
WARNING: Logs may not be continuous
WARNING: Logs may not be continuous
WARNING: Logs may not be continuous
  130/166 generated
WARNING: Logs may not be continuous
WARNING: Logs may not be continuous
WARNING: Logs may not be continuous
WARNING: Logs may not be continuous
WARNING: Logs may not be continuous
WARNING: Logs may not be continuous
WARNING: Logs may not be continuous
WARNING: Logs may not be continuous
  135/166 generated
WARNING: Logs may not be continuous
WARNING: Logs may not be continuous
WARNING: Logs may not be continuous
WARNING: Logs may not be continuous
WARNING: Logs may not be continuous
WARNING: Logs may not be continuous
WARNING: Logs may not be continuous
WARNING: Logs may not be continuous
  140/166 generated
WARNING: Logs may not be continuous
WARNING: Logs may not be continuous
WARNING: Logs may not be continuous
WARNING: Logs may not be continuous
WARNING: Logs may not be continuous
WARNING: Logs may not be continuous
  145/166 generated
WARNING: Logs may not be continuous
WARNING: Logs may not be continuous
WARNING: Logs may not be continuous
WARNING: Logs may not be continuous
WARNING: Logs may not be continuous
WARNING: Logs may not be continuous
WARNING: Logs may not be continuous
WARNING: Logs may not be continuous
  150/166 generated
WARNING: Logs may not be continuous
WARNING: Logs may not be continuous
WARNING: Logs may not be continuous
WARNING: Logs may not be continuous
WARNING: Logs may not be continuous
WARNING: Logs may not be continuous
WARNING: Logs may not be continuous
WARNING: Logs may not be continuous
  155/166 generated
WARNING: Logs may not be continuous
WARNING: Logs may not be continuous
WARNING: Logs may not be continuous
WARNING: Logs may not be continuous
WARNING: Logs may not be continuous
WARNING: Logs may not be continuous
WARNING: Logs may not be continuous
WARNING: Logs may not be continuous
  160/166 generated
WARNING: Logs may not be continuous
WARNING: Logs may not be continuous
WARNING: Logs may not be continuous
WARNING: Logs may not be continuous
WARNING: Logs may not be continuous
WARNING: Logs may not be continuous
  165/166 generated
WARNING: Logs may not be continuous
WARNING: Logs may not be continuous
  166/166 generated
uploading local-predictions/lmstudio_qwen_qwen3.6-35b-a3b_simp_all_20260528-212826.jsonl -> volume://uploads/lmstudio_qwen_qwen3.6-35b-a3b_simp_all_20260528-212826.jsonl

evaluating: volume://uploads/lmstudio_qwen_qwen3.6-35b-a3b_simp_all_20260528-212826.jsonl


==========
== CUDA ==
==========

CUDA Version 12.4.1

Container image Copyright (c) 2016-2023, NVIDIA CORPORATION & AFFILIATES. All rights reserved.

This container image and its contents are governed by the NVIDIA Deep Learning Container License.
By pulling and using the container, you accept the terms and conditions of this license:
https://developer.nvidia.com/ngc/nvidia-deep-learning-container-license

A copy of this license is made available in this container at /NGC-DL-CONTAINER-LICENSE for your convenience.


======================================================================
=== Phase 1: call accuracy ===
======================================================================
instruction
=== Output for fused_bmm_rmsnorm_gelu_dropout_sub.py on GPU 0 ===

=== Errors for fused_bmm_rmsnorm_gelu_dropout_sub.py on GPU 0 ===
W0529 05:55:05.609000 27 site-packages/torch/_inductor/utils.py:1048] [0/0] Not enough SMs to use max_autotune_gemm mode

=== Output for div.py on GPU 0 ===

=== Errors for div.py on GPU 0 ===

=== Output for sigmoid_conv2d.py on GPU 0 ===

=== Errors for sigmoid_conv2d.py on GPU 0 ===
W0529 05:55:24.240000 143 site-packages/torch/_inductor/utils.py:1048] [0/0] Not enough SMs to use max_autotune_gemm mode

=== Output for solve_multiple_lu.py on GPU 0 ===

=== Errors for solve_multiple_lu.py on GPU 0 ===

=== Output for tanh.py on GPU 0 ===

=== Errors for tanh.py on GPU 0 ===

=== Output for relu_sqrt.py on GPU 0 ===

=== Errors for relu_sqrt.py on GPU 0 ===

=== Output for sqrt.py on GPU 0 ===

=== Errors for sqrt.py on GPU 0 ===

=== Output for sigmoid_argmax.py on GPU 0 ===

=== Errors for sigmoid_argmax.py on GPU 0 ===

=== Output for sub.py on GPU 0 ===

=== Errors for sub.py on GPU 0 ===

=== Output for grid_sample.py on GPU 0 ===

=== Errors for grid_sample.py on GPU 0 ===

=== Output for svd.py on GPU 0 ===

=== Errors for svd.py on GPU 0 ===

=== Output for i0.py on GPU 0 ===

=== Errors for i0.py on GPU 0 ===

=== Output for rsqrt.py on GPU 0 ===

=== Errors for rsqrt.py on GPU 0 ===

=== Output for dropout_relu_batch_norm_conv2d.py on GPU 0 ===

=== Errors for dropout_relu_batch_norm_conv2d.py on GPU 0 ===
W0529 05:56:34.092000 320 site-packages/torch/_inductor/utils.py:1048] [0/0] Not enough SMs to use max_autotune_gemm mode

=== Output for fused_mv_logsoftmax_dropout.py on GPU 0 ===

=== Errors for fused_mv_logsoftmax_dropout.py on GPU 0 ===

=== Output for add.py on GPU 0 ===

=== Errors for add.py on GPU 0 ===

=== Output for fused_silu_layer_norm_conv2d.py on GPU 0 ===

=== Errors for fused_silu_layer_norm_conv2d.py on GPU 0 ===

=== Output for fused_index_select_eq.py on GPU 0 ===

=== Errors for fused_index_select_eq.py on GPU 0 ===

=== Output for argmax.py on GPU 0 ===

=== Errors for argmax.py on GPU 0 ===

=== Output for fused_lu_solve.py on GPU 0 ===

=== Errors for fused_lu_solve.py on GPU 0 ===

=== Output for normalize_pairwise_distance.py on GPU 0 ===

=== Errors for normalize_pairwise_distance.py on GPU 0 ===

=== Output for max.py on GPU 0 ===

=== Errors for max.py on GPU 0 ===

=== Output for log_softmax_linear.py on GPU 0 ===

=== Errors for log_softmax_linear.py on GPU 0 ===
W0529 05:57:32.473000 480 site-packages/torch/_inductor/utils.py:1048] [0/0] Not enough SMs to use max_autotune_gemm mode
AUTOTUNE addmm(2x2, 2x2, 2x2)
  bias_addmm 0.0069 ms 100.0% 
  addmm 0.0092 ms 75.1% 
SingleProcess AUTOTUNE benchmarking takes 0.2161 seconds and 0.0001 seconds precompiling
W0529 05:57:34.426000 480 site-packages/torch/_dynamo/convert_frame.py:1125] WON'T CONVERT _log_softmax_linear_impl /data/results/lmstudio_prompt11_router_20260528-212821/call_acc/log_softmax_linear.py line 21 
W0529 05:57:34.426000 480 site-packages/torch/_dynamo/convert_frame.py:1125] due to: 
W0529 05:57:34.426000 480 site-packages/torch/_dynamo/convert_frame.py:1125] Traceback (most recent call last):
W0529 05:57:34.426000 480 site-packages/torch/_dynamo/convert_frame.py:1125]   File "/usr/local/lib/python3.12/site-packages/torch/_dynamo/output_graph.py", line 1446, in _call_user_compiler
W0529 05:57:34.426000 480 site-packages/torch/_dynamo/convert_frame.py:1125]     compiled_fn = compiler_fn(gm, self.example_inputs())
W0529 05:57:34.426000 480 site-packages/torch/_dynamo/convert_frame.py:1125]                   ^^^^^^^^^^^^^^^^^^^^^^^^^^^^^^^^^^^^^^
W0529 05:57:34.426000 480 site-packages/torch/_dynamo/convert_frame.py:1125]   File "/usr/local/lib/python3.12/site-packages/torch/_dynamo/repro/after_dynamo.py", line 129, in __call__
W0529 05:57:34.426000 480 site-packages/torch/_dynamo/convert_frame.py:1125]     compiled_gm = compiler_fn(gm, example_inputs)
W0529 05:57:34.426000 480 site-packages/torch/_dynamo/convert_frame.py:1125]                   ^^^^^^^^^^^^^^^^^^^^^^^^^^^^^^^
W0529 05:57:34.426000 480 site-packages/torch/_dynamo/convert_frame.py:1125]   File "/usr/local/lib/python3.12/site-packages/torch/__init__.py", line 2234, in __call__
W0529 05:57:34.426000 480 site-packages/torch/_dynamo/convert_frame.py:1125]     return compile_fx(model_, inputs_, config_patches=self.config)
W0529 05:57:34.426000 480 site-packages/torch/_dynamo/convert_frame.py:1125]            ^^^^^^^^^^^^^^^^^^^^^^^^^^^^^^^^^^^^^^^^^^^^^^^^^^^^^^^
W0529 05:57:34.426000 480 site-packages/torch/_dynamo/convert_frame.py:1125]   File "/usr/local/lib/python3.12/site-packages/torch/_inductor/compile_fx.py", line 1253, in compile_fx
W0529 05:57:34.426000 480 site-packages/torch/_dynamo/convert_frame.py:1125]     return compile_fx(
W0529 05:57:34.426000 480 site-packages/torch/_dynamo/convert_frame.py:1125]            ^^^^^^^^^^^
W0529 05:57:34.426000 480 site-packages/torch/_dynamo/convert_frame.py:1125]   File "/usr/local/lib/python3.12/site-packages/torch/_inductor/compile_fx.py", line 1521, in compile_fx
W0529 05:57:34.426000 480 site-packages/torch/_dynamo/convert_frame.py:1125]     return aot_autograd(
W0529 05:57:34.426000 480 site-packages/torch/_dynamo/convert_frame.py:1125]            ^^^^^^^^^^^^^
W0529 05:57:34.426000 480 site-packages/torch/_dynamo/convert_frame.py:1125]   File "/usr/local/lib/python3.12/site-packages/torch/_dynamo/backends/common.py", line 72, in __call__
W0529 05:57:34.426000 480 site-packages/torch/_dynamo/convert_frame.py:1125]     cg = aot_module_simplified(gm, example_inputs, **self.kwargs)
W0529 05:57:34.426000 480 site-packages/torch/_dynamo/convert_frame.py:1125]          ^^^^^^^^^^^^^^^^^^^^^^^^^^^^^^^^^^^^^^^^^^^^^^^^^^^^^^^^
W0529 05:57:34.426000 480 site-packages/torch/_dynamo/convert_frame.py:1125]   File "/usr/local/lib/python3.12/site-packages/torch/_functorch/aot_autograd.py", line 1071, in aot_module_simplified
W0529 05:57:34.426000 480 site-packages/torch/_dynamo/convert_frame.py:1125]     compiled_fn = dispatch_and_compile()
W0529 05:57:34.426000 480 site-packages/torch/_dynamo/convert_frame.py:1125]                   ^^^^^^^^^^^^^^^^^^^^^^
W0529 05:57:34.426000 480 site-packages/torch/_dynamo/convert_frame.py:1125]   File "/usr/local/lib/python3.12/site-packages/torch/_functorch/aot_autograd.py", line 1056, in dispatch_and_compile
W0529 05:57:34.426000 480 site-packages/torch/_dynamo/convert_frame.py:1125]     compiled_fn, _ = create_aot_dispatcher_function(
W0529 05:57:34.426000 480 site-packages/torch/_dynamo/convert_frame.py:1125]                      ^^^^^^^^^^^^^^^^^^^^^^^^^^^^^^^
W0529 05:57:34.426000 480 site-packages/torch/_dynamo/convert_frame.py:1125]   File "/usr/local/lib/python3.12/site-packages/torch/_functorch/aot_autograd.py", line 522, in create_aot_dispatcher_function
W0529 05:57:34.426000 480 site-packages/torch/_dynamo/convert_frame.py:1125]     return _create_aot_dispatcher_function(
W0529 05:57:34.426000 480 site-packages/torch/_dynamo/convert_frame.py:1125]            ^^^^^^^^^^^^^^^^^^^^^^^^^^^^^^^^
W0529 05:57:34.426000 480 site-packages/torch/_dynamo/convert_frame.py:1125]   File "/usr/local/lib/python3.12/site-packages/torch/_functorch/aot_autograd.py", line 759, in _create_aot_dispatcher_function
W0529 05:57:34.426000 480 site-packages/torch/_dynamo/convert_frame.py:1125]     compiled_fn, fw_metadata = compiler_fn(
W0529 05:57:34.426000 480 site-packages/torch/_dynamo/convert_frame.py:1125]                                ^^^^^^^^^^^^
W0529 05:57:34.426000 480 site-packages/torch/_dynamo/convert_frame.py:1125]   File "/usr/local/lib/python3.12/site-packages/torch/_functorch/_aot_autograd/jit_compile_runtime_wrappers.py", line 179, in aot_dispatch_base
W0529 05:57:34.426000 480 site-packages/torch/_dynamo/convert_frame.py:1125]     compiled_fw = compiler(fw_module, updated_flat_args)
W0529 05:57:34.426000 480 site-packages/torch/_dynamo/convert_frame.py:1125]                   ^^^^^^^^^^^^^^^^^^^^^^^^^^^^^^^^^^^^^^
W0529 05:57:34.426000 480 site-packages/torch/_dynamo/convert_frame.py:1125]   File "/usr/local/lib/python3.12/site-packages/torch/_inductor/compile_fx.py", line 1350, in fw_compiler_base
W0529 05:57:34.426000 480 site-packages/torch/_dynamo/convert_frame.py:1125]     return _fw_compiler_base(model, example_inputs, is_inference)
W0529 05:57:34.426000 480 site-packages/torch/_dynamo/convert_frame.py:1125]            ^^^^^^^^^^^^^^^^^^^^^^^^^^^^^^^^^^^^^^^^^^^^^^^^^^^^^^
W0529 05:57:34.426000 480 site-packages/torch/_dynamo/convert_frame.py:1125]   File "/usr/local/lib/python3.12/site-packages/torch/_inductor/compile_fx.py", line 1359, in _fw_compiler_base
W0529 05:57:34.426000 480 site-packages/torch/_dynamo/convert_frame.py:1125]     _recursive_joint_graph_passes(model)
W0529 05:57:34.426000 480 site-packages/torch/_dynamo/convert_frame.py:1125]   File "/usr/local/lib/python3.12/site-packages/torch/_inductor/compile_fx.py", line 281, in _recursive_joint_graph_passes
W0529 05:57:34.426000 480 site-packages/torch/_dynamo/convert_frame.py:1125]     joint_graph_passes(gm)
W0529 05:57:34.426000 480 site-packages/torch/_dynamo/convert_frame.py:1125]   File "/usr/local/lib/python3.12/site-packages/torch/_inductor/fx_passes/joint_graph.py", line 460, in joint_graph_passes
W0529 05:57:34.426000 480 site-packages/torch/_dynamo/convert_frame.py:1125]     count += patterns.apply(graph.graph)  # type: ignore[arg-type]
W0529 05:57:34.426000 480 site-packages/torch/_dynamo/convert_frame.py:1125]              ^^^^^^^^^^^^^^^^^^^^^^^^^^^
W0529 05:57:34.426000 480 site-packages/torch/_dynamo/convert_frame.py:1125]   File "/usr/local/lib/python3.12/site-packages/torch/_inductor/pattern_matcher.py", line 1729, in apply
W0529 05:57:34.426000 480 site-packages/torch/_dynamo/convert_frame.py:1125]     if is_match(m) and entry.extra_check(m):
W0529 05:57:34.426000 480 site-packages/torch/_dynamo/convert_frame.py:1125]                        ^^^^^^^^^^^^^^^^^^^^
W0529 05:57:34.426000 480 site-packages/torch/_dynamo/convert_frame.py:1125]   File "/usr/local/lib/python3.12/site-packages/torch/_inductor/pattern_matcher.py", line 1331, in check_fn
W0529 05:57:34.426000 480 site-packages/torch/_dynamo/convert_frame.py:1125]     if is_match(specific_pattern_match) and extra_check(specific_pattern_match):
W0529 05:57:34.426000 480 site-packages/torch/_dynamo/convert_frame.py:1125]                                             ^^^^^^^^^^^^^^^^^^^^^^^^^^^^^^^^^^^
W0529 05:57:34.426000 480 site-packages/torch/_dynamo/convert_frame.py:1125]   File "/usr/local/lib/python3.12/site-packages/torch/_inductor/fx_passes/pad_mm.py", line 146, in should_pad_addmm
W0529 05:57:34.426000 480 site-packages/torch/_dynamo/convert_frame.py:1125]     return should_pad_common(mat1, mat2, input) and should_pad_bench(
W0529 05:57:34.426000 480 site-packages/torch/_dynamo/convert_frame.py:1125]                                                     ^^^^^^^^^^^^^^^^^
W0529 05:57:34.426000 480 site-packages/torch/_dynamo/convert_frame.py:1125]   File "/usr/local/lib/python3.12/site-packages/torch/_inductor/fx_passes/pad_mm.py", line 566, in should_pad_bench
W0529 05:57:34.426000 480 site-packages/torch/_dynamo/convert_frame.py:1125]     ori_time = do_bench(orig_bench_fn)
W0529 05:57:34.426000 480 site-packages/torch/_dynamo/convert_frame.py:1125]                ^^^^^^^^^^^^^^^^^^^^^^^
W0529 05:57:34.426000 480 site-packages/torch/_dynamo/convert_frame.py:1125]   File "/usr/local/lib/python3.12/site-packages/torch/_inductor/runtime/benchmarking.py", line 66, in wrapper
W0529 05:57:34.426000 480 site-packages/torch/_dynamo/convert_frame.py:1125]     return fn(self, *args, **kwargs)
W0529 05:57:34.426000 480 site-packages/torch/_dynamo/convert_frame.py:1125]            ^^^^^^^^^^^^^^^^^^^^^^^^^
W0529 05:57:34.426000 480 site-packages/torch/_dynamo/convert_frame.py:1125]   File "/usr/local/lib/python3.12/site-packages/torch/_inductor/runtime/benchmarking.py", line 201, in benchmark_gpu
W0529 05:57:34.426000 480 site-packages/torch/_dynamo/convert_frame.py:1125]     return self.triton_do_bench(_callable, **kwargs, return_mode="median")
W0529 05:57:34.426000 480 site-packages/torch/_dynamo/convert_frame.py:1125]            ^^^^^^^^^^^^^^^^^^^^^^^^^^^^^^^^^^^^^^^^^^^^^^^^^^^^^^^^^^^^^^^
W0529 05:57:34.426000 480 site-packages/torch/_dynamo/convert_frame.py:1125]   File "/usr/local/lib/python3.12/site-packages/triton/testing.py", line 106, in do_bench
W0529 05:57:34.426000 480 site-packages/torch/_dynamo/convert_frame.py:1125]     fn()
W0529 05:57:34.426000 480 site-packages/torch/_dynamo/convert_frame.py:1125]   File "/usr/local/lib/python3.12/site-packages/torch/_inductor/fx_passes/pad_mm.py", line 537, in orig_bench_fn
W0529 05:57:34.426000 480 site-packages/torch/_dynamo/convert_frame.py:1125]     op(input, mat1, mat2)
W0529 05:57:34.426000 480 site-packages/torch/_dynamo/convert_frame.py:1125]   File "/usr/local/lib/python3.12/site-packages/torch/_ops.py", line 1116, in __call__
W0529 05:57:34.426000 480 site-packages/torch/_dynamo/convert_frame.py:1125]     return self._op(*args, **(kwargs or {}))
W0529 05:57:34.426000 480 site-packages/torch/_dynamo/convert_frame.py:1125]            ^^^^^^^^^^^^^^^^^^^^^^^^^^^^^^^^^
W0529 05:57:34.426000 480 site-packages/torch/_dynamo/convert_frame.py:1125] RuntimeError: mat1 and mat2 must have the same dtype, but got Double and Float
W0529 05:57:34.426000 480 site-packages/torch/_dynamo/convert_frame.py:1125] 
W0529 05:57:34.426000 480 site-packages/torch/_dynamo/convert_frame.py:1125] The above exception was the direct cause of the following exception:
W0529 05:57:34.426000 480 site-packages/torch/_dynamo/convert_frame.py:1125] 
W0529 05:57:34.426000 480 site-packages/torch/_dynamo/convert_frame.py:1125] Traceback (most recent call last):
W0529 05:57:34.426000 480 site-packages/torch/_dynamo/convert_frame.py:1125]   File "/usr/local/lib/python3.12/site-packages/torch/_dynamo/convert_frame.py", line 1064, in __call__
W0529 05:57:34.426000 480 site-packages/torch/_dynamo/convert_frame.py:1125]     result = self._inner_convert(
W0529 05:57:34.426000 480 site-packages/torch/_dynamo/convert_frame.py:1125]              ^^^^^^^^^^^^^^^^^^^^
W0529 05:57:34.426000 480 site-packages/torch/_dynamo/convert_frame.py:1125]   File "/usr/local/lib/python3.12/site-packages/torch/_dynamo/convert_frame.py", line 526, in __call__
W0529 05:57:34.426000 480 site-packages/torch/_dynamo/convert_frame.py:1125]     return _compile(
W0529 05:57:34.426000 480 site-packages/torch/_dynamo/convert_frame.py:1125]            ^^^^^^^^^
W0529 05:57:34.426000 480 site-packages/torch/_dynamo/convert_frame.py:1125]   File "/usr/local/lib/python3.12/site-packages/torch/_dynamo/convert_frame.py", line 924, in _compile
W0529 05:57:34.426000 480 site-packages/torch/_dynamo/convert_frame.py:1125]     guarded_code = compile_inner(code, one_graph, hooks, transform)
W0529 05:57:34.426000 480 site-packages/torch/_dynamo/convert_frame.py:1125]                    ^^^^^^^^^^^^^^^^^^^^^^^^^^^^^^^^^^^^^^^^^^^^^^^^
W0529 05:57:34.426000 480 site-packages/torch/_dynamo/convert_frame.py:1125]   File "/usr/local/lib/python3.12/site-packages/torch/_dynamo/convert_frame.py", line 666, in compile_inner
W0529 05:57:34.426000 480 site-packages/torch/_dynamo/convert_frame.py:1125]     return _compile_inner(code, one_graph, hooks, transform)
W0529 05:57:34.426000 480 site-packages/torch/_dynamo/convert_frame.py:1125]            ^^^^^^^^^^^^^^^^^^^^^^^^^^^^^^^^^^^^^^^^^^^^^^^^^
W0529 05:57:34.426000 480 site-packages/torch/_dynamo/convert_frame.py:1125]   File "/usr/local/lib/python3.12/site-packages/torch/_utils_internal.py", line 87, in wrapper_function
W0529 05:57:34.426000 480 site-packages/torch/_dynamo/convert_frame.py:1125]     return function(*args, **kwargs)
W0529 05:57:34.426000 480 site-packages/torch/_dynamo/convert_frame.py:1125]            ^^^^^^^^^^^^^^^^^^^^^^^^^
W0529 05:57:34.426000 480 site-packages/torch/_dynamo/convert_frame.py:1125]   File "/usr/local/lib/python3.12/site-packages/torch/_dynamo/convert_frame.py", line 699, in _compile_inner
W0529 05:57:34.426000 480 site-packages/torch/_dynamo/convert_frame.py:1125]     out_code = transform_code_object(code, transform)
W0529 05:57:34.426000 480 site-packages/torch/_dynamo/convert_frame.py:1125]                ^^^^^^^^^^^^^^^^^^^^^^^^^^^^^^^^^^^^^^
W0529 05:57:34.426000 480 site-packages/torch/_dynamo/convert_frame.py:1125]   File "/usr/local/lib/python3.12/site-packages/torch/_dynamo/bytecode_transformation.py", line 1322, in transform_code_object
W0529 05:57:34.426000 480 site-packages/torch/_dynamo/convert_frame.py:1125]     transformations(instructions, code_options)
W0529 05:57:34.426000 480 site-packages/torch/_dynamo/convert_frame.py:1125]   File "/usr/local/lib/python3.12/site-packages/torch/_dynamo/convert_frame.py", line 219, in _fn
W0529 05:57:34.426000 480 site-packages/torch/_dynamo/convert_frame.py:1125]     return fn(*args, **kwargs)
W0529 05:57:34.426000 480 site-packages/torch/_dynamo/convert_frame.py:1125]            ^^^^^^^^^^^^^^^^^^^
W0529 05:57:34.426000 480 site-packages/torch/_dynamo/convert_frame.py:1125]   File "/usr/local/lib/python3.12/site-packages/torch/_dynamo/convert_frame.py", line 634, in transform
W0529 05:57:34.426000 480 site-packages/torch/_dynamo/convert_frame.py:1125]     tracer.run()
W0529 05:57:34.426000 480 site-packages/torch/_dynamo/convert_frame.py:1125]   File "/usr/local/lib/python3.12/site-packages/torch/_dynamo/symbolic_convert.py", line 2796, in run
W0529 05:57:34.426000 480 site-packages/torch/_dynamo/convert_frame.py:1125]     super().run()
W0529 05:57:34.426000 480 site-packages/torch/_dynamo/convert_frame.py:1125]   File "/usr/local/lib/python3.12/site-packages/torch/_dynamo/symbolic_convert.py", line 983, in run
W0529 05:57:34.426000 480 site-packages/torch/_dynamo/convert_frame.py:1125]     while self.step():
W0529 05:57:34.426000 480 site-packages/torch/_dynamo/convert_frame.py:1125]           ^^^^^^^^^^^
W0529 05:57:34.426000 480 site-packages/torch/_dynamo/convert_frame.py:1125]   File "/usr/local/lib/python3.12/site-packages/torch/_dynamo/symbolic_convert.py", line 895, in step
W0529 05:57:34.426000 480 site-packages/torch/_dynamo/convert_frame.py:1125]     self.dispatch_table[inst.opcode](self, inst)
W0529 05:57:34.426000 480 site-packages/torch/_dynamo/convert_frame.py:1125]   File "/usr/local/lib/python3.12/site-packages/torch/_dynamo/symbolic_convert.py", line 2987, in RETURN_VALUE
W0529 05:57:34.426000 480 site-packages/torch/_dynamo/convert_frame.py:1125]     self._return(inst)
W0529 05:57:34.426000 480 site-packages/torch/_dynamo/convert_frame.py:1125]   File "/usr/local/lib/python3.12/site-packages/torch/_dynamo/symbolic_convert.py", line 2972, in _return
W0529 05:57:34.426000 480 site-packages/torch/_dynamo/convert_frame.py:1125]     self.output.compile_subgraph(
W0529 05:57:34.426000 480 site-packages/torch/_dynamo/convert_frame.py:1125]   File "/usr/local/lib/python3.12/site-packages/torch/_dynamo/output_graph.py", line 1117, in compile_subgraph
W0529 05:57:34.426000 480 site-packages/torch/_dynamo/convert_frame.py:1125]     self.compile_and_call_fx_graph(tx, list(reversed(stack_values)), root)
W0529 05:57:34.426000 480 site-packages/torch/_dynamo/convert_frame.py:1125]   File "/usr/local/lib/python3.12/site-packages/torch/_dynamo/output_graph.py", line 1369, in compile_and_call_fx_graph
W0529 05:57:34.426000 480 site-packages/torch/_dynamo/convert_frame.py:1125]     compiled_fn = self.call_user_compiler(gm)
W0529 05:57:34.426000 480 site-packages/torch/_dynamo/convert_frame.py:1125]                   ^^^^^^^^^^^^^^^^^^^^^^^^^^^
W0529 05:57:34.426000 480 site-packages/torch/_dynamo/convert_frame.py:1125]   File "/usr/local/lib/python3.12/site-packages/torch/_dynamo/output_graph.py", line 1416, in call_user_compiler
W0529 05:57:34.426000 480 site-packages/torch/_dynamo/convert_frame.py:1125]     return self._call_user_compiler(gm)
W0529 05:57:34.426000 480 site-packages/torch/_dynamo/convert_frame.py:1125]            ^^^^^^^^^^^^^^^^^^^^^^^^^^^^
W0529 05:57:34.426000 480 site-packages/torch/_dynamo/convert_frame.py:1125]   File "/usr/local/lib/python3.12/site-packages/torch/_dynamo/output_graph.py", line 1465, in _call_user_compiler
W0529 05:57:34.426000 480 site-packages/torch/_dynamo/convert_frame.py:1125]     raise BackendCompilerFailed(self.compiler_fn, e) from e
W0529 05:57:34.426000 480 site-packages/torch/_dynamo/convert_frame.py:1125] torch._dynamo.exc.BackendCompilerFailed: backend='inductor' raised:
W0529 05:57:34.426000 480 site-packages/torch/_dynamo/convert_frame.py:1125] RuntimeError: mat1 and mat2 must have the same dtype, but got Double and Float
W0529 05:57:34.426000 480 site-packages/torch/_dynamo/convert_frame.py:1125] 
W0529 05:57:34.426000 480 site-packages/torch/_dynamo/convert_frame.py:1125] Set TORCH_LOGS="+dynamo" and TORCHDYNAMO_VERBOSE=1 for more information
W0529 05:57:34.426000 480 site-packages/torch/_dynamo/convert_frame.py:1125] 
W0529 05:57:34.426000 480 site-packages/torch/_dynamo/convert_frame.py:1125] Traceback (most recent call last):
W0529 05:57:34.426000 480 site-packages/torch/_dynamo/convert_frame.py:1125]   File "/usr/local/lib/python3.12/site-packages/torch/_dynamo/output_graph.py", line 1446, in _call_user_compiler
W0529 05:57:34.426000 480 site-packages/torch/_dynamo/convert_frame.py:1125]     compiled_fn = compiler_fn(gm, self.example_inputs())
W0529 05:57:34.426000 480 site-packages/torch/_dynamo/convert_frame.py:1125]                   ^^^^^^^^^^^^^^^^^^^^^^^^^^^^^^^^^^^^^^
W0529 05:57:34.426000 480 site-packages/torch/_dynamo/convert_frame.py:1125]   File "/usr/local/lib/python3.12/site-packages/torch/_dynamo/repro/after_dynamo.py", line 129, in __call__
W0529 05:57:34.426000 480 site-packages/torch/_dynamo/convert_frame.py:1125]     compiled_gm = compiler_fn(gm, example_inputs)
W0529 05:57:34.426000 480 site-packages/torch/_dynamo/convert_frame.py:1125]                   ^^^^^^^^^^^^^^^^^^^^^^^^^^^^^^^
W0529 05:57:34.426000 480 site-packages/torch/_dynamo/convert_frame.py:1125]   File "/usr/local/lib/python3.12/site-packages/torch/__init__.py", line 2234, in __call__
W0529 05:57:34.426000 480 site-packages/torch/_dynamo/convert_frame.py:1125]     return compile_fx(model_, inputs_, config_patches=self.config)
W0529 05:57:34.426000 480 site-packages/torch/_dynamo/convert_frame.py:1125]            ^^^^^^^^^^^^^^^^^^^^^^^^^^^^^^^^^^^^^^^^^^^^^^^^^^^^^^^
W0529 05:57:34.426000 480 site-packages/torch/_dynamo/convert_frame.py:1125]   File "/usr/local/lib/python3.12/site-packages/torch/_inductor/compile_fx.py", line 1253, in compile_fx
W0529 05:57:34.426000 480 site-packages/torch/_dynamo/convert_frame.py:1125]     return compile_fx(
W0529 05:57:34.426000 480 site-packages/torch/_dynamo/convert_frame.py:1125]            ^^^^^^^^^^^
W0529 05:57:34.426000 480 site-packages/torch/_dynamo/convert_frame.py:1125]   File "/usr/local/lib/python3.12/site-packages/torch/_inductor/compile_fx.py", line 1521, in compile_fx
W0529 05:57:34.426000 480 site-packages/torch/_dynamo/convert_frame.py:1125]     return aot_autograd(
W0529 05:57:34.426000 480 site-packages/torch/_dynamo/convert_frame.py:1125]            ^^^^^^^^^^^^^
W0529 05:57:34.426000 480 site-packages/torch/_dynamo/convert_frame.py:1125]   File "/usr/local/lib/python3.12/site-packages/torch/_dynamo/backends/common.py", line 72, in __call__
W0529 05:57:34.426000 480 site-packages/torch/_dynamo/convert_frame.py:1125]     cg = aot_module_simplified(gm, example_inputs, **self.kwargs)
W0529 05:57:34.426000 480 site-packages/torch/_dynamo/convert_frame.py:1125]          ^^^^^^^^^^^^^^^^^^^^^^^^^^^^^^^^^^^^^^^^^^^^^^^^^^^^^^^^
W0529 05:57:34.426000 480 site-packages/torch/_dynamo/convert_frame.py:1125]   File "/usr/local/lib/python3.12/site-packages/torch/_functorch/aot_autograd.py", line 1071, in aot_module_simplified
W0529 05:57:34.426000 480 site-packages/torch/_dynamo/convert_frame.py:1125]     compiled_fn = dispatch_and_compile()
W0529 05:57:34.426000 480 site-packages/torch/_dynamo/convert_frame.py:1125]                   ^^^^^^^^^^^^^^^^^^^^^^
W0529 05:57:34.426000 480 site-packages/torch/_dynamo/convert_frame.py:1125]   File "/usr/local/lib/python3.12/site-packages/torch/_functorch/aot_autograd.py", line 1056, in dispatch_and_compile
W0529 05:57:34.426000 480 site-packages/torch/_dynamo/convert_frame.py:1125]     compiled_fn, _ = create_aot_dispatcher_function(
W0529 05:57:34.426000 480 site-packages/torch/_dynamo/convert_frame.py:1125]                      ^^^^^^^^^^^^^^^^^^^^^^^^^^^^^^^
W0529 05:57:34.426000 480 site-packages/torch/_dynamo/convert_frame.py:1125]   File "/usr/local/lib/python3.12/site-packages/torch/_functorch/aot_autograd.py", line 522, in create_aot_dispatcher_function
W0529 05:57:34.426000 480 site-packages/torch/_dynamo/convert_frame.py:1125]     return _create_aot_dispatcher_function(
W0529 05:57:34.426000 480 site-packages/torch/_dynamo/convert_frame.py:1125]            ^^^^^^^^^^^^^^^^^^^^^^^^^^^^^^^^
W0529 05:57:34.426000 480 site-packages/torch/_dynamo/convert_frame.py:1125]   File "/usr/local/lib/python3.12/site-packages/torch/_functorch/aot_autograd.py", line 759, in _create_aot_dispatcher_function
W0529 05:57:34.426000 480 site-packages/torch/_dynamo/convert_frame.py:1125]     compiled_fn, fw_metadata = compiler_fn(
W0529 05:57:34.426000 480 site-packages/torch/_dynamo/convert_frame.py:1125]                                ^^^^^^^^^^^^
W0529 05:57:34.426000 480 site-packages/torch/_dynamo/convert_frame.py:1125]   File "/usr/local/lib/python3.12/site-packages/torch/_functorch/_aot_autograd/jit_compile_runtime_wrappers.py", line 179, in aot_dispatch_base
W0529 05:57:34.426000 480 site-packages/torch/_dynamo/convert_frame.py:1125]     compiled_fw = compiler(fw_module, updated_flat_args)
W0529 05:57:34.426000 480 site-packages/torch/_dynamo/convert_frame.py:1125]                   ^^^^^^^^^^^^^^^^^^^^^^^^^^^^^^^^^^^^^^
W0529 05:57:34.426000 480 site-packages/torch/_dynamo/convert_frame.py:1125]   File "/usr/local/lib/python3.12/site-packages/torch/_inductor/compile_fx.py", line 1350, in fw_compiler_base
W0529 05:57:34.426000 480 site-packages/torch/_dynamo/convert_frame.py:1125]     return _fw_compiler_base(model, example_inputs, is_inference)
W0529 05:57:34.426000 480 site-packages/torch/_dynamo/convert_frame.py:1125]            ^^^^^^^^^^^^^^^^^^^^^^^^^^^^^^^^^^^^^^^^^^^^^^^^^^^^^^
W0529 05:57:34.426000 480 site-packages/torch/_dynamo/convert_frame.py:1125]   File "/usr/local/lib/python3.12/site-packages/torch/_inductor/compile_fx.py", line 1359, in _fw_compiler_base
W0529 05:57:34.426000 480 site-packages/torch/_dynamo/convert_frame.py:1125]     _recursive_joint_graph_passes(model)
W0529 05:57:34.426000 480 site-packages/torch/_dynamo/convert_frame.py:1125]   File "/usr/local/lib/python3.12/site-packages/torch/_inductor/compile_fx.py", line 281, in _recursive_joint_graph_passes
W0529 05:57:34.426000 480 site-packages/torch/_dynamo/convert_frame.py:1125]     joint_graph_passes(gm)
W0529 05:57:34.426000 480 site-packages/torch/_dynamo/convert_frame.py:1125]   File "/usr/local/lib/python3.12/site-packages/torch/_inductor/fx_passes/joint_graph.py", line 460, in joint_graph_passes
W0529 05:57:34.426000 480 site-packages/torch/_dynamo/convert_frame.py:1125]     count += patterns.apply(graph.graph)  # type: ignore[arg-type]
W0529 05:57:34.426000 480 site-packages/torch/_dynamo/convert_frame.py:1125]              ^^^^^^^^^^^^^^^^^^^^^^^^^^^
W0529 05:57:34.426000 480 site-packages/torch/_dynamo/convert_frame.py:1125]   File "/usr/local/lib/python3.12/site-packages/torch/_inductor/pattern_matcher.py", line 1729, in apply
W0529 05:57:34.426000 480 site-packages/torch/_dynamo/convert_frame.py:1125]     if is_match(m) and entry.extra_check(m):
W0529 05:57:34.426000 480 site-packages/torch/_dynamo/convert_frame.py:1125]                        ^^^^^^^^^^^^^^^^^^^^
W0529 05:57:34.426000 480 site-packages/torch/_dynamo/convert_frame.py:1125]   File "/usr/local/lib/python3.12/site-packages/torch/_inductor/pattern_matcher.py", line 1331, in check_fn
W0529 05:57:34.426000 480 site-packages/torch/_dynamo/convert_frame.py:1125]     if is_match(specific_pattern_match) and extra_check(specific_pattern_match):
W0529 05:57:34.426000 480 site-packages/torch/_dynamo/convert_frame.py:1125]                                             ^^^^^^^^^^^^^^^^^^^^^^^^^^^^^^^^^^^
W0529 05:57:34.426000 480 site-packages/torch/_dynamo/convert_frame.py:1125]   File "/usr/local/lib/python3.12/site-packages/torch/_inductor/fx_passes/pad_mm.py", line 146, in should_pad_addmm
W0529 05:57:34.426000 480 site-packages/torch/_dynamo/convert_frame.py:1125]     return should_pad_common(mat1, mat2, input) and should_pad_bench(
W0529 05:57:34.426000 480 site-packages/torch/_dynamo/convert_frame.py:1125]                                                     ^^^^^^^^^^^^^^^^^
W0529 05:57:34.426000 480 site-packages/torch/_dynamo/convert_frame.py:1125]   File "/usr/local/lib/python3.12/site-packages/torch/_inductor/fx_passes/pad_mm.py", line 566, in should_pad_bench
W0529 05:57:34.426000 480 site-packages/torch/_dynamo/convert_frame.py:1125]     ori_time = do_bench(orig_bench_fn)
W0529 05:57:34.426000 480 site-packages/torch/_dynamo/convert_frame.py:1125]                ^^^^^^^^^^^^^^^^^^^^^^^
W0529 05:57:34.426000 480 site-packages/torch/_dynamo/convert_frame.py:1125]   File "/usr/local/lib/python3.12/site-packages/torch/_inductor/runtime/benchmarking.py", line 66, in wrapper
W0529 05:57:34.426000 480 site-packages/torch/_dynamo/convert_frame.py:1125]     return fn(self, *args, **kwargs)
W0529 05:57:34.426000 480 site-packages/torch/_dynamo/convert_frame.py:1125]            ^^^^^^^^^^^^^^^^^^^^^^^^^
W0529 05:57:34.426000 480 site-packages/torch/_dynamo/convert_frame.py:1125]   File "/usr/local/lib/python3.12/site-packages/torch/_inductor/runtime/benchmarking.py", line 201, in benchmark_gpu
W0529 05:57:34.426000 480 site-packages/torch/_dynamo/convert_frame.py:1125]     return self.triton_do_bench(_callable, **kwargs, return_mode="median")
W0529 05:57:34.426000 480 site-packages/torch/_dynamo/convert_frame.py:1125]            ^^^^^^^^^^^^^^^^^^^^^^^^^^^^^^^^^^^^^^^^^^^^^^^^^^^^^^^^^^^^^^^
W0529 05:57:34.426000 480 site-packages/torch/_dynamo/convert_frame.py:1125]   File "/usr/local/lib/python3.12/site-packages/triton/testing.py", line 106, in do_bench
W0529 05:57:34.426000 480 site-packages/torch/_dynamo/convert_frame.py:1125]     fn()
W0529 05:57:34.426000 480 site-packages/torch/_dynamo/convert_frame.py:1125]   File "/usr/local/lib/python3.12/site-packages/torch/_inductor/fx_passes/pad_mm.py", line 537, in orig_bench_fn
W0529 05:57:34.426000 480 site-packages/torch/_dynamo/convert_frame.py:1125]     op(input, mat1, mat2)
W0529 05:57:34.426000 480 site-packages/torch/_dynamo/convert_frame.py:1125]   File "/usr/local/lib/python3.12/site-packages/torch/_ops.py", line 1116, in __call__
W0529 05:57:34.426000 480 site-packages/torch/_dynamo/convert_frame.py:1125]     return self._op(*args, **(kwargs or {}))
W0529 05:57:34.426000 480 site-packages/torch/_dynamo/convert_frame.py:1125]            ^^^^^^^^^^^^^^^^^^^^^^^^^^^^^^^^^
W0529 05:57:34.426000 480 site-packages/torch/_dynamo/convert_frame.py:1125] RuntimeError: mat1 and mat2 must have the same dtype, but got Double and Float
W0529 05:57:34.426000 480 site-packages/torch/_dynamo/convert_frame.py:1125] 
W0529 05:57:34.426000 480 site-packages/torch/_dynamo/convert_frame.py:1125] The above exception was the direct cause of the following exception:
W0529 05:57:34.426000 480 site-packages/torch/_dynamo/convert_frame.py:1125] 
W0529 05:57:34.426000 480 site-packages/torch/_dynamo/convert_frame.py:1125] Traceback (most recent call last):
W0529 05:57:34.426000 480 site-packages/torch/_dynamo/convert_frame.py:1125]   File "/usr/local/lib/python3.12/site-packages/torch/_dynamo/convert_frame.py", line 1064, in __call__
W0529 05:57:34.426000 480 site-packages/torch/_dynamo/convert_frame.py:1125]     result = self._inner_convert(
W0529 05:57:34.426000 480 site-packages/torch/_dynamo/convert_frame.py:1125]              ^^^^^^^^^^^^^^^^^^^^
W0529 05:57:34.426000 480 site-packages/torch/_dynamo/convert_frame.py:1125]   File "/usr/local/lib/python3.12/site-packages/torch/_dynamo/convert_frame.py", line 526, in __call__
W0529 05:57:34.426000 480 site-packages/torch/_dynamo/convert_frame.py:1125]     return _compile(
W0529 05:57:34.426000 480 site-packages/torch/_dynamo/convert_frame.py:1125]            ^^^^^^^^^
W0529 05:57:34.426000 480 site-packages/torch/_dynamo/convert_frame.py:1125]   File "/usr/local/lib/python3.12/site-packages/torch/_dynamo/convert_frame.py", line 924, in _compile
W0529 05:57:34.426000 480 site-packages/torch/_dynamo/convert_frame.py:1125]     guarded_code = compile_inner(code, one_graph, hooks, transform)
W0529 05:57:34.426000 480 site-packages/torch/_dynamo/convert_frame.py:1125]                    ^^^^^^^^^^^^^^^^^^^^^^^^^^^^^^^^^^^^^^^^^^^^^^^^
W0529 05:57:34.426000 480 site-packages/torch/_dynamo/convert_frame.py:1125]   File "/usr/local/lib/python3.12/site-packages/torch/_dynamo/convert_frame.py", line 666, in compile_inner
W0529 05:57:34.426000 480 site-packages/torch/_dynamo/convert_frame.py:1125]     return _compile_inner(code, one_graph, hooks, transform)
W0529 05:57:34.426000 480 site-packages/torch/_dynamo/convert_frame.py:1125]            ^^^^^^^^^^^^^^^^^^^^^^^^^^^^^^^^^^^^^^^^^^^^^^^^^
W0529 05:57:34.426000 480 site-packages/torch/_dynamo/convert_frame.py:1125]   File "/usr/local/lib/python3.12/site-packages/torch/_utils_internal.py", line 87, in wrapper_function
W0529 05:57:34.426000 480 site-packages/torch/_dynamo/convert_frame.py:1125]     return function(*args, **kwargs)
W0529 05:57:34.426000 480 site-packages/torch/_dynamo/convert_frame.py:1125]            ^^^^^^^^^^^^^^^^^^^^^^^^^
W0529 05:57:34.426000 480 site-packages/torch/_dynamo/convert_frame.py:1125]   File "/usr/local/lib/python3.12/site-packages/torch/_dynamo/convert_frame.py", line 699, in _compile_inner
W0529 05:57:34.426000 480 site-packages/torch/_dynamo/convert_frame.py:1125]     out_code = transform_code_object(code, transform)
W0529 05:57:34.426000 480 site-packages/torch/_dynamo/convert_frame.py:1125]                ^^^^^^^^^^^^^^^^^^^^^^^^^^^^^^^^^^^^^^
W0529 05:57:34.426000 480 site-packages/torch/_dynamo/convert_frame.py:1125]   File "/usr/local/lib/python3.12/site-packages/torch/_dynamo/bytecode_transformation.py", line 1322, in transform_code_object
W0529 05:57:34.426000 480 site-packages/torch/_dynamo/convert_frame.py:1125]     transformations(instructions, code_options)
W0529 05:57:34.426000 480 site-packages/torch/_dynamo/convert_frame.py:1125]   File "/usr/local/lib/python3.12/site-packages/torch/_dynamo/convert_frame.py", line 219, in _fn
W0529 05:57:34.426000 480 site-packages/torch/_dynamo/convert_frame.py:1125]     return fn(*args, **kwargs)
W0529 05:57:34.426000 480 site-packages/torch/_dynamo/convert_frame.py:1125]            ^^^^^^^^^^^^^^^^^^^
W0529 05:57:34.426000 480 site-packages/torch/_dynamo/convert_frame.py:1125]   File "/usr/local/lib/python3.12/site-packages/torch/_dynamo/convert_frame.py", line 634, in transform
W0529 05:57:34.426000 480 site-packages/torch/_dynamo/convert_frame.py:1125]     tracer.run()
W0529 05:57:34.426000 480 site-packages/torch/_dynamo/convert_frame.py:1125]   File "/usr/local/lib/python3.12/site-packages/torch/_dynamo/symbolic_convert.py", line 2796, in run
W0529 05:57:34.426000 480 site-packages/torch/_dynamo/convert_frame.py:1125]     super().run()
W0529 05:57:34.426000 480 site-packages/torch/_dynamo/convert_frame.py:1125]   File "/usr/local/lib/python3.12/site-packages/torch/_dynamo/symbolic_convert.py", line 983, in run
W0529 05:57:34.426000 480 site-packages/torch/_dynamo/convert_frame.py:1125]     while self.step():
W0529 05:57:34.426000 480 site-packages/torch/_dynamo/convert_frame.py:1125]           ^^^^^^^^^^^
W0529 05:57:34.426000 480 site-packages/torch/_dynamo/convert_frame.py:1125]   File "/usr/local/lib/python3.12/site-packages/torch/_dynamo/symbolic_convert.py", line 895, in step
W0529 05:57:34.426000 480 site-packages/torch/_dynamo/convert_frame.py:1125]     self.dispatch_table[inst.opcode](self, inst)
W0529 05:57:34.426000 480 site-packages/torch/_dynamo/convert_frame.py:1125]   File "/usr/local/lib/python3.12/site-packages/torch/_dynamo/symbolic_convert.py", line 2987, in RETURN_VALUE
W0529 05:57:34.426000 480 site-packages/torch/_dynamo/convert_frame.py:1125]     self._return(inst)
W0529 05:57:34.426000 480 site-packages/torch/_dynamo/convert_frame.py:1125]   File "/usr/local/lib/python3.12/site-packages/torch/_dynamo/symbolic_convert.py", line 2972, in _return
W0529 05:57:34.426000 480 site-packages/torch/_dynamo/convert_frame.py:1125]     self.output.compile_subgraph(
W0529 05:57:34.426000 480 site-packages/torch/_dynamo/convert_frame.py:1125]   File "/usr/local/lib/python3.12/site-packages/torch/_dynamo/output_graph.py", line 1117, in compile_subgraph
W0529 05:57:34.426000 480 site-packages/torch/_dynamo/convert_frame.py:1125]     self.compile_and_call_fx_graph(tx, list(reversed(stack_values)), root)
W0529 05:57:34.426000 480 site-packages/torch/_dynamo/convert_frame.py:1125]   File "/usr/local/lib/python3.12/site-packages/torch/_dynamo/output_graph.py", line 1369, in compile_and_call_fx_graph
W0529 05:57:34.426000 480 site-packages/torch/_dynamo/convert_frame.py:1125]     compiled_fn = self.call_user_compiler(gm)
W0529 05:57:34.426000 480 site-packages/torch/_dynamo/convert_frame.py:1125]                   ^^^^^^^^^^^^^^^^^^^^^^^^^^^
W0529 05:57:34.426000 480 site-packages/torch/_dynamo/convert_frame.py:1125]   File "/usr/local/lib/python3.12/site-packages/torch/_dynamo/output_graph.py", line 1416, in call_user_compiler
W0529 05:57:34.426000 480 site-packages/torch/_dynamo/convert_frame.py:1125]     return self._call_user_compiler(gm)
W0529 05:57:34.426000 480 site-packages/torch/_dynamo/convert_frame.py:1125]            ^^^^^^^^^^^^^^^^^^^^^^^^^^^^
W0529 05:57:34.426000 480 site-packages/torch/_dynamo/convert_frame.py:1125]   File "/usr/local/lib/python3.12/site-packages/torch/_dynamo/output_graph.py", line 1465, in _call_user_compiler
W0529 05:57:34.426000 480 site-packages/torch/_dynamo/convert_frame.py:1125]     raise BackendCompilerFailed(self.compiler_fn, e) from e
W0529 05:57:34.426000 480 site-packages/torch/_dynamo/convert_frame.py:1125] torch._dynamo.exc.BackendCompilerFailed: backend='inductor' raised:
W0529 05:57:34.426000 480 site-packages/torch/_dynamo/convert_frame.py:1125] RuntimeError: mat1 and mat2 must have the same dtype, but got Double and Float
W0529 05:57:34.426000 480 site-packages/torch/_dynamo/convert_frame.py:1125] 
W0529 05:57:34.426000 480 site-packages/torch/_dynamo/convert_frame.py:1125] Set TORCH_LOGS="+dynamo" and TORCHDYNAMO_VERBOSE=1 for more information
W0529 05:57:34.426000 480 site-packages/torch/_dynamo/convert_frame.py:1125] 
Traceback (most recent call last):
  File "/data/results/lmstudio_prompt11_router_20260528-212821/call_acc/log_softmax_linear.py", line 35, in log_softmax_linear
    y = _log_softmax_linear_fast(input, weight, bias, dim, dtype)
        ^^^^^^^^^^^^^^^^^^^^^^^^^^^^^^^^^^^^^^^^^^^^^^^^^^^^^^^^^
  File "/usr/local/lib/python3.12/site-packages/torch/_dynamo/eval_frame.py", line 465, in _fn
    return fn(*args, **kwargs)
           ^^^^^^^^^^^^^^^^^^^
  File "/data/results/lmstudio_prompt11_router_20260528-212821/call_acc/log_softmax_linear.py", line 24, in _log_softmax_linear_impl
    out = F.linear(input, weight, bias)
          ^^^^^^^^^^^^^^^^^^^^^^^^^^^^^
RuntimeError: mat1 and mat2 must have the same dtype, but got Double and Float

During handling of the above exception, another exception occurred:

Traceback (most recent call last):
  File "/data/results/lmstudio_prompt11_router_20260528-212821/call_acc/log_softmax_linear.py", line 81, in <module>
    test_results = test_log_softmax_linear()
                   ^^^^^^^^^^^^^^^^^^^^^^^^^
  File "/data/results/lmstudio_prompt11_router_20260528-212821/call_acc/log_softmax_linear.py", line 77, in test_log_softmax_linear
    results["test_case_4"] = log_softmax_linear(input4, weight4, bias4, dtype=torch.float64)
                             ^^^^^^^^^^^^^^^^^^^^^^^^^^^^^^^^^^^^^^^^^^^^^^^^^^^^^^^^^^^^^^^
  File "/data/results/lmstudio_prompt11_router_20260528-212821/call_acc/log_softmax_linear.py", line 37, in log_softmax_linear
    y = _log_softmax_linear_impl(input, weight, bias, dim, dtype)
        ^^^^^^^^^^^^^^^^^^^^^^^^^^^^^^^^^^^^^^^^^^^^^^^^^^^^^^^^^
  File "/data/results/lmstudio_prompt11_router_20260528-212821/call_acc/log_softmax_linear.py", line 24, in _log_softmax_linear_impl
    out = F.linear(input, weight, bias)
          ^^^^^^^^^^^^^^^^^^^^^^^^^^^^^
RuntimeError: mat1 and mat2 must have the same dtype, but got Double and Float

=== Output for relu.py on GPU 0 ===

=== Errors for relu.py on GPU 0 ===

=== Output for least_squares_qr.py on GPU 0 ===

=== Errors for least_squares_qr.py on GPU 0 ===
Traceback (most recent call last):
  File "/data/results/lmstudio_prompt11_router_20260528-212821/call_acc/least_squares_qr.py", line 57, in <module>
    test_results = test_least_squares_qr()
                   ^^^^^^^^^^^^^^^^^^^^^^^
  File "/data/results/lmstudio_prompt11_router_20260528-212821/call_acc/least_squares_qr.py", line 47, in test_least_squares_qr
    results["test_case_1"] = least_squares_qr(A1, b1)
                             ^^^^^^^^^^^^^^^^^^^^^^^^
  File "/data/results/lmstudio_prompt11_router_20260528-212821/call_acc/least_squares_qr.py", line 29, in least_squares_qr
    x = torch.linalg.solve_triangular(R, Qt_b, upper=True)
        ^^^^^^^^^^^^^^^^^^^^^^^^^^^^^^^^^^^^^^^^^^^^^^^^^^
RuntimeError: linalg.solve_triangular: The input tensor B must have at least 2 dimensions.

=== Output for determinant_via_qr.py on GPU 0 ===

=== Errors for determinant_via_qr.py on GPU 0 ===

=== Output for fused_tile_exp.py on GPU 0 ===

=== Errors for fused_tile_exp.py on GPU 0 ===
Traceback (most recent call last):
  File "/data/results/lmstudio_prompt11_router_20260528-212821/call_acc/fused_tile_exp.py", line 60, in <module>
    test_results = test_fused_tile_exp()
                   ^^^^^^^^^^^^^^^^^^^^^
  File "/data/results/lmstudio_prompt11_router_20260528-212821/call_acc/fused_tile_exp.py", line 56, in test_fused_tile_exp
    results["test_case_4"] = fused_tile_exp(input4, dims4, out=out_tensor)
                             ^^^^^^^^^^^^^^^^^^^^^^^^^^^^^^^^^^^^^^^^^^^^^
  File "/data/results/lmstudio_prompt11_router_20260528-212821/call_acc/fused_tile_exp.py", line 24, in fused_tile_exp
    out.copy_(y)
RuntimeError: The size of tensor a (3) must match the size of tensor b (6) at non-singleton dimension 1

=== Output for sqrt_tanh.py on GPU 0 ===

=== Errors for sqrt_tanh.py on GPU 0 ===

=== Output for silu_batch_norm.py on GPU 0 ===

=== Errors for silu_batch_norm.py on GPU 0 ===
skipping cudagraphs due to mutated inputs (2 instances). Found from : 
   File "/data/results/lmstudio_prompt11_router_20260528-212821/call_acc/silu_batch_norm.py", line 23, in _silu_batch_norm_impl
    y = F.batch_norm(input, running_mean, running_var, weight, bias, training, momentum, eps)

skipping cudagraphs due to mutated inputs (2 instances). Found from : 
   File "/data/results/lmstudio_prompt11_router_20260528-212821/call_acc/silu_batch_norm.py", line 23, in _silu_batch_norm_impl
    y = F.batch_norm(input, running_mean, running_var, weight, bias, training, momentum, eps)


=== Output for index_fill_.py on GPU 0 ===

=== Errors for index_fill_.py on GPU 0 ===
Traceback (most recent call last):
  File "/data/results/lmstudio_prompt11_router_20260528-212821/call_acc/index_fill_.py", line 59, in <module>
    test_results = test_index_fill_()
                   ^^^^^^^^^^^^^^^^^^
  File "/data/results/lmstudio_prompt11_router_20260528-212821/call_acc/index_fill_.py", line 37, in test_index_fill_
    results["test_case_1"] = index_fill_(0, x1, index1, value1).cpu()
                             ^^^^^^^^^^^^^^^^^^^^^^^^^^^^^^^^^^
  File "/data/results/lmstudio_prompt11_router_20260528-212821/call_acc/index_fill_.py", line 22, in index_fill_
    return torch.index_fill_(input, dim, index, value)
           ^^^^^^^^^^^^^^^^^
  File "/usr/local/lib/python3.12/site-packages/torch/__init__.py", line 2562, in __getattr__
    raise AttributeError(f"module '{__name__}' has no attribute '{name}'")
AttributeError: module 'torch' has no attribute 'index_fill_'

=== Output for fused_cross_entropy_softmax_layernorm.py on GPU 0 ===

=== Errors for fused_cross_entropy_softmax_layernorm.py on GPU 0 ===

=== Output for mean.py on GPU 0 ===

=== Errors for mean.py on GPU 0 ===

=== Output for eig.py on GPU 0 ===

=== Errors for eig.py on GPU 0 ===

=== Output for logsumexp.py on GPU 0 ===

=== Errors for logsumexp.py on GPU 0 ===

=== Output for fused_embedding_add_tanh.py on GPU 0 ===

=== Errors for fused_embedding_add_tanh.py on GPU 0 ===

=== Output for fused_mv_sigmoid_sub.py on GPU 0 ===

=== Errors for fused_mv_sigmoid_sub.py on GPU 0 ===

=== Output for add_gelu.py on GPU 0 ===

=== Errors for add_gelu.py on GPU 0 ===
Traceback (most recent call last):
  File "/data/results/lmstudio_prompt11_router_20260528-212821/call_acc/add_gelu.py", line 90, in <module>
    test_results = test_add_gelu()
                   ^^^^^^^^^^^^^^^
  File "/data/results/lmstudio_prompt11_router_20260528-212821/call_acc/add_gelu.py", line 74, in test_add_gelu
    results["test_case_1"] = add_gelu(input_tensor, other_tensor)
                             ^^^^^^^^^^^^^^^^^^^^^^^^^^^^^^^^^^^^
  File "/data/results/lmstudio_prompt11_router_20260528-212821/call_acc/add_gelu.py", line 51, in add_gelu
    M, N = input.shape
    ^^^^
ValueError: not enough values to unpack (expected 2, got 1)

=== Output for fused_cosine_embedding_loss_with_normalization.py on GPU 0 ===

=== Errors for fused_cosine_embedding_loss_with_normalization.py on GPU 0 ===

=== Output for fused_transformer_block.py on GPU 0 ===

=== Errors for fused_transformer_block.py on GPU 0 ===
W0529 05:59:25.968000 826 site-packages/torch/_inductor/utils.py:1048] [0/0] Not enough SMs to use max_autotune_gemm mode

=== Output for log1p.py on GPU 0 ===

=== Errors for log1p.py on GPU 0 ===

=== Output for sigmoid_batch_norm.py on GPU 0 ===

=== Errors for sigmoid_batch_norm.py on GPU 0 ===

=== Output for fused_hardsigmoid_batch_norm.py on GPU 0 ===

=== Errors for fused_hardsigmoid_batch_norm.py on GPU 0 ===

=== Output for zeta.py on GPU 0 ===

=== Errors for zeta.py on GPU 0 ===

=== Output for symmetric_matrix_vector_norm.py on GPU 0 ===

=== Errors for symmetric_matrix_vector_norm.py on GPU 0 ===

=== Output for softplus_linear.py on GPU 0 ===

=== Errors for softplus_linear.py on GPU 0 ===
W0529 06:00:15.170000 1006 site-packages/torch/_inductor/utils.py:1048] [0/0] Not enough SMs to use max_autotune_gemm mode

=== Output for fused_svd_reconstruct.py on GPU 0 ===

=== Errors for fused_svd_reconstruct.py on GPU 0 ===
Traceback (most recent call last):
  File "/data/results/lmstudio_prompt11_router_20260528-212821/call_acc/fused_svd_reconstruct.py", line 52, in <module>
    test_results = test_fused_svd_reconstruct()
                   ^^^^^^^^^^^^^^^^^^^^^^^^^^^^
  File "/data/results/lmstudio_prompt11_router_20260528-212821/call_acc/fused_svd_reconstruct.py", line 40, in test_fused_svd_reconstruct
    results["test_case_2"] = fused_svd_reconstruct(A2)
                             ^^^^^^^^^^^^^^^^^^^^^^^^^
  File "/data/results/lmstudio_prompt11_router_20260528-212821/call_acc/fused_svd_reconstruct.py", line 23, in fused_svd_reconstruct
    return U @ torch.diag(S) @ Vh
           ~~^~~~~~~~~~~~~~~
RuntimeError: mat1 and mat2 shapes cannot be multiplied (3x3 and 2x2)

=== Output for fused_mul_add_logsoftmax_dropout_bmm.py on GPU 0 ===

=== Errors for fused_mul_add_logsoftmax_dropout_bmm.py on GPU 0 ===
W0529 06:00:35.607000 1089 site-packages/torch/_inductor/utils.py:1048] [0/0] Not enough SMs to use max_autotune_gemm mode

=== Output for selu.py on GPU 0 ===

=== Errors for selu.py on GPU 0 ===
Traceback (most recent call last):
  File "/usr/local/lib/python3.12/site-packages/triton/language/core.py", line 35, in wrapper
    return fn(*args, **kwargs)
           ^^^^^^^^^^^^^^^^^^^
  File "/usr/local/lib/python3.12/site-packages/triton/language/core.py", line 1597, in load
    return semantic.load(pointer, mask, other, boundary_check, padding_option, cache_modifier, eviction_policy,
           ^^^^^^^^^^^^^^^^^^^^^^^^^^^^^^^^^^^^^^^^^^^^^^^^^^^^^^^^^^^^^^^^^^^^^^^^^^^^^^^^^^^^^^^^^^^^^^^^^^^^
  File "/usr/local/lib/python3.12/site-packages/triton/language/semantic.py", line 1037, in load
    return _load_legacy(ptr, mask, other, boundary_check, padding, cache, eviction, is_volatile, builder)
           ^^^^^^^^^^^^^^^^^^^^^^^^^^^^^^^^^^^^^^^^^^^^^^^^^^^^^^^^^^^^^^^^^^^^^^^^^^^^^^^^^^^^^^^^^^^^^^
  File "/usr/local/lib/python3.12/site-packages/triton/language/semantic.py", line 969, in _load_legacy
    raise ValueError(f"Unsupported ptr type {ptr.type.__repr__()} in `tl.load`")
ValueError: Unsupported ptr type <[1024], int64> in `tl.load`

The above exception was the direct cause of the following exception:

Traceback (most recent call last):
  File "/data/results/lmstudio_prompt11_router_20260528-212821/call_acc/selu.py", line 75, in <module>
    test_results = test_selu()
                   ^^^^^^^^^^^
  File "/data/results/lmstudio_prompt11_router_20260528-212821/call_acc/selu.py", line 59, in test_selu
    results["test_case_1"] = selu(input_tensor_1)
                             ^^^^^^^^^^^^^^^^^^^^
  File "/data/results/lmstudio_prompt11_router_20260528-212821/call_acc/selu.py", line 45, in selu
    _selu_kernel[grid](input.data_ptr(), out.data_ptr(), n_elements, BLOCK_SIZE)
  File "/usr/local/lib/python3.12/site-packages/triton/runtime/jit.py", line 345, in <lambda>
    return lambda *args, **kwargs: self.run(grid=grid, warmup=False, *args, **kwargs)
                                   ^^^^^^^^^^^^^^^^^^^^^^^^^^^^^^^^^^^^^^^^^^^^^^^^^^
  File "/usr/local/lib/python3.12/site-packages/triton/runtime/jit.py", line 662, in run
    kernel = self.compile(
             ^^^^^^^^^^^^^
  File "/usr/local/lib/python3.12/site-packages/triton/compiler/compiler.py", line 276, in compile
    module = src.make_ir(options, codegen_fns, context)
             ^^^^^^^^^^^^^^^^^^^^^^^^^^^^^^^^^^^^^^^^^^
  File "/usr/local/lib/python3.12/site-packages/triton/compiler/compiler.py", line 113, in make_ir
    return ast_to_ttir(self.fn, self, context=context, options=options, codegen_fns=codegen_fns)
           ^^^^^^^^^^^^^^^^^^^^^^^^^^^^^^^^^^^^^^^^^^^^^^^^^^^^^^^^^^^^^^^^^^^^^^^^^^^^^^^^^^^^^
triton.compiler.errors.CompilationError: at 6:8:
def _selu_kernel(x_ptr, out_ptr, n_elements, BLOCK_SIZE: tl.constexpr):
    pid = tl.program_id(0)
    block_start = pid * BLOCK_SIZE
    offsets = block_start + tl.arange(0, BLOCK_SIZE)
    mask = offsets < n_elements
    x = tl.load(x_ptr + offsets, mask=mask)
        ^

=== Output for scaled_add_norm.py on GPU 0 ===

=== Errors for scaled_add_norm.py on GPU 0 ===

=== Output for leaky_relu_conv2d.py on GPU 0 ===

=== Errors for leaky_relu_conv2d.py on GPU 0 ===
W0529 06:01:04.675000 1199 site-packages/torch/_inductor/utils.py:1048] [0/0] Not enough SMs to use max_autotune_gemm mode

=== Output for sqrt_exp.py on GPU 0 ===

=== Errors for sqrt_exp.py on GPU 0 ===

=== Output for cos_avg_pool1d.py on GPU 0 ===

=== Errors for cos_avg_pool1d.py on GPU 0 ===

=== Output for sum_std.py on GPU 0 ===

=== Errors for sum_std.py on GPU 0 ===
/data/results/lmstudio_prompt11_router_20260528-212821/call_acc/sum_std.py:24: UserWarning: std(): degrees of freedom is <= 0. Correction should be strictly less than the reduction factor (input numel divided by output numel). (Triggered internally at ../aten/src/ATen/native/ReduceOps.cpp:1823.)
  y = torch.std(torch.sum(input, dim=dim, keepdim=keepdim), dim=dim if keepdim else None, keepdim=keepdim, correction=correction)

=== Output for mul_relu.py on GPU 0 ===

=== Errors for mul_relu.py on GPU 0 ===

=== Output for gelu_conv2d.py on GPU 0 ===

=== Errors for gelu_conv2d.py on GPU 0 ===
W0529 06:01:50.652000 1360 site-packages/torch/_inductor/utils.py:1048] [0/0] Not enough SMs to use max_autotune_gemm mode

=== Output for fused_instance_norm_selu_conv2d.py on GPU 0 ===

=== Errors for fused_instance_norm_selu_conv2d.py on GPU 0 ===
W0529 06:02:12.009000 1448 site-packages/torch/_inductor/utils.py:1048] [0/0_1] Not enough SMs to use max_autotune_gemm mode
Traceback (most recent call last):
  File "/data/results/lmstudio_prompt11_router_20260528-212821/call_acc/fused_instance_norm_selu_conv2d.py", line 34, in fused_instance_norm_selu_conv2d
    y = _fused_instance_norm_selu_conv2d_fast(input, weight, bias, stride, padding, dilation, groups, eps, momentum, affine, track_running_stats)
        ^^^^^^^^^^^^^^^^^^^^^^^^^^^^^^^^^^^^^^^^^^^^^^^^^^^^^^^^^^^^^^^^^^^^^^^^^^^^^^^^^^^^^^^^^^^^^^^^^^^^^^^^^^^^^^^^^^^^^^^^^^^^^^^^^^^^^^^^^
  File "/usr/local/lib/python3.12/site-packages/torch/_dynamo/eval_frame.py", line 465, in _fn
    return fn(*args, **kwargs)
           ^^^^^^^^^^^^^^^^^^^
  File "/data/results/lmstudio_prompt11_router_20260528-212821/call_acc/fused_instance_norm_selu_conv2d.py", line 21, in _fused_instance_norm_selu_conv2d_impl
    def _fused_instance_norm_selu_conv2d_impl(input, weight, bias, stride, padding, dilation, groups, eps, momentum, affine, track_running_stats):
TypeError: instance_norm() takes from 1 to 8 positional arguments but 10 were given

During handling of the above exception, another exception occurred:

Traceback (most recent call last):
  File "/data/results/lmstudio_prompt11_router_20260528-212821/call_acc/fused_instance_norm_selu_conv2d.py", line 69, in <module>
    test_results = test_fused_instance_norm_selu_conv2d()
                   ^^^^^^^^^^^^^^^^^^^^^^^^^^^^^^^^^^^^^^
  File "/data/results/lmstudio_prompt11_router_20260528-212821/call_acc/fused_instance_norm_selu_conv2d.py", line 59, in test_fused_instance_norm_selu_conv2d
    results["test_case_1"] = fused_instance_norm_selu_conv2d(input_tensor, weight_tensor)
                             ^^^^^^^^^^^^^^^^^^^^^^^^^^^^^^^^^^^^^^^^^^^^^^^^^^^^^^^^^^^^
  File "/data/results/lmstudio_prompt11_router_20260528-212821/call_acc/fused_instance_norm_selu_conv2d.py", line 36, in fused_instance_norm_selu_conv2d
    y = _fused_instance_norm_selu_conv2d_impl(input, weight, bias, stride, padding, dilation, groups, eps, momentum, affine, track_running_stats)
        ^^^^^^^^^^^^^^^^^^^^^^^^^^^^^^^^^^^^^^^^^^^^^^^^^^^^^^^^^^^^^^^^^^^^^^^^^^^^^^^^^^^^^^^^^^^^^^^^^^^^^^^^^^^^^^^^^^^^^^^^^^^^^^^^^^^^^^^^^
  File "/data/results/lmstudio_prompt11_router_20260528-212821/call_acc/fused_instance_norm_selu_conv2d.py", line 24, in _fused_instance_norm_selu_conv2d_impl
    x = F.instance_norm(x, None, None, None, None, True, eps, momentum, affine, track_running_stats)
        ^^^^^^^^^^^^^^^^^^^^^^^^^^^^^^^^^^^^^^^^^^^^^^^^^^^^^^^^^^^^^^^^^^^^^^^^^^^^^^^^^^^^^^^^^^^^
TypeError: instance_norm() takes from 1 to 8 positional arguments but 10 were given

=== Output for fused_fractional_max_pool2d_with_relu.py on GPU 0 ===

=== Errors for fused_fractional_max_pool2d_with_relu.py on GPU 0 ===

=== Output for chebyshev_polynomial_t.py on GPU 0 ===

=== Errors for chebyshev_polynomial_t.py on GPU 0 ===
Traceback (most recent call last):
  File "/data/results/lmstudio_prompt11_router_20260528-212821/call_acc/chebyshev_polynomial_t.py", line 89, in <module>
    test_results = test_chebyshev_polynomial_t()
                   ^^^^^^^^^^^^^^^^^^^^^^^^^^^^^
  File "/data/results/lmstudio_prompt11_router_20260528-212821/call_acc/chebyshev_polynomial_t.py", line 70, in test_chebyshev_polynomial_t
    results["test_case_1"] = chebyshev_polynomial_t(input_tensor_1, n_1)
                             ^^^^^^^^^^^^^^^^^^^^^^^^^^^^^^^^^^^^^^^^^^^
  File "/data/results/lmstudio_prompt11_router_20260528-212821/call_acc/chebyshev_polynomial_t.py", line 44, in chebyshev_polynomial_t
    n_val = n.item() if n.numel() == 1 else int(n)
                        ^^^^^^^
AttributeError: 'int' object has no attribute 'numel'

=== Output for logit.py on GPU 0 ===

=== Errors for logit.py on GPU 0 ===

=== Output for solve_symmetric_ldl.py on GPU 0 ===

=== Errors for solve_symmetric_ldl.py on GPU 0 ===
Traceback (most recent call last):
  File "/data/results/lmstudio_prompt11_router_20260528-212821/call_acc/solve_symmetric_ldl.py", line 72, in <module>
    test_results = test_solve_symmetric_ldl()
                   ^^^^^^^^^^^^^^^^^^^^^^^^^^
  File "/data/results/lmstudio_prompt11_router_20260528-212821/call_acc/solve_symmetric_ldl.py", line 45, in test_solve_symmetric_ldl
    results["test_case_2"] = solve_symmetric_ldl(A2, b2, hermitian=True)
                             ^^^^^^^^^^^^^^^^^^^^^^^^^^^^^^^^^^^^^^^^^^^
  File "/data/results/lmstudio_prompt11_router_20260528-212821/call_acc/solve_symmetric_ldl.py", line 22, in solve_symmetric_ldl
    y = torch.linalg.solve(A, b)
        ^^^^^^^^^^^^^^^^^^^^^^^^
RuntimeError: linalg.solve: Expected A and B to have the same dtype, but found A of type ComplexFloat and B of type Float instead

=== Output for exp_sqrt.py on GPU 0 ===

=== Errors for exp_sqrt.py on GPU 0 ===

=== Output for combined_activation.py on GPU 0 ===

=== Errors for combined_activation.py on GPU 0 ===

=== Output for scaled_add_dot.py on GPU 0 ===

=== Errors for scaled_add_dot.py on GPU 0 ===

=== Output for tensordot.py on GPU 0 ===

=== Errors for tensordot.py on GPU 0 ===

=== Output for qr.py on GPU 0 ===

=== Errors for qr.py on GPU 0 ===

=== Output for asin.py on GPU 0 ===

=== Errors for asin.py on GPU 0 ===

=== Output for fused_masked_select_add_gelu.py on GPU 0 ===

=== Errors for fused_masked_select_add_gelu.py on GPU 0 ===

=== Output for fused_pairwise_distance_adaptive_avg_pool2d.py on GPU 0 ===

=== Errors for fused_pairwise_distance_adaptive_avg_pool2d.py on GPU 0 ===

=== Output for add_mean.py on GPU 0 ===

=== Errors for add_mean.py on GPU 0 ===

=== Output for fused_layer_norm_relu_linear.py on GPU 0 ===

=== Errors for fused_layer_norm_relu_linear.py on GPU 0 ===
W0529 06:04:05.657000 1650 site-packages/torch/_inductor/utils.py:1048] [0/0_1] Not enough SMs to use max_autotune_gemm mode
Traceback (most recent call last):
  File "/data/results/lmstudio_prompt11_router_20260528-212821/call_acc/fused_layer_norm_relu_linear.py", line 54, in fused_layer_norm_relu_linear
    y = _fused_layer_norm_relu_linear_fast(
        ^^^^^^^^^^^^^^^^^^^^^^^^^^^^^^^^^^^
  File "/usr/local/lib/python3.12/site-packages/torch/_dynamo/eval_frame.py", line 465, in _fn
    return fn(*args, **kwargs)
           ^^^^^^^^^^^^^^^^^^^
  File "/data/results/lmstudio_prompt11_router_20260528-212821/call_acc/fused_layer_norm_relu_linear.py", line 23, in _fused_layer_norm_relu_linear_impl
    def _fused_layer_norm_relu_linear_impl(
  File "/usr/local/lib/python3.12/site-packages/torch/nn/functional.py", line 2900, in layer_norm
    return torch.layer_norm(
           ^^^^^^^^^^^^^^^^^
TypeError: layer_norm(): argument 'normalized_shape' (position 2) must be tuple of ints, not int

During handling of the above exception, another exception occurred:

Traceback (most recent call last):
  File "/data/results/lmstudio_prompt11_router_20260528-212821/call_acc/fused_layer_norm_relu_linear.py", line 103, in <module>
    test_results = test_fused_layer_norm_relu_linear()
                   ^^^^^^^^^^^^^^^^^^^^^^^^^^^^^^^^^^^
  File "/data/results/lmstudio_prompt11_router_20260528-212821/call_acc/fused_layer_norm_relu_linear.py", line 78, in test_fused_layer_norm_relu_linear
    results["test_case_1"] = fused_layer_norm_relu_linear(input1, weight1, bias1, normalized_shape1)
                             ^^^^^^^^^^^^^^^^^^^^^^^^^^^^^^^^^^^^^^^^^^^^^^^^^^^^^^^^^^^^^^^^^^^^^^^
  File "/data/results/lmstudio_prompt11_router_20260528-212821/call_acc/fused_layer_norm_relu_linear.py", line 58, in fused_layer_norm_relu_linear
    y = _fused_layer_norm_relu_linear_impl(
        ^^^^^^^^^^^^^^^^^^^^^^^^^^^^^^^^^^^
  File "/data/results/lmstudio_prompt11_router_20260528-212821/call_acc/fused_layer_norm_relu_linear.py", line 33, in _fused_layer_norm_relu_linear_impl
    y = F.layer_norm(y, normalized_shape, eps=eps)
        ^^^^^^^^^^^^^^^^^^^^^^^^^^^^^^^^^^^^^^^^^^
  File "/usr/local/lib/python3.12/site-packages/torch/nn/functional.py", line 2900, in layer_norm
    return torch.layer_norm(
           ^^^^^^^^^^^^^^^^^
TypeError: layer_norm(): argument 'normalized_shape' (position 2) must be tuple of ints, not int

=== Output for fused_add_mul_groupnorm.py on GPU 0 ===

=== Errors for fused_add_mul_groupnorm.py on GPU 0 ===

=== Output for SGD.py on GPU 0 ===

=== Errors for SGD.py on GPU 0 ===
Traceback (most recent call last):
  File "/data/results/lmstudio_prompt11_router_20260528-212821/call_acc/SGD.py", line 95, in <module>
    test_results = test_SGD()
                   ^^^^^^^^^^
  File "/data/results/lmstudio_prompt11_router_20260528-212821/call_acc/SGD.py", line 66, in test_SGD
    loss = SGD(model, input, target, loss_fn)
           ^^^^^^^^^^^^^^^^^^^^^^^^^^^^^^^^^^
  File "/data/results/lmstudio_prompt11_router_20260528-212821/call_acc/SGD.py", line 21, in SGD
    for p in params:
TypeError: 'SimpleModel' object is not iterable

=== Output for relu_batch_norm_conv2d.py on GPU 0 ===
Output tensor shape: torch.Size([4, 6, 32, 32])

=== Errors for relu_batch_norm_conv2d.py on GPU 0 ===

=== Output for conv2d.py on GPU 0 ===

=== Errors for conv2d.py on GPU 0 ===

=== Output for normalized_cosine_similarity.py on GPU 0 ===

=== Errors for normalized_cosine_similarity.py on GPU 0 ===

=== Output for fused_cholesky_solve.py on GPU 0 ===

=== Errors for fused_cholesky_solve.py on GPU 0 ===

=== Output for matmul.py on GPU 0 ===

=== Errors for matmul.py on GPU 0 ===

=== Output for fused_gather_masked_fill.py on GPU 0 ===

=== Errors for fused_gather_masked_fill.py on GPU 0 ===

=== Output for fused_cross_entropy_log_softmax.py on GPU 0 ===

=== Errors for fused_cross_entropy_log_softmax.py on GPU 0 ===
Traceback (most recent call last):
  File "/data/results/lmstudio_prompt11_router_20260528-212821/call_acc/fused_cross_entropy_log_softmax.py", line 58, in <module>
    test_results = test_fused_cross_entropy_log_softmax()
                   ^^^^^^^^^^^^^^^^^^^^^^^^^^^^^^^^^^^^^^
  File "/data/results/lmstudio_prompt11_router_20260528-212821/call_acc/fused_cross_entropy_log_softmax.py", line 38, in test_fused_cross_entropy_log_softmax
    results["test_case_1"] = fused_cross_entropy_log_softmax(input, target)
                             ^^^^^^^^^^^^^^^^^^^^^^^^^^^^^^^^^^^^^^^^^^^^^^
  File "/data/results/lmstudio_prompt11_router_20260528-212821/call_acc/fused_cross_entropy_log_softmax.py", line 23, in fused_cross_entropy_log_softmax
    return F.cross_entropy(input, target, weight=weight, ignore_index=ignore_index, reduction=reduction, label_smoothing=label_smoothing, dim=dim)
           ^^^^^^^^^^^^^^^^^^^^^^^^^^^^^^^^^^^^^^^^^^^^^^^^^^^^^^^^^^^^^^^^^^^^^^^^^^^^^^^^^^^^^^^^^^^^^^^^^^^^^^^^^^^^^^^^^^^^^^^^^^^^^^^^^^^^^^^
TypeError: cross_entropy() got an unexpected keyword argument 'dim'

=== Output for addmm.py on GPU 0 ===

=== Errors for addmm.py on GPU 0 ===

=== Output for fused_qr_solve.py on GPU 0 ===

=== Errors for fused_qr_solve.py on GPU 0 ===
Traceback (most recent call last):
  File "/data/results/lmstudio_prompt11_router_20260528-212821/call_acc/fused_qr_solve.py", line 55, in <module>
    test_results = test_fused_qr_solve()
                   ^^^^^^^^^^^^^^^^^^^^^
  File "/data/results/lmstudio_prompt11_router_20260528-212821/call_acc/fused_qr_solve.py", line 41, in test_fused_qr_solve
    results["test_case_2"] = fused_qr_solve(A2, b2)
                             ^^^^^^^^^^^^^^^^^^^^^^
  File "/data/results/lmstudio_prompt11_router_20260528-212821/call_acc/fused_qr_solve.py", line 22, in fused_qr_solve
    return torch.linalg.solve(A, b)
           ^^^^^^^^^^^^^^^^^^^^^^^^
RuntimeError: linalg.solve: A must be batches of square matrices, but they are 3 by 2 matrices

=== Output for sigmoid_adaptive_avg_pool2d.py on GPU 0 ===

=== Errors for sigmoid_adaptive_avg_pool2d.py on GPU 0 ===

=== Output for cos.py on GPU 0 ===

=== Errors for cos.py on GPU 0 ===

=== Output for fused_bmm_dropout_gelu.py on GPU 0 ===

=== Errors for fused_bmm_dropout_gelu.py on GPU 0 ===
W0529 06:05:48.110000 1810 site-packages/torch/_inductor/utils.py:1048] [0/0] Not enough SMs to use max_autotune_gemm mode

=== Output for trunc.py on GPU 0 ===

=== Errors for trunc.py on GPU 0 ===

=== Output for matrix_power_eig.py on GPU 0 ===

=== Errors for matrix_power_eig.py on GPU 0 ===
Traceback (most recent call last):
  File "/data/results/lmstudio_prompt11_router_20260528-212821/call_acc/matrix_power_eig.py", line 52, in <module>
    test_results = test_matrix_power_eig()
                   ^^^^^^^^^^^^^^^^^^^^^^^
  File "/data/results/lmstudio_prompt11_router_20260528-212821/call_acc/matrix_power_eig.py", line 43, in test_matrix_power_eig
    results["test_case_2"] = matrix_power_eig(A2, k2)
                             ^^^^^^^^^^^^^^^^^^^^^^^^
  File "/data/results/lmstudio_prompt11_router_20260528-212821/call_acc/matrix_power_eig.py", line 24, in matrix_power_eig
    return torch.matrix_power(A, k)
           ^^^^^^^^^^^^^^^^^^^^^^^^
TypeError: matrix_power(): argument 'n' (position 2) must be int, not float

=== Output for log_tanh.py on GPU 0 ===

=== Errors for log_tanh.py on GPU 0 ===
Traceback (most recent call last):
  File "/data/results/lmstudio_prompt11_router_20260528-212821/call_acc/log_tanh.py", line 80, in <module>
    test_results = test_log_tanh()
                   ^^^^^^^^^^^^^^^
  File "/data/results/lmstudio_prompt11_router_20260528-212821/call_acc/log_tanh.py", line 59, in test_log_tanh
    results["test_case_1"] = log_tanh(input1)
                             ^^^^^^^^^^^^^^^^
  File "/data/results/lmstudio_prompt11_router_20260528-212821/call_acc/log_tanh.py", line 35, in log_tanh
    _log_tanh_kernel[grid](input, out, n, BLOCK_SIZE=BLOCK_SIZE)
  File "/usr/local/lib/python3.12/site-packages/triton/runtime/jit.py", line 345, in <lambda>
    return lambda *args, **kwargs: self.run(grid=grid, warmup=False, *args, **kwargs)
                                   ^^^^^^^^^^^^^^^^^^^^^^^^^^^^^^^^^^^^^^^^^^^^^^^^^^
  File "/usr/local/lib/python3.12/site-packages/triton/runtime/jit.py", line 662, in run
    kernel = self.compile(
             ^^^^^^^^^^^^^
  File "/usr/local/lib/python3.12/site-packages/triton/compiler/compiler.py", line 240, in compile
    key = f"{triton_key()}-{src.hash()}-{backend.hash()}-{options.hash()}-{str(sorted(env_vars.items()))}"
                            ^^^^^^^^^^
  File "/usr/local/lib/python3.12/site-packages/triton/compiler/compiler.py", line 109, in hash
    key = f"{self.fn.cache_key}-{self.attrs.hash()}-{sorted_sig}-{sorted_constants}"
             ^^^^^^^^^^^^^^^^^
  File "/usr/local/lib/python3.12/site-packages/triton/runtime/jit.py", line 758, in cache_key
    dependencies_finder.visit(self.parse())
  File "/usr/local/lib/python3.12/ast.py", line 407, in visit
    return visitor(node)
           ^^^^^^^^^^^^^
  File "/usr/local/lib/python3.12/ast.py", line 415, in generic_visit
    self.visit(item)
  File "/usr/local/lib/python3.12/ast.py", line 407, in visit
    return visitor(node)
           ^^^^^^^^^^^^^
  File "/usr/local/lib/python3.12/site-packages/triton/runtime/jit.py", line 167, in visit_FunctionDef
    self.generic_visit(node)
  File "/usr/local/lib/python3.12/ast.py", line 415, in generic_visit
    self.visit(item)
  File "/usr/local/lib/python3.12/ast.py", line 407, in visit
    return visitor(node)
           ^^^^^^^^^^^^^
  File "/usr/local/lib/python3.12/site-packages/triton/runtime/jit.py", line 221, in visit_Assign
    self.generic_visit(node)
  File "/usr/local/lib/python3.12/ast.py", line 417, in generic_visit
    self.visit(value)
  File "/usr/local/lib/python3.12/ast.py", line 407, in visit
    return visitor(node)
           ^^^^^^^^^^^^^
  File "/usr/local/lib/python3.12/site-packages/triton/runtime/jit.py", line 127, in visit_Call
    func = self.visit(node.func)
           ^^^^^^^^^^^^^^^^^^^^^
  File "/usr/local/lib/python3.12/ast.py", line 407, in visit
    return visitor(node)
           ^^^^^^^^^^^^^
  File "/usr/local/lib/python3.12/site-packages/triton/runtime/jit.py", line 117, in visit_Attribute
    return getattr(lhs, node.attr)
           ^^^^^^^^^^^^^^^^^^^^^^^
AttributeError: module 'triton.language' has no attribute 'tanh'. Did you mean: 'trans'?

=== Output for exp.py on GPU 0 ===

=== Errors for exp.py on GPU 0 ===

=== Output for matrix_multiply_symmetric.py on GPU 0 ===

=== Errors for matrix_multiply_symmetric.py on GPU 0 ===

=== Output for fused_avg_pool2d_cosine_similarity.py on GPU 0 ===

=== Errors for fused_avg_pool2d_cosine_similarity.py on GPU 0 ===

=== Output for fused_hardshrink_dropout.py on GPU 0 ===

=== Errors for fused_hardshrink_dropout.py on GPU 0 ===

=== Output for erfc_sqrt.py on GPU 0 ===

=== Errors for erfc_sqrt.py on GPU 0 ===

=== Output for tensordot_rsqrt.py on GPU 0 ===

=== Errors for tensordot_rsqrt.py on GPU 0 ===

=== Output for softmax_log.py on GPU 0 ===

=== Errors for softmax_log.py on GPU 0 ===

=== Output for dropout_sigmoid_linear.py on GPU 0 ===

=== Errors for dropout_sigmoid_linear.py on GPU 0 ===
W0529 06:07:00.398000 1913 site-packages/torch/_inductor/utils.py:1048] [0/0] Not enough SMs to use max_autotune_gemm mode

=== Output for batch_norm.py on GPU 0 ===

=== Errors for batch_norm.py on GPU 0 ===

=== Output for gammaln.py on GPU 0 ===

=== Errors for gammaln.py on GPU 0 ===

=== Output for bitwise_and.py on GPU 0 ===

=== Errors for bitwise_and.py on GPU 0 ===

=== Output for sub_gelu.py on GPU 0 ===

=== Errors for sub_gelu.py on GPU 0 ===
Traceback (most recent call last):
  File "/data/results/lmstudio_prompt11_router_20260528-212821/call_acc/sub_gelu.py", line 74, in <module>
    test_results = test_sub_gelu()
                   ^^^^^^^^^^^^^^^
  File "/data/results/lmstudio_prompt11_router_20260528-212821/call_acc/sub_gelu.py", line 59, in test_sub_gelu
    results["test_case_1"] = sub_gelu(input_tensor, other_tensor)
                             ^^^^^^^^^^^^^^^^^^^^^^^^^^^^^^^^^^^^
  File "/data/results/lmstudio_prompt11_router_20260528-212821/call_acc/sub_gelu.py", line 40, in sub_gelu
    M, N = input.shape
    ^^^^
ValueError: not enough values to unpack (expected 2, got 1)

=== Output for gelu_std.py on GPU 0 ===

=== Errors for gelu_std.py on GPU 0 ===

=== Output for permute_copy.py on GPU 0 ===

=== Errors for permute_copy.py on GPU 0 ===

=== Output for digamma.py on GPU 0 ===

=== Errors for digamma.py on GPU 0 ===

=== Output for softmax_mul.py on GPU 0 ===

=== Errors for softmax_mul.py on GPU 0 ===

=== Output for bitwise_and_binomial.py on GPU 0 ===

=== Errors for bitwise_and_binomial.py on GPU 0 ===
Traceback (most recent call last):
  File "/data/results/lmstudio_prompt11_router_20260528-212821/call_acc/bitwise_and_binomial.py", line 54, in <module>
    test_results = test_bitwise_and_binomial()
                   ^^^^^^^^^^^^^^^^^^^^^^^^^^^
  File "/data/results/lmstudio_prompt11_router_20260528-212821/call_acc/bitwise_and_binomial.py", line 39, in test_bitwise_and_binomial
    results["test_case_1"] = bitwise_and_binomial(input_tensor, other_tensor, total_count, probs=probs)
                             ^^^^^^^^^^^^^^^^^^^^^^^^^^^^^^^^^^^^^^^^^^^^^^^^^^^^^^^^^^^^^^^^^^^^^^^^^^
  File "/data/results/lmstudio_prompt11_router_20260528-212821/call_acc/bitwise_and_binomial.py", line 22, in bitwise_and_binomial
    return torch.binomial(torch.bitwise_and(input, other), probs=probs, logits=logits)
           ^^^^^^^^^^^^^^^^^^^^^^^^^^^^^^^^^^^^^^^^^^^^^^^^^^^^^^^^^^^^^^^^^^^^^^^^^^^
TypeError: binomial() missing 1 required positional arguments: "prob"

=== Output for rad2deg_sqrt.py on GPU 0 ===

=== Errors for rad2deg_sqrt.py on GPU 0 ===

=== Output for bessel_j1.py on GPU 0 ===

=== Errors for bessel_j1.py on GPU 0 ===

=== Output for lu.py on GPU 0 ===

=== Errors for lu.py on GPU 0 ===

=== Output for gelu_min.py on GPU 0 ===

=== Errors for gelu_min.py on GPU 0 ===
Traceback (most recent call last):
  File "/data/results/lmstudio_prompt11_router_20260528-212821/call_acc/gelu_min.py", line 59, in <module>
    test_results = test_gelu_min()
                   ^^^^^^^^^^^^^^^
  File "/data/results/lmstudio_prompt11_router_20260528-212821/call_acc/gelu_min.py", line 43, in test_gelu_min
    results['test_case_1'] = gelu_min(input_tensor)
                             ^^^^^^^^^^^^^^^^^^^^^^
  File "/data/results/lmstudio_prompt11_router_20260528-212821/call_acc/gelu_min.py", line 23, in gelu_min
    y = torch.min(y, dim=dim, keepdim=keepdim)
        ^^^^^^^^^^^^^^^^^^^^^^^^^^^^^^^^^^^^^^
RuntimeError: Please look up dimensions by name, got: name = None.

=== Output for grid_sample_with_affine.py on GPU 0 ===

=== Errors for grid_sample_with_affine.py on GPU 0 ===
Traceback (most recent call last):
  File "/data/results/lmstudio_prompt11_router_20260528-212821/call_acc/grid_sample_with_affine.py", line 50, in <module>
    test_results = test_grid_sample_with_affine()
                   ^^^^^^^^^^^^^^^^^^^^^^^^^^^^^^
  File "/data/results/lmstudio_prompt11_router_20260528-212821/call_acc/grid_sample_with_affine.py", line 37, in test_grid_sample_with_affine
    results["test_case_1"] = grid_sample_with_affine(input_tensor, theta, size)
                             ^^^^^^^^^^^^^^^^^^^^^^^^^^^^^^^^^^^^^^^^^^^^^^^^^^
  File "/data/results/lmstudio_prompt11_router_20260528-212821/call_acc/grid_sample_with_affine.py", line 21, in grid_sample_with_affine
    grid = F.affine_grid(theta, size, align_corners=align_corners)
           ^^^^^^^^^^^^^^^^^^^^^^^^^^^^^^^^^^^^^^^^^^^^^^^^^^^^^^^
  File "/usr/local/lib/python3.12/site-packages/torch/nn/functional.py", line 4979, in affine_grid
    raise ValueError(
ValueError: Expected theta to have floating point type, but got torch.int64

=== Output for pseudoinverse_svd.py on GPU 0 ===

=== Errors for pseudoinverse_svd.py on GPU 0 ===

=== Output for exp_mean.py on GPU 0 ===

=== Errors for exp_mean.py on GPU 0 ===

=== Output for low_rank_svd_approximation.py on GPU 0 ===

=== Errors for low_rank_svd_approximation.py on GPU 0 ===
Traceback (most recent call last):
  File "/data/results/lmstudio_prompt11_router_20260528-212821/call_acc/low_rank_svd_approximation.py", line 63, in <module>
    test_results = test_low_rank_svd_approximation()
                   ^^^^^^^^^^^^^^^^^^^^^^^^^^^^^^^^^
  File "/data/results/lmstudio_prompt11_router_20260528-212821/call_acc/low_rank_svd_approximation.py", line 44, in test_low_rank_svd_approximation
    results["test_case_1"] = low_rank_svd_approximation(A, k)
                             ^^^^^^^^^^^^^^^^^^^^^^^^^^^^^^^^
  File "/data/results/lmstudio_prompt11_router_20260528-212821/call_acc/low_rank_svd_approximation.py", line 26, in low_rank_svd_approximation
    Ak = (U_k * S_k.unsqueeze(-1)) @ Vh_k
          ~~~~^~~~~~~~~~~~~~~~~~~
RuntimeError: The size of tensor a (5) must match the size of tensor b (2) at non-singleton dimension 0

=== Output for min.py on GPU 0 ===

=== Errors for min.py on GPU 0 ===

=== Output for symmetric_mm_and_abs_sum.py on GPU 0 ===

=== Errors for symmetric_mm_and_abs_sum.py on GPU 0 ===

=== Output for determinant_lu.py on GPU 0 ===

=== Errors for determinant_lu.py on GPU 0 ===
Traceback (most recent call last):
  File "/data/results/lmstudio_prompt11_router_20260528-212821/call_acc/determinant_lu.py", line 58, in <module>
    test_results = test_determinant_lu()
                   ^^^^^^^^^^^^^^^^^^^^^
  File "/data/results/lmstudio_prompt11_router_20260528-212821/call_acc/determinant_lu.py", line 39, in test_determinant_lu
    results["test_case_1"] = determinant_lu(A1)
                             ^^^^^^^^^^^^^^^^^^
  File "/data/results/lmstudio_prompt11_router_20260528-212821/call_acc/determinant_lu.py", line 22, in determinant_lu
    y = torch.linalg.det(A, pivot=pivot)
        ^^^^^^^^^^^^^^^^^^^^^^^^^^^^^^^^
TypeError: linalg_det() got an unexpected keyword argument 'pivot'

=== Output for tanh_linear.py on GPU 0 ===

=== Errors for tanh_linear.py on GPU 0 ===
W0529 06:09:09.488000 2130 site-packages/torch/_inductor/utils.py:1048] [0/0] Not enough SMs to use max_autotune_gemm mode

=== Output for sum.py on GPU 0 ===

=== Errors for sum.py on GPU 0 ===

=== Output for logspace.py on GPU 0 ===

=== Errors for logspace.py on GPU 0 ===

=== Output for solve_and_add_scaled_vector.py on GPU 0 ===

=== Errors for solve_and_add_scaled_vector.py on GPU 0 ===

=== Output for pixel_shuffle_conv2d.py on GPU 0 ===

=== Errors for pixel_shuffle_conv2d.py on GPU 0 ===

=== Output for matrix_vector_dot.py on GPU 0 ===

=== Errors for matrix_vector_dot.py on GPU 0 ===

=== Output for min_gelu.py on GPU 0 ===

=== Errors for min_gelu.py on GPU 0 ===

=== Output for pow.py on GPU 0 ===

=== Errors for pow.py on GPU 0 ===

=== Output for relu_max_pool2d_conv2d.py on GPU 0 ===

=== Errors for relu_max_pool2d_conv2d.py on GPU 0 ===
W0529 06:10:02.755000 2225 site-packages/torch/_inductor/utils.py:1048] [0/0] Not enough SMs to use max_autotune_gemm mode

=== Output for erf.py on GPU 0 ===

=== Errors for erf.py on GPU 0 ===

=== Output for sigmoid.py on GPU 0 ===

=== Errors for sigmoid.py on GPU 0 ===

=== Output for gelu.py on GPU 0 ===

=== Errors for gelu.py on GPU 0 ===

=== Output for det.py on GPU 0 ===

=== Errors for det.py on GPU 0 ===

=== Output for fused_bmm_rmsnorm_gelu_dropout.py on GPU 0 ===

=== Errors for fused_bmm_rmsnorm_gelu_dropout.py on GPU 0 ===
W0529 06:10:42.412000 2347 site-packages/torch/_inductor/utils.py:1048] [0/0_1] Not enough SMs to use max_autotune_gemm mode
Traceback (most recent call last):
  File "/data/results/lmstudio_prompt11_router_20260528-212821/call_acc/fused_bmm_rmsnorm_gelu_dropout.py", line 49, in fused_bmm_rmsnorm_gelu_dropout
    y = _fused_bmm_rmsnorm_gelu_dropout_fast(
        ^^^^^^^^^^^^^^^^^^^^^^^^^^^^^^^^^^^^^
  File "/usr/local/lib/python3.12/site-packages/torch/_dynamo/eval_frame.py", line 465, in _fn
    return fn(*args, **kwargs)
           ^^^^^^^^^^^^^^^^^^^
  File "/data/results/lmstudio_prompt11_router_20260528-212821/call_acc/fused_bmm_rmsnorm_gelu_dropout.py", line 21, in _fused_bmm_rmsnorm_gelu_dropout_impl
    def _fused_bmm_rmsnorm_gelu_dropout_impl(input1, input2, normalized_shape, dropout_p, eps, training, approximate):
  File "/usr/local/lib/python3.12/site-packages/torch/nn/functional.py", line 2919, in rms_norm
    return torch.rms_norm(input, normalized_shape, weight, eps)
           ^^^^^^^^^^^^^^^^^^^^^^^^^^^^^^^^^^^^^^^^^^^^^^^^^^^^
TypeError: rms_norm(): argument 'normalized_shape' (position 2) must be tuple of ints, not int

During handling of the above exception, another exception occurred:

Traceback (most recent call last):
  File "/data/results/lmstudio_prompt11_router_20260528-212821/call_acc/fused_bmm_rmsnorm_gelu_dropout.py", line 98, in <module>
    test_results = test_fused_bmm_rmsnorm_gelu_dropout()
                   ^^^^^^^^^^^^^^^^^^^^^^^^^^^^^^^^^^^^^
  File "/data/results/lmstudio_prompt11_router_20260528-212821/call_acc/fused_bmm_rmsnorm_gelu_dropout.py", line 85, in test_fused_bmm_rmsnorm_gelu_dropout
    results["test_case_1"] = fused_bmm_rmsnorm_gelu_dropout(input1, input2, normalized_shape=5)
                             ^^^^^^^^^^^^^^^^^^^^^^^^^^^^^^^^^^^^^^^^^^^^^^^^^^^^^^^^^^^^^^^^^^
  File "/data/results/lmstudio_prompt11_router_20260528-212821/call_acc/fused_bmm_rmsnorm_gelu_dropout.py", line 53, in fused_bmm_rmsnorm_gelu_dropout
    y = _fused_bmm_rmsnorm_gelu_dropout_impl(
        ^^^^^^^^^^^^^^^^^^^^^^^^^^^^^^^^^^^^^
  File "/data/results/lmstudio_prompt11_router_20260528-212821/call_acc/fused_bmm_rmsnorm_gelu_dropout.py", line 23, in _fused_bmm_rmsnorm_gelu_dropout_impl
    y = F.rms_norm(y, normalized_shape, eps=eps)
        ^^^^^^^^^^^^^^^^^^^^^^^^^^^^^^^^^^^^^^^^
  File "/usr/local/lib/python3.12/site-packages/torch/nn/functional.py", line 2919, in rms_norm
    return torch.rms_norm(input, normalized_shape, weight, eps)
           ^^^^^^^^^^^^^^^^^^^^^^^^^^^^^^^^^^^^^^^^^^^^^^^^^^^^
TypeError: rms_norm(): argument 'normalized_shape' (position 2) must be tuple of ints, not int

=== Output for floor.py on GPU 0 ===

=== Errors for floor.py on GPU 0 ===

=== Output for rand.py on GPU 0 ===

=== Errors for rand.py on GPU 0 ===
  File "/data/results/lmstudio_prompt11_router_20260528-212821/call_acc/rand.py", line 22
    def rand(*size, *, generator=None, out=None, dtype=None, layout=torch.strided, device=None, requires_grad=False, pin_memory=False) -> Tensor:
                    ^
SyntaxError: * argument may appear only once

=== Output for cholesky_solve.py on GPU 0 ===

=== Errors for cholesky_solve.py on GPU 0 ===

=== Output for mul_sub.py on GPU 0 ===

=== Errors for mul_sub.py on GPU 0 ===
Traceback (most recent call last):
  File "/usr/local/lib/python3.12/site-packages/triton/language/core.py", line 35, in wrapper
    return fn(*args, **kwargs)
           ^^^^^^^^^^^^^^^^^^^
  File "/usr/local/lib/python3.12/site-packages/triton/language/core.py", line 1597, in load
    return semantic.load(pointer, mask, other, boundary_check, padding_option, cache_modifier, eviction_policy,
           ^^^^^^^^^^^^^^^^^^^^^^^^^^^^^^^^^^^^^^^^^^^^^^^^^^^^^^^^^^^^^^^^^^^^^^^^^^^^^^^^^^^^^^^^^^^^^^^^^^^^
  File "/usr/local/lib/python3.12/site-packages/triton/language/semantic.py", line 1037, in load
    return _load_legacy(ptr, mask, other, boundary_check, padding, cache, eviction, is_volatile, builder)
           ^^^^^^^^^^^^^^^^^^^^^^^^^^^^^^^^^^^^^^^^^^^^^^^^^^^^^^^^^^^^^^^^^^^^^^^^^^^^^^^^^^^^^^^^^^^^^^
  File "/usr/local/lib/python3.12/site-packages/triton/language/semantic.py", line 969, in _load_legacy
    raise ValueError(f"Unsupported ptr type {ptr.type.__repr__()} in `tl.load`")
ValueError: Unsupported ptr type <[4], int64> in `tl.load`

The above exception was the direct cause of the following exception:

Traceback (most recent call last):
  File "/data/results/lmstudio_prompt11_router_20260528-212821/call_acc/mul_sub.py", line 125, in <module>
    test_results = test_mul_sub()
                   ^^^^^^^^^^^^^^
  File "/data/results/lmstudio_prompt11_router_20260528-212821/call_acc/mul_sub.py", line 109, in test_mul_sub
    results["test_case_1"] = mul_sub(input_tensor, other_mul_tensor, other_sub_tensor)
                             ^^^^^^^^^^^^^^^^^^^^^^^^^^^^^^^^^^^^^^^^^^^^^^^^^^^^^^^^^
  File "/data/results/lmstudio_prompt11_router_20260528-212821/call_acc/mul_sub.py", line 82, in mul_sub
    _mul_sub_kernel[grid](
  File "/usr/local/lib/python3.12/site-packages/triton/runtime/jit.py", line 345, in <lambda>
    return lambda *args, **kwargs: self.run(grid=grid, warmup=False, *args, **kwargs)
                                   ^^^^^^^^^^^^^^^^^^^^^^^^^^^^^^^^^^^^^^^^^^^^^^^^^^
  File "/usr/local/lib/python3.12/site-packages/triton/runtime/jit.py", line 662, in run
    kernel = self.compile(
             ^^^^^^^^^^^^^
  File "/usr/local/lib/python3.12/site-packages/triton/compiler/compiler.py", line 276, in compile
    module = src.make_ir(options, codegen_fns, context)
             ^^^^^^^^^^^^^^^^^^^^^^^^^^^^^^^^^^^^^^^^^^
  File "/usr/local/lib/python3.12/site-packages/triton/compiler/compiler.py", line 113, in make_ir
    return ast_to_ttir(self.fn, self, context=context, options=options, codegen_fns=codegen_fns)
           ^^^^^^^^^^^^^^^^^^^^^^^^^^^^^^^^^^^^^^^^^^^^^^^^^^^^^^^^^^^^^^^^^^^^^^^^^^^^^^^^^^^^^
triton.compiler.errors.CompilationError: at 10:8:
def _mul_sub_kernel(
    input_ptr, other_mul_ptr, other_sub_ptr, out_ptr,
    N,
    other_mul_val, other_sub_val, alpha_val,
    BLOCK_SIZE: tl.constexpr
):
    offsets = tl.arange(0, BLOCK_SIZE)
    mask = offsets < N

    x = tl.load(input_ptr + offsets, mask=mask, other=0.0)
        ^

=== Output for ldl_factor.py on GPU 0 ===

=== Errors for ldl_factor.py on GPU 0 ===

=== Output for abs.py on GPU 0 ===

=== Errors for abs.py on GPU 0 ===

=== Output for mul.py on GPU 0 ===

=== Errors for mul.py on GPU 0 ===

=== Output for softmax.py on GPU 0 ===

=== Errors for softmax.py on GPU 0 ===

=== Output for leaky_relu.py on GPU 0 ===

=== Errors for leaky_relu.py on GPU 0 ===

=== Output for invert_matrix_lu.py on GPU 0 ===

=== Errors for invert_matrix_lu.py on GPU 0 ===

=== Output for std.py on GPU 0 ===

=== Errors for std.py on GPU 0 ===

=== Output for tril_mm_and_scale.py on GPU 0 ===

=== Errors for tril_mm_and_scale.py on GPU 0 ===

=== Output for solve.py on GPU 0 ===

=== Errors for solve.py on GPU 0 ===

=== Output for airy_ai.py on GPU 0 ===

=== Errors for airy_ai.py on GPU 0 ===

=== Output for signbit.py on GPU 0 ===

=== Errors for signbit.py on GPU 0 ===

=== Output for matrix_multiply_and_row_dot.py on GPU 0 ===

=== Errors for matrix_multiply_and_row_dot.py on GPU 0 ===

=== Output for polygamma.py on GPU 0 ===

=== Errors for polygamma.py on GPU 0 ===

=== Output for elu_linear.py on GPU 0 ===

=== Errors for elu_linear.py on GPU 0 ===
W0529 06:12:21.728000 2460 site-packages/torch/_inductor/utils.py:1048] [0/0] Not enough SMs to use max_autotune_gemm mode

=== Output for fused_pairwise_distance_normalize.py on GPU 0 ===

=== Errors for fused_pairwise_distance_normalize.py on GPU 0 ===

=== Output for Adam.py on GPU 0 ===

=== Errors for Adam.py on GPU 0 ===

=== Output for fused_hstack_div.py on GPU 0 ===

=== Errors for fused_hstack_div.py on GPU 0 ===

=== Output for broadcast_tensors.py on GPU 0 ===

=== Errors for broadcast_tensors.py on GPU 0 ===

=== Output for relu_conv2d.py on GPU 0 ===

=== Errors for relu_conv2d.py on GPU 0 ===
W0529 06:12:54.237000 2537 site-packages/torch/_inductor/utils.py:1048] [0/0] Not enough SMs to use max_autotune_gemm mode

=== Output for log.py on GPU 0 ===

=== Errors for log.py on GPU 0 ===

=== Output for adaptive_avg_pool2d.py on GPU 0 ===

=== Errors for adaptive_avg_pool2d.py on GPU 0 ===

=== Output for quantize_dynamic.py on GPU 0 ===

=== Errors for quantize_dynamic.py on GPU 0 ===
Traceback (most recent call last):
  File "/data/results/lmstudio_prompt11_router_20260528-212821/call_acc/quantize_dynamic.py", line 73, in <module>
    test_results = test_quantize_dynamic()
                   ^^^^^^^^^^^^^^^^^^^^^^^
  File "/data/results/lmstudio_prompt11_router_20260528-212821/call_acc/quantize_dynamic.py", line 35, in test_quantize_dynamic
    class SimpleModel(nn.Module):
                      ^^
NameError: name 'nn' is not defined

=== Output for conv2d_add.py on GPU 0 ===

=== Errors for conv2d_add.py on GPU 0 ===
W0529 06:13:23.633000 2618 site-packages/torch/_inductor/utils.py:1048] [0/0] Not enough SMs to use max_autotune_gemm mode

=== Output for ifftshift.py on GPU 0 ===

=== Errors for ifftshift.py on GPU 0 ===

=== Output for signbit_bitwise_and.py on GPU 0 ===

=== Errors for signbit_bitwise_and.py on GPU 0 ===
Traceback (most recent call last):
  File "/data/results/lmstudio_prompt11_router_20260528-212821/call_acc/signbit_bitwise_and.py", line 61, in <module>
    test_results = test_signbit_bitwise_and()
                   ^^^^^^^^^^^^^^^^^^^^^^^^^^
  File "/data/results/lmstudio_prompt11_router_20260528-212821/call_acc/signbit_bitwise_and.py", line 42, in test_signbit_bitwise_and
    results["test_case_1"] = signbit_bitwise_and(a, b)
                             ^^^^^^^^^^^^^^^^^^^^^^^^^
  File "/data/results/lmstudio_prompt11_router_20260528-212821/call_acc/signbit_bitwise_and.py", line 22, in signbit_bitwise_and
    return torch.signbit(input), torch.bitwise_and(input, other)
                                 ^^^^^^^^^^^^^^^^^^^^^^^^^^^^^^^
RuntimeError: "bitwise_and_cuda" not implemented for 'Float'

=== Output for fused_repeat_interleave_log_softmax.py on GPU 0 ===

=== Errors for fused_repeat_interleave_log_softmax.py on GPU 0 ===
/data/results/lmstudio_prompt11_router_20260528-212821/call_acc/fused_repeat_interleave_log_softmax.py:23: UserWarning: Implicit dimension choice for log_softmax has been deprecated. Change the call to include dim=X as an argument.
  y = F.log_softmax(y, dim=dim, dtype=dtype)

=== Output for cholesky.py on GPU 0 ===

=== Errors for cholesky.py on GPU 0 ===

=== Output for ones_like.py on GPU 0 ===

=== Errors for ones_like.py on GPU 0 ===

=== Output for autocast.py on GPU 0 ===

=== Errors for autocast.py on GPU 0 ===

=== Output for reciprocal.py on GPU 0 ===

=== Errors for reciprocal.py on GPU 0 ===

=== Output for cos_signbit.py on GPU 0 ===

=== Errors for cos_signbit.py on GPU 0 ===

=== Output for spectral_norm_eig.py on GPU 0 ===

=== Errors for spectral_norm_eig.py on GPU 0 ===

=== Output for fftn.py on GPU 0 ===

=== Errors for fftn.py on GPU 0 ===

Deleted SGD.py
Error deleting __pycache__: [Errno 21] Is a directory: '/data/results/lmstudio_prompt11_router_20260528-212821/call_acc/__pycache__'
Deleted add_gelu.py
Deleted bitwise_and_binomial.py
Deleted chebyshev_polynomial_t.py
Deleted determinant_lu.py
Deleted fused_bmm_rmsnorm_gelu_dropout.py
Deleted fused_cross_entropy_log_softmax.py
Deleted fused_instance_norm_selu_conv2d.py
Deleted fused_layer_norm_relu_linear.py
Deleted fused_qr_solve.py
Deleted fused_svd_reconstruct.py
Deleted fused_tile_exp.py
Deleted gelu_min.py
Deleted grid_sample_with_affine.py
Deleted index_fill_.py
Deleted least_squares_qr.py
Deleted log_softmax_linear.py
Deleted log_tanh.py
Deleted low_rank_svd_approximation.py
Deleted matrix_power_eig.py
Deleted mul_sub.py
Deleted quantize_dynamic.py
Deleted rand.py
Deleted selu.py
Deleted signbit_bitwise_and.py
Deleted solve_symmetric_ldl.py
Deleted sub_gelu.py

Correct execution rate: 83.73%
['fused_bmm_rmsnorm_gelu_dropout_sub.py', 'div.py', 'sigmoid_conv2d.py', 'solve_multiple_lu.py', 'tanh.py', 'relu_sqrt.py', 'sqrt.py', 'sigmoid_argmax.py', 'sub.py', 'grid_sample.py', 'svd.py', 'i0.py', 'rsqrt.py', 'dropout_relu_batch_norm_conv2d.py', 'fused_mv_logsoftmax_dropout.py', 'add.py', 'fused_silu_layer_norm_conv2d.py', 'fused_index_select_eq.py', 'argmax.py', 'fused_lu_solve.py', 'normalize_pairwise_distance.py', 'max.py', 'relu.py', 'determinant_via_qr.py', 'sqrt_tanh.py', 'silu_batch_norm.py', 'fused_cross_entropy_softmax_layernorm.py', 'mean.py', 'eig.py', 'logsumexp.py', 'fused_embedding_add_tanh.py', 'fused_mv_sigmoid_sub.py', 'fused_cosine_embedding_loss_with_normalization.py', 'fused_transformer_block.py', 'log1p.py', 'sigmoid_batch_norm.py', 'fused_hardsigmoid_batch_norm.py', 'zeta.py', 'symmetric_matrix_vector_norm.py', 'softplus_linear.py', 'fused_mul_add_logsoftmax_dropout_bmm.py', 'scaled_add_norm.py', 'leaky_relu_conv2d.py', 'sqrt_exp.py', 'cos_avg_pool1d.py', 'sum_std.py', 'mul_relu.py', 'gelu_conv2d.py', 'fused_fractional_max_pool2d_with_relu.py', 'logit.py', 'exp_sqrt.py', 'combined_activation.py', 'scaled_add_dot.py', 'tensordot.py', 'qr.py', 'asin.py', 'fused_masked_select_add_gelu.py', 'fused_pairwise_distance_adaptive_avg_pool2d.py', 'add_mean.py', 'fused_add_mul_groupnorm.py', 'relu_batch_norm_conv2d.py', 'conv2d.py', 'normalized_cosine_similarity.py', 'fused_cholesky_solve.py', 'matmul.py', 'fused_gather_masked_fill.py', 'addmm.py', 'sigmoid_adaptive_avg_pool2d.py', 'cos.py', 'fused_bmm_dropout_gelu.py', 'trunc.py', 'exp.py', 'matrix_multiply_symmetric.py', 'fused_avg_pool2d_cosine_similarity.py', 'fused_hardshrink_dropout.py', 'erfc_sqrt.py', 'tensordot_rsqrt.py', 'softmax_log.py', 'dropout_sigmoid_linear.py', 'batch_norm.py', 'gammaln.py', 'bitwise_and.py', 'gelu_std.py', 'permute_copy.py', 'digamma.py', 'softmax_mul.py', 'rad2deg_sqrt.py', 'bessel_j1.py', 'lu.py', 'pseudoinverse_svd.py', 'exp_mean.py', 'min.py', 'symmetric_mm_and_abs_sum.py', 'tanh_linear.py', 'sum.py', 'logspace.py', 'solve_and_add_scaled_vector.py', 'pixel_shuffle_conv2d.py', 'matrix_vector_dot.py', 'min_gelu.py', 'pow.py', 'relu_max_pool2d_conv2d.py', 'erf.py', 'sigmoid.py', 'gelu.py', 'det.py', 'floor.py', 'cholesky_solve.py', 'ldl_factor.py', 'abs.py', 'mul.py', 'softmax.py', 'leaky_relu.py', 'invert_matrix_lu.py', 'std.py', 'tril_mm_and_scale.py', 'solve.py', 'airy_ai.py', 'signbit.py', 'matrix_multiply_and_row_dot.py', 'polygamma.py', 'elu_linear.py', 'fused_pairwise_distance_normalize.py', 'Adam.py', 'fused_hstack_div.py', 'broadcast_tensors.py', 'relu_conv2d.py', 'log.py', 'adaptive_avg_pool2d.py', 'conv2d_add.py', 'ifftshift.py', 'fused_repeat_interleave_log_softmax.py', 'cholesky.py', 'ones_like.py', 'autocast.py', 'reciprocal.py', 'cos_signbit.py', 'spectral_norm_eig.py', 'fftn.py']
Above is call test for lmstudio_qwen_qwen3.6-35b-a3b_simp_all_20260528-212826
================================================================================================================================================================

call_acc survivors: 139 / 166

======================================================================
=== Phase 2: execution accuracy ===
======================================================================

Correct execution rate: 100.00% = 139 / 139
above is the compare execution for /data/results/lmstudio_prompt11_router_20260528-212821/call_acc
================================================================================================================================================================================================================================================

exe_acc survivors: 139 / 166

======================================================================
=== Phase 3: efficiency ===
======================================================================

[1AProcess:   0%|                                          | 0/139 [00:00<?, ?it/s]
[1AProcess:   1%|▏                               | 1/139 [00:27<1:04:20, 27.97s/it]
[1AProcess:   1%|▍                                 | 2/139 [00:51<57:25, 25.15s/it]
[1AProcess:   2%|▋                               | 3/139 [01:50<1:31:57, 40.57s/it]
[1AProcess:   3%|▉                               | 4/139 [02:11<1:14:28, 33.10s/it]
[1AProcess:   4%|█▏                              | 5/139 [02:37<1:08:09, 30.52s/it]
[1AProcess:   4%|█▍                              | 6/139 [03:20<1:17:12, 34.83s/it]
[1AProcess:   5%|█▌                              | 7/139 [03:44<1:08:44, 31.24s/it]
[1AProcess:   6%|█▊                              | 8/139 [04:17<1:09:20, 31.76s/it]
[1AProcess:   6%|██                              | 9/139 [04:40<1:03:04, 29.11s/it]
[1AProcess:   7%|██▏                            | 10/139 [05:23<1:11:40, 33.34s/it]
[1AProcess:   8%|██▍                            | 11/139 [06:24<1:29:03, 41.75s/it]
[1AProcess:   9%|██▋                            | 12/139 [06:47<1:16:16, 36.04s/it]
[1AProcess:   9%|██▉                            | 13/139 [07:16<1:11:24, 34.00s/it]
[1AProcess:  10%|███                            | 14/139 [07:35<1:01:10, 29.37s/it]
[1AProcess:  11%|███▌                             | 15/139 [07:56<55:28, 26.84s/it]
[1AProcess:  12%|███▌                           | 16/139 [08:32<1:00:57, 29.74s/it]
[1AProcess:  12%|████                             | 17/139 [08:49<52:39, 25.89s/it]
[1AProcess:  13%|████▎                            | 18/139 [09:23<57:08, 28.33s/it]
[1AProcess:  14%|████▌                            | 19/139 [09:41<50:01, 25.01s/it]
[1AProcess:  14%|████▋                            | 20/139 [09:57<44:43, 22.55s/it]
[1AProcess:  15%|████▉                            | 21/139 [10:21<45:13, 22.99s/it]
[1AProcess:  16%|█████▏                           | 22/139 [10:46<45:59, 23.58s/it]
[1AProcess:  17%|█████▍                           | 23/139 [11:05<42:50, 22.16s/it]
[1AProcess:  17%|█████▋                           | 24/139 [11:27<42:22, 22.11s/it]
[1AProcess:  18%|█████▉                           | 25/139 [11:53<43:57, 23.14s/it]
[1AProcess:  19%|██████▏                          | 26/139 [12:22<46:50, 24.87s/it]
[1AProcess:  19%|██████▍                          | 27/139 [12:57<52:30, 28.13s/it]
[1AProcess:  20%|██████▋                          | 28/139 [13:18<48:00, 25.95s/it]
[1AProcess:  21%|██████▉                          | 29/139 [13:37<43:23, 23.67s/it]
[1AProcess:  22%|███████                          | 30/139 [13:57<41:27, 22.82s/it]
[1AProcess:  22%|███████▎                         | 31/139 [14:21<41:40, 23.15s/it]
[1AProcess:  23%|███████▌                         | 32/139 [14:48<43:20, 24.30s/it]
[1AProcess:  24%|███████▊                         | 33/139 [15:23<48:26, 27.42s/it]
[1AProcess:  24%|████████                         | 34/139 [15:48<46:48, 26.74s/it]
[1AProcess:  25%|████████▎                        | 35/139 [16:15<46:36, 26.89s/it]
[1AProcess:  26%|████████▌                        | 36/139 [16:36<42:51, 24.96s/it]
[1AProcess:  27%|████████▊                        | 37/139 [17:01<42:34, 25.04s/it]
[1AProcess:  27%|████████▍                      | 38/139 [18:02<1:00:22, 35.87s/it]
[1AProcess:  28%|████████▋                      | 39/139 [18:42<1:01:49, 37.09s/it]
[1AProcess:  29%|████████▉                      | 40/139 [19:46<1:14:10, 44.95s/it]
[1AProcess:  29%|█████████▏                     | 41/139 [21:07<1:31:09, 55.81s/it]
[1AProcess:  30%|█████████▎                     | 42/139 [21:21<1:10:02, 43.33s/it]
[1AProcess:  31%|█████████▌                     | 43/139 [22:01<1:07:53, 42.43s/it]
[1AProcess:  32%|█████████▊                     | 44/139 [22:29<1:00:01, 37.91s/it]
[1AProcess:  32%|██████████▋                      | 45/139 [22:56<54:40, 34.90s/it]
[1AProcess:  33%|██████████▉                      | 46/139 [23:19<48:19, 31.17s/it]
[1AProcess:  34%|███████████▏                     | 47/139 [23:32<39:28, 25.74s/it]
[1AProcess:  35%|███████████▍                     | 48/139 [23:55<37:50, 24.96s/it]
[1AProcess:  35%|███████████▋                     | 49/139 [24:21<37:55, 25.29s/it]
[1AProcess:  36%|███████████▊                     | 50/139 [24:46<37:10, 25.06s/it]
[1AProcess:  37%|████████████                     | 51/139 [25:22<41:37, 28.38s/it]
[1AProcess:  37%|████████████▎                    | 52/139 [25:33<33:26, 23.07s/it]
[1AProcess:  38%|████████████▌                    | 53/139 [25:59<34:34, 24.12s/it]
[1AProcess:  39%|████████████▊                    | 54/139 [27:13<55:13, 38.98s/it]
[1AProcess:  40%|█████████████                    | 55/139 [27:51<54:09, 38.69s/it]
[1AProcess:  40%|█████████████▎                   | 56/139 [28:17<48:11, 34.83s/it]
[1AProcess:  41%|████████████▋                  | 57/139 [29:54<1:13:26, 53.73s/it]
[1AProcess:  42%|█████████████▊                   | 58/139 [30:08<56:18, 41.71s/it]
[1AProcess:  42%|██████████████                   | 59/139 [30:25<45:42, 34.28s/it]
[1AProcess:  43%|██████████████▏                  | 60/139 [30:46<39:54, 30.31s/it]
[1AProcess:  44%|██████████████▍                  | 61/139 [31:20<40:40, 31.29s/it]
[1AProcess:  45%|██████████████▋                  | 62/139 [31:43<37:07, 28.93s/it]
[1AProcess:  45%|██████████████▉                  | 63/139 [32:25<41:45, 32.97s/it]
[1AProcess:  46%|███████████████▏                 | 64/139 [32:49<37:30, 30.01s/it]
[1AProcess:  47%|███████████████▍                 | 65/139 [33:12<34:45, 28.18s/it]
[1AProcess:  47%|███████████████▋                 | 66/139 [33:24<28:16, 23.24s/it]
[1AProcess:  48%|███████████████▉                 | 67/139 [33:47<27:42, 23.09s/it]
[1AProcess:  49%|████████████████▏                | 68/139 [34:10<27:08, 22.93s/it]
[1AProcess:  50%|████████████████▍                | 69/139 [34:21<22:52, 19.60s/it]
[1AProcess:  50%|████████████████▌                | 70/139 [34:33<19:45, 17.18s/it]
[1AProcess:  51%|████████████████▊                | 71/139 [34:54<20:47, 18.34s/it]
[1AProcess:  52%|█████████████████                | 72/139 [35:19<22:37, 20.26s/it]
[1AProcess:  53%|█████████████████▎               | 73/139 [35:41<23:08, 21.03s/it]
[1AProcess:  53%|█████████████████▌               | 74/139 [36:05<23:35, 21.78s/it]
[1AProcess:  54%|█████████████████▊               | 75/139 [36:29<23:50, 22.35s/it]
[1AProcess:  55%|██████████████████               | 76/139 [36:50<23:00, 21.91s/it]
[1AProcess:  55%|██████████████████▎              | 77/139 [37:14<23:21, 22.60s/it]
[1AProcess:  56%|██████████████████▌              | 78/139 [37:31<21:15, 20.90s/it]
[1AProcess:  57%|██████████████████▊              | 79/139 [38:13<27:18, 27.31s/it]
[1AProcess:  58%|██████████████████▉              | 80/139 [38:55<31:19, 31.86s/it]
[1AProcess:  58%|███████████████████▏             | 81/139 [39:41<34:37, 35.82s/it]
[1AProcess:  59%|███████████████████▍             | 82/139 [40:10<32:15, 33.96s/it]
[1AProcess:  60%|███████████████████▋             | 83/139 [40:34<28:53, 30.95s/it]
[1AProcess:  60%|███████████████████▉             | 84/139 [40:57<26:10, 28.55s/it]
[1AProcess:  61%|████████████████████▏            | 85/139 [41:21<24:27, 27.18s/it]
[1AProcess:  62%|████████████████████▍            | 86/139 [41:48<23:59, 27.16s/it]
[1AProcess:  63%|████████████████████▋            | 87/139 [42:14<23:15, 26.83s/it]Runner killed (SIGKILL), exit code: 137. Most often this happens when the process runs out of memory. Consider increasing or reserving memory to avoid unexpected termination: https://modal.com/docs/guide/resources

==========
== CUDA ==
==========

CUDA Version 12.4.1

Container image Copyright (c) 2016-2023, NVIDIA CORPORATION & AFFILIATES. All rights reserved.

This container image and its contents are governed by the NVIDIA Deep Learning Container License.
By pulling and using the container, you accept the terms and conditions of this license:
https://developer.nvidia.com/ngc/nvidia-deep-learning-container-license

A copy of this license is made available in this container at /NGC-DL-CONTAINER-LICENSE for your convenience.


======================================================================
=== Phase 1: call accuracy ===
======================================================================
instruction
=== Output for fused_bmm_rmsnorm_gelu_dropout_sub.py on GPU 0 ===

=== Errors for fused_bmm_rmsnorm_gelu_dropout_sub.py on GPU 0 ===
W0529 07:31:04.985000 27 site-packages/torch/_inductor/utils.py:1048] [0/0] Not enough SMs to use max_autotune_gemm mode

=== Output for div.py on GPU 0 ===

=== Errors for div.py on GPU 0 ===

=== Output for sigmoid_conv2d.py on GPU 0 ===

=== Errors for sigmoid_conv2d.py on GPU 0 ===
W0529 07:31:26.967000 143 site-packages/torch/_inductor/utils.py:1048] [0/0] Not enough SMs to use max_autotune_gemm mode

=== Output for solve_multiple_lu.py on GPU 0 ===

=== Errors for solve_multiple_lu.py on GPU 0 ===

=== Output for tanh.py on GPU 0 ===

=== Errors for tanh.py on GPU 0 ===

=== Output for relu_sqrt.py on GPU 0 ===

=== Errors for relu_sqrt.py on GPU 0 ===

=== Output for sqrt.py on GPU 0 ===

=== Errors for sqrt.py on GPU 0 ===

=== Output for sigmoid_argmax.py on GPU 0 ===

=== Errors for sigmoid_argmax.py on GPU 0 ===

=== Output for sub.py on GPU 0 ===

=== Errors for sub.py on GPU 0 ===

=== Output for grid_sample.py on GPU 0 ===

=== Errors for grid_sample.py on GPU 0 ===

=== Output for svd.py on GPU 0 ===

=== Errors for svd.py on GPU 0 ===

=== Output for i0.py on GPU 0 ===

=== Errors for i0.py on GPU 0 ===

=== Output for rsqrt.py on GPU 0 ===

=== Errors for rsqrt.py on GPU 0 ===

=== Output for dropout_relu_batch_norm_conv2d.py on GPU 0 ===

=== Errors for dropout_relu_batch_norm_conv2d.py on GPU 0 ===
W0529 07:32:37.670000 320 site-packages/torch/_inductor/utils.py:1048] [0/0] Not enough SMs to use max_autotune_gemm mode

=== Output for fused_mv_logsoftmax_dropout.py on GPU 0 ===

=== Errors for fused_mv_logsoftmax_dropout.py on GPU 0 ===

=== Output for add.py on GPU 0 ===

=== Errors for add.py on GPU 0 ===

=== Output for fused_silu_layer_norm_conv2d.py on GPU 0 ===

=== Errors for fused_silu_layer_norm_conv2d.py on GPU 0 ===

=== Output for fused_index_select_eq.py on GPU 0 ===

=== Errors for fused_index_select_eq.py on GPU 0 ===

=== Output for argmax.py on GPU 0 ===

=== Errors for argmax.py on GPU 0 ===

=== Output for fused_lu_solve.py on GPU 0 ===

=== Errors for fused_lu_solve.py on GPU 0 ===

=== Output for normalize_pairwise_distance.py on GPU 0 ===

=== Errors for normalize_pairwise_distance.py on GPU 0 ===

=== Output for max.py on GPU 0 ===

=== Errors for max.py on GPU 0 ===

=== Output for log_softmax_linear.py on GPU 0 ===

=== Errors for log_softmax_linear.py on GPU 0 ===
W0529 07:33:37.786000 480 site-packages/torch/_inductor/utils.py:1048] [0/0] Not enough SMs to use max_autotune_gemm mode
AUTOTUNE addmm(2x2, 2x2, 2x2)
  bias_addmm 0.0061 ms 100.0% 
  addmm 0.0085 ms 71.8% 
SingleProcess AUTOTUNE benchmarking takes 0.2163 seconds and 0.0001 seconds precompiling
W0529 07:33:39.715000 480 site-packages/torch/_dynamo/convert_frame.py:1125] WON'T CONVERT _log_softmax_linear_impl /data/results/lmstudio_prompt11_router_20260528-212821/call_acc/log_softmax_linear.py line 21 
W0529 07:33:39.715000 480 site-packages/torch/_dynamo/convert_frame.py:1125] due to: 
W0529 07:33:39.715000 480 site-packages/torch/_dynamo/convert_frame.py:1125] Traceback (most recent call last):
W0529 07:33:39.715000 480 site-packages/torch/_dynamo/convert_frame.py:1125]   File "/usr/local/lib/python3.12/site-packages/torch/_dynamo/output_graph.py", line 1446, in _call_user_compiler
W0529 07:33:39.715000 480 site-packages/torch/_dynamo/convert_frame.py:1125]     compiled_fn = compiler_fn(gm, self.example_inputs())
W0529 07:33:39.715000 480 site-packages/torch/_dynamo/convert_frame.py:1125]                   ^^^^^^^^^^^^^^^^^^^^^^^^^^^^^^^^^^^^^^
W0529 07:33:39.715000 480 site-packages/torch/_dynamo/convert_frame.py:1125]   File "/usr/local/lib/python3.12/site-packages/torch/_dynamo/repro/after_dynamo.py", line 129, in __call__
W0529 07:33:39.715000 480 site-packages/torch/_dynamo/convert_frame.py:1125]     compiled_gm = compiler_fn(gm, example_inputs)
W0529 07:33:39.715000 480 site-packages/torch/_dynamo/convert_frame.py:1125]                   ^^^^^^^^^^^^^^^^^^^^^^^^^^^^^^^
W0529 07:33:39.715000 480 site-packages/torch/_dynamo/convert_frame.py:1125]   File "/usr/local/lib/python3.12/site-packages/torch/__init__.py", line 2234, in __call__
W0529 07:33:39.715000 480 site-packages/torch/_dynamo/convert_frame.py:1125]     return compile_fx(model_, inputs_, config_patches=self.config)
W0529 07:33:39.715000 480 site-packages/torch/_dynamo/convert_frame.py:1125]            ^^^^^^^^^^^^^^^^^^^^^^^^^^^^^^^^^^^^^^^^^^^^^^^^^^^^^^^
W0529 07:33:39.715000 480 site-packages/torch/_dynamo/convert_frame.py:1125]   File "/usr/local/lib/python3.12/site-packages/torch/_inductor/compile_fx.py", line 1253, in compile_fx
W0529 07:33:39.715000 480 site-packages/torch/_dynamo/convert_frame.py:1125]     return compile_fx(
W0529 07:33:39.715000 480 site-packages/torch/_dynamo/convert_frame.py:1125]            ^^^^^^^^^^^
W0529 07:33:39.715000 480 site-packages/torch/_dynamo/convert_frame.py:1125]   File "/usr/local/lib/python3.12/site-packages/torch/_inductor/compile_fx.py", line 1521, in compile_fx
W0529 07:33:39.715000 480 site-packages/torch/_dynamo/convert_frame.py:1125]     return aot_autograd(
W0529 07:33:39.715000 480 site-packages/torch/_dynamo/convert_frame.py:1125]            ^^^^^^^^^^^^^
W0529 07:33:39.715000 480 site-packages/torch/_dynamo/convert_frame.py:1125]   File "/usr/local/lib/python3.12/site-packages/torch/_dynamo/backends/common.py", line 72, in __call__
W0529 07:33:39.715000 480 site-packages/torch/_dynamo/convert_frame.py:1125]     cg = aot_module_simplified(gm, example_inputs, **self.kwargs)
W0529 07:33:39.715000 480 site-packages/torch/_dynamo/convert_frame.py:1125]          ^^^^^^^^^^^^^^^^^^^^^^^^^^^^^^^^^^^^^^^^^^^^^^^^^^^^^^^^
W0529 07:33:39.715000 480 site-packages/torch/_dynamo/convert_frame.py:1125]   File "/usr/local/lib/python3.12/site-packages/torch/_functorch/aot_autograd.py", line 1071, in aot_module_simplified
W0529 07:33:39.715000 480 site-packages/torch/_dynamo/convert_frame.py:1125]     compiled_fn = dispatch_and_compile()
W0529 07:33:39.715000 480 site-packages/torch/_dynamo/convert_frame.py:1125]                   ^^^^^^^^^^^^^^^^^^^^^^
W0529 07:33:39.715000 480 site-packages/torch/_dynamo/convert_frame.py:1125]   File "/usr/local/lib/python3.12/site-packages/torch/_functorch/aot_autograd.py", line 1056, in dispatch_and_compile
W0529 07:33:39.715000 480 site-packages/torch/_dynamo/convert_frame.py:1125]     compiled_fn, _ = create_aot_dispatcher_function(
W0529 07:33:39.715000 480 site-packages/torch/_dynamo/convert_frame.py:1125]                      ^^^^^^^^^^^^^^^^^^^^^^^^^^^^^^^
W0529 07:33:39.715000 480 site-packages/torch/_dynamo/convert_frame.py:1125]   File "/usr/local/lib/python3.12/site-packages/torch/_functorch/aot_autograd.py", line 522, in create_aot_dispatcher_function
W0529 07:33:39.715000 480 site-packages/torch/_dynamo/convert_frame.py:1125]     return _create_aot_dispatcher_function(
W0529 07:33:39.715000 480 site-packages/torch/_dynamo/convert_frame.py:1125]            ^^^^^^^^^^^^^^^^^^^^^^^^^^^^^^^^
W0529 07:33:39.715000 480 site-packages/torch/_dynamo/convert_frame.py:1125]   File "/usr/local/lib/python3.12/site-packages/torch/_functorch/aot_autograd.py", line 759, in _create_aot_dispatcher_function
W0529 07:33:39.715000 480 site-packages/torch/_dynamo/convert_frame.py:1125]     compiled_fn, fw_metadata = compiler_fn(
W0529 07:33:39.715000 480 site-packages/torch/_dynamo/convert_frame.py:1125]                                ^^^^^^^^^^^^
W0529 07:33:39.715000 480 site-packages/torch/_dynamo/convert_frame.py:1125]   File "/usr/local/lib/python3.12/site-packages/torch/_functorch/_aot_autograd/jit_compile_runtime_wrappers.py", line 179, in aot_dispatch_base
W0529 07:33:39.715000 480 site-packages/torch/_dynamo/convert_frame.py:1125]     compiled_fw = compiler(fw_module, updated_flat_args)
W0529 07:33:39.715000 480 site-packages/torch/_dynamo/convert_frame.py:1125]                   ^^^^^^^^^^^^^^^^^^^^^^^^^^^^^^^^^^^^^^
W0529 07:33:39.715000 480 site-packages/torch/_dynamo/convert_frame.py:1125]   File "/usr/local/lib/python3.12/site-packages/torch/_inductor/compile_fx.py", line 1350, in fw_compiler_base
W0529 07:33:39.715000 480 site-packages/torch/_dynamo/convert_frame.py:1125]     return _fw_compiler_base(model, example_inputs, is_inference)
W0529 07:33:39.715000 480 site-packages/torch/_dynamo/convert_frame.py:1125]            ^^^^^^^^^^^^^^^^^^^^^^^^^^^^^^^^^^^^^^^^^^^^^^^^^^^^^^
W0529 07:33:39.715000 480 site-packages/torch/_dynamo/convert_frame.py:1125]   File "/usr/local/lib/python3.12/site-packages/torch/_inductor/compile_fx.py", line 1359, in _fw_compiler_base
W0529 07:33:39.715000 480 site-packages/torch/_dynamo/convert_frame.py:1125]     _recursive_joint_graph_passes(model)
W0529 07:33:39.715000 480 site-packages/torch/_dynamo/convert_frame.py:1125]   File "/usr/local/lib/python3.12/site-packages/torch/_inductor/compile_fx.py", line 281, in _recursive_joint_graph_passes
W0529 07:33:39.715000 480 site-packages/torch/_dynamo/convert_frame.py:1125]     joint_graph_passes(gm)
W0529 07:33:39.715000 480 site-packages/torch/_dynamo/convert_frame.py:1125]   File "/usr/local/lib/python3.12/site-packages/torch/_inductor/fx_passes/joint_graph.py", line 460, in joint_graph_passes
W0529 07:33:39.715000 480 site-packages/torch/_dynamo/convert_frame.py:1125]     count += patterns.apply(graph.graph)  # type: ignore[arg-type]
W0529 07:33:39.715000 480 site-packages/torch/_dynamo/convert_frame.py:1125]              ^^^^^^^^^^^^^^^^^^^^^^^^^^^
W0529 07:33:39.715000 480 site-packages/torch/_dynamo/convert_frame.py:1125]   File "/usr/local/lib/python3.12/site-packages/torch/_inductor/pattern_matcher.py", line 1729, in apply
W0529 07:33:39.715000 480 site-packages/torch/_dynamo/convert_frame.py:1125]     if is_match(m) and entry.extra_check(m):
W0529 07:33:39.715000 480 site-packages/torch/_dynamo/convert_frame.py:1125]                        ^^^^^^^^^^^^^^^^^^^^
W0529 07:33:39.715000 480 site-packages/torch/_dynamo/convert_frame.py:1125]   File "/usr/local/lib/python3.12/site-packages/torch/_inductor/pattern_matcher.py", line 1331, in check_fn
W0529 07:33:39.715000 480 site-packages/torch/_dynamo/convert_frame.py:1125]     if is_match(specific_pattern_match) and extra_check(specific_pattern_match):
W0529 07:33:39.715000 480 site-packages/torch/_dynamo/convert_frame.py:1125]                                             ^^^^^^^^^^^^^^^^^^^^^^^^^^^^^^^^^^^
W0529 07:33:39.715000 480 site-packages/torch/_dynamo/convert_frame.py:1125]   File "/usr/local/lib/python3.12/site-packages/torch/_inductor/fx_passes/pad_mm.py", line 146, in should_pad_addmm
W0529 07:33:39.715000 480 site-packages/torch/_dynamo/convert_frame.py:1125]     return should_pad_common(mat1, mat2, input) and should_pad_bench(
W0529 07:33:39.715000 480 site-packages/torch/_dynamo/convert_frame.py:1125]                                                     ^^^^^^^^^^^^^^^^^
W0529 07:33:39.715000 480 site-packages/torch/_dynamo/convert_frame.py:1125]   File "/usr/local/lib/python3.12/site-packages/torch/_inductor/fx_passes/pad_mm.py", line 566, in should_pad_bench
W0529 07:33:39.715000 480 site-packages/torch/_dynamo/convert_frame.py:1125]     ori_time = do_bench(orig_bench_fn)
W0529 07:33:39.715000 480 site-packages/torch/_dynamo/convert_frame.py:1125]                ^^^^^^^^^^^^^^^^^^^^^^^
W0529 07:33:39.715000 480 site-packages/torch/_dynamo/convert_frame.py:1125]   File "/usr/local/lib/python3.12/site-packages/torch/_inductor/runtime/benchmarking.py", line 66, in wrapper
W0529 07:33:39.715000 480 site-packages/torch/_dynamo/convert_frame.py:1125]     return fn(self, *args, **kwargs)
W0529 07:33:39.715000 480 site-packages/torch/_dynamo/convert_frame.py:1125]            ^^^^^^^^^^^^^^^^^^^^^^^^^
W0529 07:33:39.715000 480 site-packages/torch/_dynamo/convert_frame.py:1125]   File "/usr/local/lib/python3.12/site-packages/torch/_inductor/runtime/benchmarking.py", line 201, in benchmark_gpu
W0529 07:33:39.715000 480 site-packages/torch/_dynamo/convert_frame.py:1125]     return self.triton_do_bench(_callable, **kwargs, return_mode="median")
W0529 07:33:39.715000 480 site-packages/torch/_dynamo/convert_frame.py:1125]            ^^^^^^^^^^^^^^^^^^^^^^^^^^^^^^^^^^^^^^^^^^^^^^^^^^^^^^^^^^^^^^^
W0529 07:33:39.715000 480 site-packages/torch/_dynamo/convert_frame.py:1125]   File "/usr/local/lib/python3.12/site-packages/triton/testing.py", line 106, in do_bench
W0529 07:33:39.715000 480 site-packages/torch/_dynamo/convert_frame.py:1125]     fn()
W0529 07:33:39.715000 480 site-packages/torch/_dynamo/convert_frame.py:1125]   File "/usr/local/lib/python3.12/site-packages/torch/_inductor/fx_passes/pad_mm.py", line 537, in orig_bench_fn
W0529 07:33:39.715000 480 site-packages/torch/_dynamo/convert_frame.py:1125]     op(input, mat1, mat2)
W0529 07:33:39.715000 480 site-packages/torch/_dynamo/convert_frame.py:1125]   File "/usr/local/lib/python3.12/site-packages/torch/_ops.py", line 1116, in __call__
W0529 07:33:39.715000 480 site-packages/torch/_dynamo/convert_frame.py:1125]     return self._op(*args, **(kwargs or {}))
W0529 07:33:39.715000 480 site-packages/torch/_dynamo/convert_frame.py:1125]            ^^^^^^^^^^^^^^^^^^^^^^^^^^^^^^^^^
W0529 07:33:39.715000 480 site-packages/torch/_dynamo/convert_frame.py:1125] RuntimeError: mat1 and mat2 must have the same dtype, but got Double and Float
W0529 07:33:39.715000 480 site-packages/torch/_dynamo/convert_frame.py:1125] 
W0529 07:33:39.715000 480 site-packages/torch/_dynamo/convert_frame.py:1125] The above exception was the direct cause of the following exception:
W0529 07:33:39.715000 480 site-packages/torch/_dynamo/convert_frame.py:1125] 
W0529 07:33:39.715000 480 site-packages/torch/_dynamo/convert_frame.py:1125] Traceback (most recent call last):
W0529 07:33:39.715000 480 site-packages/torch/_dynamo/convert_frame.py:1125]   File "/usr/local/lib/python3.12/site-packages/torch/_dynamo/convert_frame.py", line 1064, in __call__
W0529 07:33:39.715000 480 site-packages/torch/_dynamo/convert_frame.py:1125]     result = self._inner_convert(
W0529 07:33:39.715000 480 site-packages/torch/_dynamo/convert_frame.py:1125]              ^^^^^^^^^^^^^^^^^^^^
W0529 07:33:39.715000 480 site-packages/torch/_dynamo/convert_frame.py:1125]   File "/usr/local/lib/python3.12/site-packages/torch/_dynamo/convert_frame.py", line 526, in __call__
W0529 07:33:39.715000 480 site-packages/torch/_dynamo/convert_frame.py:1125]     return _compile(
W0529 07:33:39.715000 480 site-packages/torch/_dynamo/convert_frame.py:1125]            ^^^^^^^^^
W0529 07:33:39.715000 480 site-packages/torch/_dynamo/convert_frame.py:1125]   File "/usr/local/lib/python3.12/site-packages/torch/_dynamo/convert_frame.py", line 924, in _compile
W0529 07:33:39.715000 480 site-packages/torch/_dynamo/convert_frame.py:1125]     guarded_code = compile_inner(code, one_graph, hooks, transform)
W0529 07:33:39.715000 480 site-packages/torch/_dynamo/convert_frame.py:1125]                    ^^^^^^^^^^^^^^^^^^^^^^^^^^^^^^^^^^^^^^^^^^^^^^^^
W0529 07:33:39.715000 480 site-packages/torch/_dynamo/convert_frame.py:1125]   File "/usr/local/lib/python3.12/site-packages/torch/_dynamo/convert_frame.py", line 666, in compile_inner
W0529 07:33:39.715000 480 site-packages/torch/_dynamo/convert_frame.py:1125]     return _compile_inner(code, one_graph, hooks, transform)
W0529 07:33:39.715000 480 site-packages/torch/_dynamo/convert_frame.py:1125]            ^^^^^^^^^^^^^^^^^^^^^^^^^^^^^^^^^^^^^^^^^^^^^^^^^
W0529 07:33:39.715000 480 site-packages/torch/_dynamo/convert_frame.py:1125]   File "/usr/local/lib/python3.12/site-packages/torch/_utils_internal.py", line 87, in wrapper_function
W0529 07:33:39.715000 480 site-packages/torch/_dynamo/convert_frame.py:1125]     return function(*args, **kwargs)
W0529 07:33:39.715000 480 site-packages/torch/_dynamo/convert_frame.py:1125]            ^^^^^^^^^^^^^^^^^^^^^^^^^
W0529 07:33:39.715000 480 site-packages/torch/_dynamo/convert_frame.py:1125]   File "/usr/local/lib/python3.12/site-packages/torch/_dynamo/convert_frame.py", line 699, in _compile_inner
W0529 07:33:39.715000 480 site-packages/torch/_dynamo/convert_frame.py:1125]     out_code = transform_code_object(code, transform)
W0529 07:33:39.715000 480 site-packages/torch/_dynamo/convert_frame.py:1125]                ^^^^^^^^^^^^^^^^^^^^^^^^^^^^^^^^^^^^^^
W0529 07:33:39.715000 480 site-packages/torch/_dynamo/convert_frame.py:1125]   File "/usr/local/lib/python3.12/site-packages/torch/_dynamo/bytecode_transformation.py", line 1322, in transform_code_object
W0529 07:33:39.715000 480 site-packages/torch/_dynamo/convert_frame.py:1125]     transformations(instructions, code_options)
W0529 07:33:39.715000 480 site-packages/torch/_dynamo/convert_frame.py:1125]   File "/usr/local/lib/python3.12/site-packages/torch/_dynamo/convert_frame.py", line 219, in _fn
W0529 07:33:39.715000 480 site-packages/torch/_dynamo/convert_frame.py:1125]     return fn(*args, **kwargs)
W0529 07:33:39.715000 480 site-packages/torch/_dynamo/convert_frame.py:1125]            ^^^^^^^^^^^^^^^^^^^
W0529 07:33:39.715000 480 site-packages/torch/_dynamo/convert_frame.py:1125]   File "/usr/local/lib/python3.12/site-packages/torch/_dynamo/convert_frame.py", line 634, in transform
W0529 07:33:39.715000 480 site-packages/torch/_dynamo/convert_frame.py:1125]     tracer.run()
W0529 07:33:39.715000 480 site-packages/torch/_dynamo/convert_frame.py:1125]   File "/usr/local/lib/python3.12/site-packages/torch/_dynamo/symbolic_convert.py", line 2796, in run
W0529 07:33:39.715000 480 site-packages/torch/_dynamo/convert_frame.py:1125]     super().run()
W0529 07:33:39.715000 480 site-packages/torch/_dynamo/convert_frame.py:1125]   File "/usr/local/lib/python3.12/site-packages/torch/_dynamo/symbolic_convert.py", line 983, in run
W0529 07:33:39.715000 480 site-packages/torch/_dynamo/convert_frame.py:1125]     while self.step():
W0529 07:33:39.715000 480 site-packages/torch/_dynamo/convert_frame.py:1125]           ^^^^^^^^^^^
W0529 07:33:39.715000 480 site-packages/torch/_dynamo/convert_frame.py:1125]   File "/usr/local/lib/python3.12/site-packages/torch/_dynamo/symbolic_convert.py", line 895, in step
W0529 07:33:39.715000 480 site-packages/torch/_dynamo/convert_frame.py:1125]     self.dispatch_table[inst.opcode](self, inst)
W0529 07:33:39.715000 480 site-packages/torch/_dynamo/convert_frame.py:1125]   File "/usr/local/lib/python3.12/site-packages/torch/_dynamo/symbolic_convert.py", line 2987, in RETURN_VALUE
W0529 07:33:39.715000 480 site-packages/torch/_dynamo/convert_frame.py:1125]     self._return(inst)
W0529 07:33:39.715000 480 site-packages/torch/_dynamo/convert_frame.py:1125]   File "/usr/local/lib/python3.12/site-packages/torch/_dynamo/symbolic_convert.py", line 2972, in _return
W0529 07:33:39.715000 480 site-packages/torch/_dynamo/convert_frame.py:1125]     self.output.compile_subgraph(
W0529 07:33:39.715000 480 site-packages/torch/_dynamo/convert_frame.py:1125]   File "/usr/local/lib/python3.12/site-packages/torch/_dynamo/output_graph.py", line 1117, in compile_subgraph
W0529 07:33:39.715000 480 site-packages/torch/_dynamo/convert_frame.py:1125]     self.compile_and_call_fx_graph(tx, list(reversed(stack_values)), root)
W0529 07:33:39.715000 480 site-packages/torch/_dynamo/convert_frame.py:1125]   File "/usr/local/lib/python3.12/site-packages/torch/_dynamo/output_graph.py", line 1369, in compile_and_call_fx_graph
W0529 07:33:39.715000 480 site-packages/torch/_dynamo/convert_frame.py:1125]     compiled_fn = self.call_user_compiler(gm)
W0529 07:33:39.715000 480 site-packages/torch/_dynamo/convert_frame.py:1125]                   ^^^^^^^^^^^^^^^^^^^^^^^^^^^
W0529 07:33:39.715000 480 site-packages/torch/_dynamo/convert_frame.py:1125]   File "/usr/local/lib/python3.12/site-packages/torch/_dynamo/output_graph.py", line 1416, in call_user_compiler
W0529 07:33:39.715000 480 site-packages/torch/_dynamo/convert_frame.py:1125]     return self._call_user_compiler(gm)
W0529 07:33:39.715000 480 site-packages/torch/_dynamo/convert_frame.py:1125]            ^^^^^^^^^^^^^^^^^^^^^^^^^^^^
W0529 07:33:39.715000 480 site-packages/torch/_dynamo/convert_frame.py:1125]   File "/usr/local/lib/python3.12/site-packages/torch/_dynamo/output_graph.py", line 1465, in _call_user_compiler
W0529 07:33:39.715000 480 site-packages/torch/_dynamo/convert_frame.py:1125]     raise BackendCompilerFailed(self.compiler_fn, e) from e
W0529 07:33:39.715000 480 site-packages/torch/_dynamo/convert_frame.py:1125] torch._dynamo.exc.BackendCompilerFailed: backend='inductor' raised:
W0529 07:33:39.715000 480 site-packages/torch/_dynamo/convert_frame.py:1125] RuntimeError: mat1 and mat2 must have the same dtype, but got Double and Float
W0529 07:33:39.715000 480 site-packages/torch/_dynamo/convert_frame.py:1125] 
W0529 07:33:39.715000 480 site-packages/torch/_dynamo/convert_frame.py:1125] Set TORCH_LOGS="+dynamo" and TORCHDYNAMO_VERBOSE=1 for more information
W0529 07:33:39.715000 480 site-packages/torch/_dynamo/convert_frame.py:1125] 
W0529 07:33:39.715000 480 site-packages/torch/_dynamo/convert_frame.py:1125] Traceback (most recent call last):
W0529 07:33:39.715000 480 site-packages/torch/_dynamo/convert_frame.py:1125]   File "/usr/local/lib/python3.12/site-packages/torch/_dynamo/output_graph.py", line 1446, in _call_user_compiler
W0529 07:33:39.715000 480 site-packages/torch/_dynamo/convert_frame.py:1125]     compiled_fn = compiler_fn(gm, self.example_inputs())
W0529 07:33:39.715000 480 site-packages/torch/_dynamo/convert_frame.py:1125]                   ^^^^^^^^^^^^^^^^^^^^^^^^^^^^^^^^^^^^^^
W0529 07:33:39.715000 480 site-packages/torch/_dynamo/convert_frame.py:1125]   File "/usr/local/lib/python3.12/site-packages/torch/_dynamo/repro/after_dynamo.py", line 129, in __call__
W0529 07:33:39.715000 480 site-packages/torch/_dynamo/convert_frame.py:1125]     compiled_gm = compiler_fn(gm, example_inputs)
W0529 07:33:39.715000 480 site-packages/torch/_dynamo/convert_frame.py:1125]                   ^^^^^^^^^^^^^^^^^^^^^^^^^^^^^^^
W0529 07:33:39.715000 480 site-packages/torch/_dynamo/convert_frame.py:1125]   File "/usr/local/lib/python3.12/site-packages/torch/__init__.py", line 2234, in __call__
W0529 07:33:39.715000 480 site-packages/torch/_dynamo/convert_frame.py:1125]     return compile_fx(model_, inputs_, config_patches=self.config)
W0529 07:33:39.715000 480 site-packages/torch/_dynamo/convert_frame.py:1125]            ^^^^^^^^^^^^^^^^^^^^^^^^^^^^^^^^^^^^^^^^^^^^^^^^^^^^^^^
W0529 07:33:39.715000 480 site-packages/torch/_dynamo/convert_frame.py:1125]   File "/usr/local/lib/python3.12/site-packages/torch/_inductor/compile_fx.py", line 1253, in compile_fx
W0529 07:33:39.715000 480 site-packages/torch/_dynamo/convert_frame.py:1125]     return compile_fx(
W0529 07:33:39.715000 480 site-packages/torch/_dynamo/convert_frame.py:1125]            ^^^^^^^^^^^
W0529 07:33:39.715000 480 site-packages/torch/_dynamo/convert_frame.py:1125]   File "/usr/local/lib/python3.12/site-packages/torch/_inductor/compile_fx.py", line 1521, in compile_fx
W0529 07:33:39.715000 480 site-packages/torch/_dynamo/convert_frame.py:1125]     return aot_autograd(
W0529 07:33:39.715000 480 site-packages/torch/_dynamo/convert_frame.py:1125]            ^^^^^^^^^^^^^
W0529 07:33:39.715000 480 site-packages/torch/_dynamo/convert_frame.py:1125]   File "/usr/local/lib/python3.12/site-packages/torch/_dynamo/backends/common.py", line 72, in __call__
W0529 07:33:39.715000 480 site-packages/torch/_dynamo/convert_frame.py:1125]     cg = aot_module_simplified(gm, example_inputs, **self.kwargs)
W0529 07:33:39.715000 480 site-packages/torch/_dynamo/convert_frame.py:1125]          ^^^^^^^^^^^^^^^^^^^^^^^^^^^^^^^^^^^^^^^^^^^^^^^^^^^^^^^^
W0529 07:33:39.715000 480 site-packages/torch/_dynamo/convert_frame.py:1125]   File "/usr/local/lib/python3.12/site-packages/torch/_functorch/aot_autograd.py", line 1071, in aot_module_simplified
W0529 07:33:39.715000 480 site-packages/torch/_dynamo/convert_frame.py:1125]     compiled_fn = dispatch_and_compile()
W0529 07:33:39.715000 480 site-packages/torch/_dynamo/convert_frame.py:1125]                   ^^^^^^^^^^^^^^^^^^^^^^
W0529 07:33:39.715000 480 site-packages/torch/_dynamo/convert_frame.py:1125]   File "/usr/local/lib/python3.12/site-packages/torch/_functorch/aot_autograd.py", line 1056, in dispatch_and_compile
W0529 07:33:39.715000 480 site-packages/torch/_dynamo/convert_frame.py:1125]     compiled_fn, _ = create_aot_dispatcher_function(
W0529 07:33:39.715000 480 site-packages/torch/_dynamo/convert_frame.py:1125]                      ^^^^^^^^^^^^^^^^^^^^^^^^^^^^^^^
W0529 07:33:39.715000 480 site-packages/torch/_dynamo/convert_frame.py:1125]   File "/usr/local/lib/python3.12/site-packages/torch/_functorch/aot_autograd.py", line 522, in create_aot_dispatcher_function
W0529 07:33:39.715000 480 site-packages/torch/_dynamo/convert_frame.py:1125]     return _create_aot_dispatcher_function(
W0529 07:33:39.715000 480 site-packages/torch/_dynamo/convert_frame.py:1125]            ^^^^^^^^^^^^^^^^^^^^^^^^^^^^^^^^
W0529 07:33:39.715000 480 site-packages/torch/_dynamo/convert_frame.py:1125]   File "/usr/local/lib/python3.12/site-packages/torch/_functorch/aot_autograd.py", line 759, in _create_aot_dispatcher_function
W0529 07:33:39.715000 480 site-packages/torch/_dynamo/convert_frame.py:1125]     compiled_fn, fw_metadata = compiler_fn(
W0529 07:33:39.715000 480 site-packages/torch/_dynamo/convert_frame.py:1125]                                ^^^^^^^^^^^^
W0529 07:33:39.715000 480 site-packages/torch/_dynamo/convert_frame.py:1125]   File "/usr/local/lib/python3.12/site-packages/torch/_functorch/_aot_autograd/jit_compile_runtime_wrappers.py", line 179, in aot_dispatch_base
W0529 07:33:39.715000 480 site-packages/torch/_dynamo/convert_frame.py:1125]     compiled_fw = compiler(fw_module, updated_flat_args)
W0529 07:33:39.715000 480 site-packages/torch/_dynamo/convert_frame.py:1125]                   ^^^^^^^^^^^^^^^^^^^^^^^^^^^^^^^^^^^^^^
W0529 07:33:39.715000 480 site-packages/torch/_dynamo/convert_frame.py:1125]   File "/usr/local/lib/python3.12/site-packages/torch/_inductor/compile_fx.py", line 1350, in fw_compiler_base
W0529 07:33:39.715000 480 site-packages/torch/_dynamo/convert_frame.py:1125]     return _fw_compiler_base(model, example_inputs, is_inference)
W0529 07:33:39.715000 480 site-packages/torch/_dynamo/convert_frame.py:1125]            ^^^^^^^^^^^^^^^^^^^^^^^^^^^^^^^^^^^^^^^^^^^^^^^^^^^^^^
W0529 07:33:39.715000 480 site-packages/torch/_dynamo/convert_frame.py:1125]   File "/usr/local/lib/python3.12/site-packages/torch/_inductor/compile_fx.py", line 1359, in _fw_compiler_base
W0529 07:33:39.715000 480 site-packages/torch/_dynamo/convert_frame.py:1125]     _recursive_joint_graph_passes(model)
W0529 07:33:39.715000 480 site-packages/torch/_dynamo/convert_frame.py:1125]   File "/usr/local/lib/python3.12/site-packages/torch/_inductor/compile_fx.py", line 281, in _recursive_joint_graph_passes
W0529 07:33:39.715000 480 site-packages/torch/_dynamo/convert_frame.py:1125]     joint_graph_passes(gm)
W0529 07:33:39.715000 480 site-packages/torch/_dynamo/convert_frame.py:1125]   File "/usr/local/lib/python3.12/site-packages/torch/_inductor/fx_passes/joint_graph.py", line 460, in joint_graph_passes
W0529 07:33:39.715000 480 site-packages/torch/_dynamo/convert_frame.py:1125]     count += patterns.apply(graph.graph)  # type: ignore[arg-type]
W0529 07:33:39.715000 480 site-packages/torch/_dynamo/convert_frame.py:1125]              ^^^^^^^^^^^^^^^^^^^^^^^^^^^
W0529 07:33:39.715000 480 site-packages/torch/_dynamo/convert_frame.py:1125]   File "/usr/local/lib/python3.12/site-packages/torch/_inductor/pattern_matcher.py", line 1729, in apply
W0529 07:33:39.715000 480 site-packages/torch/_dynamo/convert_frame.py:1125]     if is_match(m) and entry.extra_check(m):
W0529 07:33:39.715000 480 site-packages/torch/_dynamo/convert_frame.py:1125]                        ^^^^^^^^^^^^^^^^^^^^
W0529 07:33:39.715000 480 site-packages/torch/_dynamo/convert_frame.py:1125]   File "/usr/local/lib/python3.12/site-packages/torch/_inductor/pattern_matcher.py", line 1331, in check_fn
W0529 07:33:39.715000 480 site-packages/torch/_dynamo/convert_frame.py:1125]     if is_match(specific_pattern_match) and extra_check(specific_pattern_match):
W0529 07:33:39.715000 480 site-packages/torch/_dynamo/convert_frame.py:1125]                                             ^^^^^^^^^^^^^^^^^^^^^^^^^^^^^^^^^^^
W0529 07:33:39.715000 480 site-packages/torch/_dynamo/convert_frame.py:1125]   File "/usr/local/lib/python3.12/site-packages/torch/_inductor/fx_passes/pad_mm.py", line 146, in should_pad_addmm
W0529 07:33:39.715000 480 site-packages/torch/_dynamo/convert_frame.py:1125]     return should_pad_common(mat1, mat2, input) and should_pad_bench(
W0529 07:33:39.715000 480 site-packages/torch/_dynamo/convert_frame.py:1125]                                                     ^^^^^^^^^^^^^^^^^
W0529 07:33:39.715000 480 site-packages/torch/_dynamo/convert_frame.py:1125]   File "/usr/local/lib/python3.12/site-packages/torch/_inductor/fx_passes/pad_mm.py", line 566, in should_pad_bench
W0529 07:33:39.715000 480 site-packages/torch/_dynamo/convert_frame.py:1125]     ori_time = do_bench(orig_bench_fn)
W0529 07:33:39.715000 480 site-packages/torch/_dynamo/convert_frame.py:1125]                ^^^^^^^^^^^^^^^^^^^^^^^
W0529 07:33:39.715000 480 site-packages/torch/_dynamo/convert_frame.py:1125]   File "/usr/local/lib/python3.12/site-packages/torch/_inductor/runtime/benchmarking.py", line 66, in wrapper
W0529 07:33:39.715000 480 site-packages/torch/_dynamo/convert_frame.py:1125]     return fn(self, *args, **kwargs)
W0529 07:33:39.715000 480 site-packages/torch/_dynamo/convert_frame.py:1125]            ^^^^^^^^^^^^^^^^^^^^^^^^^
W0529 07:33:39.715000 480 site-packages/torch/_dynamo/convert_frame.py:1125]   File "/usr/local/lib/python3.12/site-packages/torch/_inductor/runtime/benchmarking.py", line 201, in benchmark_gpu
W0529 07:33:39.715000 480 site-packages/torch/_dynamo/convert_frame.py:1125]     return self.triton_do_bench(_callable, **kwargs, return_mode="median")
W0529 07:33:39.715000 480 site-packages/torch/_dynamo/convert_frame.py:1125]            ^^^^^^^^^^^^^^^^^^^^^^^^^^^^^^^^^^^^^^^^^^^^^^^^^^^^^^^^^^^^^^^
W0529 07:33:39.715000 480 site-packages/torch/_dynamo/convert_frame.py:1125]   File "/usr/local/lib/python3.12/site-packages/triton/testing.py", line 106, in do_bench
W0529 07:33:39.715000 480 site-packages/torch/_dynamo/convert_frame.py:1125]     fn()
W0529 07:33:39.715000 480 site-packages/torch/_dynamo/convert_frame.py:1125]   File "/usr/local/lib/python3.12/site-packages/torch/_inductor/fx_passes/pad_mm.py", line 537, in orig_bench_fn
W0529 07:33:39.715000 480 site-packages/torch/_dynamo/convert_frame.py:1125]     op(input, mat1, mat2)
W0529 07:33:39.715000 480 site-packages/torch/_dynamo/convert_frame.py:1125]   File "/usr/local/lib/python3.12/site-packages/torch/_ops.py", line 1116, in __call__
W0529 07:33:39.715000 480 site-packages/torch/_dynamo/convert_frame.py:1125]     return self._op(*args, **(kwargs or {}))
W0529 07:33:39.715000 480 site-packages/torch/_dynamo/convert_frame.py:1125]            ^^^^^^^^^^^^^^^^^^^^^^^^^^^^^^^^^
W0529 07:33:39.715000 480 site-packages/torch/_dynamo/convert_frame.py:1125] RuntimeError: mat1 and mat2 must have the same dtype, but got Double and Float
W0529 07:33:39.715000 480 site-packages/torch/_dynamo/convert_frame.py:1125] 
W0529 07:33:39.715000 480 site-packages/torch/_dynamo/convert_frame.py:1125] The above exception was the direct cause of the following exception:
W0529 07:33:39.715000 480 site-packages/torch/_dynamo/convert_frame.py:1125] 
W0529 07:33:39.715000 480 site-packages/torch/_dynamo/convert_frame.py:1125] Traceback (most recent call last):
W0529 07:33:39.715000 480 site-packages/torch/_dynamo/convert_frame.py:1125]   File "/usr/local/lib/python3.12/site-packages/torch/_dynamo/convert_frame.py", line 1064, in __call__
W0529 07:33:39.715000 480 site-packages/torch/_dynamo/convert_frame.py:1125]     result = self._inner_convert(
W0529 07:33:39.715000 480 site-packages/torch/_dynamo/convert_frame.py:1125]              ^^^^^^^^^^^^^^^^^^^^
W0529 07:33:39.715000 480 site-packages/torch/_dynamo/convert_frame.py:1125]   File "/usr/local/lib/python3.12/site-packages/torch/_dynamo/convert_frame.py", line 526, in __call__
W0529 07:33:39.715000 480 site-packages/torch/_dynamo/convert_frame.py:1125]     return _compile(
W0529 07:33:39.715000 480 site-packages/torch/_dynamo/convert_frame.py:1125]            ^^^^^^^^^
W0529 07:33:39.715000 480 site-packages/torch/_dynamo/convert_frame.py:1125]   File "/usr/local/lib/python3.12/site-packages/torch/_dynamo/convert_frame.py", line 924, in _compile
W0529 07:33:39.715000 480 site-packages/torch/_dynamo/convert_frame.py:1125]     guarded_code = compile_inner(code, one_graph, hooks, transform)
W0529 07:33:39.715000 480 site-packages/torch/_dynamo/convert_frame.py:1125]                    ^^^^^^^^^^^^^^^^^^^^^^^^^^^^^^^^^^^^^^^^^^^^^^^^
W0529 07:33:39.715000 480 site-packages/torch/_dynamo/convert_frame.py:1125]   File "/usr/local/lib/python3.12/site-packages/torch/_dynamo/convert_frame.py", line 666, in compile_inner
W0529 07:33:39.715000 480 site-packages/torch/_dynamo/convert_frame.py:1125]     return _compile_inner(code, one_graph, hooks, transform)
W0529 07:33:39.715000 480 site-packages/torch/_dynamo/convert_frame.py:1125]            ^^^^^^^^^^^^^^^^^^^^^^^^^^^^^^^^^^^^^^^^^^^^^^^^^
W0529 07:33:39.715000 480 site-packages/torch/_dynamo/convert_frame.py:1125]   File "/usr/local/lib/python3.12/site-packages/torch/_utils_internal.py", line 87, in wrapper_function
W0529 07:33:39.715000 480 site-packages/torch/_dynamo/convert_frame.py:1125]     return function(*args, **kwargs)
W0529 07:33:39.715000 480 site-packages/torch/_dynamo/convert_frame.py:1125]            ^^^^^^^^^^^^^^^^^^^^^^^^^
W0529 07:33:39.715000 480 site-packages/torch/_dynamo/convert_frame.py:1125]   File "/usr/local/lib/python3.12/site-packages/torch/_dynamo/convert_frame.py", line 699, in _compile_inner
W0529 07:33:39.715000 480 site-packages/torch/_dynamo/convert_frame.py:1125]     out_code = transform_code_object(code, transform)
W0529 07:33:39.715000 480 site-packages/torch/_dynamo/convert_frame.py:1125]                ^^^^^^^^^^^^^^^^^^^^^^^^^^^^^^^^^^^^^^
W0529 07:33:39.715000 480 site-packages/torch/_dynamo/convert_frame.py:1125]   File "/usr/local/lib/python3.12/site-packages/torch/_dynamo/bytecode_transformation.py", line 1322, in transform_code_object
W0529 07:33:39.715000 480 site-packages/torch/_dynamo/convert_frame.py:1125]     transformations(instructions, code_options)
W0529 07:33:39.715000 480 site-packages/torch/_dynamo/convert_frame.py:1125]   File "/usr/local/lib/python3.12/site-packages/torch/_dynamo/convert_frame.py", line 219, in _fn
W0529 07:33:39.715000 480 site-packages/torch/_dynamo/convert_frame.py:1125]     return fn(*args, **kwargs)
W0529 07:33:39.715000 480 site-packages/torch/_dynamo/convert_frame.py:1125]            ^^^^^^^^^^^^^^^^^^^
W0529 07:33:39.715000 480 site-packages/torch/_dynamo/convert_frame.py:1125]   File "/usr/local/lib/python3.12/site-packages/torch/_dynamo/convert_frame.py", line 634, in transform
W0529 07:33:39.715000 480 site-packages/torch/_dynamo/convert_frame.py:1125]     tracer.run()
W0529 07:33:39.715000 480 site-packages/torch/_dynamo/convert_frame.py:1125]   File "/usr/local/lib/python3.12/site-packages/torch/_dynamo/symbolic_convert.py", line 2796, in run
W0529 07:33:39.715000 480 site-packages/torch/_dynamo/convert_frame.py:1125]     super().run()
W0529 07:33:39.715000 480 site-packages/torch/_dynamo/convert_frame.py:1125]   File "/usr/local/lib/python3.12/site-packages/torch/_dynamo/symbolic_convert.py", line 983, in run
W0529 07:33:39.715000 480 site-packages/torch/_dynamo/convert_frame.py:1125]     while self.step():
W0529 07:33:39.715000 480 site-packages/torch/_dynamo/convert_frame.py:1125]           ^^^^^^^^^^^
W0529 07:33:39.715000 480 site-packages/torch/_dynamo/convert_frame.py:1125]   File "/usr/local/lib/python3.12/site-packages/torch/_dynamo/symbolic_convert.py", line 895, in step
W0529 07:33:39.715000 480 site-packages/torch/_dynamo/convert_frame.py:1125]     self.dispatch_table[inst.opcode](self, inst)
W0529 07:33:39.715000 480 site-packages/torch/_dynamo/convert_frame.py:1125]   File "/usr/local/lib/python3.12/site-packages/torch/_dynamo/symbolic_convert.py", line 2987, in RETURN_VALUE
W0529 07:33:39.715000 480 site-packages/torch/_dynamo/convert_frame.py:1125]     self._return(inst)
W0529 07:33:39.715000 480 site-packages/torch/_dynamo/convert_frame.py:1125]   File "/usr/local/lib/python3.12/site-packages/torch/_dynamo/symbolic_convert.py", line 2972, in _return
W0529 07:33:39.715000 480 site-packages/torch/_dynamo/convert_frame.py:1125]     self.output.compile_subgraph(
W0529 07:33:39.715000 480 site-packages/torch/_dynamo/convert_frame.py:1125]   File "/usr/local/lib/python3.12/site-packages/torch/_dynamo/output_graph.py", line 1117, in compile_subgraph
W0529 07:33:39.715000 480 site-packages/torch/_dynamo/convert_frame.py:1125]     self.compile_and_call_fx_graph(tx, list(reversed(stack_values)), root)
W0529 07:33:39.715000 480 site-packages/torch/_dynamo/convert_frame.py:1125]   File "/usr/local/lib/python3.12/site-packages/torch/_dynamo/output_graph.py", line 1369, in compile_and_call_fx_graph
W0529 07:33:39.715000 480 site-packages/torch/_dynamo/convert_frame.py:1125]     compiled_fn = self.call_user_compiler(gm)
W0529 07:33:39.715000 480 site-packages/torch/_dynamo/convert_frame.py:1125]                   ^^^^^^^^^^^^^^^^^^^^^^^^^^^
W0529 07:33:39.715000 480 site-packages/torch/_dynamo/convert_frame.py:1125]   File "/usr/local/lib/python3.12/site-packages/torch/_dynamo/output_graph.py", line 1416, in call_user_compiler
W0529 07:33:39.715000 480 site-packages/torch/_dynamo/convert_frame.py:1125]     return self._call_user_compiler(gm)
W0529 07:33:39.715000 480 site-packages/torch/_dynamo/convert_frame.py:1125]            ^^^^^^^^^^^^^^^^^^^^^^^^^^^^
W0529 07:33:39.715000 480 site-packages/torch/_dynamo/convert_frame.py:1125]   File "/usr/local/lib/python3.12/site-packages/torch/_dynamo/output_graph.py", line 1465, in _call_user_compiler
W0529 07:33:39.715000 480 site-packages/torch/_dynamo/convert_frame.py:1125]     raise BackendCompilerFailed(self.compiler_fn, e) from e
W0529 07:33:39.715000 480 site-packages/torch/_dynamo/convert_frame.py:1125] torch._dynamo.exc.BackendCompilerFailed: backend='inductor' raised:
W0529 07:33:39.715000 480 site-packages/torch/_dynamo/convert_frame.py:1125] RuntimeError: mat1 and mat2 must have the same dtype, but got Double and Float
W0529 07:33:39.715000 480 site-packages/torch/_dynamo/convert_frame.py:1125] 
W0529 07:33:39.715000 480 site-packages/torch/_dynamo/convert_frame.py:1125] Set TORCH_LOGS="+dynamo" and TORCHDYNAMO_VERBOSE=1 for more information
W0529 07:33:39.715000 480 site-packages/torch/_dynamo/convert_frame.py:1125] 
Traceback (most recent call last):
  File "/data/results/lmstudio_prompt11_router_20260528-212821/call_acc/log_softmax_linear.py", line 35, in log_softmax_linear
    y = _log_softmax_linear_fast(input, weight, bias, dim, dtype)
        ^^^^^^^^^^^^^^^^^^^^^^^^^^^^^^^^^^^^^^^^^^^^^^^^^^^^^^^^^
  File "/usr/local/lib/python3.12/site-packages/torch/_dynamo/eval_frame.py", line 465, in _fn
    return fn(*args, **kwargs)
           ^^^^^^^^^^^^^^^^^^^
  File "/data/results/lmstudio_prompt11_router_20260528-212821/call_acc/log_softmax_linear.py", line 24, in _log_softmax_linear_impl
    out = F.linear(input, weight, bias)
          ^^^^^^^^^^^^^^^^^^^^^^^^^^^^^
RuntimeError: mat1 and mat2 must have the same dtype, but got Double and Float

During handling of the above exception, another exception occurred:

Traceback (most recent call last):
  File "/data/results/lmstudio_prompt11_router_20260528-212821/call_acc/log_softmax_linear.py", line 81, in <module>
    test_results = test_log_softmax_linear()
                   ^^^^^^^^^^^^^^^^^^^^^^^^^
  File "/data/results/lmstudio_prompt11_router_20260528-212821/call_acc/log_softmax_linear.py", line 77, in test_log_softmax_linear
    results["test_case_4"] = log_softmax_linear(input4, weight4, bias4, dtype=torch.float64)
                             ^^^^^^^^^^^^^^^^^^^^^^^^^^^^^^^^^^^^^^^^^^^^^^^^^^^^^^^^^^^^^^^
  File "/data/results/lmstudio_prompt11_router_20260528-212821/call_acc/log_softmax_linear.py", line 37, in log_softmax_linear
    y = _log_softmax_linear_impl(input, weight, bias, dim, dtype)
        ^^^^^^^^^^^^^^^^^^^^^^^^^^^^^^^^^^^^^^^^^^^^^^^^^^^^^^^^^
  File "/data/results/lmstudio_prompt11_router_20260528-212821/call_acc/log_softmax_linear.py", line 24, in _log_softmax_linear_impl
    out = F.linear(input, weight, bias)
          ^^^^^^^^^^^^^^^^^^^^^^^^^^^^^
RuntimeError: mat1 and mat2 must have the same dtype, but got Double and Float

=== Output for relu.py on GPU 0 ===

=== Errors for relu.py on GPU 0 ===

=== Output for least_squares_qr.py on GPU 0 ===

=== Errors for least_squares_qr.py on GPU 0 ===
Traceback (most recent call last):
  File "/data/results/lmstudio_prompt11_router_20260528-212821/call_acc/least_squares_qr.py", line 57, in <module>
    test_results = test_least_squares_qr()
                   ^^^^^^^^^^^^^^^^^^^^^^^
  File "/data/results/lmstudio_prompt11_router_20260528-212821/call_acc/least_squares_qr.py", line 47, in test_least_squares_qr
    results["test_case_1"] = least_squares_qr(A1, b1)
                             ^^^^^^^^^^^^^^^^^^^^^^^^
  File "/data/results/lmstudio_prompt11_router_20260528-212821/call_acc/least_squares_qr.py", line 29, in least_squares_qr
    x = torch.linalg.solve_triangular(R, Qt_b, upper=True)
        ^^^^^^^^^^^^^^^^^^^^^^^^^^^^^^^^^^^^^^^^^^^^^^^^^^
RuntimeError: linalg.solve_triangular: The input tensor B must have at least 2 dimensions.

=== Output for determinant_via_qr.py on GPU 0 ===

=== Errors for determinant_via_qr.py on GPU 0 ===

=== Output for fused_tile_exp.py on GPU 0 ===

=== Errors for fused_tile_exp.py on GPU 0 ===
Traceback (most recent call last):
  File "/data/results/lmstudio_prompt11_router_20260528-212821/call_acc/fused_tile_exp.py", line 60, in <module>
    test_results = test_fused_tile_exp()
                   ^^^^^^^^^^^^^^^^^^^^^
  File "/data/results/lmstudio_prompt11_router_20260528-212821/call_acc/fused_tile_exp.py", line 56, in test_fused_tile_exp
    results["test_case_4"] = fused_tile_exp(input4, dims4, out=out_tensor)
                             ^^^^^^^^^^^^^^^^^^^^^^^^^^^^^^^^^^^^^^^^^^^^^
  File "/data/results/lmstudio_prompt11_router_20260528-212821/call_acc/fused_tile_exp.py", line 24, in fused_tile_exp
    out.copy_(y)
RuntimeError: The size of tensor a (3) must match the size of tensor b (6) at non-singleton dimension 1

=== Output for sqrt_tanh.py on GPU 0 ===

=== Errors for sqrt_tanh.py on GPU 0 ===

=== Output for silu_batch_norm.py on GPU 0 ===

=== Errors for silu_batch_norm.py on GPU 0 ===
skipping cudagraphs due to mutated inputs (2 instances). Found from : 
   File "/data/results/lmstudio_prompt11_router_20260528-212821/call_acc/silu_batch_norm.py", line 23, in _silu_batch_norm_impl
    y = F.batch_norm(input, running_mean, running_var, weight, bias, training, momentum, eps)

skipping cudagraphs due to mutated inputs (2 instances). Found from : 
   File "/data/results/lmstudio_prompt11_router_20260528-212821/call_acc/silu_batch_norm.py", line 23, in _silu_batch_norm_impl
    y = F.batch_norm(input, running_mean, running_var, weight, bias, training, momentum, eps)


=== Output for index_fill_.py on GPU 0 ===

=== Errors for index_fill_.py on GPU 0 ===
Traceback (most recent call last):
  File "/data/results/lmstudio_prompt11_router_20260528-212821/call_acc/index_fill_.py", line 59, in <module>
    test_results = test_index_fill_()
                   ^^^^^^^^^^^^^^^^^^
  File "/data/results/lmstudio_prompt11_router_20260528-212821/call_acc/index_fill_.py", line 37, in test_index_fill_
    results["test_case_1"] = index_fill_(0, x1, index1, value1).cpu()
                             ^^^^^^^^^^^^^^^^^^^^^^^^^^^^^^^^^^
  File "/data/results/lmstudio_prompt11_router_20260528-212821/call_acc/index_fill_.py", line 22, in index_fill_
    return torch.index_fill_(input, dim, index, value)
           ^^^^^^^^^^^^^^^^^
  File "/usr/local/lib/python3.12/site-packages/torch/__init__.py", line 2562, in __getattr__
    raise AttributeError(f"module '{__name__}' has no attribute '{name}'")
AttributeError: module 'torch' has no attribute 'index_fill_'

=== Output for fused_cross_entropy_softmax_layernorm.py on GPU 0 ===

=== Errors for fused_cross_entropy_softmax_layernorm.py on GPU 0 ===

=== Output for mean.py on GPU 0 ===

=== Errors for mean.py on GPU 0 ===

=== Output for eig.py on GPU 0 ===

=== Errors for eig.py on GPU 0 ===

=== Output for logsumexp.py on GPU 0 ===

=== Errors for logsumexp.py on GPU 0 ===

=== Output for fused_embedding_add_tanh.py on GPU 0 ===

=== Errors for fused_embedding_add_tanh.py on GPU 0 ===

=== Output for fused_mv_sigmoid_sub.py on GPU 0 ===

=== Errors for fused_mv_sigmoid_sub.py on GPU 0 ===

=== Output for add_gelu.py on GPU 0 ===

=== Errors for add_gelu.py on GPU 0 ===
Traceback (most recent call last):
  File "/data/results/lmstudio_prompt11_router_20260528-212821/call_acc/add_gelu.py", line 90, in <module>
    test_results = test_add_gelu()
                   ^^^^^^^^^^^^^^^
  File "/data/results/lmstudio_prompt11_router_20260528-212821/call_acc/add_gelu.py", line 74, in test_add_gelu
    results["test_case_1"] = add_gelu(input_tensor, other_tensor)
                             ^^^^^^^^^^^^^^^^^^^^^^^^^^^^^^^^^^^^
  File "/data/results/lmstudio_prompt11_router_20260528-212821/call_acc/add_gelu.py", line 51, in add_gelu
    M, N = input.shape
    ^^^^
ValueError: not enough values to unpack (expected 2, got 1)

=== Output for fused_cosine_embedding_loss_with_normalization.py on GPU 0 ===

=== Errors for fused_cosine_embedding_loss_with_normalization.py on GPU 0 ===

=== Output for fused_transformer_block.py on GPU 0 ===

=== Errors for fused_transformer_block.py on GPU 0 ===
W0529 07:35:32.903000 826 site-packages/torch/_inductor/utils.py:1048] [0/0] Not enough SMs to use max_autotune_gemm mode

=== Output for log1p.py on GPU 0 ===

=== Errors for log1p.py on GPU 0 ===

=== Output for sigmoid_batch_norm.py on GPU 0 ===

=== Errors for sigmoid_batch_norm.py on GPU 0 ===

=== Output for fused_hardsigmoid_batch_norm.py on GPU 0 ===

=== Errors for fused_hardsigmoid_batch_norm.py on GPU 0 ===

=== Output for zeta.py on GPU 0 ===

=== Errors for zeta.py on GPU 0 ===

=== Output for symmetric_matrix_vector_norm.py on GPU 0 ===

=== Errors for symmetric_matrix_vector_norm.py on GPU 0 ===

=== Output for softplus_linear.py on GPU 0 ===

=== Errors for softplus_linear.py on GPU 0 ===
W0529 07:36:19.406000 1006 site-packages/torch/_inductor/utils.py:1048] [0/0] Not enough SMs to use max_autotune_gemm mode

=== Output for fused_svd_reconstruct.py on GPU 0 ===

=== Errors for fused_svd_reconstruct.py on GPU 0 ===
Traceback (most recent call last):
  File "/data/results/lmstudio_prompt11_router_20260528-212821/call_acc/fused_svd_reconstruct.py", line 52, in <module>
    test_results = test_fused_svd_reconstruct()
                   ^^^^^^^^^^^^^^^^^^^^^^^^^^^^
  File "/data/results/lmstudio_prompt11_router_20260528-212821/call_acc/fused_svd_reconstruct.py", line 40, in test_fused_svd_reconstruct
    results["test_case_2"] = fused_svd_reconstruct(A2)
                             ^^^^^^^^^^^^^^^^^^^^^^^^^
  File "/data/results/lmstudio_prompt11_router_20260528-212821/call_acc/fused_svd_reconstruct.py", line 23, in fused_svd_reconstruct
    return U @ torch.diag(S) @ Vh
           ~~^~~~~~~~~~~~~~~
RuntimeError: mat1 and mat2 shapes cannot be multiplied (3x3 and 2x2)

=== Output for fused_mul_add_logsoftmax_dropout_bmm.py on GPU 0 ===

=== Errors for fused_mul_add_logsoftmax_dropout_bmm.py on GPU 0 ===
W0529 07:36:37.524000 1087 site-packages/torch/_inductor/utils.py:1048] [0/0] Not enough SMs to use max_autotune_gemm mode

=== Output for selu.py on GPU 0 ===

=== Errors for selu.py on GPU 0 ===
Traceback (most recent call last):
  File "/usr/local/lib/python3.12/site-packages/triton/language/core.py", line 35, in wrapper
    return fn(*args, **kwargs)
           ^^^^^^^^^^^^^^^^^^^
  File "/usr/local/lib/python3.12/site-packages/triton/language/core.py", line 1597, in load
    return semantic.load(pointer, mask, other, boundary_check, padding_option, cache_modifier, eviction_policy,
           ^^^^^^^^^^^^^^^^^^^^^^^^^^^^^^^^^^^^^^^^^^^^^^^^^^^^^^^^^^^^^^^^^^^^^^^^^^^^^^^^^^^^^^^^^^^^^^^^^^^^
  File "/usr/local/lib/python3.12/site-packages/triton/language/semantic.py", line 1037, in load
    return _load_legacy(ptr, mask, other, boundary_check, padding, cache, eviction, is_volatile, builder)
           ^^^^^^^^^^^^^^^^^^^^^^^^^^^^^^^^^^^^^^^^^^^^^^^^^^^^^^^^^^^^^^^^^^^^^^^^^^^^^^^^^^^^^^^^^^^^^^
  File "/usr/local/lib/python3.12/site-packages/triton/language/semantic.py", line 969, in _load_legacy
    raise ValueError(f"Unsupported ptr type {ptr.type.__repr__()} in `tl.load`")
ValueError: Unsupported ptr type <[1024], int64> in `tl.load`

The above exception was the direct cause of the following exception:

Traceback (most recent call last):
  File "/data/results/lmstudio_prompt11_router_20260528-212821/call_acc/selu.py", line 75, in <module>
    test_results = test_selu()
                   ^^^^^^^^^^^
  File "/data/results/lmstudio_prompt11_router_20260528-212821/call_acc/selu.py", line 59, in test_selu
    results["test_case_1"] = selu(input_tensor_1)
                             ^^^^^^^^^^^^^^^^^^^^
  File "/data/results/lmstudio_prompt11_router_20260528-212821/call_acc/selu.py", line 45, in selu
    _selu_kernel[grid](input.data_ptr(), out.data_ptr(), n_elements, BLOCK_SIZE)
  File "/usr/local/lib/python3.12/site-packages/triton/runtime/jit.py", line 345, in <lambda>
    return lambda *args, **kwargs: self.run(grid=grid, warmup=False, *args, **kwargs)
                                   ^^^^^^^^^^^^^^^^^^^^^^^^^^^^^^^^^^^^^^^^^^^^^^^^^^
  File "/usr/local/lib/python3.12/site-packages/triton/runtime/jit.py", line 662, in run
    kernel = self.compile(
             ^^^^^^^^^^^^^
  File "/usr/local/lib/python3.12/site-packages/triton/compiler/compiler.py", line 276, in compile
    module = src.make_ir(options, codegen_fns, context)
             ^^^^^^^^^^^^^^^^^^^^^^^^^^^^^^^^^^^^^^^^^^
  File "/usr/local/lib/python3.12/site-packages/triton/compiler/compiler.py", line 113, in make_ir
    return ast_to_ttir(self.fn, self, context=context, options=options, codegen_fns=codegen_fns)
           ^^^^^^^^^^^^^^^^^^^^^^^^^^^^^^^^^^^^^^^^^^^^^^^^^^^^^^^^^^^^^^^^^^^^^^^^^^^^^^^^^^^^^
triton.compiler.errors.CompilationError: at 6:8:
def _selu_kernel(x_ptr, out_ptr, n_elements, BLOCK_SIZE: tl.constexpr):
    pid = tl.program_id(0)
    block_start = pid * BLOCK_SIZE
    offsets = block_start + tl.arange(0, BLOCK_SIZE)
    mask = offsets < n_elements
    x = tl.load(x_ptr + offsets, mask=mask)
        ^

=== Output for scaled_add_norm.py on GPU 0 ===

=== Errors for scaled_add_norm.py on GPU 0 ===

=== Output for leaky_relu_conv2d.py on GPU 0 ===

=== Errors for leaky_relu_conv2d.py on GPU 0 ===
W0529 07:37:04.329000 1197 site-packages/torch/_inductor/utils.py:1048] [0/0] Not enough SMs to use max_autotune_gemm mode

=== Output for sqrt_exp.py on GPU 0 ===

=== Errors for sqrt_exp.py on GPU 0 ===

=== Output for cos_avg_pool1d.py on GPU 0 ===

=== Errors for cos_avg_pool1d.py on GPU 0 ===

=== Output for sum_std.py on GPU 0 ===

=== Errors for sum_std.py on GPU 0 ===
/data/results/lmstudio_prompt11_router_20260528-212821/call_acc/sum_std.py:24: UserWarning: std(): degrees of freedom is <= 0. Correction should be strictly less than the reduction factor (input numel divided by output numel). (Triggered internally at ../aten/src/ATen/native/ReduceOps.cpp:1823.)
  y = torch.std(torch.sum(input, dim=dim, keepdim=keepdim), dim=dim if keepdim else None, keepdim=keepdim, correction=correction)

=== Output for mul_relu.py on GPU 0 ===

=== Errors for mul_relu.py on GPU 0 ===

=== Output for gelu_conv2d.py on GPU 0 ===

=== Errors for gelu_conv2d.py on GPU 0 ===
W0529 07:37:49.241000 1358 site-packages/torch/_inductor/utils.py:1048] [0/0] Not enough SMs to use max_autotune_gemm mode

=== Output for fused_instance_norm_selu_conv2d.py on GPU 0 ===

=== Errors for fused_instance_norm_selu_conv2d.py on GPU 0 ===
W0529 07:38:08.910000 1452 site-packages/torch/_inductor/utils.py:1048] [0/0_1] Not enough SMs to use max_autotune_gemm mode
Traceback (most recent call last):
  File "/data/results/lmstudio_prompt11_router_20260528-212821/call_acc/fused_instance_norm_selu_conv2d.py", line 34, in fused_instance_norm_selu_conv2d
    y = _fused_instance_norm_selu_conv2d_fast(input, weight, bias, stride, padding, dilation, groups, eps, momentum, affine, track_running_stats)
        ^^^^^^^^^^^^^^^^^^^^^^^^^^^^^^^^^^^^^^^^^^^^^^^^^^^^^^^^^^^^^^^^^^^^^^^^^^^^^^^^^^^^^^^^^^^^^^^^^^^^^^^^^^^^^^^^^^^^^^^^^^^^^^^^^^^^^^^^^
  File "/usr/local/lib/python3.12/site-packages/torch/_dynamo/eval_frame.py", line 465, in _fn
    return fn(*args, **kwargs)
           ^^^^^^^^^^^^^^^^^^^
  File "/data/results/lmstudio_prompt11_router_20260528-212821/call_acc/fused_instance_norm_selu_conv2d.py", line 21, in _fused_instance_norm_selu_conv2d_impl
    def _fused_instance_norm_selu_conv2d_impl(input, weight, bias, stride, padding, dilation, groups, eps, momentum, affine, track_running_stats):
TypeError: instance_norm() takes from 1 to 8 positional arguments but 10 were given

During handling of the above exception, another exception occurred:

Traceback (most recent call last):
  File "/data/results/lmstudio_prompt11_router_20260528-212821/call_acc/fused_instance_norm_selu_conv2d.py", line 69, in <module>
    test_results = test_fused_instance_norm_selu_conv2d()
                   ^^^^^^^^^^^^^^^^^^^^^^^^^^^^^^^^^^^^^^
  File "/data/results/lmstudio_prompt11_router_20260528-212821/call_acc/fused_instance_norm_selu_conv2d.py", line 59, in test_fused_instance_norm_selu_conv2d
    results["test_case_1"] = fused_instance_norm_selu_conv2d(input_tensor, weight_tensor)
                             ^^^^^^^^^^^^^^^^^^^^^^^^^^^^^^^^^^^^^^^^^^^^^^^^^^^^^^^^^^^^
  File "/data/results/lmstudio_prompt11_router_20260528-212821/call_acc/fused_instance_norm_selu_conv2d.py", line 36, in fused_instance_norm_selu_conv2d
    y = _fused_instance_norm_selu_conv2d_impl(input, weight, bias, stride, padding, dilation, groups, eps, momentum, affine, track_running_stats)
        ^^^^^^^^^^^^^^^^^^^^^^^^^^^^^^^^^^^^^^^^^^^^^^^^^^^^^^^^^^^^^^^^^^^^^^^^^^^^^^^^^^^^^^^^^^^^^^^^^^^^^^^^^^^^^^^^^^^^^^^^^^^^^^^^^^^^^^^^^
  File "/data/results/lmstudio_prompt11_router_20260528-212821/call_acc/fused_instance_norm_selu_conv2d.py", line 24, in _fused_instance_norm_selu_conv2d_impl
    x = F.instance_norm(x, None, None, None, None, True, eps, momentum, affine, track_running_stats)
        ^^^^^^^^^^^^^^^^^^^^^^^^^^^^^^^^^^^^^^^^^^^^^^^^^^^^^^^^^^^^^^^^^^^^^^^^^^^^^^^^^^^^^^^^^^^^
TypeError: instance_norm() takes from 1 to 8 positional arguments but 10 were given

=== Output for fused_fractional_max_pool2d_with_relu.py on GPU 0 ===

=== Errors for fused_fractional_max_pool2d_with_relu.py on GPU 0 ===

=== Output for chebyshev_polynomial_t.py on GPU 0 ===

=== Errors for chebyshev_polynomial_t.py on GPU 0 ===
Traceback (most recent call last):
  File "/data/results/lmstudio_prompt11_router_20260528-212821/call_acc/chebyshev_polynomial_t.py", line 89, in <module>
    test_results = test_chebyshev_polynomial_t()
                   ^^^^^^^^^^^^^^^^^^^^^^^^^^^^^
  File "/data/results/lmstudio_prompt11_router_20260528-212821/call_acc/chebyshev_polynomial_t.py", line 70, in test_chebyshev_polynomial_t
    results["test_case_1"] = chebyshev_polynomial_t(input_tensor_1, n_1)
                             ^^^^^^^^^^^^^^^^^^^^^^^^^^^^^^^^^^^^^^^^^^^
  File "/data/results/lmstudio_prompt11_router_20260528-212821/call_acc/chebyshev_polynomial_t.py", line 44, in chebyshev_polynomial_t
    n_val = n.item() if n.numel() == 1 else int(n)
                        ^^^^^^^
AttributeError: 'int' object has no attribute 'numel'

=== Output for logit.py on GPU 0 ===

=== Errors for logit.py on GPU 0 ===

=== Output for solve_symmetric_ldl.py on GPU 0 ===

=== Errors for solve_symmetric_ldl.py on GPU 0 ===
Traceback (most recent call last):
  File "/data/results/lmstudio_prompt11_router_20260528-212821/call_acc/solve_symmetric_ldl.py", line 72, in <module>
    test_results = test_solve_symmetric_ldl()
                   ^^^^^^^^^^^^^^^^^^^^^^^^^^
  File "/data/results/lmstudio_prompt11_router_20260528-212821/call_acc/solve_symmetric_ldl.py", line 45, in test_solve_symmetric_ldl
    results["test_case_2"] = solve_symmetric_ldl(A2, b2, hermitian=True)
                             ^^^^^^^^^^^^^^^^^^^^^^^^^^^^^^^^^^^^^^^^^^^
  File "/data/results/lmstudio_prompt11_router_20260528-212821/call_acc/solve_symmetric_ldl.py", line 22, in solve_symmetric_ldl
    y = torch.linalg.solve(A, b)
        ^^^^^^^^^^^^^^^^^^^^^^^^
RuntimeError: linalg.solve: Expected A and B to have the same dtype, but found A of type ComplexFloat and B of type Float instead

=== Output for exp_sqrt.py on GPU 0 ===

=== Errors for exp_sqrt.py on GPU 0 ===

=== Output for combined_activation.py on GPU 0 ===

=== Errors for combined_activation.py on GPU 0 ===

=== Output for scaled_add_dot.py on GPU 0 ===

=== Errors for scaled_add_dot.py on GPU 0 ===

=== Output for tensordot.py on GPU 0 ===

=== Errors for tensordot.py on GPU 0 ===

=== Output for qr.py on GPU 0 ===

=== Errors for qr.py on GPU 0 ===

=== Output for asin.py on GPU 0 ===

=== Errors for asin.py on GPU 0 ===

=== Output for fused_masked_select_add_gelu.py on GPU 0 ===

=== Errors for fused_masked_select_add_gelu.py on GPU 0 ===

=== Output for fused_pairwise_distance_adaptive_avg_pool2d.py on GPU 0 ===

=== Errors for fused_pairwise_distance_adaptive_avg_pool2d.py on GPU 0 ===

=== Output for add_mean.py on GPU 0 ===

=== Errors for add_mean.py on GPU 0 ===

=== Output for fused_layer_norm_relu_linear.py on GPU 0 ===

=== Errors for fused_layer_norm_relu_linear.py on GPU 0 ===
W0529 07:39:38.491000 1656 site-packages/torch/_inductor/utils.py:1048] [0/0_1] Not enough SMs to use max_autotune_gemm mode
Traceback (most recent call last):
  File "/data/results/lmstudio_prompt11_router_20260528-212821/call_acc/fused_layer_norm_relu_linear.py", line 54, in fused_layer_norm_relu_linear
    y = _fused_layer_norm_relu_linear_fast(
        ^^^^^^^^^^^^^^^^^^^^^^^^^^^^^^^^^^^
  File "/usr/local/lib/python3.12/site-packages/torch/_dynamo/eval_frame.py", line 465, in _fn
    return fn(*args, **kwargs)
           ^^^^^^^^^^^^^^^^^^^
  File "/data/results/lmstudio_prompt11_router_20260528-212821/call_acc/fused_layer_norm_relu_linear.py", line 23, in _fused_layer_norm_relu_linear_impl
    def _fused_layer_norm_relu_linear_impl(
  File "/usr/local/lib/python3.12/site-packages/torch/nn/functional.py", line 2900, in layer_norm
    return torch.layer_norm(
           ^^^^^^^^^^^^^^^^^
TypeError: layer_norm(): argument 'normalized_shape' (position 2) must be tuple of ints, not int

During handling of the above exception, another exception occurred:

Traceback (most recent call last):
  File "/data/results/lmstudio_prompt11_router_20260528-212821/call_acc/fused_layer_norm_relu_linear.py", line 103, in <module>
    test_results = test_fused_layer_norm_relu_linear()
                   ^^^^^^^^^^^^^^^^^^^^^^^^^^^^^^^^^^^
  File "/data/results/lmstudio_prompt11_router_20260528-212821/call_acc/fused_layer_norm_relu_linear.py", line 78, in test_fused_layer_norm_relu_linear
    results["test_case_1"] = fused_layer_norm_relu_linear(input1, weight1, bias1, normalized_shape1)
                             ^^^^^^^^^^^^^^^^^^^^^^^^^^^^^^^^^^^^^^^^^^^^^^^^^^^^^^^^^^^^^^^^^^^^^^^
  File "/data/results/lmstudio_prompt11_router_20260528-212821/call_acc/fused_layer_norm_relu_linear.py", line 58, in fused_layer_norm_relu_linear
    y = _fused_layer_norm_relu_linear_impl(
        ^^^^^^^^^^^^^^^^^^^^^^^^^^^^^^^^^^^
  File "/data/results/lmstudio_prompt11_router_20260528-212821/call_acc/fused_layer_norm_relu_linear.py", line 33, in _fused_layer_norm_relu_linear_impl
    y = F.layer_norm(y, normalized_shape, eps=eps)
        ^^^^^^^^^^^^^^^^^^^^^^^^^^^^^^^^^^^^^^^^^^
  File "/usr/local/lib/python3.12/site-packages/torch/nn/functional.py", line 2900, in layer_norm
    return torch.layer_norm(
           ^^^^^^^^^^^^^^^^^
TypeError: layer_norm(): argument 'normalized_shape' (position 2) must be tuple of ints, not int

=== Output for fused_add_mul_groupnorm.py on GPU 0 ===

=== Errors for fused_add_mul_groupnorm.py on GPU 0 ===

=== Output for SGD.py on GPU 0 ===

=== Errors for SGD.py on GPU 0 ===
Traceback (most recent call last):
  File "/data/results/lmstudio_prompt11_router_20260528-212821/call_acc/SGD.py", line 95, in <module>
    test_results = test_SGD()
                   ^^^^^^^^^^
  File "/data/results/lmstudio_prompt11_router_20260528-212821/call_acc/SGD.py", line 66, in test_SGD
    loss = SGD(model, input, target, loss_fn)
           ^^^^^^^^^^^^^^^^^^^^^^^^^^^^^^^^^^
  File "/data/results/lmstudio_prompt11_router_20260528-212821/call_acc/SGD.py", line 21, in SGD
    for p in params:
TypeError: 'SimpleModel' object is not iterable

=== Output for relu_batch_norm_conv2d.py on GPU 0 ===
Output tensor shape: torch.Size([4, 6, 32, 32])

=== Errors for relu_batch_norm_conv2d.py on GPU 0 ===

=== Output for conv2d.py on GPU 0 ===

=== Errors for conv2d.py on GPU 0 ===

=== Output for normalized_cosine_similarity.py on GPU 0 ===

=== Errors for normalized_cosine_similarity.py on GPU 0 ===

=== Output for fused_cholesky_solve.py on GPU 0 ===

=== Errors for fused_cholesky_solve.py on GPU 0 ===

=== Output for matmul.py on GPU 0 ===

=== Errors for matmul.py on GPU 0 ===

=== Output for fused_gather_masked_fill.py on GPU 0 ===

=== Errors for fused_gather_masked_fill.py on GPU 0 ===

=== Output for fused_cross_entropy_log_softmax.py on GPU 0 ===

=== Errors for fused_cross_entropy_log_softmax.py on GPU 0 ===
Traceback (most recent call last):
  File "/data/results/lmstudio_prompt11_router_20260528-212821/call_acc/fused_cross_entropy_log_softmax.py", line 58, in <module>
    test_results = test_fused_cross_entropy_log_softmax()
                   ^^^^^^^^^^^^^^^^^^^^^^^^^^^^^^^^^^^^^^
  File "/data/results/lmstudio_prompt11_router_20260528-212821/call_acc/fused_cross_entropy_log_softmax.py", line 38, in test_fused_cross_entropy_log_softmax
    results["test_case_1"] = fused_cross_entropy_log_softmax(input, target)
                             ^^^^^^^^^^^^^^^^^^^^^^^^^^^^^^^^^^^^^^^^^^^^^^
  File "/data/results/lmstudio_prompt11_router_20260528-212821/call_acc/fused_cross_entropy_log_softmax.py", line 23, in fused_cross_entropy_log_softmax
    return F.cross_entropy(input, target, weight=weight, ignore_index=ignore_index, reduction=reduction, label_smoothing=label_smoothing, dim=dim)
           ^^^^^^^^^^^^^^^^^^^^^^^^^^^^^^^^^^^^^^^^^^^^^^^^^^^^^^^^^^^^^^^^^^^^^^^^^^^^^^^^^^^^^^^^^^^^^^^^^^^^^^^^^^^^^^^^^^^^^^^^^^^^^^^^^^^^^^^
TypeError: cross_entropy() got an unexpected keyword argument 'dim'

=== Output for addmm.py on GPU 0 ===

=== Errors for addmm.py on GPU 0 ===

=== Output for fused_qr_solve.py on GPU 0 ===

=== Errors for fused_qr_solve.py on GPU 0 ===
Traceback (most recent call last):
  File "/data/results/lmstudio_prompt11_router_20260528-212821/call_acc/fused_qr_solve.py", line 55, in <module>
    test_results = test_fused_qr_solve()
                   ^^^^^^^^^^^^^^^^^^^^^
  File "/data/results/lmstudio_prompt11_router_20260528-212821/call_acc/fused_qr_solve.py", line 41, in test_fused_qr_solve
    results["test_case_2"] = fused_qr_solve(A2, b2)
                             ^^^^^^^^^^^^^^^^^^^^^^
  File "/data/results/lmstudio_prompt11_router_20260528-212821/call_acc/fused_qr_solve.py", line 22, in fused_qr_solve
    return torch.linalg.solve(A, b)
           ^^^^^^^^^^^^^^^^^^^^^^^^
RuntimeError: linalg.solve: A must be batches of square matrices, but they are 3 by 2 matrices

=== Output for sigmoid_adaptive_avg_pool2d.py on GPU 0 ===

=== Errors for sigmoid_adaptive_avg_pool2d.py on GPU 0 ===

=== Output for cos.py on GPU 0 ===

=== Errors for cos.py on GPU 0 ===

=== Output for fused_bmm_dropout_gelu.py on GPU 0 ===

=== Errors for fused_bmm_dropout_gelu.py on GPU 0 ===
W0529 07:41:19.145000 1816 site-packages/torch/_inductor/utils.py:1048] [0/0] Not enough SMs to use max_autotune_gemm mode

=== Output for trunc.py on GPU 0 ===

=== Errors for trunc.py on GPU 0 ===

=== Output for matrix_power_eig.py on GPU 0 ===

=== Errors for matrix_power_eig.py on GPU 0 ===
Traceback (most recent call last):
  File "/data/results/lmstudio_prompt11_router_20260528-212821/call_acc/matrix_power_eig.py", line 52, in <module>
    test_results = test_matrix_power_eig()
                   ^^^^^^^^^^^^^^^^^^^^^^^
  File "/data/results/lmstudio_prompt11_router_20260528-212821/call_acc/matrix_power_eig.py", line 43, in test_matrix_power_eig
    results["test_case_2"] = matrix_power_eig(A2, k2)
                             ^^^^^^^^^^^^^^^^^^^^^^^^
  File "/data/results/lmstudio_prompt11_router_20260528-212821/call_acc/matrix_power_eig.py", line 24, in matrix_power_eig
    return torch.matrix_power(A, k)
           ^^^^^^^^^^^^^^^^^^^^^^^^
TypeError: matrix_power(): argument 'n' (position 2) must be int, not float

=== Output for log_tanh.py on GPU 0 ===

=== Errors for log_tanh.py on GPU 0 ===
Traceback (most recent call last):
  File "/data/results/lmstudio_prompt11_router_20260528-212821/call_acc/log_tanh.py", line 80, in <module>
    test_results = test_log_tanh()
                   ^^^^^^^^^^^^^^^
  File "/data/results/lmstudio_prompt11_router_20260528-212821/call_acc/log_tanh.py", line 59, in test_log_tanh
    results["test_case_1"] = log_tanh(input1)
                             ^^^^^^^^^^^^^^^^
  File "/data/results/lmstudio_prompt11_router_20260528-212821/call_acc/log_tanh.py", line 35, in log_tanh
    _log_tanh_kernel[grid](input, out, n, BLOCK_SIZE=BLOCK_SIZE)
  File "/usr/local/lib/python3.12/site-packages/triton/runtime/jit.py", line 345, in <lambda>
    return lambda *args, **kwargs: self.run(grid=grid, warmup=False, *args, **kwargs)
                                   ^^^^^^^^^^^^^^^^^^^^^^^^^^^^^^^^^^^^^^^^^^^^^^^^^^
  File "/usr/local/lib/python3.12/site-packages/triton/runtime/jit.py", line 662, in run
    kernel = self.compile(
             ^^^^^^^^^^^^^
  File "/usr/local/lib/python3.12/site-packages/triton/compiler/compiler.py", line 240, in compile
    key = f"{triton_key()}-{src.hash()}-{backend.hash()}-{options.hash()}-{str(sorted(env_vars.items()))}"
                            ^^^^^^^^^^
  File "/usr/local/lib/python3.12/site-packages/triton/compiler/compiler.py", line 109, in hash
    key = f"{self.fn.cache_key}-{self.attrs.hash()}-{sorted_sig}-{sorted_constants}"
             ^^^^^^^^^^^^^^^^^
  File "/usr/local/lib/python3.12/site-packages/triton/runtime/jit.py", line 758, in cache_key
    dependencies_finder.visit(self.parse())
  File "/usr/local/lib/python3.12/ast.py", line 407, in visit
    return visitor(node)
           ^^^^^^^^^^^^^
  File "/usr/local/lib/python3.12/ast.py", line 415, in generic_visit
    self.visit(item)
  File "/usr/local/lib/python3.12/ast.py", line 407, in visit
    return visitor(node)
           ^^^^^^^^^^^^^
  File "/usr/local/lib/python3.12/site-packages/triton/runtime/jit.py", line 167, in visit_FunctionDef
    self.generic_visit(node)
  File "/usr/local/lib/python3.12/ast.py", line 415, in generic_visit
    self.visit(item)
  File "/usr/local/lib/python3.12/ast.py", line 407, in visit
    return visitor(node)
           ^^^^^^^^^^^^^
  File "/usr/local/lib/python3.12/site-packages/triton/runtime/jit.py", line 221, in visit_Assign
    self.generic_visit(node)
  File "/usr/local/lib/python3.12/ast.py", line 417, in generic_visit
    self.visit(value)
  File "/usr/local/lib/python3.12/ast.py", line 407, in visit
    return visitor(node)
           ^^^^^^^^^^^^^
  File "/usr/local/lib/python3.12/site-packages/triton/runtime/jit.py", line 127, in visit_Call
    func = self.visit(node.func)
           ^^^^^^^^^^^^^^^^^^^^^
  File "/usr/local/lib/python3.12/ast.py", line 407, in visit
    return visitor(node)
           ^^^^^^^^^^^^^
  File "/usr/local/lib/python3.12/site-packages/triton/runtime/jit.py", line 117, in visit_Attribute
    return getattr(lhs, node.attr)
           ^^^^^^^^^^^^^^^^^^^^^^^
AttributeError: module 'triton.language' has no attribute 'tanh'. Did you mean: 'trans'?

=== Output for exp.py on GPU 0 ===

=== Errors for exp.py on GPU 0 ===

=== Output for matrix_multiply_symmetric.py on GPU 0 ===

=== Errors for matrix_multiply_symmetric.py on GPU 0 ===

=== Output for fused_avg_pool2d_cosine_similarity.py on GPU 0 ===

=== Errors for fused_avg_pool2d_cosine_similarity.py on GPU 0 ===

=== Output for fused_hardshrink_dropout.py on GPU 0 ===

=== Errors for fused_hardshrink_dropout.py on GPU 0 ===

=== Output for erfc_sqrt.py on GPU 0 ===

=== Errors for erfc_sqrt.py on GPU 0 ===

=== Output for tensordot_rsqrt.py on GPU 0 ===

=== Errors for tensordot_rsqrt.py on GPU 0 ===

=== Output for softmax_log.py on GPU 0 ===

=== Errors for softmax_log.py on GPU 0 ===

=== Output for dropout_sigmoid_linear.py on GPU 0 ===

=== Errors for dropout_sigmoid_linear.py on GPU 0 ===
W0529 07:42:27.188000 1921 site-packages/torch/_inductor/utils.py:1048] [0/0] Not enough SMs to use max_autotune_gemm mode

=== Output for batch_norm.py on GPU 0 ===

=== Errors for batch_norm.py on GPU 0 ===

=== Output for gammaln.py on GPU 0 ===

=== Errors for gammaln.py on GPU 0 ===

=== Output for bitwise_and.py on GPU 0 ===

=== Errors for bitwise_and.py on GPU 0 ===

=== Output for sub_gelu.py on GPU 0 ===

=== Errors for sub_gelu.py on GPU 0 ===
Traceback (most recent call last):
  File "/data/results/lmstudio_prompt11_router_20260528-212821/call_acc/sub_gelu.py", line 74, in <module>
    test_results = test_sub_gelu()
                   ^^^^^^^^^^^^^^^
  File "/data/results/lmstudio_prompt11_router_20260528-212821/call_acc/sub_gelu.py", line 59, in test_sub_gelu
    results["test_case_1"] = sub_gelu(input_tensor, other_tensor)
                             ^^^^^^^^^^^^^^^^^^^^^^^^^^^^^^^^^^^^
  File "/data/results/lmstudio_prompt11_router_20260528-212821/call_acc/sub_gelu.py", line 40, in sub_gelu
    M, N = input.shape
    ^^^^
ValueError: not enough values to unpack (expected 2, got 1)

=== Output for gelu_std.py on GPU 0 ===

=== Errors for gelu_std.py on GPU 0 ===

=== Output for permute_copy.py on GPU 0 ===

=== Errors for permute_copy.py on GPU 0 ===

=== Output for digamma.py on GPU 0 ===

=== Errors for digamma.py on GPU 0 ===

=== Output for softmax_mul.py on GPU 0 ===

=== Errors for softmax_mul.py on GPU 0 ===

=== Output for bitwise_and_binomial.py on GPU 0 ===

=== Errors for bitwise_and_binomial.py on GPU 0 ===
Traceback (most recent call last):
  File "/data/results/lmstudio_prompt11_router_20260528-212821/call_acc/bitwise_and_binomial.py", line 54, in <module>
    test_results = test_bitwise_and_binomial()
                   ^^^^^^^^^^^^^^^^^^^^^^^^^^^
  File "/data/results/lmstudio_prompt11_router_20260528-212821/call_acc/bitwise_and_binomial.py", line 39, in test_bitwise_and_binomial
    results["test_case_1"] = bitwise_and_binomial(input_tensor, other_tensor, total_count, probs=probs)
                             ^^^^^^^^^^^^^^^^^^^^^^^^^^^^^^^^^^^^^^^^^^^^^^^^^^^^^^^^^^^^^^^^^^^^^^^^^^
  File "/data/results/lmstudio_prompt11_router_20260528-212821/call_acc/bitwise_and_binomial.py", line 22, in bitwise_and_binomial
    return torch.binomial(torch.bitwise_and(input, other), probs=probs, logits=logits)
           ^^^^^^^^^^^^^^^^^^^^^^^^^^^^^^^^^^^^^^^^^^^^^^^^^^^^^^^^^^^^^^^^^^^^^^^^^^^
TypeError: binomial() missing 1 required positional arguments: "prob"

=== Output for rad2deg_sqrt.py on GPU 0 ===

=== Errors for rad2deg_sqrt.py on GPU 0 ===

=== Output for bessel_j1.py on GPU 0 ===

=== Errors for bessel_j1.py on GPU 0 ===

=== Output for lu.py on GPU 0 ===

=== Errors for lu.py on GPU 0 ===

=== Output for gelu_min.py on GPU 0 ===

=== Errors for gelu_min.py on GPU 0 ===
Traceback (most recent call last):
  File "/data/results/lmstudio_prompt11_router_20260528-212821/call_acc/gelu_min.py", line 59, in <module>
    test_results = test_gelu_min()
                   ^^^^^^^^^^^^^^^
  File "/data/results/lmstudio_prompt11_router_20260528-212821/call_acc/gelu_min.py", line 43, in test_gelu_min
    results['test_case_1'] = gelu_min(input_tensor)
                             ^^^^^^^^^^^^^^^^^^^^^^
  File "/data/results/lmstudio_prompt11_router_20260528-212821/call_acc/gelu_min.py", line 23, in gelu_min
    y = torch.min(y, dim=dim, keepdim=keepdim)
        ^^^^^^^^^^^^^^^^^^^^^^^^^^^^^^^^^^^^^^
RuntimeError: Please look up dimensions by name, got: name = None.

=== Output for grid_sample_with_affine.py on GPU 0 ===

=== Errors for grid_sample_with_affine.py on GPU 0 ===
Traceback (most recent call last):
  File "/data/results/lmstudio_prompt11_router_20260528-212821/call_acc/grid_sample_with_affine.py", line 50, in <module>
    test_results = test_grid_sample_with_affine()
                   ^^^^^^^^^^^^^^^^^^^^^^^^^^^^^^
  File "/data/results/lmstudio_prompt11_router_20260528-212821/call_acc/grid_sample_with_affine.py", line 37, in test_grid_sample_with_affine
    results["test_case_1"] = grid_sample_with_affine(input_tensor, theta, size)
                             ^^^^^^^^^^^^^^^^^^^^^^^^^^^^^^^^^^^^^^^^^^^^^^^^^^
  File "/data/results/lmstudio_prompt11_router_20260528-212821/call_acc/grid_sample_with_affine.py", line 21, in grid_sample_with_affine
    grid = F.affine_grid(theta, size, align_corners=align_corners)
           ^^^^^^^^^^^^^^^^^^^^^^^^^^^^^^^^^^^^^^^^^^^^^^^^^^^^^^^
  File "/usr/local/lib/python3.12/site-packages/torch/nn/functional.py", line 4979, in affine_grid
    raise ValueError(
ValueError: Expected theta to have floating point type, but got torch.int64

=== Output for pseudoinverse_svd.py on GPU 0 ===

=== Errors for pseudoinverse_svd.py on GPU 0 ===

=== Output for exp_mean.py on GPU 0 ===

=== Errors for exp_mean.py on GPU 0 ===

=== Output for low_rank_svd_approximation.py on GPU 0 ===

=== Errors for low_rank_svd_approximation.py on GPU 0 ===
Traceback (most recent call last):
  File "/data/results/lmstudio_prompt11_router_20260528-212821/call_acc/low_rank_svd_approximation.py", line 63, in <module>
    test_results = test_low_rank_svd_approximation()
                   ^^^^^^^^^^^^^^^^^^^^^^^^^^^^^^^^^
  File "/data/results/lmstudio_prompt11_router_20260528-212821/call_acc/low_rank_svd_approximation.py", line 44, in test_low_rank_svd_approximation
    results["test_case_1"] = low_rank_svd_approximation(A, k)
                             ^^^^^^^^^^^^^^^^^^^^^^^^^^^^^^^^
  File "/data/results/lmstudio_prompt11_router_20260528-212821/call_acc/low_rank_svd_approximation.py", line 26, in low_rank_svd_approximation
    Ak = (U_k * S_k.unsqueeze(-1)) @ Vh_k
          ~~~~^~~~~~~~~~~~~~~~~~~
RuntimeError: The size of tensor a (5) must match the size of tensor b (2) at non-singleton dimension 0

=== Output for min.py on GPU 0 ===

=== Errors for min.py on GPU 0 ===

=== Output for symmetric_mm_and_abs_sum.py on GPU 0 ===

=== Errors for symmetric_mm_and_abs_sum.py on GPU 0 ===

=== Output for determinant_lu.py on GPU 0 ===

=== Errors for determinant_lu.py on GPU 0 ===
Traceback (most recent call last):
  File "/data/results/lmstudio_prompt11_router_20260528-212821/call_acc/determinant_lu.py", line 58, in <module>
    test_results = test_determinant_lu()
                   ^^^^^^^^^^^^^^^^^^^^^
  File "/data/results/lmstudio_prompt11_router_20260528-212821/call_acc/determinant_lu.py", line 39, in test_determinant_lu
    results["test_case_1"] = determinant_lu(A1)
                             ^^^^^^^^^^^^^^^^^^
  File "/data/results/lmstudio_prompt11_router_20260528-212821/call_acc/determinant_lu.py", line 22, in determinant_lu
    y = torch.linalg.det(A, pivot=pivot)
        ^^^^^^^^^^^^^^^^^^^^^^^^^^^^^^^^
TypeError: linalg_det() got an unexpected keyword argument 'pivot'

=== Output for tanh_linear.py on GPU 0 ===

=== Errors for tanh_linear.py on GPU 0 ===
W0529 07:44:37.172000 2140 site-packages/torch/_inductor/utils.py:1048] [0/0] Not enough SMs to use max_autotune_gemm mode

=== Output for sum.py on GPU 0 ===

=== Errors for sum.py on GPU 0 ===

=== Output for logspace.py on GPU 0 ===

=== Errors for logspace.py on GPU 0 ===

=== Output for solve_and_add_scaled_vector.py on GPU 0 ===

=== Errors for solve_and_add_scaled_vector.py on GPU 0 ===

=== Output for pixel_shuffle_conv2d.py on GPU 0 ===

=== Errors for pixel_shuffle_conv2d.py on GPU 0 ===

=== Output for matrix_vector_dot.py on GPU 0 ===

=== Errors for matrix_vector_dot.py on GPU 0 ===

=== Output for min_gelu.py on GPU 0 ===

=== Errors for min_gelu.py on GPU 0 ===

=== Output for pow.py on GPU 0 ===

=== Errors for pow.py on GPU 0 ===

=== Output for relu_max_pool2d_conv2d.py on GPU 0 ===

=== Errors for relu_max_pool2d_conv2d.py on GPU 0 ===
W0529 07:45:31.607000 2237 site-packages/torch/_inductor/utils.py:1048] [0/0] Not enough SMs to use max_autotune_gemm mode

=== Output for erf.py on GPU 0 ===

=== Errors for erf.py on GPU 0 ===

=== Output for sigmoid.py on GPU 0 ===

=== Errors for sigmoid.py on GPU 0 ===

=== Output for gelu.py on GPU 0 ===

=== Errors for gelu.py on GPU 0 ===

=== Output for det.py on GPU 0 ===

=== Errors for det.py on GPU 0 ===

=== Output for fused_bmm_rmsnorm_gelu_dropout.py on GPU 0 ===

=== Errors for fused_bmm_rmsnorm_gelu_dropout.py on GPU 0 ===
W0529 07:46:10.123000 2359 site-packages/torch/_inductor/utils.py:1048] [0/0_1] Not enough SMs to use max_autotune_gemm mode
Traceback (most recent call last):
  File "/data/results/lmstudio_prompt11_router_20260528-212821/call_acc/fused_bmm_rmsnorm_gelu_dropout.py", line 49, in fused_bmm_rmsnorm_gelu_dropout
    y = _fused_bmm_rmsnorm_gelu_dropout_fast(
        ^^^^^^^^^^^^^^^^^^^^^^^^^^^^^^^^^^^^^
  File "/usr/local/lib/python3.12/site-packages/torch/_dynamo/eval_frame.py", line 465, in _fn
    return fn(*args, **kwargs)
           ^^^^^^^^^^^^^^^^^^^
  File "/data/results/lmstudio_prompt11_router_20260528-212821/call_acc/fused_bmm_rmsnorm_gelu_dropout.py", line 21, in _fused_bmm_rmsnorm_gelu_dropout_impl
    def _fused_bmm_rmsnorm_gelu_dropout_impl(input1, input2, normalized_shape, dropout_p, eps, training, approximate):
  File "/usr/local/lib/python3.12/site-packages/torch/nn/functional.py", line 2919, in rms_norm
    return torch.rms_norm(input, normalized_shape, weight, eps)
           ^^^^^^^^^^^^^^^^^^^^^^^^^^^^^^^^^^^^^^^^^^^^^^^^^^^^
TypeError: rms_norm(): argument 'normalized_shape' (position 2) must be tuple of ints, not int

During handling of the above exception, another exception occurred:

Traceback (most recent call last):
  File "/data/results/lmstudio_prompt11_router_20260528-212821/call_acc/fused_bmm_rmsnorm_gelu_dropout.py", line 98, in <module>
    test_results = test_fused_bmm_rmsnorm_gelu_dropout()
                   ^^^^^^^^^^^^^^^^^^^^^^^^^^^^^^^^^^^^^
  File "/data/results/lmstudio_prompt11_router_20260528-212821/call_acc/fused_bmm_rmsnorm_gelu_dropout.py", line 85, in test_fused_bmm_rmsnorm_gelu_dropout
    results["test_case_1"] = fused_bmm_rmsnorm_gelu_dropout(input1, input2, normalized_shape=5)
                             ^^^^^^^^^^^^^^^^^^^^^^^^^^^^^^^^^^^^^^^^^^^^^^^^^^^^^^^^^^^^^^^^^^
  File "/data/results/lmstudio_prompt11_router_20260528-212821/call_acc/fused_bmm_rmsnorm_gelu_dropout.py", line 53, in fused_bmm_rmsnorm_gelu_dropout
    y = _fused_bmm_rmsnorm_gelu_dropout_impl(
        ^^^^^^^^^^^^^^^^^^^^^^^^^^^^^^^^^^^^^
  File "/data/results/lmstudio_prompt11_router_20260528-212821/call_acc/fused_bmm_rmsnorm_gelu_dropout.py", line 23, in _fused_bmm_rmsnorm_gelu_dropout_impl
    y = F.rms_norm(y, normalized_shape, eps=eps)
        ^^^^^^^^^^^^^^^^^^^^^^^^^^^^^^^^^^^^^^^^
  File "/usr/local/lib/python3.12/site-packages/torch/nn/functional.py", line 2919, in rms_norm
    return torch.rms_norm(input, normalized_shape, weight, eps)
           ^^^^^^^^^^^^^^^^^^^^^^^^^^^^^^^^^^^^^^^^^^^^^^^^^^^^
TypeError: rms_norm(): argument 'normalized_shape' (position 2) must be tuple of ints, not int

=== Output for floor.py on GPU 0 ===

=== Errors for floor.py on GPU 0 ===

=== Output for rand.py on GPU 0 ===

=== Errors for rand.py on GPU 0 ===
  File "/data/results/lmstudio_prompt11_router_20260528-212821/call_acc/rand.py", line 22
    def rand(*size, *, generator=None, out=None, dtype=None, layout=torch.strided, device=None, requires_grad=False, pin_memory=False) -> Tensor:
                    ^
SyntaxError: * argument may appear only once

=== Output for cholesky_solve.py on GPU 0 ===

=== Errors for cholesky_solve.py on GPU 0 ===

=== Output for mul_sub.py on GPU 0 ===

=== Errors for mul_sub.py on GPU 0 ===
Traceback (most recent call last):
  File "/usr/local/lib/python3.12/site-packages/triton/language/core.py", line 35, in wrapper
    return fn(*args, **kwargs)
           ^^^^^^^^^^^^^^^^^^^
  File "/usr/local/lib/python3.12/site-packages/triton/language/core.py", line 1597, in load
    return semantic.load(pointer, mask, other, boundary_check, padding_option, cache_modifier, eviction_policy,
           ^^^^^^^^^^^^^^^^^^^^^^^^^^^^^^^^^^^^^^^^^^^^^^^^^^^^^^^^^^^^^^^^^^^^^^^^^^^^^^^^^^^^^^^^^^^^^^^^^^^^
  File "/usr/local/lib/python3.12/site-packages/triton/language/semantic.py", line 1037, in load
    return _load_legacy(ptr, mask, other, boundary_check, padding, cache, eviction, is_volatile, builder)
           ^^^^^^^^^^^^^^^^^^^^^^^^^^^^^^^^^^^^^^^^^^^^^^^^^^^^^^^^^^^^^^^^^^^^^^^^^^^^^^^^^^^^^^^^^^^^^^
  File "/usr/local/lib/python3.12/site-packages/triton/language/semantic.py", line 969, in _load_legacy
    raise ValueError(f"Unsupported ptr type {ptr.type.__repr__()} in `tl.load`")
ValueError: Unsupported ptr type <[4], int64> in `tl.load`

The above exception was the direct cause of the following exception:

Traceback (most recent call last):
  File "/data/results/lmstudio_prompt11_router_20260528-212821/call_acc/mul_sub.py", line 125, in <module>
    test_results = test_mul_sub()
                   ^^^^^^^^^^^^^^
  File "/data/results/lmstudio_prompt11_router_20260528-212821/call_acc/mul_sub.py", line 109, in test_mul_sub
    results["test_case_1"] = mul_sub(input_tensor, other_mul_tensor, other_sub_tensor)
                             ^^^^^^^^^^^^^^^^^^^^^^^^^^^^^^^^^^^^^^^^^^^^^^^^^^^^^^^^^
  File "/data/results/lmstudio_prompt11_router_20260528-212821/call_acc/mul_sub.py", line 82, in mul_sub
    _mul_sub_kernel[grid](
  File "/usr/local/lib/python3.12/site-packages/triton/runtime/jit.py", line 345, in <lambda>
    return lambda *args, **kwargs: self.run(grid=grid, warmup=False, *args, **kwargs)
                                   ^^^^^^^^^^^^^^^^^^^^^^^^^^^^^^^^^^^^^^^^^^^^^^^^^^
  File "/usr/local/lib/python3.12/site-packages/triton/runtime/jit.py", line 662, in run
    kernel = self.compile(
             ^^^^^^^^^^^^^
  File "/usr/local/lib/python3.12/site-packages/triton/compiler/compiler.py", line 276, in compile
    module = src.make_ir(options, codegen_fns, context)
             ^^^^^^^^^^^^^^^^^^^^^^^^^^^^^^^^^^^^^^^^^^
  File "/usr/local/lib/python3.12/site-packages/triton/compiler/compiler.py", line 113, in make_ir
    return ast_to_ttir(self.fn, self, context=context, options=options, codegen_fns=codegen_fns)
           ^^^^^^^^^^^^^^^^^^^^^^^^^^^^^^^^^^^^^^^^^^^^^^^^^^^^^^^^^^^^^^^^^^^^^^^^^^^^^^^^^^^^^
triton.compiler.errors.CompilationError: at 10:8:
def _mul_sub_kernel(
    input_ptr, other_mul_ptr, other_sub_ptr, out_ptr,
    N,
    other_mul_val, other_sub_val, alpha_val,
    BLOCK_SIZE: tl.constexpr
):
    offsets = tl.arange(0, BLOCK_SIZE)
    mask = offsets < N

    x = tl.load(input_ptr + offsets, mask=mask, other=0.0)
        ^

=== Output for ldl_factor.py on GPU 0 ===

=== Errors for ldl_factor.py on GPU 0 ===

=== Output for abs.py on GPU 0 ===

=== Errors for abs.py on GPU 0 ===

=== Output for mul.py on GPU 0 ===

=== Errors for mul.py on GPU 0 ===

=== Output for softmax.py on GPU 0 ===

=== Errors for softmax.py on GPU 0 ===

=== Output for leaky_relu.py on GPU 0 ===

=== Errors for leaky_relu.py on GPU 0 ===

=== Output for invert_matrix_lu.py on GPU 0 ===

=== Errors for invert_matrix_lu.py on GPU 0 ===

=== Output for std.py on GPU 0 ===

=== Errors for std.py on GPU 0 ===

=== Output for tril_mm_and_scale.py on GPU 0 ===

=== Errors for tril_mm_and_scale.py on GPU 0 ===

=== Output for solve.py on GPU 0 ===

=== Errors for solve.py on GPU 0 ===

=== Output for airy_ai.py on GPU 0 ===

=== Errors for airy_ai.py on GPU 0 ===

=== Output for signbit.py on GPU 0 ===

=== Errors for signbit.py on GPU 0 ===

=== Output for matrix_multiply_and_row_dot.py on GPU 0 ===

=== Errors for matrix_multiply_and_row_dot.py on GPU 0 ===

=== Output for polygamma.py on GPU 0 ===

=== Errors for polygamma.py on GPU 0 ===

=== Output for elu_linear.py on GPU 0 ===

=== Errors for elu_linear.py on GPU 0 ===
W0529 07:47:50.977000 2472 site-packages/torch/_inductor/utils.py:1048] [0/0] Not enough SMs to use max_autotune_gemm mode

=== Output for fused_pairwise_distance_normalize.py on GPU 0 ===

=== Errors for fused_pairwise_distance_normalize.py on GPU 0 ===

=== Output for Adam.py on GPU 0 ===

=== Errors for Adam.py on GPU 0 ===

=== Output for fused_hstack_div.py on GPU 0 ===

=== Errors for fused_hstack_div.py on GPU 0 ===

=== Output for broadcast_tensors.py on GPU 0 ===

=== Errors for broadcast_tensors.py on GPU 0 ===

=== Output for relu_conv2d.py on GPU 0 ===

=== Errors for relu_conv2d.py on GPU 0 ===
W0529 07:48:24.207000 2549 site-packages/torch/_inductor/utils.py:1048] [0/0] Not enough SMs to use max_autotune_gemm mode

=== Output for log.py on GPU 0 ===

=== Errors for log.py on GPU 0 ===

=== Output for adaptive_avg_pool2d.py on GPU 0 ===

=== Errors for adaptive_avg_pool2d.py on GPU 0 ===

=== Output for quantize_dynamic.py on GPU 0 ===

=== Errors for quantize_dynamic.py on GPU 0 ===
Traceback (most recent call last):
  File "/data/results/lmstudio_prompt11_router_20260528-212821/call_acc/quantize_dynamic.py", line 73, in <module>
    test_results = test_quantize_dynamic()
                   ^^^^^^^^^^^^^^^^^^^^^^^
  File "/data/results/lmstudio_prompt11_router_20260528-212821/call_acc/quantize_dynamic.py", line 35, in test_quantize_dynamic
    class SimpleModel(nn.Module):
                      ^^
NameError: name 'nn' is not defined

=== Output for conv2d_add.py on GPU 0 ===

=== Errors for conv2d_add.py on GPU 0 ===
W0529 07:48:53.744000 2630 site-packages/torch/_inductor/utils.py:1048] [0/0] Not enough SMs to use max_autotune_gemm mode

=== Output for ifftshift.py on GPU 0 ===

=== Errors for ifftshift.py on GPU 0 ===

=== Output for signbit_bitwise_and.py on GPU 0 ===

=== Errors for signbit_bitwise_and.py on GPU 0 ===
Traceback (most recent call last):
  File "/data/results/lmstudio_prompt11_router_20260528-212821/call_acc/signbit_bitwise_and.py", line 61, in <module>
    test_results = test_signbit_bitwise_and()
                   ^^^^^^^^^^^^^^^^^^^^^^^^^^
  File "/data/results/lmstudio_prompt11_router_20260528-212821/call_acc/signbit_bitwise_and.py", line 42, in test_signbit_bitwise_and
    results["test_case_1"] = signbit_bitwise_and(a, b)
                             ^^^^^^^^^^^^^^^^^^^^^^^^^
  File "/data/results/lmstudio_prompt11_router_20260528-212821/call_acc/signbit_bitwise_and.py", line 22, in signbit_bitwise_and
    return torch.signbit(input), torch.bitwise_and(input, other)
                                 ^^^^^^^^^^^^^^^^^^^^^^^^^^^^^^^
RuntimeError: "bitwise_and_cuda" not implemented for 'Float'

=== Output for fused_repeat_interleave_log_softmax.py on GPU 0 ===

=== Errors for fused_repeat_interleave_log_softmax.py on GPU 0 ===
/data/results/lmstudio_prompt11_router_20260528-212821/call_acc/fused_repeat_interleave_log_softmax.py:23: UserWarning: Implicit dimension choice for log_softmax has been deprecated. Change the call to include dim=X as an argument.
  y = F.log_softmax(y, dim=dim, dtype=dtype)

=== Output for cholesky.py on GPU 0 ===

=== Errors for cholesky.py on GPU 0 ===

=== Output for ones_like.py on GPU 0 ===

=== Errors for ones_like.py on GPU 0 ===

=== Output for autocast.py on GPU 0 ===

=== Errors for autocast.py on GPU 0 ===

=== Output for reciprocal.py on GPU 0 ===

=== Errors for reciprocal.py on GPU 0 ===

=== Output for cos_signbit.py on GPU 0 ===

=== Errors for cos_signbit.py on GPU 0 ===

=== Output for spectral_norm_eig.py on GPU 0 ===

=== Errors for spectral_norm_eig.py on GPU 0 ===

=== Output for fftn.py on GPU 0 ===

=== Errors for fftn.py on GPU 0 ===

Deleted SGD.py
Error deleting __pycache__: [Errno 21] Is a directory: '/data/results/lmstudio_prompt11_router_20260528-212821/call_acc/__pycache__'
Deleted add_gelu.py
Deleted bitwise_and_binomial.py
Deleted chebyshev_polynomial_t.py
Deleted determinant_lu.py
Deleted fused_bmm_rmsnorm_gelu_dropout.py
Deleted fused_cross_entropy_log_softmax.py
Deleted fused_instance_norm_selu_conv2d.py
Deleted fused_layer_norm_relu_linear.py
Deleted fused_qr_solve.py
Deleted fused_svd_reconstruct.py
Deleted fused_tile_exp.py
Deleted gelu_min.py
Deleted grid_sample_with_affine.py
Deleted index_fill_.py
Deleted least_squares_qr.py
Deleted log_softmax_linear.py
Deleted log_tanh.py
Deleted low_rank_svd_approximation.py
Deleted matrix_power_eig.py
Deleted mul_sub.py
Deleted quantize_dynamic.py
Deleted rand.py
Deleted selu.py
Deleted signbit_bitwise_and.py
Deleted solve_symmetric_ldl.py
Deleted sub_gelu.py

Correct execution rate: 83.73%
['fused_bmm_rmsnorm_gelu_dropout_sub.py', 'div.py', 'sigmoid_conv2d.py', 'solve_multiple_lu.py', 'tanh.py', 'relu_sqrt.py', 'sqrt.py', 'sigmoid_argmax.py', 'sub.py', 'grid_sample.py', 'svd.py', 'i0.py', 'rsqrt.py', 'dropout_relu_batch_norm_conv2d.py', 'fused_mv_logsoftmax_dropout.py', 'add.py', 'fused_silu_layer_norm_conv2d.py', 'fused_index_select_eq.py', 'argmax.py', 'fused_lu_solve.py', 'normalize_pairwise_distance.py', 'max.py', 'relu.py', 'determinant_via_qr.py', 'sqrt_tanh.py', 'silu_batch_norm.py', 'fused_cross_entropy_softmax_layernorm.py', 'mean.py', 'eig.py', 'logsumexp.py', 'fused_embedding_add_tanh.py', 'fused_mv_sigmoid_sub.py', 'fused_cosine_embedding_loss_with_normalization.py', 'fused_transformer_block.py', 'log1p.py', 'sigmoid_batch_norm.py', 'fused_hardsigmoid_batch_norm.py', 'zeta.py', 'symmetric_matrix_vector_norm.py', 'softplus_linear.py', 'fused_mul_add_logsoftmax_dropout_bmm.py', 'scaled_add_norm.py', 'leaky_relu_conv2d.py', 'sqrt_exp.py', 'cos_avg_pool1d.py', 'sum_std.py', 'mul_relu.py', 'gelu_conv2d.py', 'fused_fractional_max_pool2d_with_relu.py', 'logit.py', 'exp_sqrt.py', 'combined_activation.py', 'scaled_add_dot.py', 'tensordot.py', 'qr.py', 'asin.py', 'fused_masked_select_add_gelu.py', 'fused_pairwise_distance_adaptive_avg_pool2d.py', 'add_mean.py', 'fused_add_mul_groupnorm.py', 'relu_batch_norm_conv2d.py', 'conv2d.py', 'normalized_cosine_similarity.py', 'fused_cholesky_solve.py', 'matmul.py', 'fused_gather_masked_fill.py', 'addmm.py', 'sigmoid_adaptive_avg_pool2d.py', 'cos.py', 'fused_bmm_dropout_gelu.py', 'trunc.py', 'exp.py', 'matrix_multiply_symmetric.py', 'fused_avg_pool2d_cosine_similarity.py', 'fused_hardshrink_dropout.py', 'erfc_sqrt.py', 'tensordot_rsqrt.py', 'softmax_log.py', 'dropout_sigmoid_linear.py', 'batch_norm.py', 'gammaln.py', 'bitwise_and.py', 'gelu_std.py', 'permute_copy.py', 'digamma.py', 'softmax_mul.py', 'rad2deg_sqrt.py', 'bessel_j1.py', 'lu.py', 'pseudoinverse_svd.py', 'exp_mean.py', 'min.py', 'symmetric_mm_and_abs_sum.py', 'tanh_linear.py', 'sum.py', 'logspace.py', 'solve_and_add_scaled_vector.py', 'pixel_shuffle_conv2d.py', 'matrix_vector_dot.py', 'min_gelu.py', 'pow.py', 'relu_max_pool2d_conv2d.py', 'erf.py', 'sigmoid.py', 'gelu.py', 'det.py', 'floor.py', 'cholesky_solve.py', 'ldl_factor.py', 'abs.py', 'mul.py', 'softmax.py', 'leaky_relu.py', 'invert_matrix_lu.py', 'std.py', 'tril_mm_and_scale.py', 'solve.py', 'airy_ai.py', 'signbit.py', 'matrix_multiply_and_row_dot.py', 'polygamma.py', 'elu_linear.py', 'fused_pairwise_distance_normalize.py', 'Adam.py', 'fused_hstack_div.py', 'broadcast_tensors.py', 'relu_conv2d.py', 'log.py', 'adaptive_avg_pool2d.py', 'conv2d_add.py', 'ifftshift.py', 'fused_repeat_interleave_log_softmax.py', 'cholesky.py', 'ones_like.py', 'autocast.py', 'reciprocal.py', 'cos_signbit.py', 'spectral_norm_eig.py', 'fftn.py']
Above is call test for lmstudio_qwen_qwen3.6-35b-a3b_simp_all_20260528-212826
================================================================================================================================================================

call_acc survivors: 139 / 166

======================================================================
=== Phase 2: execution accuracy ===
======================================================================

Correct execution rate: 100.00% = 139 / 139
above is the compare execution for /data/results/lmstudio_prompt11_router_20260528-212821/call_acc
================================================================================================================================================================================================================================================

exe_acc survivors: 139 / 166

======================================================================
=== Phase 3: efficiency ===
======================================================================

[1AProcess:   0%|                                          | 0/139 [00:00<?, ?it/s]
[1AProcess:   1%|▏                               | 1/139 [00:26<1:00:57, 26.50s/it]
[1AProcess:   1%|▍                                 | 2/139 [00:50<56:40, 24.82s/it]
[1AProcess:   2%|▋                               | 3/139 [01:45<1:28:13, 38.92s/it]
[1AProcess:   3%|▉                               | 4/139 [02:08<1:12:54, 32.40s/it]
[1AProcess:   4%|█▏                              | 5/139 [02:33<1:06:32, 29.79s/it]
[1AProcess:   4%|█▍                              | 6/139 [03:18<1:17:34, 34.99s/it]
[1AProcess:   5%|█▌                              | 7/139 [03:42<1:09:14, 31.47s/it]
[1AProcess:   6%|█▊                              | 8/139 [04:16<1:10:20, 32.22s/it]
[1AProcess:   6%|██                              | 9/139 [04:40<1:04:17, 29.68s/it]
[1AProcess:   7%|██▏                            | 10/139 [05:23<1:12:46, 33.85s/it]
[1AProcess:   8%|██▍                            | 11/139 [06:25<1:30:22, 42.36s/it]
[1AProcess:   9%|██▋                            | 12/139 [06:48<1:17:12, 36.48s/it]
[1AProcess:   9%|██▉                            | 13/139 [07:17<1:11:35, 34.09s/it]
[1AProcess:  10%|███                            | 14/139 [07:35<1:01:08, 29.35s/it]
[1AProcess:  11%|███▌                             | 15/139 [07:58<56:30, 27.35s/it]
[1AProcess:  12%|███▌                           | 16/139 [08:33<1:01:08, 29.83s/it]
[1AProcess:  12%|████                             | 17/139 [08:51<53:16, 26.20s/it]
[1AProcess:  13%|████▎                            | 18/139 [09:25<57:49, 28.67s/it]
[1AProcess:  14%|████▌                            | 19/139 [09:43<50:49, 25.41s/it]
[1AProcess:  14%|████▋                            | 20/139 [10:01<45:51, 23.12s/it]
[1AProcess:  15%|████▉                            | 21/139 [10:24<45:12, 22.99s/it]
[1AProcess:  16%|█████▏                           | 22/139 [10:46<44:29, 22.82s/it]
[1AProcess:  17%|█████▍                           | 23/139 [11:04<41:09, 21.29s/it]
[1AProcess:  17%|█████▋                           | 24/139 [11:24<40:20, 21.05s/it]
[1AProcess:  18%|█████▉                           | 25/139 [11:49<41:47, 22.00s/it]
[1AProcess:  19%|██████▏                          | 26/139 [12:14<43:32, 23.12s/it]
[1AProcess:  19%|██████▍                          | 27/139 [12:38<43:28, 23.29s/it]
[1AProcess:  20%|██████▋                          | 28/139 [12:54<39:15, 21.22s/it]
[1AProcess:  21%|██████▉                          | 29/139 [13:10<36:03, 19.66s/it]
[1AProcess:  22%|███████                          | 30/139 [13:28<34:33, 19.02s/it]
[1AProcess:  22%|███████▎                         | 31/139 [13:51<36:17, 20.17s/it]
[1AProcess:  23%|███████▌                         | 32/139 [14:15<38:07, 21.38s/it]
[1AProcess:  24%|███████▊                         | 33/139 [14:47<43:14, 24.48s/it]
[1AProcess:  24%|████████                         | 34/139 [15:09<41:47, 23.88s/it]
[1AProcess:  25%|████████▎                        | 35/139 [15:34<41:48, 24.12s/it]
[1AProcess:  26%|████████▌                        | 36/139 [15:52<38:09, 22.23s/it]
[1AProcess:  27%|████████▊                        | 37/139 [16:15<38:06, 22.42s/it]
[1AProcess:  27%|█████████                        | 38/139 [17:09<53:59, 32.08s/it]
[1AProcess:  28%|█████████▎                       | 39/139 [17:45<55:10, 33.11s/it]
[1AProcess:  29%|████████▉                      | 40/139 [18:38<1:04:35, 39.15s/it]
[1AProcess:  29%|█████████▏                     | 41/139 [19:46<1:18:03, 47.79s/it]
[1AProcess:  30%|█████████▎                     | 42/139 [19:59<1:00:27, 37.39s/it]
[1AProcess:  31%|█████████▌                     | 43/139 [20:37<1:00:17, 37.68s/it]
[1AProcess:  32%|██████████▍                      | 44/139 [21:05<54:43, 34.56s/it]
[1AProcess:  32%|██████████▋                      | 45/139 [21:32<50:48, 32.43s/it]
[1AProcess:  33%|██████████▉                      | 46/139 [21:55<45:41, 29.47s/it]
[1AProcess:  34%|███████████▏                     | 47/139 [22:07<37:23, 24.39s/it]
[1AProcess:  35%|███████████▍                     | 48/139 [22:30<36:10, 23.85s/it]
[1AProcess:  35%|███████████▋                     | 49/139 [22:54<35:48, 23.87s/it]
[1AProcess:  36%|███████████▊                     | 50/139 [23:17<35:17, 23.79s/it]
[1AProcess:  37%|████████████                     | 51/139 [23:54<40:19, 27.50s/it]
[1AProcess:  37%|████████████▎                    | 52/139 [24:04<32:25, 22.36s/it]
[1AProcess:  38%|████████████▌                    | 53/139 [24:30<33:42, 23.52s/it]
[1AProcess:  39%|████████████▊                    | 54/139 [25:46<55:22, 39.09s/it]
[1AProcess:  40%|█████████████                    | 55/139 [26:23<54:13, 38.73s/it]
[1AProcess:  40%|█████████████▎                   | 56/139 [26:49<48:07, 34.79s/it]
[1AProcess:  41%|████████████▋                  | 57/139 [28:19<1:10:00, 51.22s/it]
[1AProcess:  42%|█████████████▊                   | 58/139 [28:32<53:42, 39.78s/it]
[1AProcess:  42%|██████████████                   | 59/139 [28:49<43:53, 32.91s/it]
[1AProcess:  43%|██████████████▏                  | 60/139 [29:10<38:37, 29.34s/it]
[1AProcess:  44%|██████████████▍                  | 61/139 [29:39<38:17, 29.45s/it]
[1AProcess:  45%|██████████████▋                  | 62/139 [30:03<35:32, 27.70s/it]
[1AProcess:  45%|██████████████▉                  | 63/139 [30:41<38:59, 30.78s/it]
[1AProcess:  46%|███████████████▏                 | 64/139 [31:03<35:16, 28.23s/it]
[1AProcess:  47%|███████████████▍                 | 65/139 [31:26<33:00, 26.76s/it]
[1AProcess:  47%|███████████████▋                 | 66/139 [31:38<26:55, 22.13s/it]
[1AProcess:  48%|███████████████▉                 | 67/139 [32:00<26:44, 22.29s/it]
[1AProcess:  49%|████████████████▏                | 68/139 [32:23<26:26, 22.35s/it]
[1AProcess:  50%|████████████████▍                | 69/139 [32:34<22:16, 19.09s/it]
[1AProcess:  50%|████████████████▌                | 70/139 [32:45<19:10, 16.68s/it]
[1AProcess:  51%|████████████████▊                | 71/139 [33:05<19:44, 17.42s/it]
[1AProcess:  52%|█████████████████                | 72/139 [33:29<21:43, 19.46s/it]
[1AProcess:  53%|█████████████████▎               | 73/139 [33:51<22:24, 20.37s/it]
[1AProcess:  53%|█████████████████▌               | 74/139 [34:15<23:06, 21.33s/it]
[1AProcess:  54%|█████████████████▊               | 75/139 [34:38<23:13, 21.78s/it]
[1AProcess:  55%|██████████████████               | 76/139 [34:57<22:12, 21.16s/it]
[1AProcess:  55%|██████████████████▎              | 77/139 [35:20<22:25, 21.71s/it]
[1AProcess:  56%|██████████████████▌              | 78/139 [35:37<20:32, 20.20s/it]
[1AProcess:  57%|██████████████████▊              | 79/139 [36:18<26:30, 26.51s/it]
[1AProcess:  58%|██████████████████▉              | 80/139 [37:01<30:44, 31.26s/it]
[1AProcess:  58%|███████████████████▏             | 81/139 [37:46<34:21, 35.54s/it]
[1AProcess:  59%|███████████████████▍             | 82/139 [38:14<31:34, 33.23s/it]
[1AProcess:  60%|███████████████████▋             | 83/139 [38:36<27:55, 29.93s/it]
[1AProcess:  60%|███████████████████▉             | 84/139 [38:58<25:18, 27.61s/it]
[1AProcess:  61%|████████████████████▏            | 85/139 [39:21<23:23, 25.99s/it]
[1AProcess:  62%|████████████████████▍            | 86/139 [39:47<23:05, 26.14s/it]
[1AProcess:  63%|████████████████████▋            | 87/139 [40:13<22:27, 25.90s/it]Runner killed (SIGKILL), exit code: 137. Most often this happens when the process runs out of memory. Consider increasing or reserving memory to avoid unexpected termination: https://modal.com/docs/guide/resources

==========
== CUDA ==
==========

CUDA Version 12.4.1

Container image Copyright (c) 2016-2023, NVIDIA CORPORATION & AFFILIATES. All rights reserved.

This container image and its contents are governed by the NVIDIA Deep Learning Container License.
By pulling and using the container, you accept the terms and conditions of this license:
https://developer.nvidia.com/ngc/nvidia-deep-learning-container-license

A copy of this license is made available in this container at /NGC-DL-CONTAINER-LICENSE for your convenience.


======================================================================
=== Phase 1: call accuracy ===
======================================================================
instruction
=== Output for fused_bmm_rmsnorm_gelu_dropout_sub.py on GPU 0 ===

=== Errors for fused_bmm_rmsnorm_gelu_dropout_sub.py on GPU 0 ===
W0529 09:03:33.776000 27 site-packages/torch/_inductor/utils.py:1048] [0/0] Not enough SMs to use max_autotune_gemm mode

=== Output for div.py on GPU 0 ===

=== Errors for div.py on GPU 0 ===

=== Output for sigmoid_conv2d.py on GPU 0 ===

=== Errors for sigmoid_conv2d.py on GPU 0 ===
W0529 09:03:55.535000 143 site-packages/torch/_inductor/utils.py:1048] [0/0] Not enough SMs to use max_autotune_gemm mode

=== Output for solve_multiple_lu.py on GPU 0 ===

=== Errors for solve_multiple_lu.py on GPU 0 ===

=== Output for tanh.py on GPU 0 ===

=== Errors for tanh.py on GPU 0 ===

=== Output for relu_sqrt.py on GPU 0 ===

=== Errors for relu_sqrt.py on GPU 0 ===

=== Output for sqrt.py on GPU 0 ===

=== Errors for sqrt.py on GPU 0 ===

=== Output for sigmoid_argmax.py on GPU 0 ===

=== Errors for sigmoid_argmax.py on GPU 0 ===

=== Output for sub.py on GPU 0 ===

=== Errors for sub.py on GPU 0 ===

=== Output for grid_sample.py on GPU 0 ===

=== Errors for grid_sample.py on GPU 0 ===

=== Output for svd.py on GPU 0 ===

=== Errors for svd.py on GPU 0 ===

=== Output for i0.py on GPU 0 ===

=== Errors for i0.py on GPU 0 ===

=== Output for rsqrt.py on GPU 0 ===

=== Errors for rsqrt.py on GPU 0 ===

=== Output for dropout_relu_batch_norm_conv2d.py on GPU 0 ===

=== Errors for dropout_relu_batch_norm_conv2d.py on GPU 0 ===
W0529 09:05:03.538000 320 site-packages/torch/_inductor/utils.py:1048] [0/0] Not enough SMs to use max_autotune_gemm mode

=== Output for fused_mv_logsoftmax_dropout.py on GPU 0 ===

=== Errors for fused_mv_logsoftmax_dropout.py on GPU 0 ===

=== Output for add.py on GPU 0 ===

=== Errors for add.py on GPU 0 ===

=== Output for fused_silu_layer_norm_conv2d.py on GPU 0 ===

=== Errors for fused_silu_layer_norm_conv2d.py on GPU 0 ===

=== Output for fused_index_select_eq.py on GPU 0 ===

=== Errors for fused_index_select_eq.py on GPU 0 ===

=== Output for argmax.py on GPU 0 ===

=== Errors for argmax.py on GPU 0 ===

=== Output for fused_lu_solve.py on GPU 0 ===

=== Errors for fused_lu_solve.py on GPU 0 ===

=== Output for normalize_pairwise_distance.py on GPU 0 ===

=== Errors for normalize_pairwise_distance.py on GPU 0 ===

=== Output for max.py on GPU 0 ===

=== Errors for max.py on GPU 0 ===

=== Output for log_softmax_linear.py on GPU 0 ===

=== Errors for log_softmax_linear.py on GPU 0 ===
W0529 09:05:59.949000 480 site-packages/torch/_inductor/utils.py:1048] [0/0] Not enough SMs to use max_autotune_gemm mode
AUTOTUNE addmm(2x2, 2x2, 2x2)
  bias_addmm 0.0074 ms 100.0% 
  addmm 0.0094 ms 78.2% 
SingleProcess AUTOTUNE benchmarking takes 0.2167 seconds and 0.0000 seconds precompiling
W0529 09:06:01.995000 480 site-packages/torch/_dynamo/convert_frame.py:1125] WON'T CONVERT _log_softmax_linear_impl /data/results/lmstudio_prompt11_router_20260528-212821/call_acc/log_softmax_linear.py line 21 
W0529 09:06:01.995000 480 site-packages/torch/_dynamo/convert_frame.py:1125] due to: 
W0529 09:06:01.995000 480 site-packages/torch/_dynamo/convert_frame.py:1125] Traceback (most recent call last):
W0529 09:06:01.995000 480 site-packages/torch/_dynamo/convert_frame.py:1125]   File "/usr/local/lib/python3.12/site-packages/torch/_dynamo/output_graph.py", line 1446, in _call_user_compiler
W0529 09:06:01.995000 480 site-packages/torch/_dynamo/convert_frame.py:1125]     compiled_fn = compiler_fn(gm, self.example_inputs())
W0529 09:06:01.995000 480 site-packages/torch/_dynamo/convert_frame.py:1125]                   ^^^^^^^^^^^^^^^^^^^^^^^^^^^^^^^^^^^^^^
W0529 09:06:01.995000 480 site-packages/torch/_dynamo/convert_frame.py:1125]   File "/usr/local/lib/python3.12/site-packages/torch/_dynamo/repro/after_dynamo.py", line 129, in __call__
W0529 09:06:01.995000 480 site-packages/torch/_dynamo/convert_frame.py:1125]     compiled_gm = compiler_fn(gm, example_inputs)
W0529 09:06:01.995000 480 site-packages/torch/_dynamo/convert_frame.py:1125]                   ^^^^^^^^^^^^^^^^^^^^^^^^^^^^^^^
W0529 09:06:01.995000 480 site-packages/torch/_dynamo/convert_frame.py:1125]   File "/usr/local/lib/python3.12/site-packages/torch/__init__.py", line 2234, in __call__
W0529 09:06:01.995000 480 site-packages/torch/_dynamo/convert_frame.py:1125]     return compile_fx(model_, inputs_, config_patches=self.config)
W0529 09:06:01.995000 480 site-packages/torch/_dynamo/convert_frame.py:1125]            ^^^^^^^^^^^^^^^^^^^^^^^^^^^^^^^^^^^^^^^^^^^^^^^^^^^^^^^
W0529 09:06:01.995000 480 site-packages/torch/_dynamo/convert_frame.py:1125]   File "/usr/local/lib/python3.12/site-packages/torch/_inductor/compile_fx.py", line 1253, in compile_fx
W0529 09:06:01.995000 480 site-packages/torch/_dynamo/convert_frame.py:1125]     return compile_fx(
W0529 09:06:01.995000 480 site-packages/torch/_dynamo/convert_frame.py:1125]            ^^^^^^^^^^^
W0529 09:06:01.995000 480 site-packages/torch/_dynamo/convert_frame.py:1125]   File "/usr/local/lib/python3.12/site-packages/torch/_inductor/compile_fx.py", line 1521, in compile_fx
W0529 09:06:01.995000 480 site-packages/torch/_dynamo/convert_frame.py:1125]     return aot_autograd(
W0529 09:06:01.995000 480 site-packages/torch/_dynamo/convert_frame.py:1125]            ^^^^^^^^^^^^^
W0529 09:06:01.995000 480 site-packages/torch/_dynamo/convert_frame.py:1125]   File "/usr/local/lib/python3.12/site-packages/torch/_dynamo/backends/common.py", line 72, in __call__
W0529 09:06:01.995000 480 site-packages/torch/_dynamo/convert_frame.py:1125]     cg = aot_module_simplified(gm, example_inputs, **self.kwargs)
W0529 09:06:01.995000 480 site-packages/torch/_dynamo/convert_frame.py:1125]          ^^^^^^^^^^^^^^^^^^^^^^^^^^^^^^^^^^^^^^^^^^^^^^^^^^^^^^^^
W0529 09:06:01.995000 480 site-packages/torch/_dynamo/convert_frame.py:1125]   File "/usr/local/lib/python3.12/site-packages/torch/_functorch/aot_autograd.py", line 1071, in aot_module_simplified
W0529 09:06:01.995000 480 site-packages/torch/_dynamo/convert_frame.py:1125]     compiled_fn = dispatch_and_compile()
W0529 09:06:01.995000 480 site-packages/torch/_dynamo/convert_frame.py:1125]                   ^^^^^^^^^^^^^^^^^^^^^^
W0529 09:06:01.995000 480 site-packages/torch/_dynamo/convert_frame.py:1125]   File "/usr/local/lib/python3.12/site-packages/torch/_functorch/aot_autograd.py", line 1056, in dispatch_and_compile
W0529 09:06:01.995000 480 site-packages/torch/_dynamo/convert_frame.py:1125]     compiled_fn, _ = create_aot_dispatcher_function(
W0529 09:06:01.995000 480 site-packages/torch/_dynamo/convert_frame.py:1125]                      ^^^^^^^^^^^^^^^^^^^^^^^^^^^^^^^
W0529 09:06:01.995000 480 site-packages/torch/_dynamo/convert_frame.py:1125]   File "/usr/local/lib/python3.12/site-packages/torch/_functorch/aot_autograd.py", line 522, in create_aot_dispatcher_function
W0529 09:06:01.995000 480 site-packages/torch/_dynamo/convert_frame.py:1125]     return _create_aot_dispatcher_function(
W0529 09:06:01.995000 480 site-packages/torch/_dynamo/convert_frame.py:1125]            ^^^^^^^^^^^^^^^^^^^^^^^^^^^^^^^^
W0529 09:06:01.995000 480 site-packages/torch/_dynamo/convert_frame.py:1125]   File "/usr/local/lib/python3.12/site-packages/torch/_functorch/aot_autograd.py", line 759, in _create_aot_dispatcher_function
W0529 09:06:01.995000 480 site-packages/torch/_dynamo/convert_frame.py:1125]     compiled_fn, fw_metadata = compiler_fn(
W0529 09:06:01.995000 480 site-packages/torch/_dynamo/convert_frame.py:1125]                                ^^^^^^^^^^^^
W0529 09:06:01.995000 480 site-packages/torch/_dynamo/convert_frame.py:1125]   File "/usr/local/lib/python3.12/site-packages/torch/_functorch/_aot_autograd/jit_compile_runtime_wrappers.py", line 179, in aot_dispatch_base
W0529 09:06:01.995000 480 site-packages/torch/_dynamo/convert_frame.py:1125]     compiled_fw = compiler(fw_module, updated_flat_args)
W0529 09:06:01.995000 480 site-packages/torch/_dynamo/convert_frame.py:1125]                   ^^^^^^^^^^^^^^^^^^^^^^^^^^^^^^^^^^^^^^
W0529 09:06:01.995000 480 site-packages/torch/_dynamo/convert_frame.py:1125]   File "/usr/local/lib/python3.12/site-packages/torch/_inductor/compile_fx.py", line 1350, in fw_compiler_base
W0529 09:06:01.995000 480 site-packages/torch/_dynamo/convert_frame.py:1125]     return _fw_compiler_base(model, example_inputs, is_inference)
W0529 09:06:01.995000 480 site-packages/torch/_dynamo/convert_frame.py:1125]            ^^^^^^^^^^^^^^^^^^^^^^^^^^^^^^^^^^^^^^^^^^^^^^^^^^^^^^
W0529 09:06:01.995000 480 site-packages/torch/_dynamo/convert_frame.py:1125]   File "/usr/local/lib/python3.12/site-packages/torch/_inductor/compile_fx.py", line 1359, in _fw_compiler_base
W0529 09:06:01.995000 480 site-packages/torch/_dynamo/convert_frame.py:1125]     _recursive_joint_graph_passes(model)
W0529 09:06:01.995000 480 site-packages/torch/_dynamo/convert_frame.py:1125]   File "/usr/local/lib/python3.12/site-packages/torch/_inductor/compile_fx.py", line 281, in _recursive_joint_graph_passes
W0529 09:06:01.995000 480 site-packages/torch/_dynamo/convert_frame.py:1125]     joint_graph_passes(gm)
W0529 09:06:01.995000 480 site-packages/torch/_dynamo/convert_frame.py:1125]   File "/usr/local/lib/python3.12/site-packages/torch/_inductor/fx_passes/joint_graph.py", line 460, in joint_graph_passes
W0529 09:06:01.995000 480 site-packages/torch/_dynamo/convert_frame.py:1125]     count += patterns.apply(graph.graph)  # type: ignore[arg-type]
W0529 09:06:01.995000 480 site-packages/torch/_dynamo/convert_frame.py:1125]              ^^^^^^^^^^^^^^^^^^^^^^^^^^^
W0529 09:06:01.995000 480 site-packages/torch/_dynamo/convert_frame.py:1125]   File "/usr/local/lib/python3.12/site-packages/torch/_inductor/pattern_matcher.py", line 1729, in apply
W0529 09:06:01.995000 480 site-packages/torch/_dynamo/convert_frame.py:1125]     if is_match(m) and entry.extra_check(m):
W0529 09:06:01.995000 480 site-packages/torch/_dynamo/convert_frame.py:1125]                        ^^^^^^^^^^^^^^^^^^^^
W0529 09:06:01.995000 480 site-packages/torch/_dynamo/convert_frame.py:1125]   File "/usr/local/lib/python3.12/site-packages/torch/_inductor/pattern_matcher.py", line 1331, in check_fn
W0529 09:06:01.995000 480 site-packages/torch/_dynamo/convert_frame.py:1125]     if is_match(specific_pattern_match) and extra_check(specific_pattern_match):
W0529 09:06:01.995000 480 site-packages/torch/_dynamo/convert_frame.py:1125]                                             ^^^^^^^^^^^^^^^^^^^^^^^^^^^^^^^^^^^
W0529 09:06:01.995000 480 site-packages/torch/_dynamo/convert_frame.py:1125]   File "/usr/local/lib/python3.12/site-packages/torch/_inductor/fx_passes/pad_mm.py", line 146, in should_pad_addmm
W0529 09:06:01.995000 480 site-packages/torch/_dynamo/convert_frame.py:1125]     return should_pad_common(mat1, mat2, input) and should_pad_bench(
W0529 09:06:01.995000 480 site-packages/torch/_dynamo/convert_frame.py:1125]                                                     ^^^^^^^^^^^^^^^^^
W0529 09:06:01.995000 480 site-packages/torch/_dynamo/convert_frame.py:1125]   File "/usr/local/lib/python3.12/site-packages/torch/_inductor/fx_passes/pad_mm.py", line 566, in should_pad_bench
W0529 09:06:01.995000 480 site-packages/torch/_dynamo/convert_frame.py:1125]     ori_time = do_bench(orig_bench_fn)
W0529 09:06:01.995000 480 site-packages/torch/_dynamo/convert_frame.py:1125]                ^^^^^^^^^^^^^^^^^^^^^^^
W0529 09:06:01.995000 480 site-packages/torch/_dynamo/convert_frame.py:1125]   File "/usr/local/lib/python3.12/site-packages/torch/_inductor/runtime/benchmarking.py", line 66, in wrapper
W0529 09:06:01.995000 480 site-packages/torch/_dynamo/convert_frame.py:1125]     return fn(self, *args, **kwargs)
W0529 09:06:01.995000 480 site-packages/torch/_dynamo/convert_frame.py:1125]            ^^^^^^^^^^^^^^^^^^^^^^^^^
W0529 09:06:01.995000 480 site-packages/torch/_dynamo/convert_frame.py:1125]   File "/usr/local/lib/python3.12/site-packages/torch/_inductor/runtime/benchmarking.py", line 201, in benchmark_gpu
W0529 09:06:01.995000 480 site-packages/torch/_dynamo/convert_frame.py:1125]     return self.triton_do_bench(_callable, **kwargs, return_mode="median")
W0529 09:06:01.995000 480 site-packages/torch/_dynamo/convert_frame.py:1125]            ^^^^^^^^^^^^^^^^^^^^^^^^^^^^^^^^^^^^^^^^^^^^^^^^^^^^^^^^^^^^^^^
W0529 09:06:01.995000 480 site-packages/torch/_dynamo/convert_frame.py:1125]   File "/usr/local/lib/python3.12/site-packages/triton/testing.py", line 106, in do_bench
W0529 09:06:01.995000 480 site-packages/torch/_dynamo/convert_frame.py:1125]     fn()
W0529 09:06:01.995000 480 site-packages/torch/_dynamo/convert_frame.py:1125]   File "/usr/local/lib/python3.12/site-packages/torch/_inductor/fx_passes/pad_mm.py", line 537, in orig_bench_fn
W0529 09:06:01.995000 480 site-packages/torch/_dynamo/convert_frame.py:1125]     op(input, mat1, mat2)
W0529 09:06:01.995000 480 site-packages/torch/_dynamo/convert_frame.py:1125]   File "/usr/local/lib/python3.12/site-packages/torch/_ops.py", line 1116, in __call__
W0529 09:06:01.995000 480 site-packages/torch/_dynamo/convert_frame.py:1125]     return self._op(*args, **(kwargs or {}))
W0529 09:06:01.995000 480 site-packages/torch/_dynamo/convert_frame.py:1125]            ^^^^^^^^^^^^^^^^^^^^^^^^^^^^^^^^^
W0529 09:06:01.995000 480 site-packages/torch/_dynamo/convert_frame.py:1125] RuntimeError: mat1 and mat2 must have the same dtype, but got Double and Float
W0529 09:06:01.995000 480 site-packages/torch/_dynamo/convert_frame.py:1125] 
W0529 09:06:01.995000 480 site-packages/torch/_dynamo/convert_frame.py:1125] The above exception was the direct cause of the following exception:
W0529 09:06:01.995000 480 site-packages/torch/_dynamo/convert_frame.py:1125] 
W0529 09:06:01.995000 480 site-packages/torch/_dynamo/convert_frame.py:1125] Traceback (most recent call last):
W0529 09:06:01.995000 480 site-packages/torch/_dynamo/convert_frame.py:1125]   File "/usr/local/lib/python3.12/site-packages/torch/_dynamo/convert_frame.py", line 1064, in __call__
W0529 09:06:01.995000 480 site-packages/torch/_dynamo/convert_frame.py:1125]     result = self._inner_convert(
W0529 09:06:01.995000 480 site-packages/torch/_dynamo/convert_frame.py:1125]              ^^^^^^^^^^^^^^^^^^^^
W0529 09:06:01.995000 480 site-packages/torch/_dynamo/convert_frame.py:1125]   File "/usr/local/lib/python3.12/site-packages/torch/_dynamo/convert_frame.py", line 526, in __call__
W0529 09:06:01.995000 480 site-packages/torch/_dynamo/convert_frame.py:1125]     return _compile(
W0529 09:06:01.995000 480 site-packages/torch/_dynamo/convert_frame.py:1125]            ^^^^^^^^^
W0529 09:06:01.995000 480 site-packages/torch/_dynamo/convert_frame.py:1125]   File "/usr/local/lib/python3.12/site-packages/torch/_dynamo/convert_frame.py", line 924, in _compile
W0529 09:06:01.995000 480 site-packages/torch/_dynamo/convert_frame.py:1125]     guarded_code = compile_inner(code, one_graph, hooks, transform)
W0529 09:06:01.995000 480 site-packages/torch/_dynamo/convert_frame.py:1125]                    ^^^^^^^^^^^^^^^^^^^^^^^^^^^^^^^^^^^^^^^^^^^^^^^^
W0529 09:06:01.995000 480 site-packages/torch/_dynamo/convert_frame.py:1125]   File "/usr/local/lib/python3.12/site-packages/torch/_dynamo/convert_frame.py", line 666, in compile_inner
W0529 09:06:01.995000 480 site-packages/torch/_dynamo/convert_frame.py:1125]     return _compile_inner(code, one_graph, hooks, transform)
W0529 09:06:01.995000 480 site-packages/torch/_dynamo/convert_frame.py:1125]            ^^^^^^^^^^^^^^^^^^^^^^^^^^^^^^^^^^^^^^^^^^^^^^^^^
W0529 09:06:01.995000 480 site-packages/torch/_dynamo/convert_frame.py:1125]   File "/usr/local/lib/python3.12/site-packages/torch/_utils_internal.py", line 87, in wrapper_function
W0529 09:06:01.995000 480 site-packages/torch/_dynamo/convert_frame.py:1125]     return function(*args, **kwargs)
W0529 09:06:01.995000 480 site-packages/torch/_dynamo/convert_frame.py:1125]            ^^^^^^^^^^^^^^^^^^^^^^^^^
W0529 09:06:01.995000 480 site-packages/torch/_dynamo/convert_frame.py:1125]   File "/usr/local/lib/python3.12/site-packages/torch/_dynamo/convert_frame.py", line 699, in _compile_inner
W0529 09:06:01.995000 480 site-packages/torch/_dynamo/convert_frame.py:1125]     out_code = transform_code_object(code, transform)
W0529 09:06:01.995000 480 site-packages/torch/_dynamo/convert_frame.py:1125]                ^^^^^^^^^^^^^^^^^^^^^^^^^^^^^^^^^^^^^^
W0529 09:06:01.995000 480 site-packages/torch/_dynamo/convert_frame.py:1125]   File "/usr/local/lib/python3.12/site-packages/torch/_dynamo/bytecode_transformation.py", line 1322, in transform_code_object
W0529 09:06:01.995000 480 site-packages/torch/_dynamo/convert_frame.py:1125]     transformations(instructions, code_options)
W0529 09:06:01.995000 480 site-packages/torch/_dynamo/convert_frame.py:1125]   File "/usr/local/lib/python3.12/site-packages/torch/_dynamo/convert_frame.py", line 219, in _fn
W0529 09:06:01.995000 480 site-packages/torch/_dynamo/convert_frame.py:1125]     return fn(*args, **kwargs)
W0529 09:06:01.995000 480 site-packages/torch/_dynamo/convert_frame.py:1125]            ^^^^^^^^^^^^^^^^^^^
W0529 09:06:01.995000 480 site-packages/torch/_dynamo/convert_frame.py:1125]   File "/usr/local/lib/python3.12/site-packages/torch/_dynamo/convert_frame.py", line 634, in transform
W0529 09:06:01.995000 480 site-packages/torch/_dynamo/convert_frame.py:1125]     tracer.run()
W0529 09:06:01.995000 480 site-packages/torch/_dynamo/convert_frame.py:1125]   File "/usr/local/lib/python3.12/site-packages/torch/_dynamo/symbolic_convert.py", line 2796, in run
W0529 09:06:01.995000 480 site-packages/torch/_dynamo/convert_frame.py:1125]     super().run()
W0529 09:06:01.995000 480 site-packages/torch/_dynamo/convert_frame.py:1125]   File "/usr/local/lib/python3.12/site-packages/torch/_dynamo/symbolic_convert.py", line 983, in run
W0529 09:06:01.995000 480 site-packages/torch/_dynamo/convert_frame.py:1125]     while self.step():
W0529 09:06:01.995000 480 site-packages/torch/_dynamo/convert_frame.py:1125]           ^^^^^^^^^^^
W0529 09:06:01.995000 480 site-packages/torch/_dynamo/convert_frame.py:1125]   File "/usr/local/lib/python3.12/site-packages/torch/_dynamo/symbolic_convert.py", line 895, in step
W0529 09:06:01.995000 480 site-packages/torch/_dynamo/convert_frame.py:1125]     self.dispatch_table[inst.opcode](self, inst)
W0529 09:06:01.995000 480 site-packages/torch/_dynamo/convert_frame.py:1125]   File "/usr/local/lib/python3.12/site-packages/torch/_dynamo/symbolic_convert.py", line 2987, in RETURN_VALUE
W0529 09:06:01.995000 480 site-packages/torch/_dynamo/convert_frame.py:1125]     self._return(inst)
W0529 09:06:01.995000 480 site-packages/torch/_dynamo/convert_frame.py:1125]   File "/usr/local/lib/python3.12/site-packages/torch/_dynamo/symbolic_convert.py", line 2972, in _return
W0529 09:06:01.995000 480 site-packages/torch/_dynamo/convert_frame.py:1125]     self.output.compile_subgraph(
W0529 09:06:01.995000 480 site-packages/torch/_dynamo/convert_frame.py:1125]   File "/usr/local/lib/python3.12/site-packages/torch/_dynamo/output_graph.py", line 1117, in compile_subgraph
W0529 09:06:01.995000 480 site-packages/torch/_dynamo/convert_frame.py:1125]     self.compile_and_call_fx_graph(tx, list(reversed(stack_values)), root)
W0529 09:06:01.995000 480 site-packages/torch/_dynamo/convert_frame.py:1125]   File "/usr/local/lib/python3.12/site-packages/torch/_dynamo/output_graph.py", line 1369, in compile_and_call_fx_graph
W0529 09:06:01.995000 480 site-packages/torch/_dynamo/convert_frame.py:1125]     compiled_fn = self.call_user_compiler(gm)
W0529 09:06:01.995000 480 site-packages/torch/_dynamo/convert_frame.py:1125]                   ^^^^^^^^^^^^^^^^^^^^^^^^^^^
W0529 09:06:01.995000 480 site-packages/torch/_dynamo/convert_frame.py:1125]   File "/usr/local/lib/python3.12/site-packages/torch/_dynamo/output_graph.py", line 1416, in call_user_compiler
W0529 09:06:01.995000 480 site-packages/torch/_dynamo/convert_frame.py:1125]     return self._call_user_compiler(gm)
W0529 09:06:01.995000 480 site-packages/torch/_dynamo/convert_frame.py:1125]            ^^^^^^^^^^^^^^^^^^^^^^^^^^^^
W0529 09:06:01.995000 480 site-packages/torch/_dynamo/convert_frame.py:1125]   File "/usr/local/lib/python3.12/site-packages/torch/_dynamo/output_graph.py", line 1465, in _call_user_compiler
W0529 09:06:01.995000 480 site-packages/torch/_dynamo/convert_frame.py:1125]     raise BackendCompilerFailed(self.compiler_fn, e) from e
W0529 09:06:01.995000 480 site-packages/torch/_dynamo/convert_frame.py:1125] torch._dynamo.exc.BackendCompilerFailed: backend='inductor' raised:
W0529 09:06:01.995000 480 site-packages/torch/_dynamo/convert_frame.py:1125] RuntimeError: mat1 and mat2 must have the same dtype, but got Double and Float
W0529 09:06:01.995000 480 site-packages/torch/_dynamo/convert_frame.py:1125] 
W0529 09:06:01.995000 480 site-packages/torch/_dynamo/convert_frame.py:1125] Set TORCH_LOGS="+dynamo" and TORCHDYNAMO_VERBOSE=1 for more information
W0529 09:06:01.995000 480 site-packages/torch/_dynamo/convert_frame.py:1125] 
W0529 09:06:01.995000 480 site-packages/torch/_dynamo/convert_frame.py:1125] Traceback (most recent call last):
W0529 09:06:01.995000 480 site-packages/torch/_dynamo/convert_frame.py:1125]   File "/usr/local/lib/python3.12/site-packages/torch/_dynamo/output_graph.py", line 1446, in _call_user_compiler
W0529 09:06:01.995000 480 site-packages/torch/_dynamo/convert_frame.py:1125]     compiled_fn = compiler_fn(gm, self.example_inputs())
W0529 09:06:01.995000 480 site-packages/torch/_dynamo/convert_frame.py:1125]                   ^^^^^^^^^^^^^^^^^^^^^^^^^^^^^^^^^^^^^^
W0529 09:06:01.995000 480 site-packages/torch/_dynamo/convert_frame.py:1125]   File "/usr/local/lib/python3.12/site-packages/torch/_dynamo/repro/after_dynamo.py", line 129, in __call__
W0529 09:06:01.995000 480 site-packages/torch/_dynamo/convert_frame.py:1125]     compiled_gm = compiler_fn(gm, example_inputs)
W0529 09:06:01.995000 480 site-packages/torch/_dynamo/convert_frame.py:1125]                   ^^^^^^^^^^^^^^^^^^^^^^^^^^^^^^^
W0529 09:06:01.995000 480 site-packages/torch/_dynamo/convert_frame.py:1125]   File "/usr/local/lib/python3.12/site-packages/torch/__init__.py", line 2234, in __call__
W0529 09:06:01.995000 480 site-packages/torch/_dynamo/convert_frame.py:1125]     return compile_fx(model_, inputs_, config_patches=self.config)
W0529 09:06:01.995000 480 site-packages/torch/_dynamo/convert_frame.py:1125]            ^^^^^^^^^^^^^^^^^^^^^^^^^^^^^^^^^^^^^^^^^^^^^^^^^^^^^^^
W0529 09:06:01.995000 480 site-packages/torch/_dynamo/convert_frame.py:1125]   File "/usr/local/lib/python3.12/site-packages/torch/_inductor/compile_fx.py", line 1253, in compile_fx
W0529 09:06:01.995000 480 site-packages/torch/_dynamo/convert_frame.py:1125]     return compile_fx(
W0529 09:06:01.995000 480 site-packages/torch/_dynamo/convert_frame.py:1125]            ^^^^^^^^^^^
W0529 09:06:01.995000 480 site-packages/torch/_dynamo/convert_frame.py:1125]   File "/usr/local/lib/python3.12/site-packages/torch/_inductor/compile_fx.py", line 1521, in compile_fx
W0529 09:06:01.995000 480 site-packages/torch/_dynamo/convert_frame.py:1125]     return aot_autograd(
W0529 09:06:01.995000 480 site-packages/torch/_dynamo/convert_frame.py:1125]            ^^^^^^^^^^^^^
W0529 09:06:01.995000 480 site-packages/torch/_dynamo/convert_frame.py:1125]   File "/usr/local/lib/python3.12/site-packages/torch/_dynamo/backends/common.py", line 72, in __call__
W0529 09:06:01.995000 480 site-packages/torch/_dynamo/convert_frame.py:1125]     cg = aot_module_simplified(gm, example_inputs, **self.kwargs)
W0529 09:06:01.995000 480 site-packages/torch/_dynamo/convert_frame.py:1125]          ^^^^^^^^^^^^^^^^^^^^^^^^^^^^^^^^^^^^^^^^^^^^^^^^^^^^^^^^
W0529 09:06:01.995000 480 site-packages/torch/_dynamo/convert_frame.py:1125]   File "/usr/local/lib/python3.12/site-packages/torch/_functorch/aot_autograd.py", line 1071, in aot_module_simplified
W0529 09:06:01.995000 480 site-packages/torch/_dynamo/convert_frame.py:1125]     compiled_fn = dispatch_and_compile()
W0529 09:06:01.995000 480 site-packages/torch/_dynamo/convert_frame.py:1125]                   ^^^^^^^^^^^^^^^^^^^^^^
W0529 09:06:01.995000 480 site-packages/torch/_dynamo/convert_frame.py:1125]   File "/usr/local/lib/python3.12/site-packages/torch/_functorch/aot_autograd.py", line 1056, in dispatch_and_compile
W0529 09:06:01.995000 480 site-packages/torch/_dynamo/convert_frame.py:1125]     compiled_fn, _ = create_aot_dispatcher_function(
W0529 09:06:01.995000 480 site-packages/torch/_dynamo/convert_frame.py:1125]                      ^^^^^^^^^^^^^^^^^^^^^^^^^^^^^^^
W0529 09:06:01.995000 480 site-packages/torch/_dynamo/convert_frame.py:1125]   File "/usr/local/lib/python3.12/site-packages/torch/_functorch/aot_autograd.py", line 522, in create_aot_dispatcher_function
W0529 09:06:01.995000 480 site-packages/torch/_dynamo/convert_frame.py:1125]     return _create_aot_dispatcher_function(
W0529 09:06:01.995000 480 site-packages/torch/_dynamo/convert_frame.py:1125]            ^^^^^^^^^^^^^^^^^^^^^^^^^^^^^^^^
W0529 09:06:01.995000 480 site-packages/torch/_dynamo/convert_frame.py:1125]   File "/usr/local/lib/python3.12/site-packages/torch/_functorch/aot_autograd.py", line 759, in _create_aot_dispatcher_function
W0529 09:06:01.995000 480 site-packages/torch/_dynamo/convert_frame.py:1125]     compiled_fn, fw_metadata = compiler_fn(
W0529 09:06:01.995000 480 site-packages/torch/_dynamo/convert_frame.py:1125]                                ^^^^^^^^^^^^
W0529 09:06:01.995000 480 site-packages/torch/_dynamo/convert_frame.py:1125]   File "/usr/local/lib/python3.12/site-packages/torch/_functorch/_aot_autograd/jit_compile_runtime_wrappers.py", line 179, in aot_dispatch_base
W0529 09:06:01.995000 480 site-packages/torch/_dynamo/convert_frame.py:1125]     compiled_fw = compiler(fw_module, updated_flat_args)
W0529 09:06:01.995000 480 site-packages/torch/_dynamo/convert_frame.py:1125]                   ^^^^^^^^^^^^^^^^^^^^^^^^^^^^^^^^^^^^^^
W0529 09:06:01.995000 480 site-packages/torch/_dynamo/convert_frame.py:1125]   File "/usr/local/lib/python3.12/site-packages/torch/_inductor/compile_fx.py", line 1350, in fw_compiler_base
W0529 09:06:01.995000 480 site-packages/torch/_dynamo/convert_frame.py:1125]     return _fw_compiler_base(model, example_inputs, is_inference)
W0529 09:06:01.995000 480 site-packages/torch/_dynamo/convert_frame.py:1125]            ^^^^^^^^^^^^^^^^^^^^^^^^^^^^^^^^^^^^^^^^^^^^^^^^^^^^^^
W0529 09:06:01.995000 480 site-packages/torch/_dynamo/convert_frame.py:1125]   File "/usr/local/lib/python3.12/site-packages/torch/_inductor/compile_fx.py", line 1359, in _fw_compiler_base
W0529 09:06:01.995000 480 site-packages/torch/_dynamo/convert_frame.py:1125]     _recursive_joint_graph_passes(model)
W0529 09:06:01.995000 480 site-packages/torch/_dynamo/convert_frame.py:1125]   File "/usr/local/lib/python3.12/site-packages/torch/_inductor/compile_fx.py", line 281, in _recursive_joint_graph_passes
W0529 09:06:01.995000 480 site-packages/torch/_dynamo/convert_frame.py:1125]     joint_graph_passes(gm)
W0529 09:06:01.995000 480 site-packages/torch/_dynamo/convert_frame.py:1125]   File "/usr/local/lib/python3.12/site-packages/torch/_inductor/fx_passes/joint_graph.py", line 460, in joint_graph_passes
W0529 09:06:01.995000 480 site-packages/torch/_dynamo/convert_frame.py:1125]     count += patterns.apply(graph.graph)  # type: ignore[arg-type]
W0529 09:06:01.995000 480 site-packages/torch/_dynamo/convert_frame.py:1125]              ^^^^^^^^^^^^^^^^^^^^^^^^^^^
W0529 09:06:01.995000 480 site-packages/torch/_dynamo/convert_frame.py:1125]   File "/usr/local/lib/python3.12/site-packages/torch/_inductor/pattern_matcher.py", line 1729, in apply
W0529 09:06:01.995000 480 site-packages/torch/_dynamo/convert_frame.py:1125]     if is_match(m) and entry.extra_check(m):
W0529 09:06:01.995000 480 site-packages/torch/_dynamo/convert_frame.py:1125]                        ^^^^^^^^^^^^^^^^^^^^
W0529 09:06:01.995000 480 site-packages/torch/_dynamo/convert_frame.py:1125]   File "/usr/local/lib/python3.12/site-packages/torch/_inductor/pattern_matcher.py", line 1331, in check_fn
W0529 09:06:01.995000 480 site-packages/torch/_dynamo/convert_frame.py:1125]     if is_match(specific_pattern_match) and extra_check(specific_pattern_match):
W0529 09:06:01.995000 480 site-packages/torch/_dynamo/convert_frame.py:1125]                                             ^^^^^^^^^^^^^^^^^^^^^^^^^^^^^^^^^^^
W0529 09:06:01.995000 480 site-packages/torch/_dynamo/convert_frame.py:1125]   File "/usr/local/lib/python3.12/site-packages/torch/_inductor/fx_passes/pad_mm.py", line 146, in should_pad_addmm
W0529 09:06:01.995000 480 site-packages/torch/_dynamo/convert_frame.py:1125]     return should_pad_common(mat1, mat2, input) and should_pad_bench(
W0529 09:06:01.995000 480 site-packages/torch/_dynamo/convert_frame.py:1125]                                                     ^^^^^^^^^^^^^^^^^
W0529 09:06:01.995000 480 site-packages/torch/_dynamo/convert_frame.py:1125]   File "/usr/local/lib/python3.12/site-packages/torch/_inductor/fx_passes/pad_mm.py", line 566, in should_pad_bench
W0529 09:06:01.995000 480 site-packages/torch/_dynamo/convert_frame.py:1125]     ori_time = do_bench(orig_bench_fn)
W0529 09:06:01.995000 480 site-packages/torch/_dynamo/convert_frame.py:1125]                ^^^^^^^^^^^^^^^^^^^^^^^
W0529 09:06:01.995000 480 site-packages/torch/_dynamo/convert_frame.py:1125]   File "/usr/local/lib/python3.12/site-packages/torch/_inductor/runtime/benchmarking.py", line 66, in wrapper
W0529 09:06:01.995000 480 site-packages/torch/_dynamo/convert_frame.py:1125]     return fn(self, *args, **kwargs)
W0529 09:06:01.995000 480 site-packages/torch/_dynamo/convert_frame.py:1125]            ^^^^^^^^^^^^^^^^^^^^^^^^^
W0529 09:06:01.995000 480 site-packages/torch/_dynamo/convert_frame.py:1125]   File "/usr/local/lib/python3.12/site-packages/torch/_inductor/runtime/benchmarking.py", line 201, in benchmark_gpu
W0529 09:06:01.995000 480 site-packages/torch/_dynamo/convert_frame.py:1125]     return self.triton_do_bench(_callable, **kwargs, return_mode="median")
W0529 09:06:01.995000 480 site-packages/torch/_dynamo/convert_frame.py:1125]            ^^^^^^^^^^^^^^^^^^^^^^^^^^^^^^^^^^^^^^^^^^^^^^^^^^^^^^^^^^^^^^^
W0529 09:06:01.995000 480 site-packages/torch/_dynamo/convert_frame.py:1125]   File "/usr/local/lib/python3.12/site-packages/triton/testing.py", line 106, in do_bench
W0529 09:06:01.995000 480 site-packages/torch/_dynamo/convert_frame.py:1125]     fn()
W0529 09:06:01.995000 480 site-packages/torch/_dynamo/convert_frame.py:1125]   File "/usr/local/lib/python3.12/site-packages/torch/_inductor/fx_passes/pad_mm.py", line 537, in orig_bench_fn
W0529 09:06:01.995000 480 site-packages/torch/_dynamo/convert_frame.py:1125]     op(input, mat1, mat2)
W0529 09:06:01.995000 480 site-packages/torch/_dynamo/convert_frame.py:1125]   File "/usr/local/lib/python3.12/site-packages/torch/_ops.py", line 1116, in __call__
W0529 09:06:01.995000 480 site-packages/torch/_dynamo/convert_frame.py:1125]     return self._op(*args, **(kwargs or {}))
W0529 09:06:01.995000 480 site-packages/torch/_dynamo/convert_frame.py:1125]            ^^^^^^^^^^^^^^^^^^^^^^^^^^^^^^^^^
W0529 09:06:01.995000 480 site-packages/torch/_dynamo/convert_frame.py:1125] RuntimeError: mat1 and mat2 must have the same dtype, but got Double and Float
W0529 09:06:01.995000 480 site-packages/torch/_dynamo/convert_frame.py:1125] 
W0529 09:06:01.995000 480 site-packages/torch/_dynamo/convert_frame.py:1125] The above exception was the direct cause of the following exception:
W0529 09:06:01.995000 480 site-packages/torch/_dynamo/convert_frame.py:1125] 
W0529 09:06:01.995000 480 site-packages/torch/_dynamo/convert_frame.py:1125] Traceback (most recent call last):
W0529 09:06:01.995000 480 site-packages/torch/_dynamo/convert_frame.py:1125]   File "/usr/local/lib/python3.12/site-packages/torch/_dynamo/convert_frame.py", line 1064, in __call__
W0529 09:06:01.995000 480 site-packages/torch/_dynamo/convert_frame.py:1125]     result = self._inner_convert(
W0529 09:06:01.995000 480 site-packages/torch/_dynamo/convert_frame.py:1125]              ^^^^^^^^^^^^^^^^^^^^
W0529 09:06:01.995000 480 site-packages/torch/_dynamo/convert_frame.py:1125]   File "/usr/local/lib/python3.12/site-packages/torch/_dynamo/convert_frame.py", line 526, in __call__
W0529 09:06:01.995000 480 site-packages/torch/_dynamo/convert_frame.py:1125]     return _compile(
W0529 09:06:01.995000 480 site-packages/torch/_dynamo/convert_frame.py:1125]            ^^^^^^^^^
W0529 09:06:01.995000 480 site-packages/torch/_dynamo/convert_frame.py:1125]   File "/usr/local/lib/python3.12/site-packages/torch/_dynamo/convert_frame.py", line 924, in _compile
W0529 09:06:01.995000 480 site-packages/torch/_dynamo/convert_frame.py:1125]     guarded_code = compile_inner(code, one_graph, hooks, transform)
W0529 09:06:01.995000 480 site-packages/torch/_dynamo/convert_frame.py:1125]                    ^^^^^^^^^^^^^^^^^^^^^^^^^^^^^^^^^^^^^^^^^^^^^^^^
W0529 09:06:01.995000 480 site-packages/torch/_dynamo/convert_frame.py:1125]   File "/usr/local/lib/python3.12/site-packages/torch/_dynamo/convert_frame.py", line 666, in compile_inner
W0529 09:06:01.995000 480 site-packages/torch/_dynamo/convert_frame.py:1125]     return _compile_inner(code, one_graph, hooks, transform)
W0529 09:06:01.995000 480 site-packages/torch/_dynamo/convert_frame.py:1125]            ^^^^^^^^^^^^^^^^^^^^^^^^^^^^^^^^^^^^^^^^^^^^^^^^^
W0529 09:06:01.995000 480 site-packages/torch/_dynamo/convert_frame.py:1125]   File "/usr/local/lib/python3.12/site-packages/torch/_utils_internal.py", line 87, in wrapper_function
W0529 09:06:01.995000 480 site-packages/torch/_dynamo/convert_frame.py:1125]     return function(*args, **kwargs)
W0529 09:06:01.995000 480 site-packages/torch/_dynamo/convert_frame.py:1125]            ^^^^^^^^^^^^^^^^^^^^^^^^^
W0529 09:06:01.995000 480 site-packages/torch/_dynamo/convert_frame.py:1125]   File "/usr/local/lib/python3.12/site-packages/torch/_dynamo/convert_frame.py", line 699, in _compile_inner
W0529 09:06:01.995000 480 site-packages/torch/_dynamo/convert_frame.py:1125]     out_code = transform_code_object(code, transform)
W0529 09:06:01.995000 480 site-packages/torch/_dynamo/convert_frame.py:1125]                ^^^^^^^^^^^^^^^^^^^^^^^^^^^^^^^^^^^^^^
W0529 09:06:01.995000 480 site-packages/torch/_dynamo/convert_frame.py:1125]   File "/usr/local/lib/python3.12/site-packages/torch/_dynamo/bytecode_transformation.py", line 1322, in transform_code_object
W0529 09:06:01.995000 480 site-packages/torch/_dynamo/convert_frame.py:1125]     transformations(instructions, code_options)
W0529 09:06:01.995000 480 site-packages/torch/_dynamo/convert_frame.py:1125]   File "/usr/local/lib/python3.12/site-packages/torch/_dynamo/convert_frame.py", line 219, in _fn
W0529 09:06:01.995000 480 site-packages/torch/_dynamo/convert_frame.py:1125]     return fn(*args, **kwargs)
W0529 09:06:01.995000 480 site-packages/torch/_dynamo/convert_frame.py:1125]            ^^^^^^^^^^^^^^^^^^^
W0529 09:06:01.995000 480 site-packages/torch/_dynamo/convert_frame.py:1125]   File "/usr/local/lib/python3.12/site-packages/torch/_dynamo/convert_frame.py", line 634, in transform
W0529 09:06:01.995000 480 site-packages/torch/_dynamo/convert_frame.py:1125]     tracer.run()
W0529 09:06:01.995000 480 site-packages/torch/_dynamo/convert_frame.py:1125]   File "/usr/local/lib/python3.12/site-packages/torch/_dynamo/symbolic_convert.py", line 2796, in run
W0529 09:06:01.995000 480 site-packages/torch/_dynamo/convert_frame.py:1125]     super().run()
W0529 09:06:01.995000 480 site-packages/torch/_dynamo/convert_frame.py:1125]   File "/usr/local/lib/python3.12/site-packages/torch/_dynamo/symbolic_convert.py", line 983, in run
W0529 09:06:01.995000 480 site-packages/torch/_dynamo/convert_frame.py:1125]     while self.step():
W0529 09:06:01.995000 480 site-packages/torch/_dynamo/convert_frame.py:1125]           ^^^^^^^^^^^
W0529 09:06:01.995000 480 site-packages/torch/_dynamo/convert_frame.py:1125]   File "/usr/local/lib/python3.12/site-packages/torch/_dynamo/symbolic_convert.py", line 895, in step
W0529 09:06:01.995000 480 site-packages/torch/_dynamo/convert_frame.py:1125]     self.dispatch_table[inst.opcode](self, inst)
W0529 09:06:01.995000 480 site-packages/torch/_dynamo/convert_frame.py:1125]   File "/usr/local/lib/python3.12/site-packages/torch/_dynamo/symbolic_convert.py", line 2987, in RETURN_VALUE
W0529 09:06:01.995000 480 site-packages/torch/_dynamo/convert_frame.py:1125]     self._return(inst)
W0529 09:06:01.995000 480 site-packages/torch/_dynamo/convert_frame.py:1125]   File "/usr/local/lib/python3.12/site-packages/torch/_dynamo/symbolic_convert.py", line 2972, in _return
W0529 09:06:01.995000 480 site-packages/torch/_dynamo/convert_frame.py:1125]     self.output.compile_subgraph(
W0529 09:06:01.995000 480 site-packages/torch/_dynamo/convert_frame.py:1125]   File "/usr/local/lib/python3.12/site-packages/torch/_dynamo/output_graph.py", line 1117, in compile_subgraph
W0529 09:06:01.995000 480 site-packages/torch/_dynamo/convert_frame.py:1125]     self.compile_and_call_fx_graph(tx, list(reversed(stack_values)), root)
W0529 09:06:01.995000 480 site-packages/torch/_dynamo/convert_frame.py:1125]   File "/usr/local/lib/python3.12/site-packages/torch/_dynamo/output_graph.py", line 1369, in compile_and_call_fx_graph
W0529 09:06:01.995000 480 site-packages/torch/_dynamo/convert_frame.py:1125]     compiled_fn = self.call_user_compiler(gm)
W0529 09:06:01.995000 480 site-packages/torch/_dynamo/convert_frame.py:1125]                   ^^^^^^^^^^^^^^^^^^^^^^^^^^^
W0529 09:06:01.995000 480 site-packages/torch/_dynamo/convert_frame.py:1125]   File "/usr/local/lib/python3.12/site-packages/torch/_dynamo/output_graph.py", line 1416, in call_user_compiler
W0529 09:06:01.995000 480 site-packages/torch/_dynamo/convert_frame.py:1125]     return self._call_user_compiler(gm)
W0529 09:06:01.995000 480 site-packages/torch/_dynamo/convert_frame.py:1125]            ^^^^^^^^^^^^^^^^^^^^^^^^^^^^
W0529 09:06:01.995000 480 site-packages/torch/_dynamo/convert_frame.py:1125]   File "/usr/local/lib/python3.12/site-packages/torch/_dynamo/output_graph.py", line 1465, in _call_user_compiler
W0529 09:06:01.995000 480 site-packages/torch/_dynamo/convert_frame.py:1125]     raise BackendCompilerFailed(self.compiler_fn, e) from e
W0529 09:06:01.995000 480 site-packages/torch/_dynamo/convert_frame.py:1125] torch._dynamo.exc.BackendCompilerFailed: backend='inductor' raised:
W0529 09:06:01.995000 480 site-packages/torch/_dynamo/convert_frame.py:1125] RuntimeError: mat1 and mat2 must have the same dtype, but got Double and Float
W0529 09:06:01.995000 480 site-packages/torch/_dynamo/convert_frame.py:1125] 
W0529 09:06:01.995000 480 site-packages/torch/_dynamo/convert_frame.py:1125] Set TORCH_LOGS="+dynamo" and TORCHDYNAMO_VERBOSE=1 for more information
W0529 09:06:01.995000 480 site-packages/torch/_dynamo/convert_frame.py:1125] 
Traceback (most recent call last):
  File "/data/results/lmstudio_prompt11_router_20260528-212821/call_acc/log_softmax_linear.py", line 35, in log_softmax_linear
    y = _log_softmax_linear_fast(input, weight, bias, dim, dtype)
        ^^^^^^^^^^^^^^^^^^^^^^^^^^^^^^^^^^^^^^^^^^^^^^^^^^^^^^^^^
  File "/usr/local/lib/python3.12/site-packages/torch/_dynamo/eval_frame.py", line 465, in _fn
    return fn(*args, **kwargs)
           ^^^^^^^^^^^^^^^^^^^
  File "/data/results/lmstudio_prompt11_router_20260528-212821/call_acc/log_softmax_linear.py", line 24, in _log_softmax_linear_impl
    out = F.linear(input, weight, bias)
          ^^^^^^^^^^^^^^^^^^^^^^^^^^^^^
RuntimeError: mat1 and mat2 must have the same dtype, but got Double and Float

During handling of the above exception, another exception occurred:

Traceback (most recent call last):
  File "/data/results/lmstudio_prompt11_router_20260528-212821/call_acc/log_softmax_linear.py", line 81, in <module>
    test_results = test_log_softmax_linear()
                   ^^^^^^^^^^^^^^^^^^^^^^^^^
  File "/data/results/lmstudio_prompt11_router_20260528-212821/call_acc/log_softmax_linear.py", line 77, in test_log_softmax_linear
    results["test_case_4"] = log_softmax_linear(input4, weight4, bias4, dtype=torch.float64)
                             ^^^^^^^^^^^^^^^^^^^^^^^^^^^^^^^^^^^^^^^^^^^^^^^^^^^^^^^^^^^^^^^
  File "/data/results/lmstudio_prompt11_router_20260528-212821/call_acc/log_softmax_linear.py", line 37, in log_softmax_linear
    y = _log_softmax_linear_impl(input, weight, bias, dim, dtype)
        ^^^^^^^^^^^^^^^^^^^^^^^^^^^^^^^^^^^^^^^^^^^^^^^^^^^^^^^^^
  File "/data/results/lmstudio_prompt11_router_20260528-212821/call_acc/log_softmax_linear.py", line 24, in _log_softmax_linear_impl
    out = F.linear(input, weight, bias)
          ^^^^^^^^^^^^^^^^^^^^^^^^^^^^^
RuntimeError: mat1 and mat2 must have the same dtype, but got Double and Float

=== Output for relu.py on GPU 0 ===

=== Errors for relu.py on GPU 0 ===

=== Output for least_squares_qr.py on GPU 0 ===

=== Errors for least_squares_qr.py on GPU 0 ===
Traceback (most recent call last):
  File "/data/results/lmstudio_prompt11_router_20260528-212821/call_acc/least_squares_qr.py", line 57, in <module>
    test_results = test_least_squares_qr()
                   ^^^^^^^^^^^^^^^^^^^^^^^
  File "/data/results/lmstudio_prompt11_router_20260528-212821/call_acc/least_squares_qr.py", line 47, in test_least_squares_qr
    results["test_case_1"] = least_squares_qr(A1, b1)
                             ^^^^^^^^^^^^^^^^^^^^^^^^
  File "/data/results/lmstudio_prompt11_router_20260528-212821/call_acc/least_squares_qr.py", line 29, in least_squares_qr
    x = torch.linalg.solve_triangular(R, Qt_b, upper=True)
        ^^^^^^^^^^^^^^^^^^^^^^^^^^^^^^^^^^^^^^^^^^^^^^^^^^
RuntimeError: linalg.solve_triangular: The input tensor B must have at least 2 dimensions.

=== Output for determinant_via_qr.py on GPU 0 ===

=== Errors for determinant_via_qr.py on GPU 0 ===

=== Output for fused_tile_exp.py on GPU 0 ===

=== Errors for fused_tile_exp.py on GPU 0 ===
Traceback (most recent call last):
  File "/data/results/lmstudio_prompt11_router_20260528-212821/call_acc/fused_tile_exp.py", line 60, in <module>
    test_results = test_fused_tile_exp()
                   ^^^^^^^^^^^^^^^^^^^^^
  File "/data/results/lmstudio_prompt11_router_20260528-212821/call_acc/fused_tile_exp.py", line 56, in test_fused_tile_exp
    results["test_case_4"] = fused_tile_exp(input4, dims4, out=out_tensor)
                             ^^^^^^^^^^^^^^^^^^^^^^^^^^^^^^^^^^^^^^^^^^^^^
  File "/data/results/lmstudio_prompt11_router_20260528-212821/call_acc/fused_tile_exp.py", line 24, in fused_tile_exp
    out.copy_(y)
RuntimeError: The size of tensor a (3) must match the size of tensor b (6) at non-singleton dimension 1

=== Output for sqrt_tanh.py on GPU 0 ===

=== Errors for sqrt_tanh.py on GPU 0 ===

=== Output for silu_batch_norm.py on GPU 0 ===

=== Errors for silu_batch_norm.py on GPU 0 ===
skipping cudagraphs due to mutated inputs (2 instances). Found from : 
   File "/data/results/lmstudio_prompt11_router_20260528-212821/call_acc/silu_batch_norm.py", line 23, in _silu_batch_norm_impl
    y = F.batch_norm(input, running_mean, running_var, weight, bias, training, momentum, eps)

skipping cudagraphs due to mutated inputs (2 instances). Found from : 
   File "/data/results/lmstudio_prompt11_router_20260528-212821/call_acc/silu_batch_norm.py", line 23, in _silu_batch_norm_impl
    y = F.batch_norm(input, running_mean, running_var, weight, bias, training, momentum, eps)


=== Output for index_fill_.py on GPU 0 ===

=== Errors for index_fill_.py on GPU 0 ===
Traceback (most recent call last):
  File "/data/results/lmstudio_prompt11_router_20260528-212821/call_acc/index_fill_.py", line 59, in <module>
    test_results = test_index_fill_()
                   ^^^^^^^^^^^^^^^^^^
  File "/data/results/lmstudio_prompt11_router_20260528-212821/call_acc/index_fill_.py", line 37, in test_index_fill_
    results["test_case_1"] = index_fill_(0, x1, index1, value1).cpu()
                             ^^^^^^^^^^^^^^^^^^^^^^^^^^^^^^^^^^
  File "/data/results/lmstudio_prompt11_router_20260528-212821/call_acc/index_fill_.py", line 22, in index_fill_
    return torch.index_fill_(input, dim, index, value)
           ^^^^^^^^^^^^^^^^^
  File "/usr/local/lib/python3.12/site-packages/torch/__init__.py", line 2562, in __getattr__
    raise AttributeError(f"module '{__name__}' has no attribute '{name}'")
AttributeError: module 'torch' has no attribute 'index_fill_'

=== Output for fused_cross_entropy_softmax_layernorm.py on GPU 0 ===

=== Errors for fused_cross_entropy_softmax_layernorm.py on GPU 0 ===

=== Output for mean.py on GPU 0 ===

=== Errors for mean.py on GPU 0 ===

=== Output for eig.py on GPU 0 ===

=== Errors for eig.py on GPU 0 ===

=== Output for logsumexp.py on GPU 0 ===

=== Errors for logsumexp.py on GPU 0 ===

=== Output for fused_embedding_add_tanh.py on GPU 0 ===

=== Errors for fused_embedding_add_tanh.py on GPU 0 ===

=== Output for fused_mv_sigmoid_sub.py on GPU 0 ===

=== Errors for fused_mv_sigmoid_sub.py on GPU 0 ===

=== Output for add_gelu.py on GPU 0 ===

=== Errors for add_gelu.py on GPU 0 ===
Traceback (most recent call last):
  File "/data/results/lmstudio_prompt11_router_20260528-212821/call_acc/add_gelu.py", line 90, in <module>
    test_results = test_add_gelu()
                   ^^^^^^^^^^^^^^^
  File "/data/results/lmstudio_prompt11_router_20260528-212821/call_acc/add_gelu.py", line 74, in test_add_gelu
    results["test_case_1"] = add_gelu(input_tensor, other_tensor)
                             ^^^^^^^^^^^^^^^^^^^^^^^^^^^^^^^^^^^^
  File "/data/results/lmstudio_prompt11_router_20260528-212821/call_acc/add_gelu.py", line 51, in add_gelu
    M, N = input.shape
    ^^^^
ValueError: not enough values to unpack (expected 2, got 1)

=== Output for fused_cosine_embedding_loss_with_normalization.py on GPU 0 ===

=== Errors for fused_cosine_embedding_loss_with_normalization.py on GPU 0 ===

=== Output for fused_transformer_block.py on GPU 0 ===

=== Errors for fused_transformer_block.py on GPU 0 ===
W0529 09:07:49.543000 826 site-packages/torch/_inductor/utils.py:1048] [0/0] Not enough SMs to use max_autotune_gemm mode

=== Output for log1p.py on GPU 0 ===

=== Errors for log1p.py on GPU 0 ===

=== Output for sigmoid_batch_norm.py on GPU 0 ===

=== Errors for sigmoid_batch_norm.py on GPU 0 ===

=== Output for fused_hardsigmoid_batch_norm.py on GPU 0 ===

=== Errors for fused_hardsigmoid_batch_norm.py on GPU 0 ===

=== Output for zeta.py on GPU 0 ===

=== Errors for zeta.py on GPU 0 ===

=== Output for symmetric_matrix_vector_norm.py on GPU 0 ===

=== Errors for symmetric_matrix_vector_norm.py on GPU 0 ===

=== Output for softplus_linear.py on GPU 0 ===

=== Errors for softplus_linear.py on GPU 0 ===
W0529 09:08:33.123000 1006 site-packages/torch/_inductor/utils.py:1048] [0/0] Not enough SMs to use max_autotune_gemm mode

=== Output for fused_svd_reconstruct.py on GPU 0 ===

=== Errors for fused_svd_reconstruct.py on GPU 0 ===
Traceback (most recent call last):
  File "/data/results/lmstudio_prompt11_router_20260528-212821/call_acc/fused_svd_reconstruct.py", line 52, in <module>
    test_results = test_fused_svd_reconstruct()
                   ^^^^^^^^^^^^^^^^^^^^^^^^^^^^
  File "/data/results/lmstudio_prompt11_router_20260528-212821/call_acc/fused_svd_reconstruct.py", line 40, in test_fused_svd_reconstruct
    results["test_case_2"] = fused_svd_reconstruct(A2)
                             ^^^^^^^^^^^^^^^^^^^^^^^^^
  File "/data/results/lmstudio_prompt11_router_20260528-212821/call_acc/fused_svd_reconstruct.py", line 23, in fused_svd_reconstruct
    return U @ torch.diag(S) @ Vh
           ~~^~~~~~~~~~~~~~~
RuntimeError: mat1 and mat2 shapes cannot be multiplied (3x3 and 2x2)

=== Output for fused_mul_add_logsoftmax_dropout_bmm.py on GPU 0 ===

=== Errors for fused_mul_add_logsoftmax_dropout_bmm.py on GPU 0 ===
W0529 09:08:50.098000 1089 site-packages/torch/_inductor/utils.py:1048] [0/0] Not enough SMs to use max_autotune_gemm mode

=== Output for selu.py on GPU 0 ===

=== Errors for selu.py on GPU 0 ===
Traceback (most recent call last):
  File "/usr/local/lib/python3.12/site-packages/triton/language/core.py", line 35, in wrapper
    return fn(*args, **kwargs)
           ^^^^^^^^^^^^^^^^^^^
  File "/usr/local/lib/python3.12/site-packages/triton/language/core.py", line 1597, in load
    return semantic.load(pointer, mask, other, boundary_check, padding_option, cache_modifier, eviction_policy,
           ^^^^^^^^^^^^^^^^^^^^^^^^^^^^^^^^^^^^^^^^^^^^^^^^^^^^^^^^^^^^^^^^^^^^^^^^^^^^^^^^^^^^^^^^^^^^^^^^^^^^
  File "/usr/local/lib/python3.12/site-packages/triton/language/semantic.py", line 1037, in load
    return _load_legacy(ptr, mask, other, boundary_check, padding, cache, eviction, is_volatile, builder)
           ^^^^^^^^^^^^^^^^^^^^^^^^^^^^^^^^^^^^^^^^^^^^^^^^^^^^^^^^^^^^^^^^^^^^^^^^^^^^^^^^^^^^^^^^^^^^^^
  File "/usr/local/lib/python3.12/site-packages/triton/language/semantic.py", line 969, in _load_legacy
    raise ValueError(f"Unsupported ptr type {ptr.type.__repr__()} in `tl.load`")
ValueError: Unsupported ptr type <[1024], int64> in `tl.load`

The above exception was the direct cause of the following exception:

Traceback (most recent call last):
  File "/data/results/lmstudio_prompt11_router_20260528-212821/call_acc/selu.py", line 75, in <module>
    test_results = test_selu()
                   ^^^^^^^^^^^
  File "/data/results/lmstudio_prompt11_router_20260528-212821/call_acc/selu.py", line 59, in test_selu
    results["test_case_1"] = selu(input_tensor_1)
                             ^^^^^^^^^^^^^^^^^^^^
  File "/data/results/lmstudio_prompt11_router_20260528-212821/call_acc/selu.py", line 45, in selu
    _selu_kernel[grid](input.data_ptr(), out.data_ptr(), n_elements, BLOCK_SIZE)
  File "/usr/local/lib/python3.12/site-packages/triton/runtime/jit.py", line 345, in <lambda>
    return lambda *args, **kwargs: self.run(grid=grid, warmup=False, *args, **kwargs)
                                   ^^^^^^^^^^^^^^^^^^^^^^^^^^^^^^^^^^^^^^^^^^^^^^^^^^
  File "/usr/local/lib/python3.12/site-packages/triton/runtime/jit.py", line 662, in run
    kernel = self.compile(
             ^^^^^^^^^^^^^
  File "/usr/local/lib/python3.12/site-packages/triton/compiler/compiler.py", line 276, in compile
    module = src.make_ir(options, codegen_fns, context)
             ^^^^^^^^^^^^^^^^^^^^^^^^^^^^^^^^^^^^^^^^^^
  File "/usr/local/lib/python3.12/site-packages/triton/compiler/compiler.py", line 113, in make_ir
    return ast_to_ttir(self.fn, self, context=context, options=options, codegen_fns=codegen_fns)
           ^^^^^^^^^^^^^^^^^^^^^^^^^^^^^^^^^^^^^^^^^^^^^^^^^^^^^^^^^^^^^^^^^^^^^^^^^^^^^^^^^^^^^
triton.compiler.errors.CompilationError: at 6:8:
def _selu_kernel(x_ptr, out_ptr, n_elements, BLOCK_SIZE: tl.constexpr):
    pid = tl.program_id(0)
    block_start = pid * BLOCK_SIZE
    offsets = block_start + tl.arange(0, BLOCK_SIZE)
    mask = offsets < n_elements
    x = tl.load(x_ptr + offsets, mask=mask)
        ^

=== Output for scaled_add_norm.py on GPU 0 ===

=== Errors for scaled_add_norm.py on GPU 0 ===

=== Output for leaky_relu_conv2d.py on GPU 0 ===

=== Errors for leaky_relu_conv2d.py on GPU 0 ===
W0529 09:09:13.539000 1197 site-packages/torch/_inductor/utils.py:1048] [0/0] Not enough SMs to use max_autotune_gemm mode

=== Output for sqrt_exp.py on GPU 0 ===

=== Errors for sqrt_exp.py on GPU 0 ===

=== Output for cos_avg_pool1d.py on GPU 0 ===

=== Errors for cos_avg_pool1d.py on GPU 0 ===

=== Output for sum_std.py on GPU 0 ===

=== Errors for sum_std.py on GPU 0 ===
/data/results/lmstudio_prompt11_router_20260528-212821/call_acc/sum_std.py:24: UserWarning: std(): degrees of freedom is <= 0. Correction should be strictly less than the reduction factor (input numel divided by output numel). (Triggered internally at ../aten/src/ATen/native/ReduceOps.cpp:1823.)
  y = torch.std(torch.sum(input, dim=dim, keepdim=keepdim), dim=dim if keepdim else None, keepdim=keepdim, correction=correction)

=== Output for mul_relu.py on GPU 0 ===

=== Errors for mul_relu.py on GPU 0 ===

=== Output for gelu_conv2d.py on GPU 0 ===

=== Errors for gelu_conv2d.py on GPU 0 ===
W0529 09:09:53.014000 1358 site-packages/torch/_inductor/utils.py:1048] [0/0] Not enough SMs to use max_autotune_gemm mode

=== Output for fused_instance_norm_selu_conv2d.py on GPU 0 ===

=== Errors for fused_instance_norm_selu_conv2d.py on GPU 0 ===
W0529 09:10:12.948000 1452 site-packages/torch/_inductor/utils.py:1048] [0/0_1] Not enough SMs to use max_autotune_gemm mode
Traceback (most recent call last):
  File "/data/results/lmstudio_prompt11_router_20260528-212821/call_acc/fused_instance_norm_selu_conv2d.py", line 34, in fused_instance_norm_selu_conv2d
    y = _fused_instance_norm_selu_conv2d_fast(input, weight, bias, stride, padding, dilation, groups, eps, momentum, affine, track_running_stats)
        ^^^^^^^^^^^^^^^^^^^^^^^^^^^^^^^^^^^^^^^^^^^^^^^^^^^^^^^^^^^^^^^^^^^^^^^^^^^^^^^^^^^^^^^^^^^^^^^^^^^^^^^^^^^^^^^^^^^^^^^^^^^^^^^^^^^^^^^^^
  File "/usr/local/lib/python3.12/site-packages/torch/_dynamo/eval_frame.py", line 465, in _fn
    return fn(*args, **kwargs)
           ^^^^^^^^^^^^^^^^^^^
  File "/data/results/lmstudio_prompt11_router_20260528-212821/call_acc/fused_instance_norm_selu_conv2d.py", line 21, in _fused_instance_norm_selu_conv2d_impl
    def _fused_instance_norm_selu_conv2d_impl(input, weight, bias, stride, padding, dilation, groups, eps, momentum, affine, track_running_stats):
TypeError: instance_norm() takes from 1 to 8 positional arguments but 10 were given

During handling of the above exception, another exception occurred:

Traceback (most recent call last):
  File "/data/results/lmstudio_prompt11_router_20260528-212821/call_acc/fused_instance_norm_selu_conv2d.py", line 69, in <module>
    test_results = test_fused_instance_norm_selu_conv2d()
                   ^^^^^^^^^^^^^^^^^^^^^^^^^^^^^^^^^^^^^^
  File "/data/results/lmstudio_prompt11_router_20260528-212821/call_acc/fused_instance_norm_selu_conv2d.py", line 59, in test_fused_instance_norm_selu_conv2d
    results["test_case_1"] = fused_instance_norm_selu_conv2d(input_tensor, weight_tensor)
                             ^^^^^^^^^^^^^^^^^^^^^^^^^^^^^^^^^^^^^^^^^^^^^^^^^^^^^^^^^^^^
  File "/data/results/lmstudio_prompt11_router_20260528-212821/call_acc/fused_instance_norm_selu_conv2d.py", line 36, in fused_instance_norm_selu_conv2d
    y = _fused_instance_norm_selu_conv2d_impl(input, weight, bias, stride, padding, dilation, groups, eps, momentum, affine, track_running_stats)
        ^^^^^^^^^^^^^^^^^^^^^^^^^^^^^^^^^^^^^^^^^^^^^^^^^^^^^^^^^^^^^^^^^^^^^^^^^^^^^^^^^^^^^^^^^^^^^^^^^^^^^^^^^^^^^^^^^^^^^^^^^^^^^^^^^^^^^^^^^
  File "/data/results/lmstudio_prompt11_router_20260528-212821/call_acc/fused_instance_norm_selu_conv2d.py", line 24, in _fused_instance_norm_selu_conv2d_impl
    x = F.instance_norm(x, None, None, None, None, True, eps, momentum, affine, track_running_stats)
        ^^^^^^^^^^^^^^^^^^^^^^^^^^^^^^^^^^^^^^^^^^^^^^^^^^^^^^^^^^^^^^^^^^^^^^^^^^^^^^^^^^^^^^^^^^^^
TypeError: instance_norm() takes from 1 to 8 positional arguments but 10 were given

=== Output for fused_fractional_max_pool2d_with_relu.py on GPU 0 ===

=== Errors for fused_fractional_max_pool2d_with_relu.py on GPU 0 ===

=== Output for chebyshev_polynomial_t.py on GPU 0 ===

=== Errors for chebyshev_polynomial_t.py on GPU 0 ===
Traceback (most recent call last):
  File "/data/results/lmstudio_prompt11_router_20260528-212821/call_acc/chebyshev_polynomial_t.py", line 89, in <module>
    test_results = test_chebyshev_polynomial_t()
                   ^^^^^^^^^^^^^^^^^^^^^^^^^^^^^
  File "/data/results/lmstudio_prompt11_router_20260528-212821/call_acc/chebyshev_polynomial_t.py", line 70, in test_chebyshev_polynomial_t
    results["test_case_1"] = chebyshev_polynomial_t(input_tensor_1, n_1)
                             ^^^^^^^^^^^^^^^^^^^^^^^^^^^^^^^^^^^^^^^^^^^
  File "/data/results/lmstudio_prompt11_router_20260528-212821/call_acc/chebyshev_polynomial_t.py", line 44, in chebyshev_polynomial_t
    n_val = n.item() if n.numel() == 1 else int(n)
                        ^^^^^^^
AttributeError: 'int' object has no attribute 'numel'

=== Output for logit.py on GPU 0 ===

=== Errors for logit.py on GPU 0 ===

=== Output for solve_symmetric_ldl.py on GPU 0 ===

=== Errors for solve_symmetric_ldl.py on GPU 0 ===
Traceback (most recent call last):
  File "/data/results/lmstudio_prompt11_router_20260528-212821/call_acc/solve_symmetric_ldl.py", line 72, in <module>
    test_results = test_solve_symmetric_ldl()
                   ^^^^^^^^^^^^^^^^^^^^^^^^^^
  File "/data/results/lmstudio_prompt11_router_20260528-212821/call_acc/solve_symmetric_ldl.py", line 45, in test_solve_symmetric_ldl
    results["test_case_2"] = solve_symmetric_ldl(A2, b2, hermitian=True)
                             ^^^^^^^^^^^^^^^^^^^^^^^^^^^^^^^^^^^^^^^^^^^
  File "/data/results/lmstudio_prompt11_router_20260528-212821/call_acc/solve_symmetric_ldl.py", line 22, in solve_symmetric_ldl
    y = torch.linalg.solve(A, b)
        ^^^^^^^^^^^^^^^^^^^^^^^^
RuntimeError: linalg.solve: Expected A and B to have the same dtype, but found A of type ComplexFloat and B of type Float instead

=== Output for exp_sqrt.py on GPU 0 ===

=== Errors for exp_sqrt.py on GPU 0 ===

=== Output for combined_activation.py on GPU 0 ===

=== Errors for combined_activation.py on GPU 0 ===

=== Output for scaled_add_dot.py on GPU 0 ===

=== Errors for scaled_add_dot.py on GPU 0 ===

=== Output for tensordot.py on GPU 0 ===

=== Errors for tensordot.py on GPU 0 ===

=== Output for qr.py on GPU 0 ===

=== Errors for qr.py on GPU 0 ===

=== Output for asin.py on GPU 0 ===

=== Errors for asin.py on GPU 0 ===

=== Output for fused_masked_select_add_gelu.py on GPU 0 ===

=== Errors for fused_masked_select_add_gelu.py on GPU 0 ===

=== Output for fused_pairwise_distance_adaptive_avg_pool2d.py on GPU 0 ===

=== Errors for fused_pairwise_distance_adaptive_avg_pool2d.py on GPU 0 ===

=== Output for add_mean.py on GPU 0 ===

=== Errors for add_mean.py on GPU 0 ===

=== Output for fused_layer_norm_relu_linear.py on GPU 0 ===

=== Errors for fused_layer_norm_relu_linear.py on GPU 0 ===
W0529 09:11:39.632000 1654 site-packages/torch/_inductor/utils.py:1048] [0/0_1] Not enough SMs to use max_autotune_gemm mode
Traceback (most recent call last):
  File "/data/results/lmstudio_prompt11_router_20260528-212821/call_acc/fused_layer_norm_relu_linear.py", line 54, in fused_layer_norm_relu_linear
    y = _fused_layer_norm_relu_linear_fast(
        ^^^^^^^^^^^^^^^^^^^^^^^^^^^^^^^^^^^
  File "/usr/local/lib/python3.12/site-packages/torch/_dynamo/eval_frame.py", line 465, in _fn
    return fn(*args, **kwargs)
           ^^^^^^^^^^^^^^^^^^^
  File "/data/results/lmstudio_prompt11_router_20260528-212821/call_acc/fused_layer_norm_relu_linear.py", line 23, in _fused_layer_norm_relu_linear_impl
    def _fused_layer_norm_relu_linear_impl(
  File "/usr/local/lib/python3.12/site-packages/torch/nn/functional.py", line 2900, in layer_norm
    return torch.layer_norm(
           ^^^^^^^^^^^^^^^^^
TypeError: layer_norm(): argument 'normalized_shape' (position 2) must be tuple of ints, not int

During handling of the above exception, another exception occurred:

Traceback (most recent call last):
  File "/data/results/lmstudio_prompt11_router_20260528-212821/call_acc/fused_layer_norm_relu_linear.py", line 103, in <module>
    test_results = test_fused_layer_norm_relu_linear()
                   ^^^^^^^^^^^^^^^^^^^^^^^^^^^^^^^^^^^
  File "/data/results/lmstudio_prompt11_router_20260528-212821/call_acc/fused_layer_norm_relu_linear.py", line 78, in test_fused_layer_norm_relu_linear
    results["test_case_1"] = fused_layer_norm_relu_linear(input1, weight1, bias1, normalized_shape1)
                             ^^^^^^^^^^^^^^^^^^^^^^^^^^^^^^^^^^^^^^^^^^^^^^^^^^^^^^^^^^^^^^^^^^^^^^^
  File "/data/results/lmstudio_prompt11_router_20260528-212821/call_acc/fused_layer_norm_relu_linear.py", line 58, in fused_layer_norm_relu_linear
    y = _fused_layer_norm_relu_linear_impl(
        ^^^^^^^^^^^^^^^^^^^^^^^^^^^^^^^^^^^
  File "/data/results/lmstudio_prompt11_router_20260528-212821/call_acc/fused_layer_norm_relu_linear.py", line 33, in _fused_layer_norm_relu_linear_impl
    y = F.layer_norm(y, normalized_shape, eps=eps)
        ^^^^^^^^^^^^^^^^^^^^^^^^^^^^^^^^^^^^^^^^^^
  File "/usr/local/lib/python3.12/site-packages/torch/nn/functional.py", line 2900, in layer_norm
    return torch.layer_norm(
           ^^^^^^^^^^^^^^^^^
TypeError: layer_norm(): argument 'normalized_shape' (position 2) must be tuple of ints, not int

=== Output for fused_add_mul_groupnorm.py on GPU 0 ===

=== Errors for fused_add_mul_groupnorm.py on GPU 0 ===

=== Output for SGD.py on GPU 0 ===

=== Errors for SGD.py on GPU 0 ===
Traceback (most recent call last):
  File "/data/results/lmstudio_prompt11_router_20260528-212821/call_acc/SGD.py", line 95, in <module>
    test_results = test_SGD()
                   ^^^^^^^^^^
  File "/data/results/lmstudio_prompt11_router_20260528-212821/call_acc/SGD.py", line 66, in test_SGD
    loss = SGD(model, input, target, loss_fn)
           ^^^^^^^^^^^^^^^^^^^^^^^^^^^^^^^^^^
  File "/data/results/lmstudio_prompt11_router_20260528-212821/call_acc/SGD.py", line 21, in SGD
    for p in params:
TypeError: 'SimpleModel' object is not iterable

=== Output for relu_batch_norm_conv2d.py on GPU 0 ===
Output tensor shape: torch.Size([4, 6, 32, 32])

=== Errors for relu_batch_norm_conv2d.py on GPU 0 ===

=== Output for conv2d.py on GPU 0 ===

=== Errors for conv2d.py on GPU 0 ===

=== Output for normalized_cosine_similarity.py on GPU 0 ===

=== Errors for normalized_cosine_similarity.py on GPU 0 ===

=== Output for fused_cholesky_solve.py on GPU 0 ===

=== Errors for fused_cholesky_solve.py on GPU 0 ===

=== Output for matmul.py on GPU 0 ===

=== Errors for matmul.py on GPU 0 ===

=== Output for fused_gather_masked_fill.py on GPU 0 ===

=== Errors for fused_gather_masked_fill.py on GPU 0 ===

=== Output for fused_cross_entropy_log_softmax.py on GPU 0 ===

=== Errors for fused_cross_entropy_log_softmax.py on GPU 0 ===
Traceback (most recent call last):
  File "/data/results/lmstudio_prompt11_router_20260528-212821/call_acc/fused_cross_entropy_log_softmax.py", line 58, in <module>
    test_results = test_fused_cross_entropy_log_softmax()
                   ^^^^^^^^^^^^^^^^^^^^^^^^^^^^^^^^^^^^^^
  File "/data/results/lmstudio_prompt11_router_20260528-212821/call_acc/fused_cross_entropy_log_softmax.py", line 38, in test_fused_cross_entropy_log_softmax
    results["test_case_1"] = fused_cross_entropy_log_softmax(input, target)
                             ^^^^^^^^^^^^^^^^^^^^^^^^^^^^^^^^^^^^^^^^^^^^^^
  File "/data/results/lmstudio_prompt11_router_20260528-212821/call_acc/fused_cross_entropy_log_softmax.py", line 23, in fused_cross_entropy_log_softmax
    return F.cross_entropy(input, target, weight=weight, ignore_index=ignore_index, reduction=reduction, label_smoothing=label_smoothing, dim=dim)
           ^^^^^^^^^^^^^^^^^^^^^^^^^^^^^^^^^^^^^^^^^^^^^^^^^^^^^^^^^^^^^^^^^^^^^^^^^^^^^^^^^^^^^^^^^^^^^^^^^^^^^^^^^^^^^^^^^^^^^^^^^^^^^^^^^^^^^^^
TypeError: cross_entropy() got an unexpected keyword argument 'dim'

=== Output for addmm.py on GPU 0 ===

=== Errors for addmm.py on GPU 0 ===

=== Output for fused_qr_solve.py on GPU 0 ===

=== Errors for fused_qr_solve.py on GPU 0 ===
Traceback (most recent call last):
  File "/data/results/lmstudio_prompt11_router_20260528-212821/call_acc/fused_qr_solve.py", line 55, in <module>
    test_results = test_fused_qr_solve()
                   ^^^^^^^^^^^^^^^^^^^^^
  File "/data/results/lmstudio_prompt11_router_20260528-212821/call_acc/fused_qr_solve.py", line 41, in test_fused_qr_solve
    results["test_case_2"] = fused_qr_solve(A2, b2)
                             ^^^^^^^^^^^^^^^^^^^^^^
  File "/data/results/lmstudio_prompt11_router_20260528-212821/call_acc/fused_qr_solve.py", line 22, in fused_qr_solve
    return torch.linalg.solve(A, b)
           ^^^^^^^^^^^^^^^^^^^^^^^^
RuntimeError: linalg.solve: A must be batches of square matrices, but they are 3 by 2 matrices

=== Output for sigmoid_adaptive_avg_pool2d.py on GPU 0 ===

=== Errors for sigmoid_adaptive_avg_pool2d.py on GPU 0 ===

=== Output for cos.py on GPU 0 ===

=== Errors for cos.py on GPU 0 ===

=== Output for fused_bmm_dropout_gelu.py on GPU 0 ===

=== Errors for fused_bmm_dropout_gelu.py on GPU 0 ===
W0529 09:13:08.049000 1814 site-packages/torch/_inductor/utils.py:1048] [0/0] Not enough SMs to use max_autotune_gemm mode

=== Output for trunc.py on GPU 0 ===

=== Errors for trunc.py on GPU 0 ===

=== Output for matrix_power_eig.py on GPU 0 ===

=== Errors for matrix_power_eig.py on GPU 0 ===
Traceback (most recent call last):
  File "/data/results/lmstudio_prompt11_router_20260528-212821/call_acc/matrix_power_eig.py", line 52, in <module>
    test_results = test_matrix_power_eig()
                   ^^^^^^^^^^^^^^^^^^^^^^^
  File "/data/results/lmstudio_prompt11_router_20260528-212821/call_acc/matrix_power_eig.py", line 43, in test_matrix_power_eig
    results["test_case_2"] = matrix_power_eig(A2, k2)
                             ^^^^^^^^^^^^^^^^^^^^^^^^
  File "/data/results/lmstudio_prompt11_router_20260528-212821/call_acc/matrix_power_eig.py", line 24, in matrix_power_eig
    return torch.matrix_power(A, k)
           ^^^^^^^^^^^^^^^^^^^^^^^^
TypeError: matrix_power(): argument 'n' (position 2) must be int, not float

=== Output for log_tanh.py on GPU 0 ===

=== Errors for log_tanh.py on GPU 0 ===
Traceback (most recent call last):
  File "/data/results/lmstudio_prompt11_router_20260528-212821/call_acc/log_tanh.py", line 80, in <module>
    test_results = test_log_tanh()
                   ^^^^^^^^^^^^^^^
  File "/data/results/lmstudio_prompt11_router_20260528-212821/call_acc/log_tanh.py", line 59, in test_log_tanh
    results["test_case_1"] = log_tanh(input1)
                             ^^^^^^^^^^^^^^^^
  File "/data/results/lmstudio_prompt11_router_20260528-212821/call_acc/log_tanh.py", line 35, in log_tanh
    _log_tanh_kernel[grid](input, out, n, BLOCK_SIZE=BLOCK_SIZE)
  File "/usr/local/lib/python3.12/site-packages/triton/runtime/jit.py", line 345, in <lambda>
    return lambda *args, **kwargs: self.run(grid=grid, warmup=False, *args, **kwargs)
                                   ^^^^^^^^^^^^^^^^^^^^^^^^^^^^^^^^^^^^^^^^^^^^^^^^^^
  File "/usr/local/lib/python3.12/site-packages/triton/runtime/jit.py", line 662, in run
    kernel = self.compile(
             ^^^^^^^^^^^^^
  File "/usr/local/lib/python3.12/site-packages/triton/compiler/compiler.py", line 240, in compile
    key = f"{triton_key()}-{src.hash()}-{backend.hash()}-{options.hash()}-{str(sorted(env_vars.items()))}"
                            ^^^^^^^^^^
  File "/usr/local/lib/python3.12/site-packages/triton/compiler/compiler.py", line 109, in hash
    key = f"{self.fn.cache_key}-{self.attrs.hash()}-{sorted_sig}-{sorted_constants}"
             ^^^^^^^^^^^^^^^^^
  File "/usr/local/lib/python3.12/site-packages/triton/runtime/jit.py", line 758, in cache_key
    dependencies_finder.visit(self.parse())
  File "/usr/local/lib/python3.12/ast.py", line 407, in visit
    return visitor(node)
           ^^^^^^^^^^^^^
  File "/usr/local/lib/python3.12/ast.py", line 415, in generic_visit
    self.visit(item)
  File "/usr/local/lib/python3.12/ast.py", line 407, in visit
    return visitor(node)
           ^^^^^^^^^^^^^
  File "/usr/local/lib/python3.12/site-packages/triton/runtime/jit.py", line 167, in visit_FunctionDef
    self.generic_visit(node)
  File "/usr/local/lib/python3.12/ast.py", line 415, in generic_visit
    self.visit(item)
  File "/usr/local/lib/python3.12/ast.py", line 407, in visit
    return visitor(node)
           ^^^^^^^^^^^^^
  File "/usr/local/lib/python3.12/site-packages/triton/runtime/jit.py", line 221, in visit_Assign
    self.generic_visit(node)
  File "/usr/local/lib/python3.12/ast.py", line 417, in generic_visit
    self.visit(value)
  File "/usr/local/lib/python3.12/ast.py", line 407, in visit
    return visitor(node)
           ^^^^^^^^^^^^^
  File "/usr/local/lib/python3.12/site-packages/triton/runtime/jit.py", line 127, in visit_Call
    func = self.visit(node.func)
           ^^^^^^^^^^^^^^^^^^^^^
  File "/usr/local/lib/python3.12/ast.py", line 407, in visit
    return visitor(node)
           ^^^^^^^^^^^^^
  File "/usr/local/lib/python3.12/site-packages/triton/runtime/jit.py", line 117, in visit_Attribute
    return getattr(lhs, node.attr)
           ^^^^^^^^^^^^^^^^^^^^^^^
AttributeError: module 'triton.language' has no attribute 'tanh'. Did you mean: 'trans'?

=== Output for exp.py on GPU 0 ===

=== Errors for exp.py on GPU 0 ===

=== Output for matrix_multiply_symmetric.py on GPU 0 ===

=== Errors for matrix_multiply_symmetric.py on GPU 0 ===

=== Output for fused_avg_pool2d_cosine_similarity.py on GPU 0 ===

=== Errors for fused_avg_pool2d_cosine_similarity.py on GPU 0 ===

=== Output for fused_hardshrink_dropout.py on GPU 0 ===

=== Errors for fused_hardshrink_dropout.py on GPU 0 ===

=== Output for erfc_sqrt.py on GPU 0 ===

=== Errors for erfc_sqrt.py on GPU 0 ===

=== Output for tensordot_rsqrt.py on GPU 0 ===

=== Errors for tensordot_rsqrt.py on GPU 0 ===

=== Output for softmax_log.py on GPU 0 ===

=== Errors for softmax_log.py on GPU 0 ===

=== Output for dropout_sigmoid_linear.py on GPU 0 ===

=== Errors for dropout_sigmoid_linear.py on GPU 0 ===
W0529 09:14:07.429000 1917 site-packages/torch/_inductor/utils.py:1048] [0/0] Not enough SMs to use max_autotune_gemm mode

=== Output for batch_norm.py on GPU 0 ===

=== Errors for batch_norm.py on GPU 0 ===

=== Output for gammaln.py on GPU 0 ===

=== Errors for gammaln.py on GPU 0 ===

=== Output for bitwise_and.py on GPU 0 ===

=== Errors for bitwise_and.py on GPU 0 ===

=== Output for sub_gelu.py on GPU 0 ===

=== Errors for sub_gelu.py on GPU 0 ===
Traceback (most recent call last):
  File "/data/results/lmstudio_prompt11_router_20260528-212821/call_acc/sub_gelu.py", line 74, in <module>
    test_results = test_sub_gelu()
                   ^^^^^^^^^^^^^^^
  File "/data/results/lmstudio_prompt11_router_20260528-212821/call_acc/sub_gelu.py", line 59, in test_sub_gelu
    results["test_case_1"] = sub_gelu(input_tensor, other_tensor)
                             ^^^^^^^^^^^^^^^^^^^^^^^^^^^^^^^^^^^^
  File "/data/results/lmstudio_prompt11_router_20260528-212821/call_acc/sub_gelu.py", line 40, in sub_gelu
    M, N = input.shape
    ^^^^
ValueError: not enough values to unpack (expected 2, got 1)

=== Output for gelu_std.py on GPU 0 ===

=== Errors for gelu_std.py on GPU 0 ===

=== Output for permute_copy.py on GPU 0 ===

=== Errors for permute_copy.py on GPU 0 ===

=== Output for digamma.py on GPU 0 ===

=== Errors for digamma.py on GPU 0 ===

=== Output for softmax_mul.py on GPU 0 ===

=== Errors for softmax_mul.py on GPU 0 ===

=== Output for bitwise_and_binomial.py on GPU 0 ===

=== Errors for bitwise_and_binomial.py on GPU 0 ===
Traceback (most recent call last):
  File "/data/results/lmstudio_prompt11_router_20260528-212821/call_acc/bitwise_and_binomial.py", line 54, in <module>
    test_results = test_bitwise_and_binomial()
                   ^^^^^^^^^^^^^^^^^^^^^^^^^^^
  File "/data/results/lmstudio_prompt11_router_20260528-212821/call_acc/bitwise_and_binomial.py", line 39, in test_bitwise_and_binomial
    results["test_case_1"] = bitwise_and_binomial(input_tensor, other_tensor, total_count, probs=probs)
                             ^^^^^^^^^^^^^^^^^^^^^^^^^^^^^^^^^^^^^^^^^^^^^^^^^^^^^^^^^^^^^^^^^^^^^^^^^^
  File "/data/results/lmstudio_prompt11_router_20260528-212821/call_acc/bitwise_and_binomial.py", line 22, in bitwise_and_binomial
    return torch.binomial(torch.bitwise_and(input, other), probs=probs, logits=logits)
           ^^^^^^^^^^^^^^^^^^^^^^^^^^^^^^^^^^^^^^^^^^^^^^^^^^^^^^^^^^^^^^^^^^^^^^^^^^^
TypeError: binomial() missing 1 required positional arguments: "prob"

=== Output for rad2deg_sqrt.py on GPU 0 ===

=== Errors for rad2deg_sqrt.py on GPU 0 ===

=== Output for bessel_j1.py on GPU 0 ===

=== Errors for bessel_j1.py on GPU 0 ===

=== Output for lu.py on GPU 0 ===

=== Errors for lu.py on GPU 0 ===

=== Output for gelu_min.py on GPU 0 ===

=== Errors for gelu_min.py on GPU 0 ===
Traceback (most recent call last):
  File "/data/results/lmstudio_prompt11_router_20260528-212821/call_acc/gelu_min.py", line 59, in <module>
    test_results = test_gelu_min()
                   ^^^^^^^^^^^^^^^
  File "/data/results/lmstudio_prompt11_router_20260528-212821/call_acc/gelu_min.py", line 43, in test_gelu_min
    results['test_case_1'] = gelu_min(input_tensor)
                             ^^^^^^^^^^^^^^^^^^^^^^
  File "/data/results/lmstudio_prompt11_router_20260528-212821/call_acc/gelu_min.py", line 23, in gelu_min
    y = torch.min(y, dim=dim, keepdim=keepdim)
        ^^^^^^^^^^^^^^^^^^^^^^^^^^^^^^^^^^^^^^
RuntimeError: Please look up dimensions by name, got: name = None.

=== Output for grid_sample_with_affine.py on GPU 0 ===

=== Errors for grid_sample_with_affine.py on GPU 0 ===
Traceback (most recent call last):
  File "/data/results/lmstudio_prompt11_router_20260528-212821/call_acc/grid_sample_with_affine.py", line 50, in <module>
    test_results = test_grid_sample_with_affine()
                   ^^^^^^^^^^^^^^^^^^^^^^^^^^^^^^
  File "/data/results/lmstudio_prompt11_router_20260528-212821/call_acc/grid_sample_with_affine.py", line 37, in test_grid_sample_with_affine
    results["test_case_1"] = grid_sample_with_affine(input_tensor, theta, size)
                             ^^^^^^^^^^^^^^^^^^^^^^^^^^^^^^^^^^^^^^^^^^^^^^^^^^
  File "/data/results/lmstudio_prompt11_router_20260528-212821/call_acc/grid_sample_with_affine.py", line 21, in grid_sample_with_affine
    grid = F.affine_grid(theta, size, align_corners=align_corners)
           ^^^^^^^^^^^^^^^^^^^^^^^^^^^^^^^^^^^^^^^^^^^^^^^^^^^^^^^
  File "/usr/local/lib/python3.12/site-packages/torch/nn/functional.py", line 4979, in affine_grid
    raise ValueError(
ValueError: Expected theta to have floating point type, but got torch.int64

=== Output for pseudoinverse_svd.py on GPU 0 ===

=== Errors for pseudoinverse_svd.py on GPU 0 ===

=== Output for exp_mean.py on GPU 0 ===

=== Errors for exp_mean.py on GPU 0 ===

=== Output for low_rank_svd_approximation.py on GPU 0 ===

=== Errors for low_rank_svd_approximation.py on GPU 0 ===
Traceback (most recent call last):
  File "/data/results/lmstudio_prompt11_router_20260528-212821/call_acc/low_rank_svd_approximation.py", line 63, in <module>
    test_results = test_low_rank_svd_approximation()
                   ^^^^^^^^^^^^^^^^^^^^^^^^^^^^^^^^^
  File "/data/results/lmstudio_prompt11_router_20260528-212821/call_acc/low_rank_svd_approximation.py", line 44, in test_low_rank_svd_approximation
    results["test_case_1"] = low_rank_svd_approximation(A, k)
                             ^^^^^^^^^^^^^^^^^^^^^^^^^^^^^^^^
  File "/data/results/lmstudio_prompt11_router_20260528-212821/call_acc/low_rank_svd_approximation.py", line 26, in low_rank_svd_approximation
    Ak = (U_k * S_k.unsqueeze(-1)) @ Vh_k
          ~~~~^~~~~~~~~~~~~~~~~~~
RuntimeError: The size of tensor a (5) must match the size of tensor b (2) at non-singleton dimension 0

=== Output for min.py on GPU 0 ===

=== Errors for min.py on GPU 0 ===

=== Output for symmetric_mm_and_abs_sum.py on GPU 0 ===

=== Errors for symmetric_mm_and_abs_sum.py on GPU 0 ===

=== Output for determinant_lu.py on GPU 0 ===

=== Errors for determinant_lu.py on GPU 0 ===
Traceback (most recent call last):
  File "/data/results/lmstudio_prompt11_router_20260528-212821/call_acc/determinant_lu.py", line 58, in <module>
    test_results = test_determinant_lu()
                   ^^^^^^^^^^^^^^^^^^^^^
  File "/data/results/lmstudio_prompt11_router_20260528-212821/call_acc/determinant_lu.py", line 39, in test_determinant_lu
    results["test_case_1"] = determinant_lu(A1)
                             ^^^^^^^^^^^^^^^^^^
  File "/data/results/lmstudio_prompt11_router_20260528-212821/call_acc/determinant_lu.py", line 22, in determinant_lu
    y = torch.linalg.det(A, pivot=pivot)
        ^^^^^^^^^^^^^^^^^^^^^^^^^^^^^^^^
TypeError: linalg_det() got an unexpected keyword argument 'pivot'

=== Output for tanh_linear.py on GPU 0 ===

=== Errors for tanh_linear.py on GPU 0 ===
W0529 09:16:01.956000 2134 site-packages/torch/_inductor/utils.py:1048] [0/0] Not enough SMs to use max_autotune_gemm mode

=== Output for sum.py on GPU 0 ===

=== Errors for sum.py on GPU 0 ===

=== Output for logspace.py on GPU 0 ===

=== Errors for logspace.py on GPU 0 ===

=== Output for solve_and_add_scaled_vector.py on GPU 0 ===

=== Errors for solve_and_add_scaled_vector.py on GPU 0 ===

=== Output for pixel_shuffle_conv2d.py on GPU 0 ===

=== Errors for pixel_shuffle_conv2d.py on GPU 0 ===

=== Output for matrix_vector_dot.py on GPU 0 ===

=== Errors for matrix_vector_dot.py on GPU 0 ===

=== Output for min_gelu.py on GPU 0 ===

=== Errors for min_gelu.py on GPU 0 ===

=== Output for pow.py on GPU 0 ===

=== Errors for pow.py on GPU 0 ===

=== Output for relu_max_pool2d_conv2d.py on GPU 0 ===

=== Errors for relu_max_pool2d_conv2d.py on GPU 0 ===
W0529 09:16:54.792000 2231 site-packages/torch/_inductor/utils.py:1048] [0/0] Not enough SMs to use max_autotune_gemm mode

=== Output for erf.py on GPU 0 ===

=== Errors for erf.py on GPU 0 ===

=== Output for sigmoid.py on GPU 0 ===

=== Errors for sigmoid.py on GPU 0 ===

=== Output for gelu.py on GPU 0 ===

=== Errors for gelu.py on GPU 0 ===

=== Output for det.py on GPU 0 ===

=== Errors for det.py on GPU 0 ===

=== Output for fused_bmm_rmsnorm_gelu_dropout.py on GPU 0 ===

=== Errors for fused_bmm_rmsnorm_gelu_dropout.py on GPU 0 ===
W0529 09:17:32.021000 2353 site-packages/torch/_inductor/utils.py:1048] [0/0_1] Not enough SMs to use max_autotune_gemm mode
Traceback (most recent call last):
  File "/data/results/lmstudio_prompt11_router_20260528-212821/call_acc/fused_bmm_rmsnorm_gelu_dropout.py", line 49, in fused_bmm_rmsnorm_gelu_dropout
    y = _fused_bmm_rmsnorm_gelu_dropout_fast(
        ^^^^^^^^^^^^^^^^^^^^^^^^^^^^^^^^^^^^^
  File "/usr/local/lib/python3.12/site-packages/torch/_dynamo/eval_frame.py", line 465, in _fn
    return fn(*args, **kwargs)
           ^^^^^^^^^^^^^^^^^^^
  File "/data/results/lmstudio_prompt11_router_20260528-212821/call_acc/fused_bmm_rmsnorm_gelu_dropout.py", line 21, in _fused_bmm_rmsnorm_gelu_dropout_impl
    def _fused_bmm_rmsnorm_gelu_dropout_impl(input1, input2, normalized_shape, dropout_p, eps, training, approximate):
  File "/usr/local/lib/python3.12/site-packages/torch/nn/functional.py", line 2919, in rms_norm
    return torch.rms_norm(input, normalized_shape, weight, eps)
           ^^^^^^^^^^^^^^^^^^^^^^^^^^^^^^^^^^^^^^^^^^^^^^^^^^^^
TypeError: rms_norm(): argument 'normalized_shape' (position 2) must be tuple of ints, not int

During handling of the above exception, another exception occurred:

Traceback (most recent call last):
  File "/data/results/lmstudio_prompt11_router_20260528-212821/call_acc/fused_bmm_rmsnorm_gelu_dropout.py", line 98, in <module>
    test_results = test_fused_bmm_rmsnorm_gelu_dropout()
                   ^^^^^^^^^^^^^^^^^^^^^^^^^^^^^^^^^^^^^
  File "/data/results/lmstudio_prompt11_router_20260528-212821/call_acc/fused_bmm_rmsnorm_gelu_dropout.py", line 85, in test_fused_bmm_rmsnorm_gelu_dropout
    results["test_case_1"] = fused_bmm_rmsnorm_gelu_dropout(input1, input2, normalized_shape=5)
                             ^^^^^^^^^^^^^^^^^^^^^^^^^^^^^^^^^^^^^^^^^^^^^^^^^^^^^^^^^^^^^^^^^^
  File "/data/results/lmstudio_prompt11_router_20260528-212821/call_acc/fused_bmm_rmsnorm_gelu_dropout.py", line 53, in fused_bmm_rmsnorm_gelu_dropout
    y = _fused_bmm_rmsnorm_gelu_dropout_impl(
        ^^^^^^^^^^^^^^^^^^^^^^^^^^^^^^^^^^^^^
  File "/data/results/lmstudio_prompt11_router_20260528-212821/call_acc/fused_bmm_rmsnorm_gelu_dropout.py", line 23, in _fused_bmm_rmsnorm_gelu_dropout_impl
    y = F.rms_norm(y, normalized_shape, eps=eps)
        ^^^^^^^^^^^^^^^^^^^^^^^^^^^^^^^^^^^^^^^^
  File "/usr/local/lib/python3.12/site-packages/torch/nn/functional.py", line 2919, in rms_norm
    return torch.rms_norm(input, normalized_shape, weight, eps)
           ^^^^^^^^^^^^^^^^^^^^^^^^^^^^^^^^^^^^^^^^^^^^^^^^^^^^
TypeError: rms_norm(): argument 'normalized_shape' (position 2) must be tuple of ints, not int

=== Output for floor.py on GPU 0 ===

=== Errors for floor.py on GPU 0 ===

=== Output for rand.py on GPU 0 ===

=== Errors for rand.py on GPU 0 ===
  File "/data/results/lmstudio_prompt11_router_20260528-212821/call_acc/rand.py", line 22
    def rand(*size, *, generator=None, out=None, dtype=None, layout=torch.strided, device=None, requires_grad=False, pin_memory=False) -> Tensor:
                    ^
SyntaxError: * argument may appear only once

=== Output for cholesky_solve.py on GPU 0 ===

=== Errors for cholesky_solve.py on GPU 0 ===

=== Output for mul_sub.py on GPU 0 ===

=== Errors for mul_sub.py on GPU 0 ===
Traceback (most recent call last):
  File "/usr/local/lib/python3.12/site-packages/triton/language/core.py", line 35, in wrapper
    return fn(*args, **kwargs)
           ^^^^^^^^^^^^^^^^^^^
  File "/usr/local/lib/python3.12/site-packages/triton/language/core.py", line 1597, in load
    return semantic.load(pointer, mask, other, boundary_check, padding_option, cache_modifier, eviction_policy,
           ^^^^^^^^^^^^^^^^^^^^^^^^^^^^^^^^^^^^^^^^^^^^^^^^^^^^^^^^^^^^^^^^^^^^^^^^^^^^^^^^^^^^^^^^^^^^^^^^^^^^
  File "/usr/local/lib/python3.12/site-packages/triton/language/semantic.py", line 1037, in load
    return _load_legacy(ptr, mask, other, boundary_check, padding, cache, eviction, is_volatile, builder)
           ^^^^^^^^^^^^^^^^^^^^^^^^^^^^^^^^^^^^^^^^^^^^^^^^^^^^^^^^^^^^^^^^^^^^^^^^^^^^^^^^^^^^^^^^^^^^^^
  File "/usr/local/lib/python3.12/site-packages/triton/language/semantic.py", line 969, in _load_legacy
    raise ValueError(f"Unsupported ptr type {ptr.type.__repr__()} in `tl.load`")
ValueError: Unsupported ptr type <[4], int64> in `tl.load`

The above exception was the direct cause of the following exception:

Traceback (most recent call last):
  File "/data/results/lmstudio_prompt11_router_20260528-212821/call_acc/mul_sub.py", line 125, in <module>
    test_results = test_mul_sub()
                   ^^^^^^^^^^^^^^
  File "/data/results/lmstudio_prompt11_router_20260528-212821/call_acc/mul_sub.py", line 109, in test_mul_sub
    results["test_case_1"] = mul_sub(input_tensor, other_mul_tensor, other_sub_tensor)
                             ^^^^^^^^^^^^^^^^^^^^^^^^^^^^^^^^^^^^^^^^^^^^^^^^^^^^^^^^^
  File "/data/results/lmstudio_prompt11_router_20260528-212821/call_acc/mul_sub.py", line 82, in mul_sub
    _mul_sub_kernel[grid](
  File "/usr/local/lib/python3.12/site-packages/triton/runtime/jit.py", line 345, in <lambda>
    return lambda *args, **kwargs: self.run(grid=grid, warmup=False, *args, **kwargs)
                                   ^^^^^^^^^^^^^^^^^^^^^^^^^^^^^^^^^^^^^^^^^^^^^^^^^^
  File "/usr/local/lib/python3.12/site-packages/triton/runtime/jit.py", line 662, in run
    kernel = self.compile(
             ^^^^^^^^^^^^^
  File "/usr/local/lib/python3.12/site-packages/triton/compiler/compiler.py", line 276, in compile
    module = src.make_ir(options, codegen_fns, context)
             ^^^^^^^^^^^^^^^^^^^^^^^^^^^^^^^^^^^^^^^^^^
  File "/usr/local/lib/python3.12/site-packages/triton/compiler/compiler.py", line 113, in make_ir
    return ast_to_ttir(self.fn, self, context=context, options=options, codegen_fns=codegen_fns)
           ^^^^^^^^^^^^^^^^^^^^^^^^^^^^^^^^^^^^^^^^^^^^^^^^^^^^^^^^^^^^^^^^^^^^^^^^^^^^^^^^^^^^^
triton.compiler.errors.CompilationError: at 10:8:
def _mul_sub_kernel(
    input_ptr, other_mul_ptr, other_sub_ptr, out_ptr,
    N,
    other_mul_val, other_sub_val, alpha_val,
    BLOCK_SIZE: tl.constexpr
):
    offsets = tl.arange(0, BLOCK_SIZE)
    mask = offsets < N

    x = tl.load(input_ptr + offsets, mask=mask, other=0.0)
        ^

=== Output for ldl_factor.py on GPU 0 ===

=== Errors for ldl_factor.py on GPU 0 ===

=== Output for abs.py on GPU 0 ===

=== Errors for abs.py on GPU 0 ===

=== Output for mul.py on GPU 0 ===

=== Errors for mul.py on GPU 0 ===

=== Output for softmax.py on GPU 0 ===

=== Errors for softmax.py on GPU 0 ===

=== Output for leaky_relu.py on GPU 0 ===

=== Errors for leaky_relu.py on GPU 0 ===

=== Output for invert_matrix_lu.py on GPU 0 ===

=== Errors for invert_matrix_lu.py on GPU 0 ===

=== Output for std.py on GPU 0 ===

=== Errors for std.py on GPU 0 ===

=== Output for tril_mm_and_scale.py on GPU 0 ===

=== Errors for tril_mm_and_scale.py on GPU 0 ===

=== Output for solve.py on GPU 0 ===

=== Errors for solve.py on GPU 0 ===

=== Output for airy_ai.py on GPU 0 ===

=== Errors for airy_ai.py on GPU 0 ===

=== Output for signbit.py on GPU 0 ===

=== Errors for signbit.py on GPU 0 ===

=== Output for matrix_multiply_and_row_dot.py on GPU 0 ===

=== Errors for matrix_multiply_and_row_dot.py on GPU 0 ===

=== Output for polygamma.py on GPU 0 ===

=== Errors for polygamma.py on GPU 0 ===

=== Output for elu_linear.py on GPU 0 ===

=== Errors for elu_linear.py on GPU 0 ===
W0529 09:19:17.858000 2466 site-packages/torch/_inductor/utils.py:1048] [0/0] Not enough SMs to use max_autotune_gemm mode

=== Output for fused_pairwise_distance_normalize.py on GPU 0 ===

=== Errors for fused_pairwise_distance_normalize.py on GPU 0 ===

=== Output for Adam.py on GPU 0 ===

=== Errors for Adam.py on GPU 0 ===

=== Output for fused_hstack_div.py on GPU 0 ===

=== Errors for fused_hstack_div.py on GPU 0 ===

=== Output for broadcast_tensors.py on GPU 0 ===

=== Errors for broadcast_tensors.py on GPU 0 ===

=== Output for relu_conv2d.py on GPU 0 ===

=== Errors for relu_conv2d.py on GPU 0 ===
W0529 09:19:54.848000 2545 site-packages/torch/_inductor/utils.py:1048] [0/0] Not enough SMs to use max_autotune_gemm mode

=== Output for log.py on GPU 0 ===

=== Errors for log.py on GPU 0 ===

=== Output for adaptive_avg_pool2d.py on GPU 0 ===

=== Errors for adaptive_avg_pool2d.py on GPU 0 ===

=== Output for quantize_dynamic.py on GPU 0 ===

=== Errors for quantize_dynamic.py on GPU 0 ===
Traceback (most recent call last):
  File "/data/results/lmstudio_prompt11_router_20260528-212821/call_acc/quantize_dynamic.py", line 73, in <module>
    test_results = test_quantize_dynamic()
                   ^^^^^^^^^^^^^^^^^^^^^^^
  File "/data/results/lmstudio_prompt11_router_20260528-212821/call_acc/quantize_dynamic.py", line 35, in test_quantize_dynamic
    class SimpleModel(nn.Module):
                      ^^
NameError: name 'nn' is not defined

=== Output for conv2d_add.py on GPU 0 ===

=== Errors for conv2d_add.py on GPU 0 ===
W0529 09:20:32.334000 2632 site-packages/torch/_inductor/utils.py:1048] [0/0] Not enough SMs to use max_autotune_gemm mode

=== Output for ifftshift.py on GPU 0 ===

=== Errors for ifftshift.py on GPU 0 ===

=== Output for signbit_bitwise_and.py on GPU 0 ===

=== Errors for signbit_bitwise_and.py on GPU 0 ===
Traceback (most recent call last):
  File "/data/results/lmstudio_prompt11_router_20260528-212821/call_acc/signbit_bitwise_and.py", line 61, in <module>
    test_results = test_signbit_bitwise_and()
                   ^^^^^^^^^^^^^^^^^^^^^^^^^^
  File "/data/results/lmstudio_prompt11_router_20260528-212821/call_acc/signbit_bitwise_and.py", line 42, in test_signbit_bitwise_and
    results["test_case_1"] = signbit_bitwise_and(a, b)
                             ^^^^^^^^^^^^^^^^^^^^^^^^^
  File "/data/results/lmstudio_prompt11_router_20260528-212821/call_acc/signbit_bitwise_and.py", line 22, in signbit_bitwise_and
    return torch.signbit(input), torch.bitwise_and(input, other)
                                 ^^^^^^^^^^^^^^^^^^^^^^^^^^^^^^^
RuntimeError: "bitwise_and_cuda" not implemented for 'Float'

=== Output for fused_repeat_interleave_log_softmax.py on GPU 0 ===

=== Errors for fused_repeat_interleave_log_softmax.py on GPU 0 ===
/data/results/lmstudio_prompt11_router_20260528-212821/call_acc/fused_repeat_interleave_log_softmax.py:23: UserWarning: Implicit dimension choice for log_softmax has been deprecated. Change the call to include dim=X as an argument.
  y = F.log_softmax(y, dim=dim, dtype=dtype)

=== Output for cholesky.py on GPU 0 ===

=== Errors for cholesky.py on GPU 0 ===

=== Output for ones_like.py on GPU 0 ===

=== Errors for ones_like.py on GPU 0 ===

=== Output for autocast.py on GPU 0 ===

=== Errors for autocast.py on GPU 0 ===

=== Output for reciprocal.py on GPU 0 ===

=== Errors for reciprocal.py on GPU 0 ===

=== Output for cos_signbit.py on GPU 0 ===

=== Errors for cos_signbit.py on GPU 0 ===

=== Output for spectral_norm_eig.py on GPU 0 ===

=== Errors for spectral_norm_eig.py on GPU 0 ===

=== Output for fftn.py on GPU 0 ===

=== Errors for fftn.py on GPU 0 ===

Deleted SGD.py
Error deleting __pycache__: [Errno 21] Is a directory: '/data/results/lmstudio_prompt11_router_20260528-212821/call_acc/__pycache__'
Deleted add_gelu.py
Deleted bitwise_and_binomial.py
Deleted chebyshev_polynomial_t.py
Deleted determinant_lu.py
Deleted fused_bmm_rmsnorm_gelu_dropout.py
Deleted fused_cross_entropy_log_softmax.py
Deleted fused_instance_norm_selu_conv2d.py
Deleted fused_layer_norm_relu_linear.py
Deleted fused_qr_solve.py
Deleted fused_svd_reconstruct.py
Deleted fused_tile_exp.py
Deleted gelu_min.py
Deleted grid_sample_with_affine.py
Deleted index_fill_.py
Deleted least_squares_qr.py
Deleted log_softmax_linear.py
Deleted log_tanh.py
Deleted low_rank_svd_approximation.py
Deleted matrix_power_eig.py
Deleted mul_sub.py
Deleted quantize_dynamic.py
Deleted rand.py
Deleted selu.py
Deleted signbit_bitwise_and.py
Deleted solve_symmetric_ldl.py
Deleted sub_gelu.py

Correct execution rate: 83.73%
['fused_bmm_rmsnorm_gelu_dropout_sub.py', 'div.py', 'sigmoid_conv2d.py', 'solve_multiple_lu.py', 'tanh.py', 'relu_sqrt.py', 'sqrt.py', 'sigmoid_argmax.py', 'sub.py', 'grid_sample.py', 'svd.py', 'i0.py', 'rsqrt.py', 'dropout_relu_batch_norm_conv2d.py', 'fused_mv_logsoftmax_dropout.py', 'add.py', 'fused_silu_layer_norm_conv2d.py', 'fused_index_select_eq.py', 'argmax.py', 'fused_lu_solve.py', 'normalize_pairwise_distance.py', 'max.py', 'relu.py', 'determinant_via_qr.py', 'sqrt_tanh.py', 'silu_batch_norm.py', 'fused_cross_entropy_softmax_layernorm.py', 'mean.py', 'eig.py', 'logsumexp.py', 'fused_embedding_add_tanh.py', 'fused_mv_sigmoid_sub.py', 'fused_cosine_embedding_loss_with_normalization.py', 'fused_transformer_block.py', 'log1p.py', 'sigmoid_batch_norm.py', 'fused_hardsigmoid_batch_norm.py', 'zeta.py', 'symmetric_matrix_vector_norm.py', 'softplus_linear.py', 'fused_mul_add_logsoftmax_dropout_bmm.py', 'scaled_add_norm.py', 'leaky_relu_conv2d.py', 'sqrt_exp.py', 'cos_avg_pool1d.py', 'sum_std.py', 'mul_relu.py', 'gelu_conv2d.py', 'fused_fractional_max_pool2d_with_relu.py', 'logit.py', 'exp_sqrt.py', 'combined_activation.py', 'scaled_add_dot.py', 'tensordot.py', 'qr.py', 'asin.py', 'fused_masked_select_add_gelu.py', 'fused_pairwise_distance_adaptive_avg_pool2d.py', 'add_mean.py', 'fused_add_mul_groupnorm.py', 'relu_batch_norm_conv2d.py', 'conv2d.py', 'normalized_cosine_similarity.py', 'fused_cholesky_solve.py', 'matmul.py', 'fused_gather_masked_fill.py', 'addmm.py', 'sigmoid_adaptive_avg_pool2d.py', 'cos.py', 'fused_bmm_dropout_gelu.py', 'trunc.py', 'exp.py', 'matrix_multiply_symmetric.py', 'fused_avg_pool2d_cosine_similarity.py', 'fused_hardshrink_dropout.py', 'erfc_sqrt.py', 'tensordot_rsqrt.py', 'softmax_log.py', 'dropout_sigmoid_linear.py', 'batch_norm.py', 'gammaln.py', 'bitwise_and.py', 'gelu_std.py', 'permute_copy.py', 'digamma.py', 'softmax_mul.py', 'rad2deg_sqrt.py', 'bessel_j1.py', 'lu.py', 'pseudoinverse_svd.py', 'exp_mean.py', 'min.py', 'symmetric_mm_and_abs_sum.py', 'tanh_linear.py', 'sum.py', 'logspace.py', 'solve_and_add_scaled_vector.py', 'pixel_shuffle_conv2d.py', 'matrix_vector_dot.py', 'min_gelu.py', 'pow.py', 'relu_max_pool2d_conv2d.py', 'erf.py', 'sigmoid.py', 'gelu.py', 'det.py', 'floor.py', 'cholesky_solve.py', 'ldl_factor.py', 'abs.py', 'mul.py', 'softmax.py', 'leaky_relu.py', 'invert_matrix_lu.py', 'std.py', 'tril_mm_and_scale.py', 'solve.py', 'airy_ai.py', 'signbit.py', 'matrix_multiply_and_row_dot.py', 'polygamma.py', 'elu_linear.py', 'fused_pairwise_distance_normalize.py', 'Adam.py', 'fused_hstack_div.py', 'broadcast_tensors.py', 'relu_conv2d.py', 'log.py', 'adaptive_avg_pool2d.py', 'conv2d_add.py', 'ifftshift.py', 'fused_repeat_interleave_log_softmax.py', 'cholesky.py', 'ones_like.py', 'autocast.py', 'reciprocal.py', 'cos_signbit.py', 'spectral_norm_eig.py', 'fftn.py']
Above is call test for lmstudio_qwen_qwen3.6-35b-a3b_simp_all_20260528-212826
================================================================================================================================================================

call_acc survivors: 139 / 166

======================================================================
=== Phase 2: execution accuracy ===
======================================================================

Correct execution rate: 100.00% = 139 / 139
above is the compare execution for /data/results/lmstudio_prompt11_router_20260528-212821/call_acc
================================================================================================================================================================================================================================================

exe_acc survivors: 139 / 166

======================================================================
=== Phase 3: efficiency ===
======================================================================

[1AProcess:   0%|                                          | 0/139 [00:00<?, ?it/s]
[1AProcess:   1%|▏                               | 1/139 [00:27<1:03:41, 27.70s/it]
[1AProcess:   1%|▍                                 | 2/139 [00:51<58:22, 25.56s/it]
[1AProcess:   2%|▋                               | 3/139 [01:49<1:31:16, 40.27s/it]
[1AProcess:   3%|▉                               | 4/139 [02:10<1:13:17, 32.58s/it]
[1AProcess:   4%|█▏                              | 5/139 [02:37<1:08:11, 30.53s/it]
[1AProcess:   4%|█▍                              | 6/139 [03:22<1:18:29, 35.41s/it]
[1AProcess:   5%|█▌                              | 7/139 [03:46<1:10:00, 31.82s/it]
[1AProcess:   6%|█▊                              | 8/139 [04:20<1:10:41, 32.38s/it]
[1AProcess:   6%|██                              | 9/139 [04:44<1:04:42, 29.87s/it]
[1AProcess:   7%|██▏                            | 10/139 [05:26<1:12:24, 33.68s/it]
[1AProcess:   8%|██▍                            | 11/139 [06:26<1:29:13, 41.82s/it]
[1AProcess:   9%|██▋                            | 12/139 [06:50<1:16:30, 36.14s/it]
[1AProcess:   9%|██▉                            | 13/139 [07:19<1:11:34, 34.08s/it]
[1AProcess:  10%|███                            | 14/139 [07:39<1:02:21, 29.93s/it]
[1AProcess:  11%|███▌                             | 15/139 [08:02<57:16, 27.72s/it]
[1AProcess:  12%|███▌                           | 16/139 [08:43<1:05:13, 31.82s/it]
[1AProcess:  12%|████                             | 17/139 [09:00<55:31, 27.31s/it]
[1AProcess:  13%|████                           | 18/139 [09:38<1:01:45, 30.62s/it]
[1AProcess:  14%|████▌                            | 19/139 [09:56<53:20, 26.67s/it]
[1AProcess:  14%|████▋                            | 20/139 [10:14<47:39, 24.03s/it]
[1AProcess:  15%|████▉                            | 21/139 [10:38<47:16, 24.04s/it]
[1AProcess:  16%|█████▏                           | 22/139 [11:02<47:06, 24.15s/it]
[1AProcess:  17%|█████▍                           | 23/139 [11:21<43:32, 22.52s/it]
[1AProcess:  17%|█████▋                           | 24/139 [11:42<42:19, 22.08s/it]
[1AProcess:  18%|█████▉                           | 25/139 [12:05<42:41, 22.47s/it]
[1AProcess:  19%|██████▏                          | 26/139 [12:31<44:12, 23.47s/it]
[1AProcess:  19%|██████▍                          | 27/139 [12:55<44:11, 23.67s/it]
[1AProcess:  20%|██████▋                          | 28/139 [13:10<39:01, 21.10s/it]
[1AProcess:  21%|██████▉                          | 29/139 [13:25<35:12, 19.21s/it]
[1AProcess:  22%|███████                          | 30/139 [13:41<33:07, 18.24s/it]
[1AProcess:  22%|███████▎                         | 31/139 [14:03<34:56, 19.41s/it]
[1AProcess:  23%|███████▌                         | 32/139 [14:26<36:37, 20.54s/it]
[1AProcess:  24%|███████▊                         | 33/139 [14:57<41:49, 23.68s/it]
[1AProcess:  24%|████████                         | 34/139 [15:19<40:33, 23.18s/it]
[1AProcess:  25%|████████▎                        | 35/139 [15:43<40:20, 23.27s/it]
[1AProcess:  26%|████████▌                        | 36/139 [16:00<36:52, 21.48s/it]
[1AProcess:  27%|████████▊                        | 37/139 [16:22<36:53, 21.70s/it]
[1AProcess:  27%|█████████                        | 38/139 [17:17<52:52, 31.41s/it]
[1AProcess:  28%|█████████▎                       | 39/139 [17:58<57:07, 34.28s/it]
[1AProcess:  29%|████████▉                      | 40/139 [18:59<1:09:55, 42.38s/it]
[1AProcess:  29%|█████████▏                     | 41/139 [20:27<1:31:50, 56.23s/it]
[1AProcess:  30%|█████████▎                     | 42/139 [20:41<1:10:29, 43.60s/it]
[1AProcess:  31%|█████████▌                     | 43/139 [21:29<1:11:49, 44.90s/it]
[1AProcess:  32%|█████████▊                     | 44/139 [21:58<1:03:23, 40.03s/it]
[1AProcess:  32%|██████████▋                      | 45/139 [22:27<57:31, 36.72s/it]
[1AProcess:  33%|██████████▉                      | 46/139 [22:51<50:46, 32.76s/it]
[1AProcess:  34%|███████████▏                     | 47/139 [23:03<40:55, 26.69s/it]
[1AProcess:  35%|███████████▍                     | 48/139 [23:26<38:32, 25.41s/it]
[1AProcess:  35%|███████████▋                     | 49/139 [23:50<37:47, 25.19s/it]
[1AProcess:  36%|███████████▊                     | 50/139 [24:14<36:45, 24.78s/it]
[1AProcess:  37%|████████████                     | 51/139 [24:51<41:32, 28.33s/it]
[1AProcess:  37%|████████████▎                    | 52/139 [25:02<33:32, 23.14s/it]
[1AProcess:  38%|████████████▌                    | 53/139 [25:30<35:22, 24.68s/it]
[1AProcess:  39%|████████████                   | 54/139 [27:00<1:02:40, 44.25s/it]
[1AProcess:  40%|█████████████                    | 55/139 [27:39<59:51, 42.75s/it]
[1AProcess:  40%|█████████████▎                   | 56/139 [28:06<52:43, 38.11s/it]
[1AProcess:  41%|████████████▋                  | 57/139 [29:50<1:18:54, 57.74s/it]
[1AProcess:  42%|████████████▉                  | 58/139 [30:05<1:00:42, 44.97s/it]
[1AProcess:  42%|██████████████                   | 59/139 [30:23<49:12, 36.91s/it]
[1AProcess:  43%|██████████████▏                  | 60/139 [30:47<43:29, 33.04s/it]
[1AProcess:  44%|██████████████▍                  | 61/139 [31:33<48:03, 36.97s/it]
[1AProcess:  45%|██████████████▋                  | 62/139 [31:59<42:53, 33.42s/it]
[1AProcess:  45%|██████████████▉                  | 63/139 [32:50<49:07, 38.79s/it]
[1AProcess:  46%|███████████████▏                 | 64/139 [33:14<42:59, 34.40s/it]
[1AProcess:  47%|███████████████▍                 | 65/139 [33:39<38:52, 31.52s/it]
[1AProcess:  47%|███████████████▋                 | 66/139 [33:52<31:29, 25.89s/it]
[1AProcess:  48%|███████████████▉                 | 67/139 [34:16<30:22, 25.31s/it]
[1AProcess:  49%|████████████████▏                | 68/139 [34:41<30:01, 25.38s/it]
[1AProcess:  50%|████████████████▍                | 69/139 [34:54<25:14, 21.64s/it]
[1AProcess:  50%|████████████████▌                | 70/139 [35:06<21:34, 18.76s/it]
[1AProcess:  51%|████████████████▊                | 71/139 [35:34<24:17, 21.43s/it]
[1AProcess:  52%|█████████████████                | 72/139 [35:59<25:15, 22.62s/it]
[1AProcess:  53%|█████████████████▎               | 73/139 [36:23<25:14, 22.94s/it]
[1AProcess:  53%|█████████████████▌               | 74/139 [36:47<25:25, 23.48s/it]
[1AProcess:  54%|█████████████████▊               | 75/139 [37:12<25:19, 23.74s/it]
[1AProcess:  55%|██████████████████               | 76/139 [37:33<24:14, 23.08s/it]
[1AProcess:  55%|██████████████████▎              | 77/139 [37:59<24:34, 23.79s/it]
[1AProcess:  56%|██████████████████▌              | 78/139 [38:21<23:41, 23.30s/it]
[1AProcess:  57%|██████████████████▊              | 79/139 [39:05<29:28, 29.48s/it]
[1AProcess:  58%|██████████████████▉              | 80/139 [39:51<33:56, 34.51s/it]
[1AProcess:  58%|███████████████████▏             | 81/139 [40:36<36:20, 37.60s/it]
[1AProcess:  59%|███████████████████▍             | 82/139 [41:07<33:55, 35.71s/it]
[1AProcess:  60%|███████████████████▋             | 83/139 [41:32<30:08, 32.29s/it]
[1AProcess:  60%|███████████████████▉             | 84/139 [41:55<27:12, 29.68s/it]
[1AProcess:  61%|████████████████████▏            | 85/139 [42:20<25:21, 28.17s/it]
[1AProcess:  62%|████████████████████▍            | 86/139 [42:48<24:54, 28.19s/it]
[1AProcess:  63%|████████████████████▋            | 87/139 [43:16<24:20, 28.09s/it]Runner killed (SIGKILL), exit code: 137. Most often this happens when the process runs out of memory. Consider increasing or reserving memory to avoid unexpected termination: https://modal.com/docs/guide/resources

==========
== CUDA ==
==========

CUDA Version 12.4.1

Container image Copyright (c) 2016-2023, NVIDIA CORPORATION & AFFILIATES. All rights reserved.

This container image and its contents are governed by the NVIDIA Deep Learning Container License.
By pulling and using the container, you accept the terms and conditions of this license:
https://developer.nvidia.com/ngc/nvidia-deep-learning-container-license

A copy of this license is made available in this container at /NGC-DL-CONTAINER-LICENSE for your convenience.


======================================================================
=== Phase 1: call accuracy ===
======================================================================
instruction
=== Output for fused_bmm_rmsnorm_gelu_dropout_sub.py on GPU 0 ===

=== Errors for fused_bmm_rmsnorm_gelu_dropout_sub.py on GPU 0 ===
W0529 10:39:50.867000 27 site-packages/torch/_inductor/utils.py:1048] [0/0] Not enough SMs to use max_autotune_gemm mode

=== Output for div.py on GPU 0 ===

=== Errors for div.py on GPU 0 ===

=== Output for sigmoid_conv2d.py on GPU 0 ===

=== Errors for sigmoid_conv2d.py on GPU 0 ===
W0529 10:40:09.233000 143 site-packages/torch/_inductor/utils.py:1048] [0/0] Not enough SMs to use max_autotune_gemm mode

=== Output for solve_multiple_lu.py on GPU 0 ===

=== Errors for solve_multiple_lu.py on GPU 0 ===

=== Output for tanh.py on GPU 0 ===

=== Errors for tanh.py on GPU 0 ===

=== Output for relu_sqrt.py on GPU 0 ===

=== Errors for relu_sqrt.py on GPU 0 ===

=== Output for sqrt.py on GPU 0 ===

=== Errors for sqrt.py on GPU 0 ===

=== Output for sigmoid_argmax.py on GPU 0 ===

=== Errors for sigmoid_argmax.py on GPU 0 ===

=== Output for sub.py on GPU 0 ===

=== Errors for sub.py on GPU 0 ===

=== Output for grid_sample.py on GPU 0 ===

=== Errors for grid_sample.py on GPU 0 ===

=== Output for svd.py on GPU 0 ===

=== Errors for svd.py on GPU 0 ===

=== Output for i0.py on GPU 0 ===

=== Errors for i0.py on GPU 0 ===

=== Output for rsqrt.py on GPU 0 ===

=== Errors for rsqrt.py on GPU 0 ===


==========
== CUDA ==
==========

CUDA Version 12.4.1

Container image Copyright (c) 2016-2023, NVIDIA CORPORATION & AFFILIATES. All rights reserved.

This container image and its contents are governed by the NVIDIA Deep Learning Container License.
By pulling and using the container, you accept the terms and conditions of this license:
https://developer.nvidia.com/ngc/nvidia-deep-learning-container-license

A copy of this license is made available in this container at /NGC-DL-CONTAINER-LICENSE for your convenience.

=== Output for dropout_relu_batch_norm_conv2d.py on GPU 0 ===

=== Errors for dropout_relu_batch_norm_conv2d.py on GPU 0 ===
W0529 10:41:17.674000 320 site-packages/torch/_inductor/utils.py:1048] [0/0] Not enough SMs to use max_autotune_gemm mode

=== Output for fused_mv_logsoftmax_dropout.py on GPU 0 ===

=== Errors for fused_mv_logsoftmax_dropout.py on GPU 0 ===

=== Output for add.py on GPU 0 ===

=== Errors for add.py on GPU 0 ===

=== Output for fused_silu_layer_norm_conv2d.py on GPU 0 ===

=== Errors for fused_silu_layer_norm_conv2d.py on GPU 0 ===

=== Output for fused_index_select_eq.py on GPU 0 ===

=== Errors for fused_index_select_eq.py on GPU 0 ===

=== Output for argmax.py on GPU 0 ===

=== Errors for argmax.py on GPU 0 ===

=== Output for fused_lu_solve.py on GPU 0 ===

=== Errors for fused_lu_solve.py on GPU 0 ===

=== Output for normalize_pairwise_distance.py on GPU 0 ===

=== Errors for normalize_pairwise_distance.py on GPU 0 ===

=== Output for max.py on GPU 0 ===

=== Errors for max.py on GPU 0 ===

=== Output for log_softmax_linear.py on GPU 0 ===

=== Errors for log_softmax_linear.py on GPU 0 ===
W0529 10:42:09.964000 478 site-packages/torch/_inductor/utils.py:1048] [0/0] Not enough SMs to use max_autotune_gemm mode
AUTOTUNE addmm(2x2, 2x2, 2x2)
  bias_addmm 0.0066 ms 100.0% 
  addmm 0.0095 ms 69.5% 
SingleProcess AUTOTUNE benchmarking takes 0.2163 seconds and 0.0001 seconds precompiling
W0529 10:42:11.834000 478 site-packages/torch/_dynamo/convert_frame.py:1125] WON'T CONVERT _log_softmax_linear_impl /data/results/lmstudio_prompt11_router_20260528-212821/call_acc/log_softmax_linear.py line 21 
W0529 10:42:11.834000 478 site-packages/torch/_dynamo/convert_frame.py:1125] due to: 
W0529 10:42:11.834000 478 site-packages/torch/_dynamo/convert_frame.py:1125] Traceback (most recent call last):
W0529 10:42:11.834000 478 site-packages/torch/_dynamo/convert_frame.py:1125]   File "/usr/local/lib/python3.12/site-packages/torch/_dynamo/output_graph.py", line 1446, in _call_user_compiler
W0529 10:42:11.834000 478 site-packages/torch/_dynamo/convert_frame.py:1125]     compiled_fn = compiler_fn(gm, self.example_inputs())
W0529 10:42:11.834000 478 site-packages/torch/_dynamo/convert_frame.py:1125]                   ^^^^^^^^^^^^^^^^^^^^^^^^^^^^^^^^^^^^^^
W0529 10:42:11.834000 478 site-packages/torch/_dynamo/convert_frame.py:1125]   File "/usr/local/lib/python3.12/site-packages/torch/_dynamo/repro/after_dynamo.py", line 129, in __call__
W0529 10:42:11.834000 478 site-packages/torch/_dynamo/convert_frame.py:1125]     compiled_gm = compiler_fn(gm, example_inputs)
W0529 10:42:11.834000 478 site-packages/torch/_dynamo/convert_frame.py:1125]                   ^^^^^^^^^^^^^^^^^^^^^^^^^^^^^^^
W0529 10:42:11.834000 478 site-packages/torch/_dynamo/convert_frame.py:1125]   File "/usr/local/lib/python3.12/site-packages/torch/__init__.py", line 2234, in __call__
W0529 10:42:11.834000 478 site-packages/torch/_dynamo/convert_frame.py:1125]     return compile_fx(model_, inputs_, config_patches=self.config)
W0529 10:42:11.834000 478 site-packages/torch/_dynamo/convert_frame.py:1125]            ^^^^^^^^^^^^^^^^^^^^^^^^^^^^^^^^^^^^^^^^^^^^^^^^^^^^^^^
W0529 10:42:11.834000 478 site-packages/torch/_dynamo/convert_frame.py:1125]   File "/usr/local/lib/python3.12/site-packages/torch/_inductor/compile_fx.py", line 1253, in compile_fx
W0529 10:42:11.834000 478 site-packages/torch/_dynamo/convert_frame.py:1125]     return compile_fx(
W0529 10:42:11.834000 478 site-packages/torch/_dynamo/convert_frame.py:1125]            ^^^^^^^^^^^
W0529 10:42:11.834000 478 site-packages/torch/_dynamo/convert_frame.py:1125]   File "/usr/local/lib/python3.12/site-packages/torch/_inductor/compile_fx.py", line 1521, in compile_fx
W0529 10:42:11.834000 478 site-packages/torch/_dynamo/convert_frame.py:1125]     return aot_autograd(
W0529 10:42:11.834000 478 site-packages/torch/_dynamo/convert_frame.py:1125]            ^^^^^^^^^^^^^
W0529 10:42:11.834000 478 site-packages/torch/_dynamo/convert_frame.py:1125]   File "/usr/local/lib/python3.12/site-packages/torch/_dynamo/backends/common.py", line 72, in __call__
W0529 10:42:11.834000 478 site-packages/torch/_dynamo/convert_frame.py:1125]     cg = aot_module_simplified(gm, example_inputs, **self.kwargs)
W0529 10:42:11.834000 478 site-packages/torch/_dynamo/convert_frame.py:1125]          ^^^^^^^^^^^^^^^^^^^^^^^^^^^^^^^^^^^^^^^^^^^^^^^^^^^^^^^^
W0529 10:42:11.834000 478 site-packages/torch/_dynamo/convert_frame.py:1125]   File "/usr/local/lib/python3.12/site-packages/torch/_functorch/aot_autograd.py", line 1071, in aot_module_simplified
W0529 10:42:11.834000 478 site-packages/torch/_dynamo/convert_frame.py:1125]     compiled_fn = dispatch_and_compile()
W0529 10:42:11.834000 478 site-packages/torch/_dynamo/convert_frame.py:1125]                   ^^^^^^^^^^^^^^^^^^^^^^
W0529 10:42:11.834000 478 site-packages/torch/_dynamo/convert_frame.py:1125]   File "/usr/local/lib/python3.12/site-packages/torch/_functorch/aot_autograd.py", line 1056, in dispatch_and_compile
W0529 10:42:11.834000 478 site-packages/torch/_dynamo/convert_frame.py:1125]     compiled_fn, _ = create_aot_dispatcher_function(
W0529 10:42:11.834000 478 site-packages/torch/_dynamo/convert_frame.py:1125]                      ^^^^^^^^^^^^^^^^^^^^^^^^^^^^^^^
W0529 10:42:11.834000 478 site-packages/torch/_dynamo/convert_frame.py:1125]   File "/usr/local/lib/python3.12/site-packages/torch/_functorch/aot_autograd.py", line 522, in create_aot_dispatcher_function
W0529 10:42:11.834000 478 site-packages/torch/_dynamo/convert_frame.py:1125]     return _create_aot_dispatcher_function(
W0529 10:42:11.834000 478 site-packages/torch/_dynamo/convert_frame.py:1125]            ^^^^^^^^^^^^^^^^^^^^^^^^^^^^^^^^
W0529 10:42:11.834000 478 site-packages/torch/_dynamo/convert_frame.py:1125]   File "/usr/local/lib/python3.12/site-packages/torch/_functorch/aot_autograd.py", line 759, in _create_aot_dispatcher_function
W0529 10:42:11.834000 478 site-packages/torch/_dynamo/convert_frame.py:1125]     compiled_fn, fw_metadata = compiler_fn(
W0529 10:42:11.834000 478 site-packages/torch/_dynamo/convert_frame.py:1125]                                ^^^^^^^^^^^^
W0529 10:42:11.834000 478 site-packages/torch/_dynamo/convert_frame.py:1125]   File "/usr/local/lib/python3.12/site-packages/torch/_functorch/_aot_autograd/jit_compile_runtime_wrappers.py", line 179, in aot_dispatch_base
W0529 10:42:11.834000 478 site-packages/torch/_dynamo/convert_frame.py:1125]     compiled_fw = compiler(fw_module, updated_flat_args)
W0529 10:42:11.834000 478 site-packages/torch/_dynamo/convert_frame.py:1125]                   ^^^^^^^^^^^^^^^^^^^^^^^^^^^^^^^^^^^^^^
W0529 10:42:11.834000 478 site-packages/torch/_dynamo/convert_frame.py:1125]   File "/usr/local/lib/python3.12/site-packages/torch/_inductor/compile_fx.py", line 1350, in fw_compiler_base
W0529 10:42:11.834000 478 site-packages/torch/_dynamo/convert_frame.py:1125]     return _fw_compiler_base(model, example_inputs, is_inference)
W0529 10:42:11.834000 478 site-packages/torch/_dynamo/convert_frame.py:1125]            ^^^^^^^^^^^^^^^^^^^^^^^^^^^^^^^^^^^^^^^^^^^^^^^^^^^^^^
W0529 10:42:11.834000 478 site-packages/torch/_dynamo/convert_frame.py:1125]   File "/usr/local/lib/python3.12/site-packages/torch/_inductor/compile_fx.py", line 1359, in _fw_compiler_base
W0529 10:42:11.834000 478 site-packages/torch/_dynamo/convert_frame.py:1125]     _recursive_joint_graph_passes(model)
W0529 10:42:11.834000 478 site-packages/torch/_dynamo/convert_frame.py:1125]   File "/usr/local/lib/python3.12/site-packages/torch/_inductor/compile_fx.py", line 281, in _recursive_joint_graph_passes
W0529 10:42:11.834000 478 site-packages/torch/_dynamo/convert_frame.py:1125]     joint_graph_passes(gm)
W0529 10:42:11.834000 478 site-packages/torch/_dynamo/convert_frame.py:1125]   File "/usr/local/lib/python3.12/site-packages/torch/_inductor/fx_passes/joint_graph.py", line 460, in joint_graph_passes
W0529 10:42:11.834000 478 site-packages/torch/_dynamo/convert_frame.py:1125]     count += patterns.apply(graph.graph)  # type: ignore[arg-type]
W0529 10:42:11.834000 478 site-packages/torch/_dynamo/convert_frame.py:1125]              ^^^^^^^^^^^^^^^^^^^^^^^^^^^
W0529 10:42:11.834000 478 site-packages/torch/_dynamo/convert_frame.py:1125]   File "/usr/local/lib/python3.12/site-packages/torch/_inductor/pattern_matcher.py", line 1729, in apply
W0529 10:42:11.834000 478 site-packages/torch/_dynamo/convert_frame.py:1125]     if is_match(m) and entry.extra_check(m):
W0529 10:42:11.834000 478 site-packages/torch/_dynamo/convert_frame.py:1125]                        ^^^^^^^^^^^^^^^^^^^^
W0529 10:42:11.834000 478 site-packages/torch/_dynamo/convert_frame.py:1125]   File "/usr/local/lib/python3.12/site-packages/torch/_inductor/pattern_matcher.py", line 1331, in check_fn
W0529 10:42:11.834000 478 site-packages/torch/_dynamo/convert_frame.py:1125]     if is_match(specific_pattern_match) and extra_check(specific_pattern_match):
W0529 10:42:11.834000 478 site-packages/torch/_dynamo/convert_frame.py:1125]                                             ^^^^^^^^^^^^^^^^^^^^^^^^^^^^^^^^^^^
W0529 10:42:11.834000 478 site-packages/torch/_dynamo/convert_frame.py:1125]   File "/usr/local/lib/python3.12/site-packages/torch/_inductor/fx_passes/pad_mm.py", line 146, in should_pad_addmm
W0529 10:42:11.834000 478 site-packages/torch/_dynamo/convert_frame.py:1125]     return should_pad_common(mat1, mat2, input) and should_pad_bench(
W0529 10:42:11.834000 478 site-packages/torch/_dynamo/convert_frame.py:1125]                                                     ^^^^^^^^^^^^^^^^^
W0529 10:42:11.834000 478 site-packages/torch/_dynamo/convert_frame.py:1125]   File "/usr/local/lib/python3.12/site-packages/torch/_inductor/fx_passes/pad_mm.py", line 566, in should_pad_bench
W0529 10:42:11.834000 478 site-packages/torch/_dynamo/convert_frame.py:1125]     ori_time = do_bench(orig_bench_fn)
W0529 10:42:11.834000 478 site-packages/torch/_dynamo/convert_frame.py:1125]                ^^^^^^^^^^^^^^^^^^^^^^^
W0529 10:42:11.834000 478 site-packages/torch/_dynamo/convert_frame.py:1125]   File "/usr/local/lib/python3.12/site-packages/torch/_inductor/runtime/benchmarking.py", line 66, in wrapper
W0529 10:42:11.834000 478 site-packages/torch/_dynamo/convert_frame.py:1125]     return fn(self, *args, **kwargs)
W0529 10:42:11.834000 478 site-packages/torch/_dynamo/convert_frame.py:1125]            ^^^^^^^^^^^^^^^^^^^^^^^^^
W0529 10:42:11.834000 478 site-packages/torch/_dynamo/convert_frame.py:1125]   File "/usr/local/lib/python3.12/site-packages/torch/_inductor/runtime/benchmarking.py", line 201, in benchmark_gpu
W0529 10:42:11.834000 478 site-packages/torch/_dynamo/convert_frame.py:1125]     return self.triton_do_bench(_callable, **kwargs, return_mode="median")
W0529 10:42:11.834000 478 site-packages/torch/_dynamo/convert_frame.py:1125]            ^^^^^^^^^^^^^^^^^^^^^^^^^^^^^^^^^^^^^^^^^^^^^^^^^^^^^^^^^^^^^^^
W0529 10:42:11.834000 478 site-packages/torch/_dynamo/convert_frame.py:1125]   File "/usr/local/lib/python3.12/site-packages/triton/testing.py", line 106, in do_bench
W0529 10:42:11.834000 478 site-packages/torch/_dynamo/convert_frame.py:1125]     fn()
W0529 10:42:11.834000 478 site-packages/torch/_dynamo/convert_frame.py:1125]   File "/usr/local/lib/python3.12/site-packages/torch/_inductor/fx_passes/pad_mm.py", line 537, in orig_bench_fn
W0529 10:42:11.834000 478 site-packages/torch/_dynamo/convert_frame.py:1125]     op(input, mat1, mat2)
W0529 10:42:11.834000 478 site-packages/torch/_dynamo/convert_frame.py:1125]   File "/usr/local/lib/python3.12/site-packages/torch/_ops.py", line 1116, in __call__
W0529 10:42:11.834000 478 site-packages/torch/_dynamo/convert_frame.py:1125]     return self._op(*args, **(kwargs or {}))
W0529 10:42:11.834000 478 site-packages/torch/_dynamo/convert_frame.py:1125]            ^^^^^^^^^^^^^^^^^^^^^^^^^^^^^^^^^
W0529 10:42:11.834000 478 site-packages/torch/_dynamo/convert_frame.py:1125] RuntimeError: mat1 and mat2 must have the same dtype, but got Double and Float
W0529 10:42:11.834000 478 site-packages/torch/_dynamo/convert_frame.py:1125] 
W0529 10:42:11.834000 478 site-packages/torch/_dynamo/convert_frame.py:1125] The above exception was the direct cause of the following exception:
W0529 10:42:11.834000 478 site-packages/torch/_dynamo/convert_frame.py:1125] 
W0529 10:42:11.834000 478 site-packages/torch/_dynamo/convert_frame.py:1125] Traceback (most recent call last):
W0529 10:42:11.834000 478 site-packages/torch/_dynamo/convert_frame.py:1125]   File "/usr/local/lib/python3.12/site-packages/torch/_dynamo/convert_frame.py", line 1064, in __call__
W0529 10:42:11.834000 478 site-packages/torch/_dynamo/convert_frame.py:1125]     result = self._inner_convert(
W0529 10:42:11.834000 478 site-packages/torch/_dynamo/convert_frame.py:1125]              ^^^^^^^^^^^^^^^^^^^^
W0529 10:42:11.834000 478 site-packages/torch/_dynamo/convert_frame.py:1125]   File "/usr/local/lib/python3.12/site-packages/torch/_dynamo/convert_frame.py", line 526, in __call__
W0529 10:42:11.834000 478 site-packages/torch/_dynamo/convert_frame.py:1125]     return _compile(
W0529 10:42:11.834000 478 site-packages/torch/_dynamo/convert_frame.py:1125]            ^^^^^^^^^
W0529 10:42:11.834000 478 site-packages/torch/_dynamo/convert_frame.py:1125]   File "/usr/local/lib/python3.12/site-packages/torch/_dynamo/convert_frame.py", line 924, in _compile
W0529 10:42:11.834000 478 site-packages/torch/_dynamo/convert_frame.py:1125]     guarded_code = compile_inner(code, one_graph, hooks, transform)
W0529 10:42:11.834000 478 site-packages/torch/_dynamo/convert_frame.py:1125]                    ^^^^^^^^^^^^^^^^^^^^^^^^^^^^^^^^^^^^^^^^^^^^^^^^
W0529 10:42:11.834000 478 site-packages/torch/_dynamo/convert_frame.py:1125]   File "/usr/local/lib/python3.12/site-packages/torch/_dynamo/convert_frame.py", line 666, in compile_inner
W0529 10:42:11.834000 478 site-packages/torch/_dynamo/convert_frame.py:1125]     return _compile_inner(code, one_graph, hooks, transform)
W0529 10:42:11.834000 478 site-packages/torch/_dynamo/convert_frame.py:1125]            ^^^^^^^^^^^^^^^^^^^^^^^^^^^^^^^^^^^^^^^^^^^^^^^^^
W0529 10:42:11.834000 478 site-packages/torch/_dynamo/convert_frame.py:1125]   File "/usr/local/lib/python3.12/site-packages/torch/_utils_internal.py", line 87, in wrapper_function
W0529 10:42:11.834000 478 site-packages/torch/_dynamo/convert_frame.py:1125]     return function(*args, **kwargs)
W0529 10:42:11.834000 478 site-packages/torch/_dynamo/convert_frame.py:1125]            ^^^^^^^^^^^^^^^^^^^^^^^^^
W0529 10:42:11.834000 478 site-packages/torch/_dynamo/convert_frame.py:1125]   File "/usr/local/lib/python3.12/site-packages/torch/_dynamo/convert_frame.py", line 699, in _compile_inner
W0529 10:42:11.834000 478 site-packages/torch/_dynamo/convert_frame.py:1125]     out_code = transform_code_object(code, transform)
W0529 10:42:11.834000 478 site-packages/torch/_dynamo/convert_frame.py:1125]                ^^^^^^^^^^^^^^^^^^^^^^^^^^^^^^^^^^^^^^
W0529 10:42:11.834000 478 site-packages/torch/_dynamo/convert_frame.py:1125]   File "/usr/local/lib/python3.12/site-packages/torch/_dynamo/bytecode_transformation.py", line 1322, in transform_code_object
W0529 10:42:11.834000 478 site-packages/torch/_dynamo/convert_frame.py:1125]     transformations(instructions, code_options)
W0529 10:42:11.834000 478 site-packages/torch/_dynamo/convert_frame.py:1125]   File "/usr/local/lib/python3.12/site-packages/torch/_dynamo/convert_frame.py", line 219, in _fn
W0529 10:42:11.834000 478 site-packages/torch/_dynamo/convert_frame.py:1125]     return fn(*args, **kwargs)
W0529 10:42:11.834000 478 site-packages/torch/_dynamo/convert_frame.py:1125]            ^^^^^^^^^^^^^^^^^^^
W0529 10:42:11.834000 478 site-packages/torch/_dynamo/convert_frame.py:1125]   File "/usr/local/lib/python3.12/site-packages/torch/_dynamo/convert_frame.py", line 634, in transform
W0529 10:42:11.834000 478 site-packages/torch/_dynamo/convert_frame.py:1125]     tracer.run()
W0529 10:42:11.834000 478 site-packages/torch/_dynamo/convert_frame.py:1125]   File "/usr/local/lib/python3.12/site-packages/torch/_dynamo/symbolic_convert.py", line 2796, in run
W0529 10:42:11.834000 478 site-packages/torch/_dynamo/convert_frame.py:1125]     super().run()
W0529 10:42:11.834000 478 site-packages/torch/_dynamo/convert_frame.py:1125]   File "/usr/local/lib/python3.12/site-packages/torch/_dynamo/symbolic_convert.py", line 983, in run
W0529 10:42:11.834000 478 site-packages/torch/_dynamo/convert_frame.py:1125]     while self.step():
W0529 10:42:11.834000 478 site-packages/torch/_dynamo/convert_frame.py:1125]           ^^^^^^^^^^^
W0529 10:42:11.834000 478 site-packages/torch/_dynamo/convert_frame.py:1125]   File "/usr/local/lib/python3.12/site-packages/torch/_dynamo/symbolic_convert.py", line 895, in step
W0529 10:42:11.834000 478 site-packages/torch/_dynamo/convert_frame.py:1125]     self.dispatch_table[inst.opcode](self, inst)
W0529 10:42:11.834000 478 site-packages/torch/_dynamo/convert_frame.py:1125]   File "/usr/local/lib/python3.12/site-packages/torch/_dynamo/symbolic_convert.py", line 2987, in RETURN_VALUE
W0529 10:42:11.834000 478 site-packages/torch/_dynamo/convert_frame.py:1125]     self._return(inst)
W0529 10:42:11.834000 478 site-packages/torch/_dynamo/convert_frame.py:1125]   File "/usr/local/lib/python3.12/site-packages/torch/_dynamo/symbolic_convert.py", line 2972, in _return
W0529 10:42:11.834000 478 site-packages/torch/_dynamo/convert_frame.py:1125]     self.output.compile_subgraph(
W0529 10:42:11.834000 478 site-packages/torch/_dynamo/convert_frame.py:1125]   File "/usr/local/lib/python3.12/site-packages/torch/_dynamo/output_graph.py", line 1117, in compile_subgraph
W0529 10:42:11.834000 478 site-packages/torch/_dynamo/convert_frame.py:1125]     self.compile_and_call_fx_graph(tx, list(reversed(stack_values)), root)
W0529 10:42:11.834000 478 site-packages/torch/_dynamo/convert_frame.py:1125]   File "/usr/local/lib/python3.12/site-packages/torch/_dynamo/output_graph.py", line 1369, in compile_and_call_fx_graph
W0529 10:42:11.834000 478 site-packages/torch/_dynamo/convert_frame.py:1125]     compiled_fn = self.call_user_compiler(gm)
W0529 10:42:11.834000 478 site-packages/torch/_dynamo/convert_frame.py:1125]                   ^^^^^^^^^^^^^^^^^^^^^^^^^^^
W0529 10:42:11.834000 478 site-packages/torch/_dynamo/convert_frame.py:1125]   File "/usr/local/lib/python3.12/site-packages/torch/_dynamo/output_graph.py", line 1416, in call_user_compiler
W0529 10:42:11.834000 478 site-packages/torch/_dynamo/convert_frame.py:1125]     return self._call_user_compiler(gm)
W0529 10:42:11.834000 478 site-packages/torch/_dynamo/convert_frame.py:1125]            ^^^^^^^^^^^^^^^^^^^^^^^^^^^^
W0529 10:42:11.834000 478 site-packages/torch/_dynamo/convert_frame.py:1125]   File "/usr/local/lib/python3.12/site-packages/torch/_dynamo/output_graph.py", line 1465, in _call_user_compiler
W0529 10:42:11.834000 478 site-packages/torch/_dynamo/convert_frame.py:1125]     raise BackendCompilerFailed(self.compiler_fn, e) from e
W0529 10:42:11.834000 478 site-packages/torch/_dynamo/convert_frame.py:1125] torch._dynamo.exc.BackendCompilerFailed: backend='inductor' raised:
W0529 10:42:11.834000 478 site-packages/torch/_dynamo/convert_frame.py:1125] RuntimeError: mat1 and mat2 must have the same dtype, but got Double and Float
W0529 10:42:11.834000 478 site-packages/torch/_dynamo/convert_frame.py:1125] 
W0529 10:42:11.834000 478 site-packages/torch/_dynamo/convert_frame.py:1125] Set TORCH_LOGS="+dynamo" and TORCHDYNAMO_VERBOSE=1 for more information
W0529 10:42:11.834000 478 site-packages/torch/_dynamo/convert_frame.py:1125] 
W0529 10:42:11.834000 478 site-packages/torch/_dynamo/convert_frame.py:1125] Traceback (most recent call last):
W0529 10:42:11.834000 478 site-packages/torch/_dynamo/convert_frame.py:1125]   File "/usr/local/lib/python3.12/site-packages/torch/_dynamo/output_graph.py", line 1446, in _call_user_compiler
W0529 10:42:11.834000 478 site-packages/torch/_dynamo/convert_frame.py:1125]     compiled_fn = compiler_fn(gm, self.example_inputs())
W0529 10:42:11.834000 478 site-packages/torch/_dynamo/convert_frame.py:1125]                   ^^^^^^^^^^^^^^^^^^^^^^^^^^^^^^^^^^^^^^
W0529 10:42:11.834000 478 site-packages/torch/_dynamo/convert_frame.py:1125]   File "/usr/local/lib/python3.12/site-packages/torch/_dynamo/repro/after_dynamo.py", line 129, in __call__
W0529 10:42:11.834000 478 site-packages/torch/_dynamo/convert_frame.py:1125]     compiled_gm = compiler_fn(gm, example_inputs)
W0529 10:42:11.834000 478 site-packages/torch/_dynamo/convert_frame.py:1125]                   ^^^^^^^^^^^^^^^^^^^^^^^^^^^^^^^
W0529 10:42:11.834000 478 site-packages/torch/_dynamo/convert_frame.py:1125]   File "/usr/local/lib/python3.12/site-packages/torch/__init__.py", line 2234, in __call__
W0529 10:42:11.834000 478 site-packages/torch/_dynamo/convert_frame.py:1125]     return compile_fx(model_, inputs_, config_patches=self.config)
W0529 10:42:11.834000 478 site-packages/torch/_dynamo/convert_frame.py:1125]            ^^^^^^^^^^^^^^^^^^^^^^^^^^^^^^^^^^^^^^^^^^^^^^^^^^^^^^^
W0529 10:42:11.834000 478 site-packages/torch/_dynamo/convert_frame.py:1125]   File "/usr/local/lib/python3.12/site-packages/torch/_inductor/compile_fx.py", line 1253, in compile_fx
W0529 10:42:11.834000 478 site-packages/torch/_dynamo/convert_frame.py:1125]     return compile_fx(
W0529 10:42:11.834000 478 site-packages/torch/_dynamo/convert_frame.py:1125]            ^^^^^^^^^^^
W0529 10:42:11.834000 478 site-packages/torch/_dynamo/convert_frame.py:1125]   File "/usr/local/lib/python3.12/site-packages/torch/_inductor/compile_fx.py", line 1521, in compile_fx
W0529 10:42:11.834000 478 site-packages/torch/_dynamo/convert_frame.py:1125]     return aot_autograd(
W0529 10:42:11.834000 478 site-packages/torch/_dynamo/convert_frame.py:1125]            ^^^^^^^^^^^^^
W0529 10:42:11.834000 478 site-packages/torch/_dynamo/convert_frame.py:1125]   File "/usr/local/lib/python3.12/site-packages/torch/_dynamo/backends/common.py", line 72, in __call__
W0529 10:42:11.834000 478 site-packages/torch/_dynamo/convert_frame.py:1125]     cg = aot_module_simplified(gm, example_inputs, **self.kwargs)
W0529 10:42:11.834000 478 site-packages/torch/_dynamo/convert_frame.py:1125]          ^^^^^^^^^^^^^^^^^^^^^^^^^^^^^^^^^^^^^^^^^^^^^^^^^^^^^^^^
W0529 10:42:11.834000 478 site-packages/torch/_dynamo/convert_frame.py:1125]   File "/usr/local/lib/python3.12/site-packages/torch/_functorch/aot_autograd.py", line 1071, in aot_module_simplified
W0529 10:42:11.834000 478 site-packages/torch/_dynamo/convert_frame.py:1125]     compiled_fn = dispatch_and_compile()
W0529 10:42:11.834000 478 site-packages/torch/_dynamo/convert_frame.py:1125]                   ^^^^^^^^^^^^^^^^^^^^^^
W0529 10:42:11.834000 478 site-packages/torch/_dynamo/convert_frame.py:1125]   File "/usr/local/lib/python3.12/site-packages/torch/_functorch/aot_autograd.py", line 1056, in dispatch_and_compile
W0529 10:42:11.834000 478 site-packages/torch/_dynamo/convert_frame.py:1125]     compiled_fn, _ = create_aot_dispatcher_function(
W0529 10:42:11.834000 478 site-packages/torch/_dynamo/convert_frame.py:1125]                      ^^^^^^^^^^^^^^^^^^^^^^^^^^^^^^^
W0529 10:42:11.834000 478 site-packages/torch/_dynamo/convert_frame.py:1125]   File "/usr/local/lib/python3.12/site-packages/torch/_functorch/aot_autograd.py", line 522, in create_aot_dispatcher_function
W0529 10:42:11.834000 478 site-packages/torch/_dynamo/convert_frame.py:1125]     return _create_aot_dispatcher_function(
W0529 10:42:11.834000 478 site-packages/torch/_dynamo/convert_frame.py:1125]            ^^^^^^^^^^^^^^^^^^^^^^^^^^^^^^^^
W0529 10:42:11.834000 478 site-packages/torch/_dynamo/convert_frame.py:1125]   File "/usr/local/lib/python3.12/site-packages/torch/_functorch/aot_autograd.py", line 759, in _create_aot_dispatcher_function
W0529 10:42:11.834000 478 site-packages/torch/_dynamo/convert_frame.py:1125]     compiled_fn, fw_metadata = compiler_fn(
W0529 10:42:11.834000 478 site-packages/torch/_dynamo/convert_frame.py:1125]                                ^^^^^^^^^^^^
W0529 10:42:11.834000 478 site-packages/torch/_dynamo/convert_frame.py:1125]   File "/usr/local/lib/python3.12/site-packages/torch/_functorch/_aot_autograd/jit_compile_runtime_wrappers.py", line 179, in aot_dispatch_base
W0529 10:42:11.834000 478 site-packages/torch/_dynamo/convert_frame.py:1125]     compiled_fw = compiler(fw_module, updated_flat_args)
W0529 10:42:11.834000 478 site-packages/torch/_dynamo/convert_frame.py:1125]                   ^^^^^^^^^^^^^^^^^^^^^^^^^^^^^^^^^^^^^^
W0529 10:42:11.834000 478 site-packages/torch/_dynamo/convert_frame.py:1125]   File "/usr/local/lib/python3.12/site-packages/torch/_inductor/compile_fx.py", line 1350, in fw_compiler_base
W0529 10:42:11.834000 478 site-packages/torch/_dynamo/convert_frame.py:1125]     return _fw_compiler_base(model, example_inputs, is_inference)
W0529 10:42:11.834000 478 site-packages/torch/_dynamo/convert_frame.py:1125]            ^^^^^^^^^^^^^^^^^^^^^^^^^^^^^^^^^^^^^^^^^^^^^^^^^^^^^^
W0529 10:42:11.834000 478 site-packages/torch/_dynamo/convert_frame.py:1125]   File "/usr/local/lib/python3.12/site-packages/torch/_inductor/compile_fx.py", line 1359, in _fw_compiler_base
W0529 10:42:11.834000 478 site-packages/torch/_dynamo/convert_frame.py:1125]     _recursive_joint_graph_passes(model)
W0529 10:42:11.834000 478 site-packages/torch/_dynamo/convert_frame.py:1125]   File "/usr/local/lib/python3.12/site-packages/torch/_inductor/compile_fx.py", line 281, in _recursive_joint_graph_passes
W0529 10:42:11.834000 478 site-packages/torch/_dynamo/convert_frame.py:1125]     joint_graph_passes(gm)
W0529 10:42:11.834000 478 site-packages/torch/_dynamo/convert_frame.py:1125]   File "/usr/local/lib/python3.12/site-packages/torch/_inductor/fx_passes/joint_graph.py", line 460, in joint_graph_passes
W0529 10:42:11.834000 478 site-packages/torch/_dynamo/convert_frame.py:1125]     count += patterns.apply(graph.graph)  # type: ignore[arg-type]
W0529 10:42:11.834000 478 site-packages/torch/_dynamo/convert_frame.py:1125]              ^^^^^^^^^^^^^^^^^^^^^^^^^^^
W0529 10:42:11.834000 478 site-packages/torch/_dynamo/convert_frame.py:1125]   File "/usr/local/lib/python3.12/site-packages/torch/_inductor/pattern_matcher.py", line 1729, in apply
W0529 10:42:11.834000 478 site-packages/torch/_dynamo/convert_frame.py:1125]     if is_match(m) and entry.extra_check(m):
W0529 10:42:11.834000 478 site-packages/torch/_dynamo/convert_frame.py:1125]                        ^^^^^^^^^^^^^^^^^^^^
W0529 10:42:11.834000 478 site-packages/torch/_dynamo/convert_frame.py:1125]   File "/usr/local/lib/python3.12/site-packages/torch/_inductor/pattern_matcher.py", line 1331, in check_fn
W0529 10:42:11.834000 478 site-packages/torch/_dynamo/convert_frame.py:1125]     if is_match(specific_pattern_match) and extra_check(specific_pattern_match):
W0529 10:42:11.834000 478 site-packages/torch/_dynamo/convert_frame.py:1125]                                             ^^^^^^^^^^^^^^^^^^^^^^^^^^^^^^^^^^^
W0529 10:42:11.834000 478 site-packages/torch/_dynamo/convert_frame.py:1125]   File "/usr/local/lib/python3.12/site-packages/torch/_inductor/fx_passes/pad_mm.py", line 146, in should_pad_addmm
W0529 10:42:11.834000 478 site-packages/torch/_dynamo/convert_frame.py:1125]     return should_pad_common(mat1, mat2, input) and should_pad_bench(
W0529 10:42:11.834000 478 site-packages/torch/_dynamo/convert_frame.py:1125]                                                     ^^^^^^^^^^^^^^^^^
W0529 10:42:11.834000 478 site-packages/torch/_dynamo/convert_frame.py:1125]   File "/usr/local/lib/python3.12/site-packages/torch/_inductor/fx_passes/pad_mm.py", line 566, in should_pad_bench
W0529 10:42:11.834000 478 site-packages/torch/_dynamo/convert_frame.py:1125]     ori_time = do_bench(orig_bench_fn)
W0529 10:42:11.834000 478 site-packages/torch/_dynamo/convert_frame.py:1125]                ^^^^^^^^^^^^^^^^^^^^^^^
W0529 10:42:11.834000 478 site-packages/torch/_dynamo/convert_frame.py:1125]   File "/usr/local/lib/python3.12/site-packages/torch/_inductor/runtime/benchmarking.py", line 66, in wrapper
W0529 10:42:11.834000 478 site-packages/torch/_dynamo/convert_frame.py:1125]     return fn(self, *args, **kwargs)
W0529 10:42:11.834000 478 site-packages/torch/_dynamo/convert_frame.py:1125]            ^^^^^^^^^^^^^^^^^^^^^^^^^
W0529 10:42:11.834000 478 site-packages/torch/_dynamo/convert_frame.py:1125]   File "/usr/local/lib/python3.12/site-packages/torch/_inductor/runtime/benchmarking.py", line 201, in benchmark_gpu
W0529 10:42:11.834000 478 site-packages/torch/_dynamo/convert_frame.py:1125]     return self.triton_do_bench(_callable, **kwargs, return_mode="median")
W0529 10:42:11.834000 478 site-packages/torch/_dynamo/convert_frame.py:1125]            ^^^^^^^^^^^^^^^^^^^^^^^^^^^^^^^^^^^^^^^^^^^^^^^^^^^^^^^^^^^^^^^
W0529 10:42:11.834000 478 site-packages/torch/_dynamo/convert_frame.py:1125]   File "/usr/local/lib/python3.12/site-packages/triton/testing.py", line 106, in do_bench
W0529 10:42:11.834000 478 site-packages/torch/_dynamo/convert_frame.py:1125]     fn()
W0529 10:42:11.834000 478 site-packages/torch/_dynamo/convert_frame.py:1125]   File "/usr/local/lib/python3.12/site-packages/torch/_inductor/fx_passes/pad_mm.py", line 537, in orig_bench_fn
W0529 10:42:11.834000 478 site-packages/torch/_dynamo/convert_frame.py:1125]     op(input, mat1, mat2)
W0529 10:42:11.834000 478 site-packages/torch/_dynamo/convert_frame.py:1125]   File "/usr/local/lib/python3.12/site-packages/torch/_ops.py", line 1116, in __call__
W0529 10:42:11.834000 478 site-packages/torch/_dynamo/convert_frame.py:1125]     return self._op(*args, **(kwargs or {}))
W0529 10:42:11.834000 478 site-packages/torch/_dynamo/convert_frame.py:1125]            ^^^^^^^^^^^^^^^^^^^^^^^^^^^^^^^^^
W0529 10:42:11.834000 478 site-packages/torch/_dynamo/convert_frame.py:1125] RuntimeError: mat1 and mat2 must have the same dtype, but got Double and Float
W0529 10:42:11.834000 478 site-packages/torch/_dynamo/convert_frame.py:1125] 
W0529 10:42:11.834000 478 site-packages/torch/_dynamo/convert_frame.py:1125] The above exception was the direct cause of the following exception:
W0529 10:42:11.834000 478 site-packages/torch/_dynamo/convert_frame.py:1125] 
W0529 10:42:11.834000 478 site-packages/torch/_dynamo/convert_frame.py:1125] Traceback (most recent call last):
W0529 10:42:11.834000 478 site-packages/torch/_dynamo/convert_frame.py:1125]   File "/usr/local/lib/python3.12/site-packages/torch/_dynamo/convert_frame.py", line 1064, in __call__
W0529 10:42:11.834000 478 site-packages/torch/_dynamo/convert_frame.py:1125]     result = self._inner_convert(
W0529 10:42:11.834000 478 site-packages/torch/_dynamo/convert_frame.py:1125]              ^^^^^^^^^^^^^^^^^^^^
W0529 10:42:11.834000 478 site-packages/torch/_dynamo/convert_frame.py:1125]   File "/usr/local/lib/python3.12/site-packages/torch/_dynamo/convert_frame.py", line 526, in __call__
W0529 10:42:11.834000 478 site-packages/torch/_dynamo/convert_frame.py:1125]     return _compile(
W0529 10:42:11.834000 478 site-packages/torch/_dynamo/convert_frame.py:1125]            ^^^^^^^^^
W0529 10:42:11.834000 478 site-packages/torch/_dynamo/convert_frame.py:1125]   File "/usr/local/lib/python3.12/site-packages/torch/_dynamo/convert_frame.py", line 924, in _compile
W0529 10:42:11.834000 478 site-packages/torch/_dynamo/convert_frame.py:1125]     guarded_code = compile_inner(code, one_graph, hooks, transform)
W0529 10:42:11.834000 478 site-packages/torch/_dynamo/convert_frame.py:1125]                    ^^^^^^^^^^^^^^^^^^^^^^^^^^^^^^^^^^^^^^^^^^^^^^^^
W0529 10:42:11.834000 478 site-packages/torch/_dynamo/convert_frame.py:1125]   File "/usr/local/lib/python3.12/site-packages/torch/_dynamo/convert_frame.py", line 666, in compile_inner
W0529 10:42:11.834000 478 site-packages/torch/_dynamo/convert_frame.py:1125]     return _compile_inner(code, one_graph, hooks, transform)
W0529 10:42:11.834000 478 site-packages/torch/_dynamo/convert_frame.py:1125]            ^^^^^^^^^^^^^^^^^^^^^^^^^^^^^^^^^^^^^^^^^^^^^^^^^
W0529 10:42:11.834000 478 site-packages/torch/_dynamo/convert_frame.py:1125]   File "/usr/local/lib/python3.12/site-packages/torch/_utils_internal.py", line 87, in wrapper_function
W0529 10:42:11.834000 478 site-packages/torch/_dynamo/convert_frame.py:1125]     return function(*args, **kwargs)
W0529 10:42:11.834000 478 site-packages/torch/_dynamo/convert_frame.py:1125]            ^^^^^^^^^^^^^^^^^^^^^^^^^
W0529 10:42:11.834000 478 site-packages/torch/_dynamo/convert_frame.py:1125]   File "/usr/local/lib/python3.12/site-packages/torch/_dynamo/convert_frame.py", line 699, in _compile_inner
W0529 10:42:11.834000 478 site-packages/torch/_dynamo/convert_frame.py:1125]     out_code = transform_code_object(code, transform)
W0529 10:42:11.834000 478 site-packages/torch/_dynamo/convert_frame.py:1125]                ^^^^^^^^^^^^^^^^^^^^^^^^^^^^^^^^^^^^^^
W0529 10:42:11.834000 478 site-packages/torch/_dynamo/convert_frame.py:1125]   File "/usr/local/lib/python3.12/site-packages/torch/_dynamo/bytecode_transformation.py", line 1322, in transform_code_object
W0529 10:42:11.834000 478 site-packages/torch/_dynamo/convert_frame.py:1125]     transformations(instructions, code_options)
W0529 10:42:11.834000 478 site-packages/torch/_dynamo/convert_frame.py:1125]   File "/usr/local/lib/python3.12/site-packages/torch/_dynamo/convert_frame.py", line 219, in _fn
W0529 10:42:11.834000 478 site-packages/torch/_dynamo/convert_frame.py:1125]     return fn(*args, **kwargs)
W0529 10:42:11.834000 478 site-packages/torch/_dynamo/convert_frame.py:1125]            ^^^^^^^^^^^^^^^^^^^
W0529 10:42:11.834000 478 site-packages/torch/_dynamo/convert_frame.py:1125]   File "/usr/local/lib/python3.12/site-packages/torch/_dynamo/convert_frame.py", line 634, in transform
W0529 10:42:11.834000 478 site-packages/torch/_dynamo/convert_frame.py:1125]     tracer.run()
W0529 10:42:11.834000 478 site-packages/torch/_dynamo/convert_frame.py:1125]   File "/usr/local/lib/python3.12/site-packages/torch/_dynamo/symbolic_convert.py", line 2796, in run
W0529 10:42:11.834000 478 site-packages/torch/_dynamo/convert_frame.py:1125]     super().run()
W0529 10:42:11.834000 478 site-packages/torch/_dynamo/convert_frame.py:1125]   File "/usr/local/lib/python3.12/site-packages/torch/_dynamo/symbolic_convert.py", line 983, in run
W0529 10:42:11.834000 478 site-packages/torch/_dynamo/convert_frame.py:1125]     while self.step():
W0529 10:42:11.834000 478 site-packages/torch/_dynamo/convert_frame.py:1125]           ^^^^^^^^^^^
W0529 10:42:11.834000 478 site-packages/torch/_dynamo/convert_frame.py:1125]   File "/usr/local/lib/python3.12/site-packages/torch/_dynamo/symbolic_convert.py", line 895, in step
W0529 10:42:11.834000 478 site-packages/torch/_dynamo/convert_frame.py:1125]     self.dispatch_table[inst.opcode](self, inst)
W0529 10:42:11.834000 478 site-packages/torch/_dynamo/convert_frame.py:1125]   File "/usr/local/lib/python3.12/site-packages/torch/_dynamo/symbolic_convert.py", line 2987, in RETURN_VALUE
W0529 10:42:11.834000 478 site-packages/torch/_dynamo/convert_frame.py:1125]     self._return(inst)
W0529 10:42:11.834000 478 site-packages/torch/_dynamo/convert_frame.py:1125]   File "/usr/local/lib/python3.12/site-packages/torch/_dynamo/symbolic_convert.py", line 2972, in _return
W0529 10:42:11.834000 478 site-packages/torch/_dynamo/convert_frame.py:1125]     self.output.compile_subgraph(
W0529 10:42:11.834000 478 site-packages/torch/_dynamo/convert_frame.py:1125]   File "/usr/local/lib/python3.12/site-packages/torch/_dynamo/output_graph.py", line 1117, in compile_subgraph
W0529 10:42:11.834000 478 site-packages/torch/_dynamo/convert_frame.py:1125]     self.compile_and_call_fx_graph(tx, list(reversed(stack_values)), root)
W0529 10:42:11.834000 478 site-packages/torch/_dynamo/convert_frame.py:1125]   File "/usr/local/lib/python3.12/site-packages/torch/_dynamo/output_graph.py", line 1369, in compile_and_call_fx_graph
W0529 10:42:11.834000 478 site-packages/torch/_dynamo/convert_frame.py:1125]     compiled_fn = self.call_user_compiler(gm)
W0529 10:42:11.834000 478 site-packages/torch/_dynamo/convert_frame.py:1125]                   ^^^^^^^^^^^^^^^^^^^^^^^^^^^
W0529 10:42:11.834000 478 site-packages/torch/_dynamo/convert_frame.py:1125]   File "/usr/local/lib/python3.12/site-packages/torch/_dynamo/output_graph.py", line 1416, in call_user_compiler
W0529 10:42:11.834000 478 site-packages/torch/_dynamo/convert_frame.py:1125]     return self._call_user_compiler(gm)
W0529 10:42:11.834000 478 site-packages/torch/_dynamo/convert_frame.py:1125]            ^^^^^^^^^^^^^^^^^^^^^^^^^^^^
W0529 10:42:11.834000 478 site-packages/torch/_dynamo/convert_frame.py:1125]   File "/usr/local/lib/python3.12/site-packages/torch/_dynamo/output_graph.py", line 1465, in _call_user_compiler
W0529 10:42:11.834000 478 site-packages/torch/_dynamo/convert_frame.py:1125]     raise BackendCompilerFailed(self.compiler_fn, e) from e
W0529 10:42:11.834000 478 site-packages/torch/_dynamo/convert_frame.py:1125] torch._dynamo.exc.BackendCompilerFailed: backend='inductor' raised:
W0529 10:42:11.834000 478 site-packages/torch/_dynamo/convert_frame.py:1125] RuntimeError: mat1 and mat2 must have the same dtype, but got Double and Float
W0529 10:42:11.834000 478 site-packages/torch/_dynamo/convert_frame.py:1125] 
W0529 10:42:11.834000 478 site-packages/torch/_dynamo/convert_frame.py:1125] Set TORCH_LOGS="+dynamo" and TORCHDYNAMO_VERBOSE=1 for more information
W0529 10:42:11.834000 478 site-packages/torch/_dynamo/convert_frame.py:1125] 
Traceback (most recent call last):
  File "/data/results/lmstudio_prompt11_router_20260528-212821/call_acc/log_softmax_linear.py", line 35, in log_softmax_linear
    y = _log_softmax_linear_fast(input, weight, bias, dim, dtype)
        ^^^^^^^^^^^^^^^^^^^^^^^^^^^^^^^^^^^^^^^^^^^^^^^^^^^^^^^^^
  File "/usr/local/lib/python3.12/site-packages/torch/_dynamo/eval_frame.py", line 465, in _fn
    return fn(*args, **kwargs)
           ^^^^^^^^^^^^^^^^^^^
  File "/data/results/lmstudio_prompt11_router_20260528-212821/call_acc/log_softmax_linear.py", line 24, in _log_softmax_linear_impl
    out = F.linear(input, weight, bias)
          ^^^^^^^^^^^^^^^^^^^^^^^^^^^^^
RuntimeError: mat1 and mat2 must have the same dtype, but got Double and Float

During handling of the above exception, another exception occurred:

Traceback (most recent call last):
  File "/data/results/lmstudio_prompt11_router_20260528-212821/call_acc/log_softmax_linear.py", line 81, in <module>
    test_results = test_log_softmax_linear()
                   ^^^^^^^^^^^^^^^^^^^^^^^^^
  File "/data/results/lmstudio_prompt11_router_20260528-212821/call_acc/log_softmax_linear.py", line 77, in test_log_softmax_linear
    results["test_case_4"] = log_softmax_linear(input4, weight4, bias4, dtype=torch.float64)
                             ^^^^^^^^^^^^^^^^^^^^^^^^^^^^^^^^^^^^^^^^^^^^^^^^^^^^^^^^^^^^^^^
  File "/data/results/lmstudio_prompt11_router_20260528-212821/call_acc/log_softmax_linear.py", line 37, in log_softmax_linear
    y = _log_softmax_linear_impl(input, weight, bias, dim, dtype)
        ^^^^^^^^^^^^^^^^^^^^^^^^^^^^^^^^^^^^^^^^^^^^^^^^^^^^^^^^^
  File "/data/results/lmstudio_prompt11_router_20260528-212821/call_acc/log_softmax_linear.py", line 24, in _log_softmax_linear_impl
    out = F.linear(input, weight, bias)
          ^^^^^^^^^^^^^^^^^^^^^^^^^^^^^
RuntimeError: mat1 and mat2 must have the same dtype, but got Double and Float

=== Output for relu.py on GPU 0 ===

=== Errors for relu.py on GPU 0 ===

=== Output for least_squares_qr.py on GPU 0 ===

=== Errors for least_squares_qr.py on GPU 0 ===
Traceback (most recent call last):
  File "/data/results/lmstudio_prompt11_router_20260528-212821/call_acc/least_squares_qr.py", line 57, in <module>
    test_results = test_least_squares_qr()
                   ^^^^^^^^^^^^^^^^^^^^^^^
  File "/data/results/lmstudio_prompt11_router_20260528-212821/call_acc/least_squares_qr.py", line 47, in test_least_squares_qr
    results["test_case_1"] = least_squares_qr(A1, b1)
                             ^^^^^^^^^^^^^^^^^^^^^^^^
  File "/data/results/lmstudio_prompt11_router_20260528-212821/call_acc/least_squares_qr.py", line 29, in least_squares_qr
    x = torch.linalg.solve_triangular(R, Qt_b, upper=True)
        ^^^^^^^^^^^^^^^^^^^^^^^^^^^^^^^^^^^^^^^^^^^^^^^^^^
RuntimeError: linalg.solve_triangular: The input tensor B must have at least 2 dimensions.

=== Output for determinant_via_qr.py on GPU 0 ===

=== Errors for determinant_via_qr.py on GPU 0 ===

=== Output for fused_tile_exp.py on GPU 0 ===

=== Errors for fused_tile_exp.py on GPU 0 ===
Traceback (most recent call last):
  File "/data/results/lmstudio_prompt11_router_20260528-212821/call_acc/fused_tile_exp.py", line 60, in <module>
    test_results = test_fused_tile_exp()
                   ^^^^^^^^^^^^^^^^^^^^^
  File "/data/results/lmstudio_prompt11_router_20260528-212821/call_acc/fused_tile_exp.py", line 56, in test_fused_tile_exp
    results["test_case_4"] = fused_tile_exp(input4, dims4, out=out_tensor)
                             ^^^^^^^^^^^^^^^^^^^^^^^^^^^^^^^^^^^^^^^^^^^^^
  File "/data/results/lmstudio_prompt11_router_20260528-212821/call_acc/fused_tile_exp.py", line 24, in fused_tile_exp
    out.copy_(y)
RuntimeError: The size of tensor a (3) must match the size of tensor b (6) at non-singleton dimension 1

=== Output for sqrt_tanh.py on GPU 0 ===

=== Errors for sqrt_tanh.py on GPU 0 ===

=== Output for silu_batch_norm.py on GPU 0 ===

=== Errors for silu_batch_norm.py on GPU 0 ===
skipping cudagraphs due to mutated inputs (2 instances). Found from : 
   File "/data/results/lmstudio_prompt11_router_20260528-212821/call_acc/silu_batch_norm.py", line 23, in _silu_batch_norm_impl
    y = F.batch_norm(input, running_mean, running_var, weight, bias, training, momentum, eps)

skipping cudagraphs due to mutated inputs (2 instances). Found from : 
   File "/data/results/lmstudio_prompt11_router_20260528-212821/call_acc/silu_batch_norm.py", line 23, in _silu_batch_norm_impl
    y = F.batch_norm(input, running_mean, running_var, weight, bias, training, momentum, eps)


=== Output for index_fill_.py on GPU 0 ===

=== Errors for index_fill_.py on GPU 0 ===
Traceback (most recent call last):
  File "/data/results/lmstudio_prompt11_router_20260528-212821/call_acc/index_fill_.py", line 59, in <module>
    test_results = test_index_fill_()
                   ^^^^^^^^^^^^^^^^^^
  File "/data/results/lmstudio_prompt11_router_20260528-212821/call_acc/index_fill_.py", line 37, in test_index_fill_
    results["test_case_1"] = index_fill_(0, x1, index1, value1).cpu()
                             ^^^^^^^^^^^^^^^^^^^^^^^^^^^^^^^^^^
  File "/data/results/lmstudio_prompt11_router_20260528-212821/call_acc/index_fill_.py", line 22, in index_fill_
    return torch.index_fill_(input, dim, index, value)
           ^^^^^^^^^^^^^^^^^
  File "/usr/local/lib/python3.12/site-packages/torch/__init__.py", line 2562, in __getattr__
    raise AttributeError(f"module '{__name__}' has no attribute '{name}'")
AttributeError: module 'torch' has no attribute 'index_fill_'

=== Output for fused_cross_entropy_softmax_layernorm.py on GPU 0 ===

=== Errors for fused_cross_entropy_softmax_layernorm.py on GPU 0 ===

=== Output for mean.py on GPU 0 ===

=== Errors for mean.py on GPU 0 ===

=== Output for eig.py on GPU 0 ===

=== Errors for eig.py on GPU 0 ===

=== Output for logsumexp.py on GPU 0 ===

=== Errors for logsumexp.py on GPU 0 ===

=== Output for fused_embedding_add_tanh.py on GPU 0 ===

=== Errors for fused_embedding_add_tanh.py on GPU 0 ===

=== Output for fused_mv_sigmoid_sub.py on GPU 0 ===

=== Errors for fused_mv_sigmoid_sub.py on GPU 0 ===

=== Output for add_gelu.py on GPU 0 ===

=== Errors for add_gelu.py on GPU 0 ===
Traceback (most recent call last):
  File "/data/results/lmstudio_prompt11_router_20260528-212821/call_acc/add_gelu.py", line 90, in <module>
    test_results = test_add_gelu()
                   ^^^^^^^^^^^^^^^
  File "/data/results/lmstudio_prompt11_router_20260528-212821/call_acc/add_gelu.py", line 74, in test_add_gelu
    results["test_case_1"] = add_gelu(input_tensor, other_tensor)
                             ^^^^^^^^^^^^^^^^^^^^^^^^^^^^^^^^^^^^
  File "/data/results/lmstudio_prompt11_router_20260528-212821/call_acc/add_gelu.py", line 51, in add_gelu
    M, N = input.shape
    ^^^^
ValueError: not enough values to unpack (expected 2, got 1)

=== Output for fused_cosine_embedding_loss_with_normalization.py on GPU 0 ===

=== Errors for fused_cosine_embedding_loss_with_normalization.py on GPU 0 ===

=== Output for fused_transformer_block.py on GPU 0 ===

=== Errors for fused_transformer_block.py on GPU 0 ===
W0529 10:43:55.285000 822 site-packages/torch/_inductor/utils.py:1048] [0/0] Not enough SMs to use max_autotune_gemm mode

=== Output for log1p.py on GPU 0 ===

=== Errors for log1p.py on GPU 0 ===

=== Output for sigmoid_batch_norm.py on GPU 0 ===

=== Errors for sigmoid_batch_norm.py on GPU 0 ===

=== Output for fused_hardsigmoid_batch_norm.py on GPU 0 ===

=== Errors for fused_hardsigmoid_batch_norm.py on GPU 0 ===

=== Output for zeta.py on GPU 0 ===

=== Errors for zeta.py on GPU 0 ===

=== Output for symmetric_matrix_vector_norm.py on GPU 0 ===

=== Errors for symmetric_matrix_vector_norm.py on GPU 0 ===

=== Output for softplus_linear.py on GPU 0 ===

=== Errors for softplus_linear.py on GPU 0 ===
W0529 10:44:39.001000 1002 site-packages/torch/_inductor/utils.py:1048] [0/0] Not enough SMs to use max_autotune_gemm mode

=== Output for fused_svd_reconstruct.py on GPU 0 ===

=== Errors for fused_svd_reconstruct.py on GPU 0 ===
Traceback (most recent call last):
  File "/data/results/lmstudio_prompt11_router_20260528-212821/call_acc/fused_svd_reconstruct.py", line 52, in <module>
    test_results = test_fused_svd_reconstruct()
                   ^^^^^^^^^^^^^^^^^^^^^^^^^^^^
  File "/data/results/lmstudio_prompt11_router_20260528-212821/call_acc/fused_svd_reconstruct.py", line 40, in test_fused_svd_reconstruct
    results["test_case_2"] = fused_svd_reconstruct(A2)
                             ^^^^^^^^^^^^^^^^^^^^^^^^^
  File "/data/results/lmstudio_prompt11_router_20260528-212821/call_acc/fused_svd_reconstruct.py", line 23, in fused_svd_reconstruct
    return U @ torch.diag(S) @ Vh
           ~~^~~~~~~~~~~~~~~
RuntimeError: mat1 and mat2 shapes cannot be multiplied (3x3 and 2x2)

=== Output for fused_mul_add_logsoftmax_dropout_bmm.py on GPU 0 ===

=== Errors for fused_mul_add_logsoftmax_dropout_bmm.py on GPU 0 ===
W0529 10:44:54.983000 1083 site-packages/torch/_inductor/utils.py:1048] [0/0] Not enough SMs to use max_autotune_gemm mode

=== Output for selu.py on GPU 0 ===

=== Errors for selu.py on GPU 0 ===
Traceback (most recent call last):
  File "/usr/local/lib/python3.12/site-packages/triton/language/core.py", line 35, in wrapper
    return fn(*args, **kwargs)
           ^^^^^^^^^^^^^^^^^^^
  File "/usr/local/lib/python3.12/site-packages/triton/language/core.py", line 1597, in load
    return semantic.load(pointer, mask, other, boundary_check, padding_option, cache_modifier, eviction_policy,
           ^^^^^^^^^^^^^^^^^^^^^^^^^^^^^^^^^^^^^^^^^^^^^^^^^^^^^^^^^^^^^^^^^^^^^^^^^^^^^^^^^^^^^^^^^^^^^^^^^^^^
  File "/usr/local/lib/python3.12/site-packages/triton/language/semantic.py", line 1037, in load
    return _load_legacy(ptr, mask, other, boundary_check, padding, cache, eviction, is_volatile, builder)
           ^^^^^^^^^^^^^^^^^^^^^^^^^^^^^^^^^^^^^^^^^^^^^^^^^^^^^^^^^^^^^^^^^^^^^^^^^^^^^^^^^^^^^^^^^^^^^^
  File "/usr/local/lib/python3.12/site-packages/triton/language/semantic.py", line 969, in _load_legacy
    raise ValueError(f"Unsupported ptr type {ptr.type.__repr__()} in `tl.load`")
ValueError: Unsupported ptr type <[1024], int64> in `tl.load`

The above exception was the direct cause of the following exception:

Traceback (most recent call last):
  File "/data/results/lmstudio_prompt11_router_20260528-212821/call_acc/selu.py", line 75, in <module>
    test_results = test_selu()
                   ^^^^^^^^^^^
  File "/data/results/lmstudio_prompt11_router_20260528-212821/call_acc/selu.py", line 59, in test_selu
    results["test_case_1"] = selu(input_tensor_1)
                             ^^^^^^^^^^^^^^^^^^^^
  File "/data/results/lmstudio_prompt11_router_20260528-212821/call_acc/selu.py", line 45, in selu
    _selu_kernel[grid](input.data_ptr(), out.data_ptr(), n_elements, BLOCK_SIZE)
  File "/usr/local/lib/python3.12/site-packages/triton/runtime/jit.py", line 345, in <lambda>
    return lambda *args, **kwargs: self.run(grid=grid, warmup=False, *args, **kwargs)
                                   ^^^^^^^^^^^^^^^^^^^^^^^^^^^^^^^^^^^^^^^^^^^^^^^^^^
  File "/usr/local/lib/python3.12/site-packages/triton/runtime/jit.py", line 662, in run
    kernel = self.compile(
             ^^^^^^^^^^^^^
  File "/usr/local/lib/python3.12/site-packages/triton/compiler/compiler.py", line 276, in compile
    module = src.make_ir(options, codegen_fns, context)
             ^^^^^^^^^^^^^^^^^^^^^^^^^^^^^^^^^^^^^^^^^^
  File "/usr/local/lib/python3.12/site-packages/triton/compiler/compiler.py", line 113, in make_ir
    return ast_to_ttir(self.fn, self, context=context, options=options, codegen_fns=codegen_fns)
           ^^^^^^^^^^^^^^^^^^^^^^^^^^^^^^^^^^^^^^^^^^^^^^^^^^^^^^^^^^^^^^^^^^^^^^^^^^^^^^^^^^^^^
triton.compiler.errors.CompilationError: at 6:8:
def _selu_kernel(x_ptr, out_ptr, n_elements, BLOCK_SIZE: tl.constexpr):
    pid = tl.program_id(0)
    block_start = pid * BLOCK_SIZE
    offsets = block_start + tl.arange(0, BLOCK_SIZE)
    mask = offsets < n_elements
    x = tl.load(x_ptr + offsets, mask=mask)
        ^

=== Output for scaled_add_norm.py on GPU 0 ===

=== Errors for scaled_add_norm.py on GPU 0 ===

=== Output for leaky_relu_conv2d.py on GPU 0 ===

=== Errors for leaky_relu_conv2d.py on GPU 0 ===
W0529 10:45:18.660000 1191 site-packages/torch/_inductor/utils.py:1048] [0/0] Not enough SMs to use max_autotune_gemm mode

=== Output for sqrt_exp.py on GPU 0 ===

=== Errors for sqrt_exp.py on GPU 0 ===

=== Output for cos_avg_pool1d.py on GPU 0 ===

=== Errors for cos_avg_pool1d.py on GPU 0 ===

=== Output for sum_std.py on GPU 0 ===

=== Errors for sum_std.py on GPU 0 ===
/data/results/lmstudio_prompt11_router_20260528-212821/call_acc/sum_std.py:24: UserWarning: std(): degrees of freedom is <= 0. Correction should be strictly less than the reduction factor (input numel divided by output numel). (Triggered internally at ../aten/src/ATen/native/ReduceOps.cpp:1823.)
  y = torch.std(torch.sum(input, dim=dim, keepdim=keepdim), dim=dim if keepdim else None, keepdim=keepdim, correction=correction)

=== Output for mul_relu.py on GPU 0 ===

=== Errors for mul_relu.py on GPU 0 ===

=== Output for gelu_conv2d.py on GPU 0 ===

=== Errors for gelu_conv2d.py on GPU 0 ===
W0529 10:45:54.006000 1352 site-packages/torch/_inductor/utils.py:1048] [0/0] Not enough SMs to use max_autotune_gemm mode

=== Output for fused_instance_norm_selu_conv2d.py on GPU 0 ===

=== Errors for fused_instance_norm_selu_conv2d.py on GPU 0 ===
W0529 10:46:10.997000 1446 site-packages/torch/_inductor/utils.py:1048] [0/0_1] Not enough SMs to use max_autotune_gemm mode
Traceback (most recent call last):
  File "/data/results/lmstudio_prompt11_router_20260528-212821/call_acc/fused_instance_norm_selu_conv2d.py", line 34, in fused_instance_norm_selu_conv2d
    y = _fused_instance_norm_selu_conv2d_fast(input, weight, bias, stride, padding, dilation, groups, eps, momentum, affine, track_running_stats)
        ^^^^^^^^^^^^^^^^^^^^^^^^^^^^^^^^^^^^^^^^^^^^^^^^^^^^^^^^^^^^^^^^^^^^^^^^^^^^^^^^^^^^^^^^^^^^^^^^^^^^^^^^^^^^^^^^^^^^^^^^^^^^^^^^^^^^^^^^^
  File "/usr/local/lib/python3.12/site-packages/torch/_dynamo/eval_frame.py", line 465, in _fn
    return fn(*args, **kwargs)
           ^^^^^^^^^^^^^^^^^^^
  File "/data/results/lmstudio_prompt11_router_20260528-212821/call_acc/fused_instance_norm_selu_conv2d.py", line 21, in _fused_instance_norm_selu_conv2d_impl
    def _fused_instance_norm_selu_conv2d_impl(input, weight, bias, stride, padding, dilation, groups, eps, momentum, affine, track_running_stats):
TypeError: instance_norm() takes from 1 to 8 positional arguments but 10 were given

During handling of the above exception, another exception occurred:

Traceback (most recent call last):
  File "/data/results/lmstudio_prompt11_router_20260528-212821/call_acc/fused_instance_norm_selu_conv2d.py", line 69, in <module>
    test_results = test_fused_instance_norm_selu_conv2d()
                   ^^^^^^^^^^^^^^^^^^^^^^^^^^^^^^^^^^^^^^
  File "/data/results/lmstudio_prompt11_router_20260528-212821/call_acc/fused_instance_norm_selu_conv2d.py", line 59, in test_fused_instance_norm_selu_conv2d
    results["test_case_1"] = fused_instance_norm_selu_conv2d(input_tensor, weight_tensor)
                             ^^^^^^^^^^^^^^^^^^^^^^^^^^^^^^^^^^^^^^^^^^^^^^^^^^^^^^^^^^^^
  File "/data/results/lmstudio_prompt11_router_20260528-212821/call_acc/fused_instance_norm_selu_conv2d.py", line 36, in fused_instance_norm_selu_conv2d
    y = _fused_instance_norm_selu_conv2d_impl(input, weight, bias, stride, padding, dilation, groups, eps, momentum, affine, track_running_stats)
        ^^^^^^^^^^^^^^^^^^^^^^^^^^^^^^^^^^^^^^^^^^^^^^^^^^^^^^^^^^^^^^^^^^^^^^^^^^^^^^^^^^^^^^^^^^^^^^^^^^^^^^^^^^^^^^^^^^^^^^^^^^^^^^^^^^^^^^^^^
  File "/data/results/lmstudio_prompt11_router_20260528-212821/call_acc/fused_instance_norm_selu_conv2d.py", line 24, in _fused_instance_norm_selu_conv2d_impl
    x = F.instance_norm(x, None, None, None, None, True, eps, momentum, affine, track_running_stats)
        ^^^^^^^^^^^^^^^^^^^^^^^^^^^^^^^^^^^^^^^^^^^^^^^^^^^^^^^^^^^^^^^^^^^^^^^^^^^^^^^^^^^^^^^^^^^^
TypeError: instance_norm() takes from 1 to 8 positional arguments but 10 were given

=== Output for fused_fractional_max_pool2d_with_relu.py on GPU 0 ===

=== Errors for fused_fractional_max_pool2d_with_relu.py on GPU 0 ===

=== Output for chebyshev_polynomial_t.py on GPU 0 ===

=== Errors for chebyshev_polynomial_t.py on GPU 0 ===
Traceback (most recent call last):
  File "/data/results/lmstudio_prompt11_router_20260528-212821/call_acc/chebyshev_polynomial_t.py", line 89, in <module>
    test_results = test_chebyshev_polynomial_t()
                   ^^^^^^^^^^^^^^^^^^^^^^^^^^^^^
  File "/data/results/lmstudio_prompt11_router_20260528-212821/call_acc/chebyshev_polynomial_t.py", line 70, in test_chebyshev_polynomial_t
    results["test_case_1"] = chebyshev_polynomial_t(input_tensor_1, n_1)
                             ^^^^^^^^^^^^^^^^^^^^^^^^^^^^^^^^^^^^^^^^^^^
  File "/data/results/lmstudio_prompt11_router_20260528-212821/call_acc/chebyshev_polynomial_t.py", line 44, in chebyshev_polynomial_t
    n_val = n.item() if n.numel() == 1 else int(n)
                        ^^^^^^^
AttributeError: 'int' object has no attribute 'numel'

=== Output for logit.py on GPU 0 ===

=== Errors for logit.py on GPU 0 ===

=== Output for solve_symmetric_ldl.py on GPU 0 ===

=== Errors for solve_symmetric_ldl.py on GPU 0 ===
Traceback (most recent call last):
  File "/data/results/lmstudio_prompt11_router_20260528-212821/call_acc/solve_symmetric_ldl.py", line 72, in <module>
    test_results = test_solve_symmetric_ldl()
                   ^^^^^^^^^^^^^^^^^^^^^^^^^^
  File "/data/results/lmstudio_prompt11_router_20260528-212821/call_acc/solve_symmetric_ldl.py", line 45, in test_solve_symmetric_ldl
    results["test_case_2"] = solve_symmetric_ldl(A2, b2, hermitian=True)
                             ^^^^^^^^^^^^^^^^^^^^^^^^^^^^^^^^^^^^^^^^^^^
  File "/data/results/lmstudio_prompt11_router_20260528-212821/call_acc/solve_symmetric_ldl.py", line 22, in solve_symmetric_ldl
    y = torch.linalg.solve(A, b)
        ^^^^^^^^^^^^^^^^^^^^^^^^
RuntimeError: linalg.solve: Expected A and B to have the same dtype, but found A of type ComplexFloat and B of type Float instead

=== Output for exp_sqrt.py on GPU 0 ===

=== Errors for exp_sqrt.py on GPU 0 ===

=== Output for combined_activation.py on GPU 0 ===

=== Errors for combined_activation.py on GPU 0 ===

=== Output for scaled_add_dot.py on GPU 0 ===

=== Errors for scaled_add_dot.py on GPU 0 ===

=== Output for tensordot.py on GPU 0 ===

=== Errors for tensordot.py on GPU 0 ===

=== Output for qr.py on GPU 0 ===

=== Errors for qr.py on GPU 0 ===

=== Output for asin.py on GPU 0 ===

=== Errors for asin.py on GPU 0 ===

=== Output for fused_masked_select_add_gelu.py on GPU 0 ===

=== Errors for fused_masked_select_add_gelu.py on GPU 0 ===

=== Output for fused_pairwise_distance_adaptive_avg_pool2d.py on GPU 0 ===

=== Errors for fused_pairwise_distance_adaptive_avg_pool2d.py on GPU 0 ===

=== Output for add_mean.py on GPU 0 ===

=== Errors for add_mean.py on GPU 0 ===

=== Output for fused_layer_norm_relu_linear.py on GPU 0 ===

=== Errors for fused_layer_norm_relu_linear.py on GPU 0 ===
W0529 10:47:30.445000 1648 site-packages/torch/_inductor/utils.py:1048] [0/0_1] Not enough SMs to use max_autotune_gemm mode
Traceback (most recent call last):
  File "/data/results/lmstudio_prompt11_router_20260528-212821/call_acc/fused_layer_norm_relu_linear.py", line 54, in fused_layer_norm_relu_linear
    y = _fused_layer_norm_relu_linear_fast(
        ^^^^^^^^^^^^^^^^^^^^^^^^^^^^^^^^^^^
  File "/usr/local/lib/python3.12/site-packages/torch/_dynamo/eval_frame.py", line 465, in _fn
    return fn(*args, **kwargs)
           ^^^^^^^^^^^^^^^^^^^
  File "/data/results/lmstudio_prompt11_router_20260528-212821/call_acc/fused_layer_norm_relu_linear.py", line 23, in _fused_layer_norm_relu_linear_impl
    def _fused_layer_norm_relu_linear_impl(
  File "/usr/local/lib/python3.12/site-packages/torch/nn/functional.py", line 2900, in layer_norm
    return torch.layer_norm(
           ^^^^^^^^^^^^^^^^^
TypeError: layer_norm(): argument 'normalized_shape' (position 2) must be tuple of ints, not int

During handling of the above exception, another exception occurred:

Traceback (most recent call last):
  File "/data/results/lmstudio_prompt11_router_20260528-212821/call_acc/fused_layer_norm_relu_linear.py", line 103, in <module>
    test_results = test_fused_layer_norm_relu_linear()
                   ^^^^^^^^^^^^^^^^^^^^^^^^^^^^^^^^^^^
  File "/data/results/lmstudio_prompt11_router_20260528-212821/call_acc/fused_layer_norm_relu_linear.py", line 78, in test_fused_layer_norm_relu_linear
    results["test_case_1"] = fused_layer_norm_relu_linear(input1, weight1, bias1, normalized_shape1)
                             ^^^^^^^^^^^^^^^^^^^^^^^^^^^^^^^^^^^^^^^^^^^^^^^^^^^^^^^^^^^^^^^^^^^^^^^
  File "/data/results/lmstudio_prompt11_router_20260528-212821/call_acc/fused_layer_norm_relu_linear.py", line 58, in fused_layer_norm_relu_linear
    y = _fused_layer_norm_relu_linear_impl(
        ^^^^^^^^^^^^^^^^^^^^^^^^^^^^^^^^^^^
  File "/data/results/lmstudio_prompt11_router_20260528-212821/call_acc/fused_layer_norm_relu_linear.py", line 33, in _fused_layer_norm_relu_linear_impl
    y = F.layer_norm(y, normalized_shape, eps=eps)
        ^^^^^^^^^^^^^^^^^^^^^^^^^^^^^^^^^^^^^^^^^^
  File "/usr/local/lib/python3.12/site-packages/torch/nn/functional.py", line 2900, in layer_norm
    return torch.layer_norm(
           ^^^^^^^^^^^^^^^^^
TypeError: layer_norm(): argument 'normalized_shape' (position 2) must be tuple of ints, not int

=== Output for fused_add_mul_groupnorm.py on GPU 0 ===

=== Errors for fused_add_mul_groupnorm.py on GPU 0 ===

=== Output for SGD.py on GPU 0 ===

=== Errors for SGD.py on GPU 0 ===
Traceback (most recent call last):
  File "/data/results/lmstudio_prompt11_router_20260528-212821/call_acc/SGD.py", line 95, in <module>
    test_results = test_SGD()
                   ^^^^^^^^^^
  File "/data/results/lmstudio_prompt11_router_20260528-212821/call_acc/SGD.py", line 66, in test_SGD
    loss = SGD(model, input, target, loss_fn)
           ^^^^^^^^^^^^^^^^^^^^^^^^^^^^^^^^^^
  File "/data/results/lmstudio_prompt11_router_20260528-212821/call_acc/SGD.py", line 21, in SGD
    for p in params:
TypeError: 'SimpleModel' object is not iterable

=== Output for relu_batch_norm_conv2d.py on GPU 0 ===
Output tensor shape: torch.Size([4, 6, 32, 32])

=== Errors for relu_batch_norm_conv2d.py on GPU 0 ===

=== Output for conv2d.py on GPU 0 ===

=== Errors for conv2d.py on GPU 0 ===

=== Output for normalized_cosine_similarity.py on GPU 0 ===

=== Errors for normalized_cosine_similarity.py on GPU 0 ===

=== Output for fused_cholesky_solve.py on GPU 0 ===

=== Errors for fused_cholesky_solve.py on GPU 0 ===

=== Output for matmul.py on GPU 0 ===

=== Errors for matmul.py on GPU 0 ===

=== Output for fused_gather_masked_fill.py on GPU 0 ===

=== Errors for fused_gather_masked_fill.py on GPU 0 ===

=== Output for fused_cross_entropy_log_softmax.py on GPU 0 ===

=== Errors for fused_cross_entropy_log_softmax.py on GPU 0 ===
Traceback (most recent call last):
  File "/data/results/lmstudio_prompt11_router_20260528-212821/call_acc/fused_cross_entropy_log_softmax.py", line 58, in <module>
    test_results = test_fused_cross_entropy_log_softmax()
                   ^^^^^^^^^^^^^^^^^^^^^^^^^^^^^^^^^^^^^^
  File "/data/results/lmstudio_prompt11_router_20260528-212821/call_acc/fused_cross_entropy_log_softmax.py", line 38, in test_fused_cross_entropy_log_softmax
    results["test_case_1"] = fused_cross_entropy_log_softmax(input, target)
                             ^^^^^^^^^^^^^^^^^^^^^^^^^^^^^^^^^^^^^^^^^^^^^^
  File "/data/results/lmstudio_prompt11_router_20260528-212821/call_acc/fused_cross_entropy_log_softmax.py", line 23, in fused_cross_entropy_log_softmax
    return F.cross_entropy(input, target, weight=weight, ignore_index=ignore_index, reduction=reduction, label_smoothing=label_smoothing, dim=dim)
           ^^^^^^^^^^^^^^^^^^^^^^^^^^^^^^^^^^^^^^^^^^^^^^^^^^^^^^^^^^^^^^^^^^^^^^^^^^^^^^^^^^^^^^^^^^^^^^^^^^^^^^^^^^^^^^^^^^^^^^^^^^^^^^^^^^^^^^^
TypeError: cross_entropy() got an unexpected keyword argument 'dim'

=== Output for addmm.py on GPU 0 ===

=== Errors for addmm.py on GPU 0 ===

=== Output for fused_qr_solve.py on GPU 0 ===

=== Errors for fused_qr_solve.py on GPU 0 ===
Traceback (most recent call last):
  File "/data/results/lmstudio_prompt11_router_20260528-212821/call_acc/fused_qr_solve.py", line 55, in <module>
    test_results = test_fused_qr_solve()
                   ^^^^^^^^^^^^^^^^^^^^^
  File "/data/results/lmstudio_prompt11_router_20260528-212821/call_acc/fused_qr_solve.py", line 41, in test_fused_qr_solve
    results["test_case_2"] = fused_qr_solve(A2, b2)
                             ^^^^^^^^^^^^^^^^^^^^^^
  File "/data/results/lmstudio_prompt11_router_20260528-212821/call_acc/fused_qr_solve.py", line 22, in fused_qr_solve
    return torch.linalg.solve(A, b)
           ^^^^^^^^^^^^^^^^^^^^^^^^
RuntimeError: linalg.solve: A must be batches of square matrices, but they are 3 by 2 matrices

=== Output for sigmoid_adaptive_avg_pool2d.py on GPU 0 ===

=== Errors for sigmoid_adaptive_avg_pool2d.py on GPU 0 ===

=== Output for cos.py on GPU 0 ===

=== Errors for cos.py on GPU 0 ===

=== Output for fused_bmm_dropout_gelu.py on GPU 0 ===

=== Errors for fused_bmm_dropout_gelu.py on GPU 0 ===
W0529 10:48:54.315000 1808 site-packages/torch/_inductor/utils.py:1048] [0/0] Not enough SMs to use max_autotune_gemm mode

=== Output for trunc.py on GPU 0 ===

=== Errors for trunc.py on GPU 0 ===

=== Output for matrix_power_eig.py on GPU 0 ===

=== Errors for matrix_power_eig.py on GPU 0 ===
Traceback (most recent call last):
  File "/data/results/lmstudio_prompt11_router_20260528-212821/call_acc/matrix_power_eig.py", line 52, in <module>
    test_results = test_matrix_power_eig()
                   ^^^^^^^^^^^^^^^^^^^^^^^
  File "/data/results/lmstudio_prompt11_router_20260528-212821/call_acc/matrix_power_eig.py", line 43, in test_matrix_power_eig
    results["test_case_2"] = matrix_power_eig(A2, k2)
                             ^^^^^^^^^^^^^^^^^^^^^^^^
  File "/data/results/lmstudio_prompt11_router_20260528-212821/call_acc/matrix_power_eig.py", line 24, in matrix_power_eig
    return torch.matrix_power(A, k)
           ^^^^^^^^^^^^^^^^^^^^^^^^
TypeError: matrix_power(): argument 'n' (position 2) must be int, not float

=== Output for log_tanh.py on GPU 0 ===

=== Errors for log_tanh.py on GPU 0 ===
Traceback (most recent call last):
  File "/data/results/lmstudio_prompt11_router_20260528-212821/call_acc/log_tanh.py", line 80, in <module>
    test_results = test_log_tanh()
                   ^^^^^^^^^^^^^^^
  File "/data/results/lmstudio_prompt11_router_20260528-212821/call_acc/log_tanh.py", line 59, in test_log_tanh
    results["test_case_1"] = log_tanh(input1)
                             ^^^^^^^^^^^^^^^^
  File "/data/results/lmstudio_prompt11_router_20260528-212821/call_acc/log_tanh.py", line 35, in log_tanh
    _log_tanh_kernel[grid](input, out, n, BLOCK_SIZE=BLOCK_SIZE)
  File "/usr/local/lib/python3.12/site-packages/triton/runtime/jit.py", line 345, in <lambda>
    return lambda *args, **kwargs: self.run(grid=grid, warmup=False, *args, **kwargs)
                                   ^^^^^^^^^^^^^^^^^^^^^^^^^^^^^^^^^^^^^^^^^^^^^^^^^^
  File "/usr/local/lib/python3.12/site-packages/triton/runtime/jit.py", line 662, in run
    kernel = self.compile(
             ^^^^^^^^^^^^^
  File "/usr/local/lib/python3.12/site-packages/triton/compiler/compiler.py", line 240, in compile
    key = f"{triton_key()}-{src.hash()}-{backend.hash()}-{options.hash()}-{str(sorted(env_vars.items()))}"
                            ^^^^^^^^^^
  File "/usr/local/lib/python3.12/site-packages/triton/compiler/compiler.py", line 109, in hash
    key = f"{self.fn.cache_key}-{self.attrs.hash()}-{sorted_sig}-{sorted_constants}"
             ^^^^^^^^^^^^^^^^^
  File "/usr/local/lib/python3.12/site-packages/triton/runtime/jit.py", line 758, in cache_key
    dependencies_finder.visit(self.parse())
  File "/usr/local/lib/python3.12/ast.py", line 407, in visit
    return visitor(node)
           ^^^^^^^^^^^^^
  File "/usr/local/lib/python3.12/ast.py", line 415, in generic_visit
    self.visit(item)
  File "/usr/local/lib/python3.12/ast.py", line 407, in visit
    return visitor(node)
           ^^^^^^^^^^^^^
  File "/usr/local/lib/python3.12/site-packages/triton/runtime/jit.py", line 167, in visit_FunctionDef
    self.generic_visit(node)
  File "/usr/local/lib/python3.12/ast.py", line 415, in generic_visit
    self.visit(item)
  File "/usr/local/lib/python3.12/ast.py", line 407, in visit
    return visitor(node)
           ^^^^^^^^^^^^^
  File "/usr/local/lib/python3.12/site-packages/triton/runtime/jit.py", line 221, in visit_Assign
    self.generic_visit(node)
  File "/usr/local/lib/python3.12/ast.py", line 417, in generic_visit
    self.visit(value)
  File "/usr/local/lib/python3.12/ast.py", line 407, in visit
    return visitor(node)
           ^^^^^^^^^^^^^
  File "/usr/local/lib/python3.12/site-packages/triton/runtime/jit.py", line 127, in visit_Call
    func = self.visit(node.func)
           ^^^^^^^^^^^^^^^^^^^^^
  File "/usr/local/lib/python3.12/ast.py", line 407, in visit
    return visitor(node)
           ^^^^^^^^^^^^^
  File "/usr/local/lib/python3.12/site-packages/triton/runtime/jit.py", line 117, in visit_Attribute
    return getattr(lhs, node.attr)
           ^^^^^^^^^^^^^^^^^^^^^^^
AttributeError: module 'triton.language' has no attribute 'tanh'. Did you mean: 'trans'?

=== Output for exp.py on GPU 0 ===

=== Errors for exp.py on GPU 0 ===

=== Output for matrix_multiply_symmetric.py on GPU 0 ===

=== Errors for matrix_multiply_symmetric.py on GPU 0 ===

=== Output for fused_avg_pool2d_cosine_similarity.py on GPU 0 ===

=== Errors for fused_avg_pool2d_cosine_similarity.py on GPU 0 ===

=== Output for fused_hardshrink_dropout.py on GPU 0 ===

=== Errors for fused_hardshrink_dropout.py on GPU 0 ===

=== Output for erfc_sqrt.py on GPU 0 ===

=== Errors for erfc_sqrt.py on GPU 0 ===

=== Output for tensordot_rsqrt.py on GPU 0 ===

=== Errors for tensordot_rsqrt.py on GPU 0 ===

=== Output for softmax_log.py on GPU 0 ===

=== Errors for softmax_log.py on GPU 0 ===

=== Output for dropout_sigmoid_linear.py on GPU 0 ===

=== Errors for dropout_sigmoid_linear.py on GPU 0 ===
W0529 10:49:57.576000 1911 site-packages/torch/_inductor/utils.py:1048] [0/0] Not enough SMs to use max_autotune_gemm mode

=== Output for batch_norm.py on GPU 0 ===

=== Errors for batch_norm.py on GPU 0 ===

=== Output for gammaln.py on GPU 0 ===

=== Errors for gammaln.py on GPU 0 ===

=== Output for bitwise_and.py on GPU 0 ===

=== Errors for bitwise_and.py on GPU 0 ===

=== Output for sub_gelu.py on GPU 0 ===

=== Errors for sub_gelu.py on GPU 0 ===
Traceback (most recent call last):
  File "/data/results/lmstudio_prompt11_router_20260528-212821/call_acc/sub_gelu.py", line 74, in <module>
    test_results = test_sub_gelu()
                   ^^^^^^^^^^^^^^^
  File "/data/results/lmstudio_prompt11_router_20260528-212821/call_acc/sub_gelu.py", line 59, in test_sub_gelu
    results["test_case_1"] = sub_gelu(input_tensor, other_tensor)
                             ^^^^^^^^^^^^^^^^^^^^^^^^^^^^^^^^^^^^
  File "/data/results/lmstudio_prompt11_router_20260528-212821/call_acc/sub_gelu.py", line 40, in sub_gelu
    M, N = input.shape
    ^^^^
ValueError: not enough values to unpack (expected 2, got 1)

=== Output for gelu_std.py on GPU 0 ===

=== Errors for gelu_std.py on GPU 0 ===

=== Output for permute_copy.py on GPU 0 ===

=== Errors for permute_copy.py on GPU 0 ===

=== Output for digamma.py on GPU 0 ===

=== Errors for digamma.py on GPU 0 ===

=== Output for softmax_mul.py on GPU 0 ===

=== Errors for softmax_mul.py on GPU 0 ===

=== Output for bitwise_and_binomial.py on GPU 0 ===

=== Errors for bitwise_and_binomial.py on GPU 0 ===
Traceback (most recent call last):
  File "/data/results/lmstudio_prompt11_router_20260528-212821/call_acc/bitwise_and_binomial.py", line 54, in <module>
    test_results = test_bitwise_and_binomial()
                   ^^^^^^^^^^^^^^^^^^^^^^^^^^^
  File "/data/results/lmstudio_prompt11_router_20260528-212821/call_acc/bitwise_and_binomial.py", line 39, in test_bitwise_and_binomial
    results["test_case_1"] = bitwise_and_binomial(input_tensor, other_tensor, total_count, probs=probs)
                             ^^^^^^^^^^^^^^^^^^^^^^^^^^^^^^^^^^^^^^^^^^^^^^^^^^^^^^^^^^^^^^^^^^^^^^^^^^
  File "/data/results/lmstudio_prompt11_router_20260528-212821/call_acc/bitwise_and_binomial.py", line 22, in bitwise_and_binomial
    return torch.binomial(torch.bitwise_and(input, other), probs=probs, logits=logits)
           ^^^^^^^^^^^^^^^^^^^^^^^^^^^^^^^^^^^^^^^^^^^^^^^^^^^^^^^^^^^^^^^^^^^^^^^^^^^
TypeError: binomial() missing 1 required positional arguments: "prob"

=== Output for rad2deg_sqrt.py on GPU 0 ===

=== Errors for rad2deg_sqrt.py on GPU 0 ===

=== Output for bessel_j1.py on GPU 0 ===

=== Errors for bessel_j1.py on GPU 0 ===

=== Output for lu.py on GPU 0 ===

=== Errors for lu.py on GPU 0 ===

=== Output for gelu_min.py on GPU 0 ===

=== Errors for gelu_min.py on GPU 0 ===
Traceback (most recent call last):
  File "/data/results/lmstudio_prompt11_router_20260528-212821/call_acc/gelu_min.py", line 59, in <module>
    test_results = test_gelu_min()
                   ^^^^^^^^^^^^^^^
  File "/data/results/lmstudio_prompt11_router_20260528-212821/call_acc/gelu_min.py", line 43, in test_gelu_min
    results['test_case_1'] = gelu_min(input_tensor)
                             ^^^^^^^^^^^^^^^^^^^^^^
  File "/data/results/lmstudio_prompt11_router_20260528-212821/call_acc/gelu_min.py", line 23, in gelu_min
    y = torch.min(y, dim=dim, keepdim=keepdim)
        ^^^^^^^^^^^^^^^^^^^^^^^^^^^^^^^^^^^^^^
RuntimeError: Please look up dimensions by name, got: name = None.

=== Output for grid_sample_with_affine.py on GPU 0 ===

=== Errors for grid_sample_with_affine.py on GPU 0 ===
Traceback (most recent call last):
  File "/data/results/lmstudio_prompt11_router_20260528-212821/call_acc/grid_sample_with_affine.py", line 50, in <module>
    test_results = test_grid_sample_with_affine()
                   ^^^^^^^^^^^^^^^^^^^^^^^^^^^^^^
  File "/data/results/lmstudio_prompt11_router_20260528-212821/call_acc/grid_sample_with_affine.py", line 37, in test_grid_sample_with_affine
    results["test_case_1"] = grid_sample_with_affine(input_tensor, theta, size)
                             ^^^^^^^^^^^^^^^^^^^^^^^^^^^^^^^^^^^^^^^^^^^^^^^^^^
  File "/data/results/lmstudio_prompt11_router_20260528-212821/call_acc/grid_sample_with_affine.py", line 21, in grid_sample_with_affine
    grid = F.affine_grid(theta, size, align_corners=align_corners)
           ^^^^^^^^^^^^^^^^^^^^^^^^^^^^^^^^^^^^^^^^^^^^^^^^^^^^^^^
  File "/usr/local/lib/python3.12/site-packages/torch/nn/functional.py", line 4979, in affine_grid
    raise ValueError(
ValueError: Expected theta to have floating point type, but got torch.int64

=== Output for pseudoinverse_svd.py on GPU 0 ===

=== Errors for pseudoinverse_svd.py on GPU 0 ===

=== Output for exp_mean.py on GPU 0 ===

=== Errors for exp_mean.py on GPU 0 ===

=== Output for low_rank_svd_approximation.py on GPU 0 ===

=== Errors for low_rank_svd_approximation.py on GPU 0 ===
Traceback (most recent call last):
  File "/data/results/lmstudio_prompt11_router_20260528-212821/call_acc/low_rank_svd_approximation.py", line 63, in <module>
    test_results = test_low_rank_svd_approximation()
                   ^^^^^^^^^^^^^^^^^^^^^^^^^^^^^^^^^
  File "/data/results/lmstudio_prompt11_router_20260528-212821/call_acc/low_rank_svd_approximation.py", line 44, in test_low_rank_svd_approximation
    results["test_case_1"] = low_rank_svd_approximation(A, k)
                             ^^^^^^^^^^^^^^^^^^^^^^^^^^^^^^^^
  File "/data/results/lmstudio_prompt11_router_20260528-212821/call_acc/low_rank_svd_approximation.py", line 26, in low_rank_svd_approximation
    Ak = (U_k * S_k.unsqueeze(-1)) @ Vh_k
          ~~~~^~~~~~~~~~~~~~~~~~~
RuntimeError: The size of tensor a (5) must match the size of tensor b (2) at non-singleton dimension 0

=== Output for min.py on GPU 0 ===

=== Errors for min.py on GPU 0 ===

=== Output for symmetric_mm_and_abs_sum.py on GPU 0 ===

=== Errors for symmetric_mm_and_abs_sum.py on GPU 0 ===

=== Output for determinant_lu.py on GPU 0 ===

=== Errors for determinant_lu.py on GPU 0 ===
Traceback (most recent call last):
  File "/data/results/lmstudio_prompt11_router_20260528-212821/call_acc/determinant_lu.py", line 58, in <module>
    test_results = test_determinant_lu()
                   ^^^^^^^^^^^^^^^^^^^^^
  File "/data/results/lmstudio_prompt11_router_20260528-212821/call_acc/determinant_lu.py", line 39, in test_determinant_lu
    results["test_case_1"] = determinant_lu(A1)
                             ^^^^^^^^^^^^^^^^^^
  File "/data/results/lmstudio_prompt11_router_20260528-212821/call_acc/determinant_lu.py", line 22, in determinant_lu
    y = torch.linalg.det(A, pivot=pivot)
        ^^^^^^^^^^^^^^^^^^^^^^^^^^^^^^^^
TypeError: linalg_det() got an unexpected keyword argument 'pivot'

=== Output for tanh_linear.py on GPU 0 ===

=== Errors for tanh_linear.py on GPU 0 ===
W0529 10:51:51.130000 2126 site-packages/torch/_inductor/utils.py:1048] [0/0] Not enough SMs to use max_autotune_gemm mode

=== Output for sum.py on GPU 0 ===

=== Errors for sum.py on GPU 0 ===

=== Output for logspace.py on GPU 0 ===

=== Errors for logspace.py on GPU 0 ===

=== Output for solve_and_add_scaled_vector.py on GPU 0 ===

=== Errors for solve_and_add_scaled_vector.py on GPU 0 ===

=== Output for pixel_shuffle_conv2d.py on GPU 0 ===

=== Errors for pixel_shuffle_conv2d.py on GPU 0 ===

=== Output for matrix_vector_dot.py on GPU 0 ===

=== Errors for matrix_vector_dot.py on GPU 0 ===

=== Output for min_gelu.py on GPU 0 ===

=== Errors for min_gelu.py on GPU 0 ===

=== Output for pow.py on GPU 0 ===

=== Errors for pow.py on GPU 0 ===

=== Output for relu_max_pool2d_conv2d.py on GPU 0 ===

=== Errors for relu_max_pool2d_conv2d.py on GPU 0 ===
W0529 10:52:36.538000 2221 site-packages/torch/_inductor/utils.py:1048] [0/0] Not enough SMs to use max_autotune_gemm mode

=== Output for erf.py on GPU 0 ===

=== Errors for erf.py on GPU 0 ===

=== Output for sigmoid.py on GPU 0 ===

=== Errors for sigmoid.py on GPU 0 ===

=== Output for gelu.py on GPU 0 ===

=== Errors for gelu.py on GPU 0 ===

=== Output for det.py on GPU 0 ===

=== Errors for det.py on GPU 0 ===

=== Output for fused_bmm_rmsnorm_gelu_dropout.py on GPU 0 ===

=== Errors for fused_bmm_rmsnorm_gelu_dropout.py on GPU 0 ===
W0529 10:53:09.624000 2343 site-packages/torch/_inductor/utils.py:1048] [0/0_1] Not enough SMs to use max_autotune_gemm mode
Traceback (most recent call last):
  File "/data/results/lmstudio_prompt11_router_20260528-212821/call_acc/fused_bmm_rmsnorm_gelu_dropout.py", line 49, in fused_bmm_rmsnorm_gelu_dropout
    y = _fused_bmm_rmsnorm_gelu_dropout_fast(
        ^^^^^^^^^^^^^^^^^^^^^^^^^^^^^^^^^^^^^
  File "/usr/local/lib/python3.12/site-packages/torch/_dynamo/eval_frame.py", line 465, in _fn
    return fn(*args, **kwargs)
           ^^^^^^^^^^^^^^^^^^^
  File "/data/results/lmstudio_prompt11_router_20260528-212821/call_acc/fused_bmm_rmsnorm_gelu_dropout.py", line 21, in _fused_bmm_rmsnorm_gelu_dropout_impl
    def _fused_bmm_rmsnorm_gelu_dropout_impl(input1, input2, normalized_shape, dropout_p, eps, training, approximate):
  File "/usr/local/lib/python3.12/site-packages/torch/nn/functional.py", line 2919, in rms_norm
    return torch.rms_norm(input, normalized_shape, weight, eps)
           ^^^^^^^^^^^^^^^^^^^^^^^^^^^^^^^^^^^^^^^^^^^^^^^^^^^^
TypeError: rms_norm(): argument 'normalized_shape' (position 2) must be tuple of ints, not int

During handling of the above exception, another exception occurred:

Traceback (most recent call last):
  File "/data/results/lmstudio_prompt11_router_20260528-212821/call_acc/fused_bmm_rmsnorm_gelu_dropout.py", line 98, in <module>
    test_results = test_fused_bmm_rmsnorm_gelu_dropout()
                   ^^^^^^^^^^^^^^^^^^^^^^^^^^^^^^^^^^^^^
  File "/data/results/lmstudio_prompt11_router_20260528-212821/call_acc/fused_bmm_rmsnorm_gelu_dropout.py", line 85, in test_fused_bmm_rmsnorm_gelu_dropout
    results["test_case_1"] = fused_bmm_rmsnorm_gelu_dropout(input1, input2, normalized_shape=5)
                             ^^^^^^^^^^^^^^^^^^^^^^^^^^^^^^^^^^^^^^^^^^^^^^^^^^^^^^^^^^^^^^^^^^
  File "/data/results/lmstudio_prompt11_router_20260528-212821/call_acc/fused_bmm_rmsnorm_gelu_dropout.py", line 53, in fused_bmm_rmsnorm_gelu_dropout
    y = _fused_bmm_rmsnorm_gelu_dropout_impl(
        ^^^^^^^^^^^^^^^^^^^^^^^^^^^^^^^^^^^^^
  File "/data/results/lmstudio_prompt11_router_20260528-212821/call_acc/fused_bmm_rmsnorm_gelu_dropout.py", line 23, in _fused_bmm_rmsnorm_gelu_dropout_impl
    y = F.rms_norm(y, normalized_shape, eps=eps)
        ^^^^^^^^^^^^^^^^^^^^^^^^^^^^^^^^^^^^^^^^
  File "/usr/local/lib/python3.12/site-packages/torch/nn/functional.py", line 2919, in rms_norm
    return torch.rms_norm(input, normalized_shape, weight, eps)
           ^^^^^^^^^^^^^^^^^^^^^^^^^^^^^^^^^^^^^^^^^^^^^^^^^^^^
TypeError: rms_norm(): argument 'normalized_shape' (position 2) must be tuple of ints, not int

=== Output for floor.py on GPU 0 ===

=== Errors for floor.py on GPU 0 ===

=== Output for rand.py on GPU 0 ===

=== Errors for rand.py on GPU 0 ===
  File "/data/results/lmstudio_prompt11_router_20260528-212821/call_acc/rand.py", line 22
    def rand(*size, *, generator=None, out=None, dtype=None, layout=torch.strided, device=None, requires_grad=False, pin_memory=False) -> Tensor:
                    ^
SyntaxError: * argument may appear only once

=== Output for cholesky_solve.py on GPU 0 ===

=== Errors for cholesky_solve.py on GPU 0 ===

=== Output for mul_sub.py on GPU 0 ===

=== Errors for mul_sub.py on GPU 0 ===
Traceback (most recent call last):
  File "/usr/local/lib/python3.12/site-packages/triton/language/core.py", line 35, in wrapper
    return fn(*args, **kwargs)
           ^^^^^^^^^^^^^^^^^^^
  File "/usr/local/lib/python3.12/site-packages/triton/language/core.py", line 1597, in load
    return semantic.load(pointer, mask, other, boundary_check, padding_option, cache_modifier, eviction_policy,
           ^^^^^^^^^^^^^^^^^^^^^^^^^^^^^^^^^^^^^^^^^^^^^^^^^^^^^^^^^^^^^^^^^^^^^^^^^^^^^^^^^^^^^^^^^^^^^^^^^^^^
  File "/usr/local/lib/python3.12/site-packages/triton/language/semantic.py", line 1037, in load
    return _load_legacy(ptr, mask, other, boundary_check, padding, cache, eviction, is_volatile, builder)
           ^^^^^^^^^^^^^^^^^^^^^^^^^^^^^^^^^^^^^^^^^^^^^^^^^^^^^^^^^^^^^^^^^^^^^^^^^^^^^^^^^^^^^^^^^^^^^^
  File "/usr/local/lib/python3.12/site-packages/triton/language/semantic.py", line 969, in _load_legacy
    raise ValueError(f"Unsupported ptr type {ptr.type.__repr__()} in `tl.load`")
ValueError: Unsupported ptr type <[4], int64> in `tl.load`

The above exception was the direct cause of the following exception:

Traceback (most recent call last):
  File "/data/results/lmstudio_prompt11_router_20260528-212821/call_acc/mul_sub.py", line 125, in <module>
    test_results = test_mul_sub()
                   ^^^^^^^^^^^^^^
  File "/data/results/lmstudio_prompt11_router_20260528-212821/call_acc/mul_sub.py", line 109, in test_mul_sub
    results["test_case_1"] = mul_sub(input_tensor, other_mul_tensor, other_sub_tensor)
                             ^^^^^^^^^^^^^^^^^^^^^^^^^^^^^^^^^^^^^^^^^^^^^^^^^^^^^^^^^
  File "/data/results/lmstudio_prompt11_router_20260528-212821/call_acc/mul_sub.py", line 82, in mul_sub
    _mul_sub_kernel[grid](
  File "/usr/local/lib/python3.12/site-packages/triton/runtime/jit.py", line 345, in <lambda>
    return lambda *args, **kwargs: self.run(grid=grid, warmup=False, *args, **kwargs)
                                   ^^^^^^^^^^^^^^^^^^^^^^^^^^^^^^^^^^^^^^^^^^^^^^^^^^
  File "/usr/local/lib/python3.12/site-packages/triton/runtime/jit.py", line 662, in run
    kernel = self.compile(
             ^^^^^^^^^^^^^
  File "/usr/local/lib/python3.12/site-packages/triton/compiler/compiler.py", line 276, in compile
    module = src.make_ir(options, codegen_fns, context)
             ^^^^^^^^^^^^^^^^^^^^^^^^^^^^^^^^^^^^^^^^^^
  File "/usr/local/lib/python3.12/site-packages/triton/compiler/compiler.py", line 113, in make_ir
    return ast_to_ttir(self.fn, self, context=context, options=options, codegen_fns=codegen_fns)
           ^^^^^^^^^^^^^^^^^^^^^^^^^^^^^^^^^^^^^^^^^^^^^^^^^^^^^^^^^^^^^^^^^^^^^^^^^^^^^^^^^^^^^
triton.compiler.errors.CompilationError: at 10:8:
def _mul_sub_kernel(
    input_ptr, other_mul_ptr, other_sub_ptr, out_ptr,
    N,
    other_mul_val, other_sub_val, alpha_val,
    BLOCK_SIZE: tl.constexpr
):
    offsets = tl.arange(0, BLOCK_SIZE)
    mask = offsets < N

    x = tl.load(input_ptr + offsets, mask=mask, other=0.0)
        ^

=== Output for ldl_factor.py on GPU 0 ===

=== Errors for ldl_factor.py on GPU 0 ===

=== Output for abs.py on GPU 0 ===

=== Errors for abs.py on GPU 0 ===

=== Output for mul.py on GPU 0 ===

=== Errors for mul.py on GPU 0 ===

=== Output for softmax.py on GPU 0 ===

=== Errors for softmax.py on GPU 0 ===

=== Output for leaky_relu.py on GPU 0 ===

=== Errors for leaky_relu.py on GPU 0 ===

=== Output for invert_matrix_lu.py on GPU 0 ===

=== Errors for invert_matrix_lu.py on GPU 0 ===

=== Output for std.py on GPU 0 ===

=== Errors for std.py on GPU 0 ===

=== Output for tril_mm_and_scale.py on GPU 0 ===

=== Errors for tril_mm_and_scale.py on GPU 0 ===

=== Output for solve.py on GPU 0 ===

=== Errors for solve.py on GPU 0 ===

=== Output for airy_ai.py on GPU 0 ===

=== Errors for airy_ai.py on GPU 0 ===

=== Output for signbit.py on GPU 0 ===

=== Errors for signbit.py on GPU 0 ===

=== Output for matrix_multiply_and_row_dot.py on GPU 0 ===

=== Errors for matrix_multiply_and_row_dot.py on GPU 0 ===

=== Output for polygamma.py on GPU 0 ===

=== Errors for polygamma.py on GPU 0 ===

=== Output for elu_linear.py on GPU 0 ===

=== Errors for elu_linear.py on GPU 0 ===
W0529 10:54:36.451000 2456 site-packages/torch/_inductor/utils.py:1048] [0/0] Not enough SMs to use max_autotune_gemm mode

=== Output for fused_pairwise_distance_normalize.py on GPU 0 ===

=== Errors for fused_pairwise_distance_normalize.py on GPU 0 ===

=== Output for Adam.py on GPU 0 ===

=== Errors for Adam.py on GPU 0 ===

=== Output for fused_hstack_div.py on GPU 0 ===

=== Errors for fused_hstack_div.py on GPU 0 ===

=== Output for broadcast_tensors.py on GPU 0 ===

=== Errors for broadcast_tensors.py on GPU 0 ===

=== Output for relu_conv2d.py on GPU 0 ===

=== Errors for relu_conv2d.py on GPU 0 ===
W0529 10:55:03.551000 2531 site-packages/torch/_inductor/utils.py:1048] [0/0] Not enough SMs to use max_autotune_gemm mode

=== Output for log.py on GPU 0 ===

=== Errors for log.py on GPU 0 ===

=== Output for adaptive_avg_pool2d.py on GPU 0 ===

=== Errors for adaptive_avg_pool2d.py on GPU 0 ===

=== Output for quantize_dynamic.py on GPU 0 ===

=== Errors for quantize_dynamic.py on GPU 0 ===
Traceback (most recent call last):
  File "/data/results/lmstudio_prompt11_router_20260528-212821/call_acc/quantize_dynamic.py", line 73, in <module>
    test_results = test_quantize_dynamic()
                   ^^^^^^^^^^^^^^^^^^^^^^^
  File "/data/results/lmstudio_prompt11_router_20260528-212821/call_acc/quantize_dynamic.py", line 35, in test_quantize_dynamic
    class SimpleModel(nn.Module):
                      ^^
NameError: name 'nn' is not defined

=== Output for conv2d_add.py on GPU 0 ===

=== Errors for conv2d_add.py on GPU 0 ===
W0529 10:55:27.454000 2612 site-packages/torch/_inductor/utils.py:1048] [0/0] Not enough SMs to use max_autotune_gemm mode

=== Output for ifftshift.py on GPU 0 ===

=== Errors for ifftshift.py on GPU 0 ===

=== Output for signbit_bitwise_and.py on GPU 0 ===

=== Errors for signbit_bitwise_and.py on GPU 0 ===
Traceback (most recent call last):
  File "/data/results/lmstudio_prompt11_router_20260528-212821/call_acc/signbit_bitwise_and.py", line 61, in <module>
    test_results = test_signbit_bitwise_and()
                   ^^^^^^^^^^^^^^^^^^^^^^^^^^
  File "/data/results/lmstudio_prompt11_router_20260528-212821/call_acc/signbit_bitwise_and.py", line 42, in test_signbit_bitwise_and
    results["test_case_1"] = signbit_bitwise_and(a, b)
                             ^^^^^^^^^^^^^^^^^^^^^^^^^
  File "/data/results/lmstudio_prompt11_router_20260528-212821/call_acc/signbit_bitwise_and.py", line 22, in signbit_bitwise_and
    return torch.signbit(input), torch.bitwise_and(input, other)
                                 ^^^^^^^^^^^^^^^^^^^^^^^^^^^^^^^
RuntimeError: "bitwise_and_cuda" not implemented for 'Float'

=== Output for fused_repeat_interleave_log_softmax.py on GPU 0 ===

=== Errors for fused_repeat_interleave_log_softmax.py on GPU 0 ===
/data/results/lmstudio_prompt11_router_20260528-212821/call_acc/fused_repeat_interleave_log_softmax.py:23: UserWarning: Implicit dimension choice for log_softmax has been deprecated. Change the call to include dim=X as an argument.
  y = F.log_softmax(y, dim=dim, dtype=dtype)

=== Output for cholesky.py on GPU 0 ===

=== Errors for cholesky.py on GPU 0 ===

=== Output for ones_like.py on GPU 0 ===

=== Errors for ones_like.py on GPU 0 ===

=== Output for autocast.py on GPU 0 ===

=== Errors for autocast.py on GPU 0 ===

=== Output for reciprocal.py on GPU 0 ===

=== Errors for reciprocal.py on GPU 0 ===

=== Output for cos_signbit.py on GPU 0 ===

=== Errors for cos_signbit.py on GPU 0 ===

=== Output for spectral_norm_eig.py on GPU 0 ===

=== Errors for spectral_norm_eig.py on GPU 0 ===

=== Output for fftn.py on GPU 0 ===

=== Errors for fftn.py on GPU 0 ===

Deleted SGD.py
Error deleting __pycache__: [Errno 21] Is a directory: '/data/results/lmstudio_prompt11_router_20260528-212821/call_acc/__pycache__'
Deleted add_gelu.py
Deleted bitwise_and_binomial.py
Deleted chebyshev_polynomial_t.py
Deleted determinant_lu.py
Deleted fused_bmm_rmsnorm_gelu_dropout.py
Deleted fused_cross_entropy_log_softmax.py
Deleted fused_instance_norm_selu_conv2d.py
Deleted fused_layer_norm_relu_linear.py
Deleted fused_qr_solve.py
Deleted fused_svd_reconstruct.py
Deleted fused_tile_exp.py
Deleted gelu_min.py
Deleted grid_sample_with_affine.py
Deleted index_fill_.py
Deleted least_squares_qr.py
Deleted log_softmax_linear.py
Deleted log_tanh.py
Deleted low_rank_svd_approximation.py
Deleted matrix_power_eig.py
Deleted mul_sub.py
Deleted quantize_dynamic.py
Deleted rand.py
Deleted selu.py
Deleted signbit_bitwise_and.py
Deleted solve_symmetric_ldl.py
Deleted sub_gelu.py

Correct execution rate: 83.73%
['fused_bmm_rmsnorm_gelu_dropout_sub.py', 'div.py', 'sigmoid_conv2d.py', 'solve_multiple_lu.py', 'tanh.py', 'relu_sqrt.py', 'sqrt.py', 'sigmoid_argmax.py', 'sub.py', 'grid_sample.py', 'svd.py', 'i0.py', 'rsqrt.py', 'dropout_relu_batch_norm_conv2d.py', 'fused_mv_logsoftmax_dropout.py', 'add.py', 'fused_silu_layer_norm_conv2d.py', 'fused_index_select_eq.py', 'argmax.py', 'fused_lu_solve.py', 'normalize_pairwise_distance.py', 'max.py', 'relu.py', 'determinant_via_qr.py', 'sqrt_tanh.py', 'silu_batch_norm.py', 'fused_cross_entropy_softmax_layernorm.py', 'mean.py', 'eig.py', 'logsumexp.py', 'fused_embedding_add_tanh.py', 'fused_mv_sigmoid_sub.py', 'fused_cosine_embedding_loss_with_normalization.py', 'fused_transformer_block.py', 'log1p.py', 'sigmoid_batch_norm.py', 'fused_hardsigmoid_batch_norm.py', 'zeta.py', 'symmetric_matrix_vector_norm.py', 'softplus_linear.py', 'fused_mul_add_logsoftmax_dropout_bmm.py', 'scaled_add_norm.py', 'leaky_relu_conv2d.py', 'sqrt_exp.py', 'cos_avg_pool1d.py', 'sum_std.py', 'mul_relu.py', 'gelu_conv2d.py', 'fused_fractional_max_pool2d_with_relu.py', 'logit.py', 'exp_sqrt.py', 'combined_activation.py', 'scaled_add_dot.py', 'tensordot.py', 'qr.py', 'asin.py', 'fused_masked_select_add_gelu.py', 'fused_pairwise_distance_adaptive_avg_pool2d.py', 'add_mean.py', 'fused_add_mul_groupnorm.py', 'relu_batch_norm_conv2d.py', 'conv2d.py', 'normalized_cosine_similarity.py', 'fused_cholesky_solve.py', 'matmul.py', 'fused_gather_masked_fill.py', 'addmm.py', 'sigmoid_adaptive_avg_pool2d.py', 'cos.py', 'fused_bmm_dropout_gelu.py', 'trunc.py', 'exp.py', 'matrix_multiply_symmetric.py', 'fused_avg_pool2d_cosine_similarity.py', 'fused_hardshrink_dropout.py', 'erfc_sqrt.py', 'tensordot_rsqrt.py', 'softmax_log.py', 'dropout_sigmoid_linear.py', 'batch_norm.py', 'gammaln.py', 'bitwise_and.py', 'gelu_std.py', 'permute_copy.py', 'digamma.py', 'softmax_mul.py', 'rad2deg_sqrt.py', 'bessel_j1.py', 'lu.py', 'pseudoinverse_svd.py', 'exp_mean.py', 'min.py', 'symmetric_mm_and_abs_sum.py', 'tanh_linear.py', 'sum.py', 'logspace.py', 'solve_and_add_scaled_vector.py', 'pixel_shuffle_conv2d.py', 'matrix_vector_dot.py', 'min_gelu.py', 'pow.py', 'relu_max_pool2d_conv2d.py', 'erf.py', 'sigmoid.py', 'gelu.py', 'det.py', 'floor.py', 'cholesky_solve.py', 'ldl_factor.py', 'abs.py', 'mul.py', 'softmax.py', 'leaky_relu.py', 'invert_matrix_lu.py', 'std.py', 'tril_mm_and_scale.py', 'solve.py', 'airy_ai.py', 'signbit.py', 'matrix_multiply_and_row_dot.py', 'polygamma.py', 'elu_linear.py', 'fused_pairwise_distance_normalize.py', 'Adam.py', 'fused_hstack_div.py', 'broadcast_tensors.py', 'relu_conv2d.py', 'log.py', 'adaptive_avg_pool2d.py', 'conv2d_add.py', 'ifftshift.py', 'fused_repeat_interleave_log_softmax.py', 'cholesky.py', 'ones_like.py', 'autocast.py', 'reciprocal.py', 'cos_signbit.py', 'spectral_norm_eig.py', 'fftn.py']
Above is call test for lmstudio_qwen_qwen3.6-35b-a3b_simp_all_20260528-212826
================================================================================================================================================================

call_acc survivors: 139 / 166

======================================================================
=== Phase 2: execution accuracy ===
======================================================================

Correct execution rate: 100.00% = 139 / 139
above is the compare execution for /data/results/lmstudio_prompt11_router_20260528-212821/call_acc
================================================================================================================================================================================================================================================

exe_acc survivors: 139 / 166

======================================================================
=== Phase 3: efficiency ===
======================================================================

[1AProcess:   0%|                                          | 0/139 [00:00<?, ?it/s]
[1AProcess:   1%|▏                               | 1/139 [00:26<1:00:46, 26.42s/it]
[1AProcess:   1%|▍                                 | 2/139 [00:48<54:46, 23.99s/it]
[1AProcess:   2%|▋                               | 3/139 [01:36<1:19:28, 35.06s/it]
[1AProcess:   3%|▉                               | 4/139 [01:57<1:05:35, 29.15s/it]
[1AProcess:   4%|█▏                              | 5/139 [02:21<1:01:30, 27.54s/it]
[1AProcess:   4%|█▍                              | 6/139 [03:05<1:12:55, 32.90s/it]
[1AProcess:   5%|█▌                              | 7/139 [03:27<1:04:48, 29.45s/it]
[1AProcess:   6%|█▊                              | 8/139 [03:59<1:05:52, 30.17s/it]
[1AProcess:   6%|██                              | 9/139 [04:21<1:00:15, 27.81s/it]
[1AProcess:   7%|██▏                            | 10/139 [05:01<1:08:04, 31.66s/it]
[1AProcess:   8%|██▍                            | 11/139 [05:59<1:24:34, 39.64s/it]
[1AProcess:   9%|██▋                            | 12/139 [06:21<1:12:40, 34.34s/it]
[1AProcess:   9%|██▉                            | 13/139 [06:49<1:07:41, 32.23s/it]
[1AProcess:  10%|███▎                             | 14/139 [07:06<57:57, 27.82s/it]
[1AProcess:  11%|███▌                             | 15/139 [07:27<53:15, 25.77s/it]
[1AProcess:  12%|███▊                             | 16/139 [08:00<57:17, 27.95s/it]
[1AProcess:  12%|████                             | 17/139 [08:17<49:56, 24.56s/it]
[1AProcess:  13%|████▎                            | 18/139 [08:48<53:20, 26.45s/it]
[1AProcess:  14%|████▌                            | 19/139 [09:05<46:55, 23.46s/it]
[1AProcess:  14%|████▋                            | 20/139 [09:21<42:19, 21.34s/it]
[1AProcess:  15%|████▉                            | 21/139 [09:43<42:19, 21.52s/it]
[1AProcess:  16%|█████▏                           | 22/139 [10:05<42:11, 21.64s/it]
[1AProcess:  17%|█████▍                           | 23/139 [10:21<38:52, 20.11s/it]
[1AProcess:  17%|█████▋                           | 24/139 [10:41<38:21, 20.01s/it]
[1AProcess:  18%|█████▉                           | 25/139 [11:05<40:01, 21.06s/it]
[1AProcess:  19%|██████▏                          | 26/139 [11:30<42:21, 22.49s/it]
[1AProcess:  19%|██████▍                          | 27/139 [11:52<41:12, 22.07s/it]
[1AProcess:  20%|██████▋                          | 28/139 [12:06<36:21, 19.66s/it]
[1AProcess:  21%|██████▉                          | 29/139 [12:19<32:26, 17.69s/it]
[1AProcess:  22%|███████                          | 30/139 [12:33<30:19, 16.69s/it]
[1AProcess:  22%|███████▎                         | 31/139 [12:55<33:00, 18.34s/it]
[1AProcess:  23%|███████▌                         | 32/139 [13:18<35:13, 19.75s/it]
[1AProcess:  24%|███████▊                         | 33/139 [13:49<40:51, 23.12s/it]
[1AProcess:  24%|████████                         | 34/139 [14:11<39:52, 22.78s/it]
[1AProcess:  25%|████████▎                        | 35/139 [14:34<39:41, 22.90s/it]
[1AProcess:  26%|████████▌                        | 36/139 [14:51<36:04, 21.01s/it]
[1AProcess:  27%|████████▊                        | 37/139 [15:13<36:09, 21.27s/it]
[1AProcess:  27%|█████████                        | 38/139 [16:01<49:20, 29.31s/it]
[1AProcess:  28%|█████████▎                       | 39/139 [16:36<51:29, 30.89s/it]
[1AProcess:  29%|████████▉                      | 40/139 [17:25<1:00:21, 36.59s/it]
[1AProcess:  29%|█████████▏                     | 41/139 [18:31<1:14:06, 45.37s/it]
[1AProcess:  30%|█████████▉                       | 42/139 [18:44<57:33, 35.60s/it]
[1AProcess:  31%|██████████▏                      | 43/139 [19:21<57:44, 36.09s/it]
[1AProcess:  32%|██████████▍                      | 44/139 [19:48<52:32, 33.19s/it]
[1AProcess:  32%|██████████▋                      | 45/139 [20:14<48:53, 31.21s/it]
[1AProcess:  33%|██████████▉                      | 46/139 [20:36<43:54, 28.33s/it]
[1AProcess:  34%|███████████▏                     | 47/139 [20:48<35:54, 23.42s/it]
[1AProcess:  35%|███████████▍                     | 48/139 [21:10<34:45, 22.92s/it]
[1AProcess:  35%|███████████▋                     | 49/139 [21:32<34:09, 22.77s/it]
[1AProcess:  36%|███████████▊                     | 50/139 [21:57<34:32, 23.29s/it]
[1AProcess:  37%|████████████                     | 51/139 [22:31<39:13, 26.74s/it]
[1AProcess:  37%|████████████▎                    | 52/139 [22:41<31:19, 21.60s/it]
[1AProcess:  38%|████████████▌                    | 53/139 [23:06<32:39, 22.78s/it]
[1AProcess:  39%|████████████▊                    | 54/139 [24:16<52:09, 36.82s/it]
[1AProcess:  40%|█████████████                    | 55/139 [24:53<51:41, 36.92s/it]
[1AProcess:  40%|█████████████▎                   | 56/139 [25:18<46:13, 33.42s/it]
[1AProcess:  41%|████████████▋                  | 57/139 [26:45<1:07:29, 49.38s/it]
[1AProcess:  42%|█████████████▊                   | 58/139 [26:57<51:26, 38.11s/it]
[1AProcess:  42%|██████████████                   | 59/139 [27:13<41:55, 31.44s/it]
[1AProcess:  43%|██████████████▏                  | 60/139 [27:33<36:56, 28.06s/it]
[1AProcess:  44%|██████████████▍                  | 61/139 [28:00<36:04, 27.75s/it]
[1AProcess:  45%|██████████████▋                  | 62/139 [28:23<33:37, 26.20s/it]
[1AProcess:  45%|██████████████▉                  | 63/139 [28:59<37:00, 29.21s/it]
[1AProcess:  46%|███████████████▏                 | 64/139 [29:21<33:56, 27.15s/it]
[1AProcess:  47%|███████████████▍                 | 65/139 [29:44<31:57, 25.92s/it]
[1AProcess:  47%|███████████████▋                 | 66/139 [29:55<25:57, 21.33s/it]
[1AProcess:  48%|███████████████▉                 | 67/139 [30:17<25:48, 21.51s/it]
[1AProcess:  49%|████████████████▏                | 68/139 [30:38<25:26, 21.51s/it]
[1AProcess:  50%|████████████████▍                | 69/139 [30:49<21:18, 18.26s/it]
[1AProcess:  50%|████████████████▌                | 70/139 [30:59<18:20, 15.94s/it]
[1AProcess:  51%|████████████████▊                | 71/139 [31:16<18:25, 16.25s/it]
[1AProcess:  52%|█████████████████                | 72/139 [31:41<20:47, 18.61s/it]
[1AProcess:  53%|█████████████████▎               | 73/139 [32:03<21:43, 19.75s/it]
[1AProcess:  53%|█████████████████▌               | 74/139 [32:26<22:18, 20.59s/it]
[1AProcess:  54%|█████████████████▊               | 75/139 [32:48<22:28, 21.07s/it]
[1AProcess:  55%|██████████████████               | 76/139 [33:06<21:06, 20.10s/it]
[1AProcess:  55%|██████████████████▎              | 77/139 [33:29<21:39, 20.97s/it]
[1AProcess:  56%|██████████████████▌              | 78/139 [33:45<19:53, 19.56s/it]
[1AProcess:  57%|██████████████████▊              | 79/139 [34:26<26:05, 26.09s/it]
[1AProcess:  58%|██████████████████▉              | 80/139 [35:10<30:47, 31.31s/it]
[1AProcess:  58%|███████████████████▏             | 81/139 [35:53<33:45, 34.92s/it]
[1AProcess:  59%|███████████████████▍             | 82/139 [36:21<31:12, 32.86s/it]
[1AProcess:  60%|███████████████████▋             | 83/139 [36:43<27:41, 29.67s/it]
[1AProcess:  60%|███████████████████▉             | 84/139 [37:05<25:09, 27.44s/it]
[1AProcess:  61%|████████████████████▏            | 85/139 [37:28<23:18, 25.90s/it]
[1AProcess:  62%|████████████████████▍            | 86/139 [37:55<23:06, 26.17s/it]
[1AProcess:  63%|████████████████████▋            | 87/139 [38:20<22:32, 26.00s/it]Runner killed (SIGKILL), exit code: 137. Most often this happens when the process runs out of memory. Consider increasing or reserving memory to avoid unexpected termination: https://modal.com/docs/guide/resources

==========
== CUDA ==
==========

CUDA Version 12.4.1

Container image Copyright (c) 2016-2023, NVIDIA CORPORATION & AFFILIATES. All rights reserved.

This container image and its contents are governed by the NVIDIA Deep Learning Container License.
By pulling and using the container, you accept the terms and conditions of this license:
https://developer.nvidia.com/ngc/nvidia-deep-learning-container-license

A copy of this license is made available in this container at /NGC-DL-CONTAINER-LICENSE for your convenience.


======================================================================
=== Phase 1: call accuracy ===
======================================================================
instruction
=== Output for fused_bmm_rmsnorm_gelu_dropout_sub.py on GPU 0 ===

=== Errors for fused_bmm_rmsnorm_gelu_dropout_sub.py on GPU 0 ===
W0529 12:04:09.912000 27 site-packages/torch/_inductor/utils.py:1048] [0/0] Not enough SMs to use max_autotune_gemm mode

=== Output for div.py on GPU 0 ===

=== Errors for div.py on GPU 0 ===


==========
== CUDA ==
==========

CUDA Version 12.4.1

Container image Copyright (c) 2016-2023, NVIDIA CORPORATION & AFFILIATES. All rights reserved.

This container image and its contents are governed by the NVIDIA Deep Learning Container License.
By pulling and using the container, you accept the terms and conditions of this license:
https://developer.nvidia.com/ngc/nvidia-deep-learning-container-license

A copy of this license is made available in this container at /NGC-DL-CONTAINER-LICENSE for your convenience.

=== Output for sigmoid_conv2d.py on GPU 0 ===

=== Errors for sigmoid_conv2d.py on GPU 0 ===
W0529 12:04:28.685000 143 site-packages/torch/_inductor/utils.py:1048] [0/0] Not enough SMs to use max_autotune_gemm mode

=== Output for solve_multiple_lu.py on GPU 0 ===

=== Errors for solve_multiple_lu.py on GPU 0 ===

=== Output for tanh.py on GPU 0 ===

=== Errors for tanh.py on GPU 0 ===

=== Output for relu_sqrt.py on GPU 0 ===

=== Errors for relu_sqrt.py on GPU 0 ===

=== Output for sqrt.py on GPU 0 ===

=== Errors for sqrt.py on GPU 0 ===

=== Output for sigmoid_argmax.py on GPU 0 ===

=== Errors for sigmoid_argmax.py on GPU 0 ===

=== Output for sub.py on GPU 0 ===

=== Errors for sub.py on GPU 0 ===

=== Output for grid_sample.py on GPU 0 ===

=== Errors for grid_sample.py on GPU 0 ===

=== Output for svd.py on GPU 0 ===

=== Errors for svd.py on GPU 0 ===

=== Output for i0.py on GPU 0 ===

=== Errors for i0.py on GPU 0 ===

=== Output for rsqrt.py on GPU 0 ===

=== Errors for rsqrt.py on GPU 0 ===

=== Output for dropout_relu_batch_norm_conv2d.py on GPU 0 ===

=== Errors for dropout_relu_batch_norm_conv2d.py on GPU 0 ===
W0529 12:05:38.787000 320 site-packages/torch/_inductor/utils.py:1048] [0/0] Not enough SMs to use max_autotune_gemm mode

=== Output for fused_mv_logsoftmax_dropout.py on GPU 0 ===

=== Errors for fused_mv_logsoftmax_dropout.py on GPU 0 ===

=== Output for add.py on GPU 0 ===

=== Errors for add.py on GPU 0 ===

=== Output for fused_silu_layer_norm_conv2d.py on GPU 0 ===

=== Errors for fused_silu_layer_norm_conv2d.py on GPU 0 ===

=== Output for fused_index_select_eq.py on GPU 0 ===

=== Errors for fused_index_select_eq.py on GPU 0 ===

=== Output for argmax.py on GPU 0 ===

=== Errors for argmax.py on GPU 0 ===

=== Output for fused_lu_solve.py on GPU 0 ===

=== Errors for fused_lu_solve.py on GPU 0 ===

=== Output for normalize_pairwise_distance.py on GPU 0 ===

=== Errors for normalize_pairwise_distance.py on GPU 0 ===

=== Output for max.py on GPU 0 ===

=== Errors for max.py on GPU 0 ===

=== Output for log_softmax_linear.py on GPU 0 ===

=== Errors for log_softmax_linear.py on GPU 0 ===
W0529 12:06:42.711000 478 site-packages/torch/_inductor/utils.py:1048] [0/0] Not enough SMs to use max_autotune_gemm mode
AUTOTUNE addmm(2x2, 2x2, 2x2)
  bias_addmm 0.0076 ms 100.0% 
  addmm 0.0116 ms 65.5% 
SingleProcess AUTOTUNE benchmarking takes 0.2167 seconds and 0.0001 seconds precompiling
W0529 12:06:44.821000 478 site-packages/torch/_dynamo/convert_frame.py:1125] WON'T CONVERT _log_softmax_linear_impl /data/results/lmstudio_prompt11_router_20260528-212821/call_acc/log_softmax_linear.py line 21 
W0529 12:06:44.821000 478 site-packages/torch/_dynamo/convert_frame.py:1125] due to: 
W0529 12:06:44.821000 478 site-packages/torch/_dynamo/convert_frame.py:1125] Traceback (most recent call last):
W0529 12:06:44.821000 478 site-packages/torch/_dynamo/convert_frame.py:1125]   File "/usr/local/lib/python3.12/site-packages/torch/_dynamo/output_graph.py", line 1446, in _call_user_compiler
W0529 12:06:44.821000 478 site-packages/torch/_dynamo/convert_frame.py:1125]     compiled_fn = compiler_fn(gm, self.example_inputs())
W0529 12:06:44.821000 478 site-packages/torch/_dynamo/convert_frame.py:1125]                   ^^^^^^^^^^^^^^^^^^^^^^^^^^^^^^^^^^^^^^
W0529 12:06:44.821000 478 site-packages/torch/_dynamo/convert_frame.py:1125]   File "/usr/local/lib/python3.12/site-packages/torch/_dynamo/repro/after_dynamo.py", line 129, in __call__
W0529 12:06:44.821000 478 site-packages/torch/_dynamo/convert_frame.py:1125]     compiled_gm = compiler_fn(gm, example_inputs)
W0529 12:06:44.821000 478 site-packages/torch/_dynamo/convert_frame.py:1125]                   ^^^^^^^^^^^^^^^^^^^^^^^^^^^^^^^
W0529 12:06:44.821000 478 site-packages/torch/_dynamo/convert_frame.py:1125]   File "/usr/local/lib/python3.12/site-packages/torch/__init__.py", line 2234, in __call__
W0529 12:06:44.821000 478 site-packages/torch/_dynamo/convert_frame.py:1125]     return compile_fx(model_, inputs_, config_patches=self.config)
W0529 12:06:44.821000 478 site-packages/torch/_dynamo/convert_frame.py:1125]            ^^^^^^^^^^^^^^^^^^^^^^^^^^^^^^^^^^^^^^^^^^^^^^^^^^^^^^^
W0529 12:06:44.821000 478 site-packages/torch/_dynamo/convert_frame.py:1125]   File "/usr/local/lib/python3.12/site-packages/torch/_inductor/compile_fx.py", line 1253, in compile_fx
W0529 12:06:44.821000 478 site-packages/torch/_dynamo/convert_frame.py:1125]     return compile_fx(
W0529 12:06:44.821000 478 site-packages/torch/_dynamo/convert_frame.py:1125]            ^^^^^^^^^^^
W0529 12:06:44.821000 478 site-packages/torch/_dynamo/convert_frame.py:1125]   File "/usr/local/lib/python3.12/site-packages/torch/_inductor/compile_fx.py", line 1521, in compile_fx
W0529 12:06:44.821000 478 site-packages/torch/_dynamo/convert_frame.py:1125]     return aot_autograd(
W0529 12:06:44.821000 478 site-packages/torch/_dynamo/convert_frame.py:1125]            ^^^^^^^^^^^^^
W0529 12:06:44.821000 478 site-packages/torch/_dynamo/convert_frame.py:1125]   File "/usr/local/lib/python3.12/site-packages/torch/_dynamo/backends/common.py", line 72, in __call__
W0529 12:06:44.821000 478 site-packages/torch/_dynamo/convert_frame.py:1125]     cg = aot_module_simplified(gm, example_inputs, **self.kwargs)
W0529 12:06:44.821000 478 site-packages/torch/_dynamo/convert_frame.py:1125]          ^^^^^^^^^^^^^^^^^^^^^^^^^^^^^^^^^^^^^^^^^^^^^^^^^^^^^^^^
W0529 12:06:44.821000 478 site-packages/torch/_dynamo/convert_frame.py:1125]   File "/usr/local/lib/python3.12/site-packages/torch/_functorch/aot_autograd.py", line 1071, in aot_module_simplified
W0529 12:06:44.821000 478 site-packages/torch/_dynamo/convert_frame.py:1125]     compiled_fn = dispatch_and_compile()
W0529 12:06:44.821000 478 site-packages/torch/_dynamo/convert_frame.py:1125]                   ^^^^^^^^^^^^^^^^^^^^^^
W0529 12:06:44.821000 478 site-packages/torch/_dynamo/convert_frame.py:1125]   File "/usr/local/lib/python3.12/site-packages/torch/_functorch/aot_autograd.py", line 1056, in dispatch_and_compile
W0529 12:06:44.821000 478 site-packages/torch/_dynamo/convert_frame.py:1125]     compiled_fn, _ = create_aot_dispatcher_function(
W0529 12:06:44.821000 478 site-packages/torch/_dynamo/convert_frame.py:1125]                      ^^^^^^^^^^^^^^^^^^^^^^^^^^^^^^^
W0529 12:06:44.821000 478 site-packages/torch/_dynamo/convert_frame.py:1125]   File "/usr/local/lib/python3.12/site-packages/torch/_functorch/aot_autograd.py", line 522, in create_aot_dispatcher_function
W0529 12:06:44.821000 478 site-packages/torch/_dynamo/convert_frame.py:1125]     return _create_aot_dispatcher_function(
W0529 12:06:44.821000 478 site-packages/torch/_dynamo/convert_frame.py:1125]            ^^^^^^^^^^^^^^^^^^^^^^^^^^^^^^^^
W0529 12:06:44.821000 478 site-packages/torch/_dynamo/convert_frame.py:1125]   File "/usr/local/lib/python3.12/site-packages/torch/_functorch/aot_autograd.py", line 759, in _create_aot_dispatcher_function
W0529 12:06:44.821000 478 site-packages/torch/_dynamo/convert_frame.py:1125]     compiled_fn, fw_metadata = compiler_fn(
W0529 12:06:44.821000 478 site-packages/torch/_dynamo/convert_frame.py:1125]                                ^^^^^^^^^^^^
W0529 12:06:44.821000 478 site-packages/torch/_dynamo/convert_frame.py:1125]   File "/usr/local/lib/python3.12/site-packages/torch/_functorch/_aot_autograd/jit_compile_runtime_wrappers.py", line 179, in aot_dispatch_base
W0529 12:06:44.821000 478 site-packages/torch/_dynamo/convert_frame.py:1125]     compiled_fw = compiler(fw_module, updated_flat_args)
W0529 12:06:44.821000 478 site-packages/torch/_dynamo/convert_frame.py:1125]                   ^^^^^^^^^^^^^^^^^^^^^^^^^^^^^^^^^^^^^^
W0529 12:06:44.821000 478 site-packages/torch/_dynamo/convert_frame.py:1125]   File "/usr/local/lib/python3.12/site-packages/torch/_inductor/compile_fx.py", line 1350, in fw_compiler_base
W0529 12:06:44.821000 478 site-packages/torch/_dynamo/convert_frame.py:1125]     return _fw_compiler_base(model, example_inputs, is_inference)
W0529 12:06:44.821000 478 site-packages/torch/_dynamo/convert_frame.py:1125]            ^^^^^^^^^^^^^^^^^^^^^^^^^^^^^^^^^^^^^^^^^^^^^^^^^^^^^^
W0529 12:06:44.821000 478 site-packages/torch/_dynamo/convert_frame.py:1125]   File "/usr/local/lib/python3.12/site-packages/torch/_inductor/compile_fx.py", line 1359, in _fw_compiler_base
W0529 12:06:44.821000 478 site-packages/torch/_dynamo/convert_frame.py:1125]     _recursive_joint_graph_passes(model)
W0529 12:06:44.821000 478 site-packages/torch/_dynamo/convert_frame.py:1125]   File "/usr/local/lib/python3.12/site-packages/torch/_inductor/compile_fx.py", line 281, in _recursive_joint_graph_passes
W0529 12:06:44.821000 478 site-packages/torch/_dynamo/convert_frame.py:1125]     joint_graph_passes(gm)
W0529 12:06:44.821000 478 site-packages/torch/_dynamo/convert_frame.py:1125]   File "/usr/local/lib/python3.12/site-packages/torch/_inductor/fx_passes/joint_graph.py", line 460, in joint_graph_passes
W0529 12:06:44.821000 478 site-packages/torch/_dynamo/convert_frame.py:1125]     count += patterns.apply(graph.graph)  # type: ignore[arg-type]
W0529 12:06:44.821000 478 site-packages/torch/_dynamo/convert_frame.py:1125]              ^^^^^^^^^^^^^^^^^^^^^^^^^^^
W0529 12:06:44.821000 478 site-packages/torch/_dynamo/convert_frame.py:1125]   File "/usr/local/lib/python3.12/site-packages/torch/_inductor/pattern_matcher.py", line 1729, in apply
W0529 12:06:44.821000 478 site-packages/torch/_dynamo/convert_frame.py:1125]     if is_match(m) and entry.extra_check(m):
W0529 12:06:44.821000 478 site-packages/torch/_dynamo/convert_frame.py:1125]                        ^^^^^^^^^^^^^^^^^^^^
W0529 12:06:44.821000 478 site-packages/torch/_dynamo/convert_frame.py:1125]   File "/usr/local/lib/python3.12/site-packages/torch/_inductor/pattern_matcher.py", line 1331, in check_fn
W0529 12:06:44.821000 478 site-packages/torch/_dynamo/convert_frame.py:1125]     if is_match(specific_pattern_match) and extra_check(specific_pattern_match):
W0529 12:06:44.821000 478 site-packages/torch/_dynamo/convert_frame.py:1125]                                             ^^^^^^^^^^^^^^^^^^^^^^^^^^^^^^^^^^^
W0529 12:06:44.821000 478 site-packages/torch/_dynamo/convert_frame.py:1125]   File "/usr/local/lib/python3.12/site-packages/torch/_inductor/fx_passes/pad_mm.py", line 146, in should_pad_addmm
W0529 12:06:44.821000 478 site-packages/torch/_dynamo/convert_frame.py:1125]     return should_pad_common(mat1, mat2, input) and should_pad_bench(
W0529 12:06:44.821000 478 site-packages/torch/_dynamo/convert_frame.py:1125]                                                     ^^^^^^^^^^^^^^^^^
W0529 12:06:44.821000 478 site-packages/torch/_dynamo/convert_frame.py:1125]   File "/usr/local/lib/python3.12/site-packages/torch/_inductor/fx_passes/pad_mm.py", line 566, in should_pad_bench
W0529 12:06:44.821000 478 site-packages/torch/_dynamo/convert_frame.py:1125]     ori_time = do_bench(orig_bench_fn)
W0529 12:06:44.821000 478 site-packages/torch/_dynamo/convert_frame.py:1125]                ^^^^^^^^^^^^^^^^^^^^^^^
W0529 12:06:44.821000 478 site-packages/torch/_dynamo/convert_frame.py:1125]   File "/usr/local/lib/python3.12/site-packages/torch/_inductor/runtime/benchmarking.py", line 66, in wrapper
W0529 12:06:44.821000 478 site-packages/torch/_dynamo/convert_frame.py:1125]     return fn(self, *args, **kwargs)
W0529 12:06:44.821000 478 site-packages/torch/_dynamo/convert_frame.py:1125]            ^^^^^^^^^^^^^^^^^^^^^^^^^
W0529 12:06:44.821000 478 site-packages/torch/_dynamo/convert_frame.py:1125]   File "/usr/local/lib/python3.12/site-packages/torch/_inductor/runtime/benchmarking.py", line 201, in benchmark_gpu
W0529 12:06:44.821000 478 site-packages/torch/_dynamo/convert_frame.py:1125]     return self.triton_do_bench(_callable, **kwargs, return_mode="median")
W0529 12:06:44.821000 478 site-packages/torch/_dynamo/convert_frame.py:1125]            ^^^^^^^^^^^^^^^^^^^^^^^^^^^^^^^^^^^^^^^^^^^^^^^^^^^^^^^^^^^^^^^
W0529 12:06:44.821000 478 site-packages/torch/_dynamo/convert_frame.py:1125]   File "/usr/local/lib/python3.12/site-packages/triton/testing.py", line 106, in do_bench
W0529 12:06:44.821000 478 site-packages/torch/_dynamo/convert_frame.py:1125]     fn()
W0529 12:06:44.821000 478 site-packages/torch/_dynamo/convert_frame.py:1125]   File "/usr/local/lib/python3.12/site-packages/torch/_inductor/fx_passes/pad_mm.py", line 537, in orig_bench_fn
W0529 12:06:44.821000 478 site-packages/torch/_dynamo/convert_frame.py:1125]     op(input, mat1, mat2)
W0529 12:06:44.821000 478 site-packages/torch/_dynamo/convert_frame.py:1125]   File "/usr/local/lib/python3.12/site-packages/torch/_ops.py", line 1116, in __call__
W0529 12:06:44.821000 478 site-packages/torch/_dynamo/convert_frame.py:1125]     return self._op(*args, **(kwargs or {}))
W0529 12:06:44.821000 478 site-packages/torch/_dynamo/convert_frame.py:1125]            ^^^^^^^^^^^^^^^^^^^^^^^^^^^^^^^^^
W0529 12:06:44.821000 478 site-packages/torch/_dynamo/convert_frame.py:1125] RuntimeError: mat1 and mat2 must have the same dtype, but got Double and Float
W0529 12:06:44.821000 478 site-packages/torch/_dynamo/convert_frame.py:1125] 
W0529 12:06:44.821000 478 site-packages/torch/_dynamo/convert_frame.py:1125] The above exception was the direct cause of the following exception:
W0529 12:06:44.821000 478 site-packages/torch/_dynamo/convert_frame.py:1125] 
W0529 12:06:44.821000 478 site-packages/torch/_dynamo/convert_frame.py:1125] Traceback (most recent call last):
W0529 12:06:44.821000 478 site-packages/torch/_dynamo/convert_frame.py:1125]   File "/usr/local/lib/python3.12/site-packages/torch/_dynamo/convert_frame.py", line 1064, in __call__
W0529 12:06:44.821000 478 site-packages/torch/_dynamo/convert_frame.py:1125]     result = self._inner_convert(
W0529 12:06:44.821000 478 site-packages/torch/_dynamo/convert_frame.py:1125]              ^^^^^^^^^^^^^^^^^^^^
W0529 12:06:44.821000 478 site-packages/torch/_dynamo/convert_frame.py:1125]   File "/usr/local/lib/python3.12/site-packages/torch/_dynamo/convert_frame.py", line 526, in __call__
W0529 12:06:44.821000 478 site-packages/torch/_dynamo/convert_frame.py:1125]     return _compile(
W0529 12:06:44.821000 478 site-packages/torch/_dynamo/convert_frame.py:1125]            ^^^^^^^^^
W0529 12:06:44.821000 478 site-packages/torch/_dynamo/convert_frame.py:1125]   File "/usr/local/lib/python3.12/site-packages/torch/_dynamo/convert_frame.py", line 924, in _compile
W0529 12:06:44.821000 478 site-packages/torch/_dynamo/convert_frame.py:1125]     guarded_code = compile_inner(code, one_graph, hooks, transform)
W0529 12:06:44.821000 478 site-packages/torch/_dynamo/convert_frame.py:1125]                    ^^^^^^^^^^^^^^^^^^^^^^^^^^^^^^^^^^^^^^^^^^^^^^^^
W0529 12:06:44.821000 478 site-packages/torch/_dynamo/convert_frame.py:1125]   File "/usr/local/lib/python3.12/site-packages/torch/_dynamo/convert_frame.py", line 666, in compile_inner
W0529 12:06:44.821000 478 site-packages/torch/_dynamo/convert_frame.py:1125]     return _compile_inner(code, one_graph, hooks, transform)
W0529 12:06:44.821000 478 site-packages/torch/_dynamo/convert_frame.py:1125]            ^^^^^^^^^^^^^^^^^^^^^^^^^^^^^^^^^^^^^^^^^^^^^^^^^
W0529 12:06:44.821000 478 site-packages/torch/_dynamo/convert_frame.py:1125]   File "/usr/local/lib/python3.12/site-packages/torch/_utils_internal.py", line 87, in wrapper_function
W0529 12:06:44.821000 478 site-packages/torch/_dynamo/convert_frame.py:1125]     return function(*args, **kwargs)
W0529 12:06:44.821000 478 site-packages/torch/_dynamo/convert_frame.py:1125]            ^^^^^^^^^^^^^^^^^^^^^^^^^
W0529 12:06:44.821000 478 site-packages/torch/_dynamo/convert_frame.py:1125]   File "/usr/local/lib/python3.12/site-packages/torch/_dynamo/convert_frame.py", line 699, in _compile_inner
W0529 12:06:44.821000 478 site-packages/torch/_dynamo/convert_frame.py:1125]     out_code = transform_code_object(code, transform)
W0529 12:06:44.821000 478 site-packages/torch/_dynamo/convert_frame.py:1125]                ^^^^^^^^^^^^^^^^^^^^^^^^^^^^^^^^^^^^^^
W0529 12:06:44.821000 478 site-packages/torch/_dynamo/convert_frame.py:1125]   File "/usr/local/lib/python3.12/site-packages/torch/_dynamo/bytecode_transformation.py", line 1322, in transform_code_object
W0529 12:06:44.821000 478 site-packages/torch/_dynamo/convert_frame.py:1125]     transformations(instructions, code_options)
W0529 12:06:44.821000 478 site-packages/torch/_dynamo/convert_frame.py:1125]   File "/usr/local/lib/python3.12/site-packages/torch/_dynamo/convert_frame.py", line 219, in _fn
W0529 12:06:44.821000 478 site-packages/torch/_dynamo/convert_frame.py:1125]     return fn(*args, **kwargs)
W0529 12:06:44.821000 478 site-packages/torch/_dynamo/convert_frame.py:1125]            ^^^^^^^^^^^^^^^^^^^
W0529 12:06:44.821000 478 site-packages/torch/_dynamo/convert_frame.py:1125]   File "/usr/local/lib/python3.12/site-packages/torch/_dynamo/convert_frame.py", line 634, in transform
W0529 12:06:44.821000 478 site-packages/torch/_dynamo/convert_frame.py:1125]     tracer.run()
W0529 12:06:44.821000 478 site-packages/torch/_dynamo/convert_frame.py:1125]   File "/usr/local/lib/python3.12/site-packages/torch/_dynamo/symbolic_convert.py", line 2796, in run
W0529 12:06:44.821000 478 site-packages/torch/_dynamo/convert_frame.py:1125]     super().run()
W0529 12:06:44.821000 478 site-packages/torch/_dynamo/convert_frame.py:1125]   File "/usr/local/lib/python3.12/site-packages/torch/_dynamo/symbolic_convert.py", line 983, in run
W0529 12:06:44.821000 478 site-packages/torch/_dynamo/convert_frame.py:1125]     while self.step():
W0529 12:06:44.821000 478 site-packages/torch/_dynamo/convert_frame.py:1125]           ^^^^^^^^^^^
W0529 12:06:44.821000 478 site-packages/torch/_dynamo/convert_frame.py:1125]   File "/usr/local/lib/python3.12/site-packages/torch/_dynamo/symbolic_convert.py", line 895, in step
W0529 12:06:44.821000 478 site-packages/torch/_dynamo/convert_frame.py:1125]     self.dispatch_table[inst.opcode](self, inst)
W0529 12:06:44.821000 478 site-packages/torch/_dynamo/convert_frame.py:1125]   File "/usr/local/lib/python3.12/site-packages/torch/_dynamo/symbolic_convert.py", line 2987, in RETURN_VALUE
W0529 12:06:44.821000 478 site-packages/torch/_dynamo/convert_frame.py:1125]     self._return(inst)
W0529 12:06:44.821000 478 site-packages/torch/_dynamo/convert_frame.py:1125]   File "/usr/local/lib/python3.12/site-packages/torch/_dynamo/symbolic_convert.py", line 2972, in _return
W0529 12:06:44.821000 478 site-packages/torch/_dynamo/convert_frame.py:1125]     self.output.compile_subgraph(
W0529 12:06:44.821000 478 site-packages/torch/_dynamo/convert_frame.py:1125]   File "/usr/local/lib/python3.12/site-packages/torch/_dynamo/output_graph.py", line 1117, in compile_subgraph
W0529 12:06:44.821000 478 site-packages/torch/_dynamo/convert_frame.py:1125]     self.compile_and_call_fx_graph(tx, list(reversed(stack_values)), root)
W0529 12:06:44.821000 478 site-packages/torch/_dynamo/convert_frame.py:1125]   File "/usr/local/lib/python3.12/site-packages/torch/_dynamo/output_graph.py", line 1369, in compile_and_call_fx_graph
W0529 12:06:44.821000 478 site-packages/torch/_dynamo/convert_frame.py:1125]     compiled_fn = self.call_user_compiler(gm)
W0529 12:06:44.821000 478 site-packages/torch/_dynamo/convert_frame.py:1125]                   ^^^^^^^^^^^^^^^^^^^^^^^^^^^
W0529 12:06:44.821000 478 site-packages/torch/_dynamo/convert_frame.py:1125]   File "/usr/local/lib/python3.12/site-packages/torch/_dynamo/output_graph.py", line 1416, in call_user_compiler
W0529 12:06:44.821000 478 site-packages/torch/_dynamo/convert_frame.py:1125]     return self._call_user_compiler(gm)
W0529 12:06:44.821000 478 site-packages/torch/_dynamo/convert_frame.py:1125]            ^^^^^^^^^^^^^^^^^^^^^^^^^^^^
W0529 12:06:44.821000 478 site-packages/torch/_dynamo/convert_frame.py:1125]   File "/usr/local/lib/python3.12/site-packages/torch/_dynamo/output_graph.py", line 1465, in _call_user_compiler
W0529 12:06:44.821000 478 site-packages/torch/_dynamo/convert_frame.py:1125]     raise BackendCompilerFailed(self.compiler_fn, e) from e
W0529 12:06:44.821000 478 site-packages/torch/_dynamo/convert_frame.py:1125] torch._dynamo.exc.BackendCompilerFailed: backend='inductor' raised:
W0529 12:06:44.821000 478 site-packages/torch/_dynamo/convert_frame.py:1125] RuntimeError: mat1 and mat2 must have the same dtype, but got Double and Float
W0529 12:06:44.821000 478 site-packages/torch/_dynamo/convert_frame.py:1125] 
W0529 12:06:44.821000 478 site-packages/torch/_dynamo/convert_frame.py:1125] Set TORCH_LOGS="+dynamo" and TORCHDYNAMO_VERBOSE=1 for more information
W0529 12:06:44.821000 478 site-packages/torch/_dynamo/convert_frame.py:1125] 
W0529 12:06:44.821000 478 site-packages/torch/_dynamo/convert_frame.py:1125] Traceback (most recent call last):
W0529 12:06:44.821000 478 site-packages/torch/_dynamo/convert_frame.py:1125]   File "/usr/local/lib/python3.12/site-packages/torch/_dynamo/output_graph.py", line 1446, in _call_user_compiler
W0529 12:06:44.821000 478 site-packages/torch/_dynamo/convert_frame.py:1125]     compiled_fn = compiler_fn(gm, self.example_inputs())
W0529 12:06:44.821000 478 site-packages/torch/_dynamo/convert_frame.py:1125]                   ^^^^^^^^^^^^^^^^^^^^^^^^^^^^^^^^^^^^^^
W0529 12:06:44.821000 478 site-packages/torch/_dynamo/convert_frame.py:1125]   File "/usr/local/lib/python3.12/site-packages/torch/_dynamo/repro/after_dynamo.py", line 129, in __call__
W0529 12:06:44.821000 478 site-packages/torch/_dynamo/convert_frame.py:1125]     compiled_gm = compiler_fn(gm, example_inputs)
W0529 12:06:44.821000 478 site-packages/torch/_dynamo/convert_frame.py:1125]                   ^^^^^^^^^^^^^^^^^^^^^^^^^^^^^^^
W0529 12:06:44.821000 478 site-packages/torch/_dynamo/convert_frame.py:1125]   File "/usr/local/lib/python3.12/site-packages/torch/__init__.py", line 2234, in __call__
W0529 12:06:44.821000 478 site-packages/torch/_dynamo/convert_frame.py:1125]     return compile_fx(model_, inputs_, config_patches=self.config)
W0529 12:06:44.821000 478 site-packages/torch/_dynamo/convert_frame.py:1125]            ^^^^^^^^^^^^^^^^^^^^^^^^^^^^^^^^^^^^^^^^^^^^^^^^^^^^^^^
W0529 12:06:44.821000 478 site-packages/torch/_dynamo/convert_frame.py:1125]   File "/usr/local/lib/python3.12/site-packages/torch/_inductor/compile_fx.py", line 1253, in compile_fx
W0529 12:06:44.821000 478 site-packages/torch/_dynamo/convert_frame.py:1125]     return compile_fx(
W0529 12:06:44.821000 478 site-packages/torch/_dynamo/convert_frame.py:1125]            ^^^^^^^^^^^
W0529 12:06:44.821000 478 site-packages/torch/_dynamo/convert_frame.py:1125]   File "/usr/local/lib/python3.12/site-packages/torch/_inductor/compile_fx.py", line 1521, in compile_fx
W0529 12:06:44.821000 478 site-packages/torch/_dynamo/convert_frame.py:1125]     return aot_autograd(
W0529 12:06:44.821000 478 site-packages/torch/_dynamo/convert_frame.py:1125]            ^^^^^^^^^^^^^
W0529 12:06:44.821000 478 site-packages/torch/_dynamo/convert_frame.py:1125]   File "/usr/local/lib/python3.12/site-packages/torch/_dynamo/backends/common.py", line 72, in __call__
W0529 12:06:44.821000 478 site-packages/torch/_dynamo/convert_frame.py:1125]     cg = aot_module_simplified(gm, example_inputs, **self.kwargs)
W0529 12:06:44.821000 478 site-packages/torch/_dynamo/convert_frame.py:1125]          ^^^^^^^^^^^^^^^^^^^^^^^^^^^^^^^^^^^^^^^^^^^^^^^^^^^^^^^^
W0529 12:06:44.821000 478 site-packages/torch/_dynamo/convert_frame.py:1125]   File "/usr/local/lib/python3.12/site-packages/torch/_functorch/aot_autograd.py", line 1071, in aot_module_simplified
W0529 12:06:44.821000 478 site-packages/torch/_dynamo/convert_frame.py:1125]     compiled_fn = dispatch_and_compile()
W0529 12:06:44.821000 478 site-packages/torch/_dynamo/convert_frame.py:1125]                   ^^^^^^^^^^^^^^^^^^^^^^
W0529 12:06:44.821000 478 site-packages/torch/_dynamo/convert_frame.py:1125]   File "/usr/local/lib/python3.12/site-packages/torch/_functorch/aot_autograd.py", line 1056, in dispatch_and_compile
W0529 12:06:44.821000 478 site-packages/torch/_dynamo/convert_frame.py:1125]     compiled_fn, _ = create_aot_dispatcher_function(
W0529 12:06:44.821000 478 site-packages/torch/_dynamo/convert_frame.py:1125]                      ^^^^^^^^^^^^^^^^^^^^^^^^^^^^^^^
W0529 12:06:44.821000 478 site-packages/torch/_dynamo/convert_frame.py:1125]   File "/usr/local/lib/python3.12/site-packages/torch/_functorch/aot_autograd.py", line 522, in create_aot_dispatcher_function
W0529 12:06:44.821000 478 site-packages/torch/_dynamo/convert_frame.py:1125]     return _create_aot_dispatcher_function(
W0529 12:06:44.821000 478 site-packages/torch/_dynamo/convert_frame.py:1125]            ^^^^^^^^^^^^^^^^^^^^^^^^^^^^^^^^
W0529 12:06:44.821000 478 site-packages/torch/_dynamo/convert_frame.py:1125]   File "/usr/local/lib/python3.12/site-packages/torch/_functorch/aot_autograd.py", line 759, in _create_aot_dispatcher_function
W0529 12:06:44.821000 478 site-packages/torch/_dynamo/convert_frame.py:1125]     compiled_fn, fw_metadata = compiler_fn(
W0529 12:06:44.821000 478 site-packages/torch/_dynamo/convert_frame.py:1125]                                ^^^^^^^^^^^^
W0529 12:06:44.821000 478 site-packages/torch/_dynamo/convert_frame.py:1125]   File "/usr/local/lib/python3.12/site-packages/torch/_functorch/_aot_autograd/jit_compile_runtime_wrappers.py", line 179, in aot_dispatch_base
W0529 12:06:44.821000 478 site-packages/torch/_dynamo/convert_frame.py:1125]     compiled_fw = compiler(fw_module, updated_flat_args)
W0529 12:06:44.821000 478 site-packages/torch/_dynamo/convert_frame.py:1125]                   ^^^^^^^^^^^^^^^^^^^^^^^^^^^^^^^^^^^^^^
W0529 12:06:44.821000 478 site-packages/torch/_dynamo/convert_frame.py:1125]   File "/usr/local/lib/python3.12/site-packages/torch/_inductor/compile_fx.py", line 1350, in fw_compiler_base
W0529 12:06:44.821000 478 site-packages/torch/_dynamo/convert_frame.py:1125]     return _fw_compiler_base(model, example_inputs, is_inference)
W0529 12:06:44.821000 478 site-packages/torch/_dynamo/convert_frame.py:1125]            ^^^^^^^^^^^^^^^^^^^^^^^^^^^^^^^^^^^^^^^^^^^^^^^^^^^^^^
W0529 12:06:44.821000 478 site-packages/torch/_dynamo/convert_frame.py:1125]   File "/usr/local/lib/python3.12/site-packages/torch/_inductor/compile_fx.py", line 1359, in _fw_compiler_base
W0529 12:06:44.821000 478 site-packages/torch/_dynamo/convert_frame.py:1125]     _recursive_joint_graph_passes(model)
W0529 12:06:44.821000 478 site-packages/torch/_dynamo/convert_frame.py:1125]   File "/usr/local/lib/python3.12/site-packages/torch/_inductor/compile_fx.py", line 281, in _recursive_joint_graph_passes
W0529 12:06:44.821000 478 site-packages/torch/_dynamo/convert_frame.py:1125]     joint_graph_passes(gm)
W0529 12:06:44.821000 478 site-packages/torch/_dynamo/convert_frame.py:1125]   File "/usr/local/lib/python3.12/site-packages/torch/_inductor/fx_passes/joint_graph.py", line 460, in joint_graph_passes
W0529 12:06:44.821000 478 site-packages/torch/_dynamo/convert_frame.py:1125]     count += patterns.apply(graph.graph)  # type: ignore[arg-type]
W0529 12:06:44.821000 478 site-packages/torch/_dynamo/convert_frame.py:1125]              ^^^^^^^^^^^^^^^^^^^^^^^^^^^
W0529 12:06:44.821000 478 site-packages/torch/_dynamo/convert_frame.py:1125]   File "/usr/local/lib/python3.12/site-packages/torch/_inductor/pattern_matcher.py", line 1729, in apply
W0529 12:06:44.821000 478 site-packages/torch/_dynamo/convert_frame.py:1125]     if is_match(m) and entry.extra_check(m):
W0529 12:06:44.821000 478 site-packages/torch/_dynamo/convert_frame.py:1125]                        ^^^^^^^^^^^^^^^^^^^^
W0529 12:06:44.821000 478 site-packages/torch/_dynamo/convert_frame.py:1125]   File "/usr/local/lib/python3.12/site-packages/torch/_inductor/pattern_matcher.py", line 1331, in check_fn
W0529 12:06:44.821000 478 site-packages/torch/_dynamo/convert_frame.py:1125]     if is_match(specific_pattern_match) and extra_check(specific_pattern_match):
W0529 12:06:44.821000 478 site-packages/torch/_dynamo/convert_frame.py:1125]                                             ^^^^^^^^^^^^^^^^^^^^^^^^^^^^^^^^^^^
W0529 12:06:44.821000 478 site-packages/torch/_dynamo/convert_frame.py:1125]   File "/usr/local/lib/python3.12/site-packages/torch/_inductor/fx_passes/pad_mm.py", line 146, in should_pad_addmm
W0529 12:06:44.821000 478 site-packages/torch/_dynamo/convert_frame.py:1125]     return should_pad_common(mat1, mat2, input) and should_pad_bench(
W0529 12:06:44.821000 478 site-packages/torch/_dynamo/convert_frame.py:1125]                                                     ^^^^^^^^^^^^^^^^^
W0529 12:06:44.821000 478 site-packages/torch/_dynamo/convert_frame.py:1125]   File "/usr/local/lib/python3.12/site-packages/torch/_inductor/fx_passes/pad_mm.py", line 566, in should_pad_bench
W0529 12:06:44.821000 478 site-packages/torch/_dynamo/convert_frame.py:1125]     ori_time = do_bench(orig_bench_fn)
W0529 12:06:44.821000 478 site-packages/torch/_dynamo/convert_frame.py:1125]                ^^^^^^^^^^^^^^^^^^^^^^^
W0529 12:06:44.821000 478 site-packages/torch/_dynamo/convert_frame.py:1125]   File "/usr/local/lib/python3.12/site-packages/torch/_inductor/runtime/benchmarking.py", line 66, in wrapper
W0529 12:06:44.821000 478 site-packages/torch/_dynamo/convert_frame.py:1125]     return fn(self, *args, **kwargs)
W0529 12:06:44.821000 478 site-packages/torch/_dynamo/convert_frame.py:1125]            ^^^^^^^^^^^^^^^^^^^^^^^^^
W0529 12:06:44.821000 478 site-packages/torch/_dynamo/convert_frame.py:1125]   File "/usr/local/lib/python3.12/site-packages/torch/_inductor/runtime/benchmarking.py", line 201, in benchmark_gpu
W0529 12:06:44.821000 478 site-packages/torch/_dynamo/convert_frame.py:1125]     return self.triton_do_bench(_callable, **kwargs, return_mode="median")
W0529 12:06:44.821000 478 site-packages/torch/_dynamo/convert_frame.py:1125]            ^^^^^^^^^^^^^^^^^^^^^^^^^^^^^^^^^^^^^^^^^^^^^^^^^^^^^^^^^^^^^^^
W0529 12:06:44.821000 478 site-packages/torch/_dynamo/convert_frame.py:1125]   File "/usr/local/lib/python3.12/site-packages/triton/testing.py", line 106, in do_bench
W0529 12:06:44.821000 478 site-packages/torch/_dynamo/convert_frame.py:1125]     fn()
W0529 12:06:44.821000 478 site-packages/torch/_dynamo/convert_frame.py:1125]   File "/usr/local/lib/python3.12/site-packages/torch/_inductor/fx_passes/pad_mm.py", line 537, in orig_bench_fn
W0529 12:06:44.821000 478 site-packages/torch/_dynamo/convert_frame.py:1125]     op(input, mat1, mat2)
W0529 12:06:44.821000 478 site-packages/torch/_dynamo/convert_frame.py:1125]   File "/usr/local/lib/python3.12/site-packages/torch/_ops.py", line 1116, in __call__
W0529 12:06:44.821000 478 site-packages/torch/_dynamo/convert_frame.py:1125]     return self._op(*args, **(kwargs or {}))
W0529 12:06:44.821000 478 site-packages/torch/_dynamo/convert_frame.py:1125]            ^^^^^^^^^^^^^^^^^^^^^^^^^^^^^^^^^
W0529 12:06:44.821000 478 site-packages/torch/_dynamo/convert_frame.py:1125] RuntimeError: mat1 and mat2 must have the same dtype, but got Double and Float
W0529 12:06:44.821000 478 site-packages/torch/_dynamo/convert_frame.py:1125] 
W0529 12:06:44.821000 478 site-packages/torch/_dynamo/convert_frame.py:1125] The above exception was the direct cause of the following exception:
W0529 12:06:44.821000 478 site-packages/torch/_dynamo/convert_frame.py:1125] 
W0529 12:06:44.821000 478 site-packages/torch/_dynamo/convert_frame.py:1125] Traceback (most recent call last):
W0529 12:06:44.821000 478 site-packages/torch/_dynamo/convert_frame.py:1125]   File "/usr/local/lib/python3.12/site-packages/torch/_dynamo/convert_frame.py", line 1064, in __call__
W0529 12:06:44.821000 478 site-packages/torch/_dynamo/convert_frame.py:1125]     result = self._inner_convert(
W0529 12:06:44.821000 478 site-packages/torch/_dynamo/convert_frame.py:1125]              ^^^^^^^^^^^^^^^^^^^^
W0529 12:06:44.821000 478 site-packages/torch/_dynamo/convert_frame.py:1125]   File "/usr/local/lib/python3.12/site-packages/torch/_dynamo/convert_frame.py", line 526, in __call__
W0529 12:06:44.821000 478 site-packages/torch/_dynamo/convert_frame.py:1125]     return _compile(
W0529 12:06:44.821000 478 site-packages/torch/_dynamo/convert_frame.py:1125]            ^^^^^^^^^
W0529 12:06:44.821000 478 site-packages/torch/_dynamo/convert_frame.py:1125]   File "/usr/local/lib/python3.12/site-packages/torch/_dynamo/convert_frame.py", line 924, in _compile
W0529 12:06:44.821000 478 site-packages/torch/_dynamo/convert_frame.py:1125]     guarded_code = compile_inner(code, one_graph, hooks, transform)
W0529 12:06:44.821000 478 site-packages/torch/_dynamo/convert_frame.py:1125]                    ^^^^^^^^^^^^^^^^^^^^^^^^^^^^^^^^^^^^^^^^^^^^^^^^
W0529 12:06:44.821000 478 site-packages/torch/_dynamo/convert_frame.py:1125]   File "/usr/local/lib/python3.12/site-packages/torch/_dynamo/convert_frame.py", line 666, in compile_inner
W0529 12:06:44.821000 478 site-packages/torch/_dynamo/convert_frame.py:1125]     return _compile_inner(code, one_graph, hooks, transform)
W0529 12:06:44.821000 478 site-packages/torch/_dynamo/convert_frame.py:1125]            ^^^^^^^^^^^^^^^^^^^^^^^^^^^^^^^^^^^^^^^^^^^^^^^^^
W0529 12:06:44.821000 478 site-packages/torch/_dynamo/convert_frame.py:1125]   File "/usr/local/lib/python3.12/site-packages/torch/_utils_internal.py", line 87, in wrapper_function
W0529 12:06:44.821000 478 site-packages/torch/_dynamo/convert_frame.py:1125]     return function(*args, **kwargs)
W0529 12:06:44.821000 478 site-packages/torch/_dynamo/convert_frame.py:1125]            ^^^^^^^^^^^^^^^^^^^^^^^^^
W0529 12:06:44.821000 478 site-packages/torch/_dynamo/convert_frame.py:1125]   File "/usr/local/lib/python3.12/site-packages/torch/_dynamo/convert_frame.py", line 699, in _compile_inner
W0529 12:06:44.821000 478 site-packages/torch/_dynamo/convert_frame.py:1125]     out_code = transform_code_object(code, transform)
W0529 12:06:44.821000 478 site-packages/torch/_dynamo/convert_frame.py:1125]                ^^^^^^^^^^^^^^^^^^^^^^^^^^^^^^^^^^^^^^
W0529 12:06:44.821000 478 site-packages/torch/_dynamo/convert_frame.py:1125]   File "/usr/local/lib/python3.12/site-packages/torch/_dynamo/bytecode_transformation.py", line 1322, in transform_code_object
W0529 12:06:44.821000 478 site-packages/torch/_dynamo/convert_frame.py:1125]     transformations(instructions, code_options)
W0529 12:06:44.821000 478 site-packages/torch/_dynamo/convert_frame.py:1125]   File "/usr/local/lib/python3.12/site-packages/torch/_dynamo/convert_frame.py", line 219, in _fn
W0529 12:06:44.821000 478 site-packages/torch/_dynamo/convert_frame.py:1125]     return fn(*args, **kwargs)
W0529 12:06:44.821000 478 site-packages/torch/_dynamo/convert_frame.py:1125]            ^^^^^^^^^^^^^^^^^^^
W0529 12:06:44.821000 478 site-packages/torch/_dynamo/convert_frame.py:1125]   File "/usr/local/lib/python3.12/site-packages/torch/_dynamo/convert_frame.py", line 634, in transform
W0529 12:06:44.821000 478 site-packages/torch/_dynamo/convert_frame.py:1125]     tracer.run()
W0529 12:06:44.821000 478 site-packages/torch/_dynamo/convert_frame.py:1125]   File "/usr/local/lib/python3.12/site-packages/torch/_dynamo/symbolic_convert.py", line 2796, in run
W0529 12:06:44.821000 478 site-packages/torch/_dynamo/convert_frame.py:1125]     super().run()
W0529 12:06:44.821000 478 site-packages/torch/_dynamo/convert_frame.py:1125]   File "/usr/local/lib/python3.12/site-packages/torch/_dynamo/symbolic_convert.py", line 983, in run
W0529 12:06:44.821000 478 site-packages/torch/_dynamo/convert_frame.py:1125]     while self.step():
W0529 12:06:44.821000 478 site-packages/torch/_dynamo/convert_frame.py:1125]           ^^^^^^^^^^^
W0529 12:06:44.821000 478 site-packages/torch/_dynamo/convert_frame.py:1125]   File "/usr/local/lib/python3.12/site-packages/torch/_dynamo/symbolic_convert.py", line 895, in step
W0529 12:06:44.821000 478 site-packages/torch/_dynamo/convert_frame.py:1125]     self.dispatch_table[inst.opcode](self, inst)
W0529 12:06:44.821000 478 site-packages/torch/_dynamo/convert_frame.py:1125]   File "/usr/local/lib/python3.12/site-packages/torch/_dynamo/symbolic_convert.py", line 2987, in RETURN_VALUE
W0529 12:06:44.821000 478 site-packages/torch/_dynamo/convert_frame.py:1125]     self._return(inst)
W0529 12:06:44.821000 478 site-packages/torch/_dynamo/convert_frame.py:1125]   File "/usr/local/lib/python3.12/site-packages/torch/_dynamo/symbolic_convert.py", line 2972, in _return
W0529 12:06:44.821000 478 site-packages/torch/_dynamo/convert_frame.py:1125]     self.output.compile_subgraph(
W0529 12:06:44.821000 478 site-packages/torch/_dynamo/convert_frame.py:1125]   File "/usr/local/lib/python3.12/site-packages/torch/_dynamo/output_graph.py", line 1117, in compile_subgraph
W0529 12:06:44.821000 478 site-packages/torch/_dynamo/convert_frame.py:1125]     self.compile_and_call_fx_graph(tx, list(reversed(stack_values)), root)
W0529 12:06:44.821000 478 site-packages/torch/_dynamo/convert_frame.py:1125]   File "/usr/local/lib/python3.12/site-packages/torch/_dynamo/output_graph.py", line 1369, in compile_and_call_fx_graph
W0529 12:06:44.821000 478 site-packages/torch/_dynamo/convert_frame.py:1125]     compiled_fn = self.call_user_compiler(gm)
W0529 12:06:44.821000 478 site-packages/torch/_dynamo/convert_frame.py:1125]                   ^^^^^^^^^^^^^^^^^^^^^^^^^^^
W0529 12:06:44.821000 478 site-packages/torch/_dynamo/convert_frame.py:1125]   File "/usr/local/lib/python3.12/site-packages/torch/_dynamo/output_graph.py", line 1416, in call_user_compiler
W0529 12:06:44.821000 478 site-packages/torch/_dynamo/convert_frame.py:1125]     return self._call_user_compiler(gm)
W0529 12:06:44.821000 478 site-packages/torch/_dynamo/convert_frame.py:1125]            ^^^^^^^^^^^^^^^^^^^^^^^^^^^^
W0529 12:06:44.821000 478 site-packages/torch/_dynamo/convert_frame.py:1125]   File "/usr/local/lib/python3.12/site-packages/torch/_dynamo/output_graph.py", line 1465, in _call_user_compiler
W0529 12:06:44.821000 478 site-packages/torch/_dynamo/convert_frame.py:1125]     raise BackendCompilerFailed(self.compiler_fn, e) from e
W0529 12:06:44.821000 478 site-packages/torch/_dynamo/convert_frame.py:1125] torch._dynamo.exc.BackendCompilerFailed: backend='inductor' raised:
W0529 12:06:44.821000 478 site-packages/torch/_dynamo/convert_frame.py:1125] RuntimeError: mat1 and mat2 must have the same dtype, but got Double and Float
W0529 12:06:44.821000 478 site-packages/torch/_dynamo/convert_frame.py:1125] 
W0529 12:06:44.821000 478 site-packages/torch/_dynamo/convert_frame.py:1125] Set TORCH_LOGS="+dynamo" and TORCHDYNAMO_VERBOSE=1 for more information
W0529 12:06:44.821000 478 site-packages/torch/_dynamo/convert_frame.py:1125] 
Traceback (most recent call last):
  File "/data/results/lmstudio_prompt11_router_20260528-212821/call_acc/log_softmax_linear.py", line 35, in log_softmax_linear
    y = _log_softmax_linear_fast(input, weight, bias, dim, dtype)
        ^^^^^^^^^^^^^^^^^^^^^^^^^^^^^^^^^^^^^^^^^^^^^^^^^^^^^^^^^
  File "/usr/local/lib/python3.12/site-packages/torch/_dynamo/eval_frame.py", line 465, in _fn
    return fn(*args, **kwargs)
           ^^^^^^^^^^^^^^^^^^^
  File "/data/results/lmstudio_prompt11_router_20260528-212821/call_acc/log_softmax_linear.py", line 24, in _log_softmax_linear_impl
    out = F.linear(input, weight, bias)
          ^^^^^^^^^^^^^^^^^^^^^^^^^^^^^
RuntimeError: mat1 and mat2 must have the same dtype, but got Double and Float

During handling of the above exception, another exception occurred:

Traceback (most recent call last):
  File "/data/results/lmstudio_prompt11_router_20260528-212821/call_acc/log_softmax_linear.py", line 81, in <module>
    test_results = test_log_softmax_linear()
                   ^^^^^^^^^^^^^^^^^^^^^^^^^
  File "/data/results/lmstudio_prompt11_router_20260528-212821/call_acc/log_softmax_linear.py", line 77, in test_log_softmax_linear
    results["test_case_4"] = log_softmax_linear(input4, weight4, bias4, dtype=torch.float64)
                             ^^^^^^^^^^^^^^^^^^^^^^^^^^^^^^^^^^^^^^^^^^^^^^^^^^^^^^^^^^^^^^^
  File "/data/results/lmstudio_prompt11_router_20260528-212821/call_acc/log_softmax_linear.py", line 37, in log_softmax_linear
    y = _log_softmax_linear_impl(input, weight, bias, dim, dtype)
        ^^^^^^^^^^^^^^^^^^^^^^^^^^^^^^^^^^^^^^^^^^^^^^^^^^^^^^^^^
  File "/data/results/lmstudio_prompt11_router_20260528-212821/call_acc/log_softmax_linear.py", line 24, in _log_softmax_linear_impl
    out = F.linear(input, weight, bias)
          ^^^^^^^^^^^^^^^^^^^^^^^^^^^^^
RuntimeError: mat1 and mat2 must have the same dtype, but got Double and Float

=== Output for relu.py on GPU 0 ===

=== Errors for relu.py on GPU 0 ===

=== Output for least_squares_qr.py on GPU 0 ===

=== Errors for least_squares_qr.py on GPU 0 ===
Traceback (most recent call last):
  File "/data/results/lmstudio_prompt11_router_20260528-212821/call_acc/least_squares_qr.py", line 57, in <module>
    test_results = test_least_squares_qr()
                   ^^^^^^^^^^^^^^^^^^^^^^^
  File "/data/results/lmstudio_prompt11_router_20260528-212821/call_acc/least_squares_qr.py", line 47, in test_least_squares_qr
    results["test_case_1"] = least_squares_qr(A1, b1)
                             ^^^^^^^^^^^^^^^^^^^^^^^^
  File "/data/results/lmstudio_prompt11_router_20260528-212821/call_acc/least_squares_qr.py", line 29, in least_squares_qr
    x = torch.linalg.solve_triangular(R, Qt_b, upper=True)
        ^^^^^^^^^^^^^^^^^^^^^^^^^^^^^^^^^^^^^^^^^^^^^^^^^^
RuntimeError: linalg.solve_triangular: The input tensor B must have at least 2 dimensions.

=== Output for determinant_via_qr.py on GPU 0 ===

=== Errors for determinant_via_qr.py on GPU 0 ===

=== Output for fused_tile_exp.py on GPU 0 ===

=== Errors for fused_tile_exp.py on GPU 0 ===
Traceback (most recent call last):
  File "/data/results/lmstudio_prompt11_router_20260528-212821/call_acc/fused_tile_exp.py", line 60, in <module>
    test_results = test_fused_tile_exp()
                   ^^^^^^^^^^^^^^^^^^^^^
  File "/data/results/lmstudio_prompt11_router_20260528-212821/call_acc/fused_tile_exp.py", line 56, in test_fused_tile_exp
    results["test_case_4"] = fused_tile_exp(input4, dims4, out=out_tensor)
                             ^^^^^^^^^^^^^^^^^^^^^^^^^^^^^^^^^^^^^^^^^^^^^
  File "/data/results/lmstudio_prompt11_router_20260528-212821/call_acc/fused_tile_exp.py", line 24, in fused_tile_exp
    out.copy_(y)
RuntimeError: The size of tensor a (3) must match the size of tensor b (6) at non-singleton dimension 1

=== Output for sqrt_tanh.py on GPU 0 ===

=== Errors for sqrt_tanh.py on GPU 0 ===

=== Output for silu_batch_norm.py on GPU 0 ===

=== Errors for silu_batch_norm.py on GPU 0 ===
skipping cudagraphs due to mutated inputs (2 instances). Found from : 
   File "/data/results/lmstudio_prompt11_router_20260528-212821/call_acc/silu_batch_norm.py", line 23, in _silu_batch_norm_impl
    y = F.batch_norm(input, running_mean, running_var, weight, bias, training, momentum, eps)

skipping cudagraphs due to mutated inputs (2 instances). Found from : 
   File "/data/results/lmstudio_prompt11_router_20260528-212821/call_acc/silu_batch_norm.py", line 23, in _silu_batch_norm_impl
    y = F.batch_norm(input, running_mean, running_var, weight, bias, training, momentum, eps)


=== Output for index_fill_.py on GPU 0 ===

=== Errors for index_fill_.py on GPU 0 ===
Traceback (most recent call last):
  File "/data/results/lmstudio_prompt11_router_20260528-212821/call_acc/index_fill_.py", line 59, in <module>
    test_results = test_index_fill_()
                   ^^^^^^^^^^^^^^^^^^
  File "/data/results/lmstudio_prompt11_router_20260528-212821/call_acc/index_fill_.py", line 37, in test_index_fill_
    results["test_case_1"] = index_fill_(0, x1, index1, value1).cpu()
                             ^^^^^^^^^^^^^^^^^^^^^^^^^^^^^^^^^^
  File "/data/results/lmstudio_prompt11_router_20260528-212821/call_acc/index_fill_.py", line 22, in index_fill_
    return torch.index_fill_(input, dim, index, value)
           ^^^^^^^^^^^^^^^^^
  File "/usr/local/lib/python3.12/site-packages/torch/__init__.py", line 2562, in __getattr__
    raise AttributeError(f"module '{__name__}' has no attribute '{name}'")
AttributeError: module 'torch' has no attribute 'index_fill_'

=== Output for fused_cross_entropy_softmax_layernorm.py on GPU 0 ===

=== Errors for fused_cross_entropy_softmax_layernorm.py on GPU 0 ===

=== Output for mean.py on GPU 0 ===

=== Errors for mean.py on GPU 0 ===

=== Output for eig.py on GPU 0 ===

=== Errors for eig.py on GPU 0 ===

=== Output for logsumexp.py on GPU 0 ===

=== Errors for logsumexp.py on GPU 0 ===

=== Output for fused_embedding_add_tanh.py on GPU 0 ===

=== Errors for fused_embedding_add_tanh.py on GPU 0 ===

=== Output for fused_mv_sigmoid_sub.py on GPU 0 ===

=== Errors for fused_mv_sigmoid_sub.py on GPU 0 ===

=== Output for add_gelu.py on GPU 0 ===

=== Errors for add_gelu.py on GPU 0 ===
Traceback (most recent call last):
  File "/data/results/lmstudio_prompt11_router_20260528-212821/call_acc/add_gelu.py", line 90, in <module>
    test_results = test_add_gelu()
                   ^^^^^^^^^^^^^^^
  File "/data/results/lmstudio_prompt11_router_20260528-212821/call_acc/add_gelu.py", line 74, in test_add_gelu
    results["test_case_1"] = add_gelu(input_tensor, other_tensor)
                             ^^^^^^^^^^^^^^^^^^^^^^^^^^^^^^^^^^^^
  File "/data/results/lmstudio_prompt11_router_20260528-212821/call_acc/add_gelu.py", line 51, in add_gelu
    M, N = input.shape
    ^^^^
ValueError: not enough values to unpack (expected 2, got 1)

=== Output for fused_cosine_embedding_loss_with_normalization.py on GPU 0 ===

=== Errors for fused_cosine_embedding_loss_with_normalization.py on GPU 0 ===

=== Output for fused_transformer_block.py on GPU 0 ===

=== Errors for fused_transformer_block.py on GPU 0 ===
W0529 12:08:42.465000 820 site-packages/torch/_inductor/utils.py:1048] [0/0] Not enough SMs to use max_autotune_gemm mode

=== Output for log1p.py on GPU 0 ===

=== Errors for log1p.py on GPU 0 ===

=== Output for sigmoid_batch_norm.py on GPU 0 ===

=== Errors for sigmoid_batch_norm.py on GPU 0 ===

=== Output for fused_hardsigmoid_batch_norm.py on GPU 0 ===

=== Errors for fused_hardsigmoid_batch_norm.py on GPU 0 ===

=== Output for zeta.py on GPU 0 ===

=== Errors for zeta.py on GPU 0 ===

=== Output for symmetric_matrix_vector_norm.py on GPU 0 ===

=== Errors for symmetric_matrix_vector_norm.py on GPU 0 ===

=== Output for softplus_linear.py on GPU 0 ===

=== Errors for softplus_linear.py on GPU 0 ===
W0529 12:09:28.746000 1000 site-packages/torch/_inductor/utils.py:1048] [0/0] Not enough SMs to use max_autotune_gemm mode

=== Output for fused_svd_reconstruct.py on GPU 0 ===

=== Errors for fused_svd_reconstruct.py on GPU 0 ===
Traceback (most recent call last):
  File "/data/results/lmstudio_prompt11_router_20260528-212821/call_acc/fused_svd_reconstruct.py", line 52, in <module>
    test_results = test_fused_svd_reconstruct()
                   ^^^^^^^^^^^^^^^^^^^^^^^^^^^^
  File "/data/results/lmstudio_prompt11_router_20260528-212821/call_acc/fused_svd_reconstruct.py", line 40, in test_fused_svd_reconstruct
    results["test_case_2"] = fused_svd_reconstruct(A2)
                             ^^^^^^^^^^^^^^^^^^^^^^^^^
  File "/data/results/lmstudio_prompt11_router_20260528-212821/call_acc/fused_svd_reconstruct.py", line 23, in fused_svd_reconstruct
    return U @ torch.diag(S) @ Vh
           ~~^~~~~~~~~~~~~~~
RuntimeError: mat1 and mat2 shapes cannot be multiplied (3x3 and 2x2)

=== Output for fused_mul_add_logsoftmax_dropout_bmm.py on GPU 0 ===

=== Errors for fused_mul_add_logsoftmax_dropout_bmm.py on GPU 0 ===
W0529 12:09:46.880000 1083 site-packages/torch/_inductor/utils.py:1048] [0/0] Not enough SMs to use max_autotune_gemm mode

=== Output for selu.py on GPU 0 ===

=== Errors for selu.py on GPU 0 ===
Traceback (most recent call last):
  File "/usr/local/lib/python3.12/site-packages/triton/language/core.py", line 35, in wrapper
    return fn(*args, **kwargs)
           ^^^^^^^^^^^^^^^^^^^
  File "/usr/local/lib/python3.12/site-packages/triton/language/core.py", line 1597, in load
    return semantic.load(pointer, mask, other, boundary_check, padding_option, cache_modifier, eviction_policy,
           ^^^^^^^^^^^^^^^^^^^^^^^^^^^^^^^^^^^^^^^^^^^^^^^^^^^^^^^^^^^^^^^^^^^^^^^^^^^^^^^^^^^^^^^^^^^^^^^^^^^^
  File "/usr/local/lib/python3.12/site-packages/triton/language/semantic.py", line 1037, in load
    return _load_legacy(ptr, mask, other, boundary_check, padding, cache, eviction, is_volatile, builder)
           ^^^^^^^^^^^^^^^^^^^^^^^^^^^^^^^^^^^^^^^^^^^^^^^^^^^^^^^^^^^^^^^^^^^^^^^^^^^^^^^^^^^^^^^^^^^^^^
  File "/usr/local/lib/python3.12/site-packages/triton/language/semantic.py", line 969, in _load_legacy
    raise ValueError(f"Unsupported ptr type {ptr.type.__repr__()} in `tl.load`")
ValueError: Unsupported ptr type <[1024], int64> in `tl.load`

The above exception was the direct cause of the following exception:

Traceback (most recent call last):
  File "/data/results/lmstudio_prompt11_router_20260528-212821/call_acc/selu.py", line 75, in <module>
    test_results = test_selu()
                   ^^^^^^^^^^^
  File "/data/results/lmstudio_prompt11_router_20260528-212821/call_acc/selu.py", line 59, in test_selu
    results["test_case_1"] = selu(input_tensor_1)
                             ^^^^^^^^^^^^^^^^^^^^
  File "/data/results/lmstudio_prompt11_router_20260528-212821/call_acc/selu.py", line 45, in selu
    _selu_kernel[grid](input.data_ptr(), out.data_ptr(), n_elements, BLOCK_SIZE)
  File "/usr/local/lib/python3.12/site-packages/triton/runtime/jit.py", line 345, in <lambda>
    return lambda *args, **kwargs: self.run(grid=grid, warmup=False, *args, **kwargs)
                                   ^^^^^^^^^^^^^^^^^^^^^^^^^^^^^^^^^^^^^^^^^^^^^^^^^^
  File "/usr/local/lib/python3.12/site-packages/triton/runtime/jit.py", line 662, in run
    kernel = self.compile(
             ^^^^^^^^^^^^^
  File "/usr/local/lib/python3.12/site-packages/triton/compiler/compiler.py", line 276, in compile
    module = src.make_ir(options, codegen_fns, context)
             ^^^^^^^^^^^^^^^^^^^^^^^^^^^^^^^^^^^^^^^^^^
  File "/usr/local/lib/python3.12/site-packages/triton/compiler/compiler.py", line 113, in make_ir
    return ast_to_ttir(self.fn, self, context=context, options=options, codegen_fns=codegen_fns)
           ^^^^^^^^^^^^^^^^^^^^^^^^^^^^^^^^^^^^^^^^^^^^^^^^^^^^^^^^^^^^^^^^^^^^^^^^^^^^^^^^^^^^^
triton.compiler.errors.CompilationError: at 6:8:
def _selu_kernel(x_ptr, out_ptr, n_elements, BLOCK_SIZE: tl.constexpr):
    pid = tl.program_id(0)
    block_start = pid * BLOCK_SIZE
    offsets = block_start + tl.arange(0, BLOCK_SIZE)
    mask = offsets < n_elements
    x = tl.load(x_ptr + offsets, mask=mask)
        ^

=== Output for scaled_add_norm.py on GPU 0 ===

=== Errors for scaled_add_norm.py on GPU 0 ===

=== Output for leaky_relu_conv2d.py on GPU 0 ===

=== Errors for leaky_relu_conv2d.py on GPU 0 ===
W0529 12:10:12.568000 1191 site-packages/torch/_inductor/utils.py:1048] [0/0] Not enough SMs to use max_autotune_gemm mode

=== Output for sqrt_exp.py on GPU 0 ===

=== Errors for sqrt_exp.py on GPU 0 ===

=== Output for cos_avg_pool1d.py on GPU 0 ===

=== Errors for cos_avg_pool1d.py on GPU 0 ===

=== Output for sum_std.py on GPU 0 ===

=== Errors for sum_std.py on GPU 0 ===
/data/results/lmstudio_prompt11_router_20260528-212821/call_acc/sum_std.py:24: UserWarning: std(): degrees of freedom is <= 0. Correction should be strictly less than the reduction factor (input numel divided by output numel). (Triggered internally at ../aten/src/ATen/native/ReduceOps.cpp:1823.)
  y = torch.std(torch.sum(input, dim=dim, keepdim=keepdim), dim=dim if keepdim else None, keepdim=keepdim, correction=correction)

=== Output for mul_relu.py on GPU 0 ===

=== Errors for mul_relu.py on GPU 0 ===

=== Output for gelu_conv2d.py on GPU 0 ===

=== Errors for gelu_conv2d.py on GPU 0 ===
W0529 12:10:54.717000 1352 site-packages/torch/_inductor/utils.py:1048] [0/0] Not enough SMs to use max_autotune_gemm mode

=== Output for fused_instance_norm_selu_conv2d.py on GPU 0 ===

=== Errors for fused_instance_norm_selu_conv2d.py on GPU 0 ===
W0529 12:11:15.730000 1446 site-packages/torch/_inductor/utils.py:1048] [0/0_1] Not enough SMs to use max_autotune_gemm mode
Traceback (most recent call last):
  File "/data/results/lmstudio_prompt11_router_20260528-212821/call_acc/fused_instance_norm_selu_conv2d.py", line 34, in fused_instance_norm_selu_conv2d
    y = _fused_instance_norm_selu_conv2d_fast(input, weight, bias, stride, padding, dilation, groups, eps, momentum, affine, track_running_stats)
        ^^^^^^^^^^^^^^^^^^^^^^^^^^^^^^^^^^^^^^^^^^^^^^^^^^^^^^^^^^^^^^^^^^^^^^^^^^^^^^^^^^^^^^^^^^^^^^^^^^^^^^^^^^^^^^^^^^^^^^^^^^^^^^^^^^^^^^^^^
  File "/usr/local/lib/python3.12/site-packages/torch/_dynamo/eval_frame.py", line 465, in _fn
    return fn(*args, **kwargs)
           ^^^^^^^^^^^^^^^^^^^
  File "/data/results/lmstudio_prompt11_router_20260528-212821/call_acc/fused_instance_norm_selu_conv2d.py", line 21, in _fused_instance_norm_selu_conv2d_impl
    def _fused_instance_norm_selu_conv2d_impl(input, weight, bias, stride, padding, dilation, groups, eps, momentum, affine, track_running_stats):
TypeError: instance_norm() takes from 1 to 8 positional arguments but 10 were given

During handling of the above exception, another exception occurred:

Traceback (most recent call last):
  File "/data/results/lmstudio_prompt11_router_20260528-212821/call_acc/fused_instance_norm_selu_conv2d.py", line 69, in <module>
    test_results = test_fused_instance_norm_selu_conv2d()
                   ^^^^^^^^^^^^^^^^^^^^^^^^^^^^^^^^^^^^^^
  File "/data/results/lmstudio_prompt11_router_20260528-212821/call_acc/fused_instance_norm_selu_conv2d.py", line 59, in test_fused_instance_norm_selu_conv2d
    results["test_case_1"] = fused_instance_norm_selu_conv2d(input_tensor, weight_tensor)
                             ^^^^^^^^^^^^^^^^^^^^^^^^^^^^^^^^^^^^^^^^^^^^^^^^^^^^^^^^^^^^
  File "/data/results/lmstudio_prompt11_router_20260528-212821/call_acc/fused_instance_norm_selu_conv2d.py", line 36, in fused_instance_norm_selu_conv2d
    y = _fused_instance_norm_selu_conv2d_impl(input, weight, bias, stride, padding, dilation, groups, eps, momentum, affine, track_running_stats)
        ^^^^^^^^^^^^^^^^^^^^^^^^^^^^^^^^^^^^^^^^^^^^^^^^^^^^^^^^^^^^^^^^^^^^^^^^^^^^^^^^^^^^^^^^^^^^^^^^^^^^^^^^^^^^^^^^^^^^^^^^^^^^^^^^^^^^^^^^^
  File "/data/results/lmstudio_prompt11_router_20260528-212821/call_acc/fused_instance_norm_selu_conv2d.py", line 24, in _fused_instance_norm_selu_conv2d_impl
    x = F.instance_norm(x, None, None, None, None, True, eps, momentum, affine, track_running_stats)
        ^^^^^^^^^^^^^^^^^^^^^^^^^^^^^^^^^^^^^^^^^^^^^^^^^^^^^^^^^^^^^^^^^^^^^^^^^^^^^^^^^^^^^^^^^^^^
TypeError: instance_norm() takes from 1 to 8 positional arguments but 10 were given

=== Output for fused_fractional_max_pool2d_with_relu.py on GPU 0 ===

=== Errors for fused_fractional_max_pool2d_with_relu.py on GPU 0 ===

=== Output for chebyshev_polynomial_t.py on GPU 0 ===

=== Errors for chebyshev_polynomial_t.py on GPU 0 ===
Traceback (most recent call last):
  File "/data/results/lmstudio_prompt11_router_20260528-212821/call_acc/chebyshev_polynomial_t.py", line 89, in <module>
    test_results = test_chebyshev_polynomial_t()
                   ^^^^^^^^^^^^^^^^^^^^^^^^^^^^^
  File "/data/results/lmstudio_prompt11_router_20260528-212821/call_acc/chebyshev_polynomial_t.py", line 70, in test_chebyshev_polynomial_t
    results["test_case_1"] = chebyshev_polynomial_t(input_tensor_1, n_1)
                             ^^^^^^^^^^^^^^^^^^^^^^^^^^^^^^^^^^^^^^^^^^^
  File "/data/results/lmstudio_prompt11_router_20260528-212821/call_acc/chebyshev_polynomial_t.py", line 44, in chebyshev_polynomial_t
    n_val = n.item() if n.numel() == 1 else int(n)
                        ^^^^^^^
AttributeError: 'int' object has no attribute 'numel'

=== Output for logit.py on GPU 0 ===

=== Errors for logit.py on GPU 0 ===

=== Output for solve_symmetric_ldl.py on GPU 0 ===

=== Errors for solve_symmetric_ldl.py on GPU 0 ===
Traceback (most recent call last):
  File "/data/results/lmstudio_prompt11_router_20260528-212821/call_acc/solve_symmetric_ldl.py", line 72, in <module>
    test_results = test_solve_symmetric_ldl()
                   ^^^^^^^^^^^^^^^^^^^^^^^^^^
  File "/data/results/lmstudio_prompt11_router_20260528-212821/call_acc/solve_symmetric_ldl.py", line 45, in test_solve_symmetric_ldl
    results["test_case_2"] = solve_symmetric_ldl(A2, b2, hermitian=True)
                             ^^^^^^^^^^^^^^^^^^^^^^^^^^^^^^^^^^^^^^^^^^^
  File "/data/results/lmstudio_prompt11_router_20260528-212821/call_acc/solve_symmetric_ldl.py", line 22, in solve_symmetric_ldl
    y = torch.linalg.solve(A, b)
        ^^^^^^^^^^^^^^^^^^^^^^^^
RuntimeError: linalg.solve: Expected A and B to have the same dtype, but found A of type ComplexFloat and B of type Float instead

=== Output for exp_sqrt.py on GPU 0 ===

=== Errors for exp_sqrt.py on GPU 0 ===

=== Output for combined_activation.py on GPU 0 ===

=== Errors for combined_activation.py on GPU 0 ===

=== Output for scaled_add_dot.py on GPU 0 ===

=== Errors for scaled_add_dot.py on GPU 0 ===

=== Output for tensordot.py on GPU 0 ===

=== Errors for tensordot.py on GPU 0 ===

=== Output for qr.py on GPU 0 ===

=== Errors for qr.py on GPU 0 ===

=== Output for asin.py on GPU 0 ===

=== Errors for asin.py on GPU 0 ===

=== Output for fused_masked_select_add_gelu.py on GPU 0 ===

=== Errors for fused_masked_select_add_gelu.py on GPU 0 ===

=== Output for fused_pairwise_distance_adaptive_avg_pool2d.py on GPU 0 ===

=== Errors for fused_pairwise_distance_adaptive_avg_pool2d.py on GPU 0 ===

=== Output for add_mean.py on GPU 0 ===

=== Errors for add_mean.py on GPU 0 ===

=== Output for fused_layer_norm_relu_linear.py on GPU 0 ===

=== Errors for fused_layer_norm_relu_linear.py on GPU 0 ===
W0529 12:12:45.859000 1648 site-packages/torch/_inductor/utils.py:1048] [0/0_1] Not enough SMs to use max_autotune_gemm mode
Traceback (most recent call last):
  File "/data/results/lmstudio_prompt11_router_20260528-212821/call_acc/fused_layer_norm_relu_linear.py", line 54, in fused_layer_norm_relu_linear
    y = _fused_layer_norm_relu_linear_fast(
        ^^^^^^^^^^^^^^^^^^^^^^^^^^^^^^^^^^^
  File "/usr/local/lib/python3.12/site-packages/torch/_dynamo/eval_frame.py", line 465, in _fn
    return fn(*args, **kwargs)
           ^^^^^^^^^^^^^^^^^^^
  File "/data/results/lmstudio_prompt11_router_20260528-212821/call_acc/fused_layer_norm_relu_linear.py", line 23, in _fused_layer_norm_relu_linear_impl
    def _fused_layer_norm_relu_linear_impl(
  File "/usr/local/lib/python3.12/site-packages/torch/nn/functional.py", line 2900, in layer_norm
    return torch.layer_norm(
           ^^^^^^^^^^^^^^^^^
TypeError: layer_norm(): argument 'normalized_shape' (position 2) must be tuple of ints, not int

During handling of the above exception, another exception occurred:

Traceback (most recent call last):
  File "/data/results/lmstudio_prompt11_router_20260528-212821/call_acc/fused_layer_norm_relu_linear.py", line 103, in <module>
    test_results = test_fused_layer_norm_relu_linear()
                   ^^^^^^^^^^^^^^^^^^^^^^^^^^^^^^^^^^^
  File "/data/results/lmstudio_prompt11_router_20260528-212821/call_acc/fused_layer_norm_relu_linear.py", line 78, in test_fused_layer_norm_relu_linear
    results["test_case_1"] = fused_layer_norm_relu_linear(input1, weight1, bias1, normalized_shape1)
                             ^^^^^^^^^^^^^^^^^^^^^^^^^^^^^^^^^^^^^^^^^^^^^^^^^^^^^^^^^^^^^^^^^^^^^^^
  File "/data/results/lmstudio_prompt11_router_20260528-212821/call_acc/fused_layer_norm_relu_linear.py", line 58, in fused_layer_norm_relu_linear
    y = _fused_layer_norm_relu_linear_impl(
        ^^^^^^^^^^^^^^^^^^^^^^^^^^^^^^^^^^^
  File "/data/results/lmstudio_prompt11_router_20260528-212821/call_acc/fused_layer_norm_relu_linear.py", line 33, in _fused_layer_norm_relu_linear_impl
    y = F.layer_norm(y, normalized_shape, eps=eps)
        ^^^^^^^^^^^^^^^^^^^^^^^^^^^^^^^^^^^^^^^^^^
  File "/usr/local/lib/python3.12/site-packages/torch/nn/functional.py", line 2900, in layer_norm
    return torch.layer_norm(
           ^^^^^^^^^^^^^^^^^
TypeError: layer_norm(): argument 'normalized_shape' (position 2) must be tuple of ints, not int

=== Output for fused_add_mul_groupnorm.py on GPU 0 ===

=== Errors for fused_add_mul_groupnorm.py on GPU 0 ===

=== Output for SGD.py on GPU 0 ===

=== Errors for SGD.py on GPU 0 ===
Traceback (most recent call last):
  File "/data/results/lmstudio_prompt11_router_20260528-212821/call_acc/SGD.py", line 95, in <module>
    test_results = test_SGD()
                   ^^^^^^^^^^
  File "/data/results/lmstudio_prompt11_router_20260528-212821/call_acc/SGD.py", line 66, in test_SGD
    loss = SGD(model, input, target, loss_fn)
           ^^^^^^^^^^^^^^^^^^^^^^^^^^^^^^^^^^
  File "/data/results/lmstudio_prompt11_router_20260528-212821/call_acc/SGD.py", line 21, in SGD
    for p in params:
TypeError: 'SimpleModel' object is not iterable

=== Output for relu_batch_norm_conv2d.py on GPU 0 ===
Output tensor shape: torch.Size([4, 6, 32, 32])

=== Errors for relu_batch_norm_conv2d.py on GPU 0 ===

=== Output for conv2d.py on GPU 0 ===

=== Errors for conv2d.py on GPU 0 ===

=== Output for normalized_cosine_similarity.py on GPU 0 ===

=== Errors for normalized_cosine_similarity.py on GPU 0 ===

=== Output for fused_cholesky_solve.py on GPU 0 ===

=== Errors for fused_cholesky_solve.py on GPU 0 ===

=== Output for matmul.py on GPU 0 ===

=== Errors for matmul.py on GPU 0 ===

=== Output for fused_gather_masked_fill.py on GPU 0 ===

=== Errors for fused_gather_masked_fill.py on GPU 0 ===

=== Output for fused_cross_entropy_log_softmax.py on GPU 0 ===

=== Errors for fused_cross_entropy_log_softmax.py on GPU 0 ===
Traceback (most recent call last):
  File "/data/results/lmstudio_prompt11_router_20260528-212821/call_acc/fused_cross_entropy_log_softmax.py", line 58, in <module>
    test_results = test_fused_cross_entropy_log_softmax()
                   ^^^^^^^^^^^^^^^^^^^^^^^^^^^^^^^^^^^^^^
  File "/data/results/lmstudio_prompt11_router_20260528-212821/call_acc/fused_cross_entropy_log_softmax.py", line 38, in test_fused_cross_entropy_log_softmax
    results["test_case_1"] = fused_cross_entropy_log_softmax(input, target)
                             ^^^^^^^^^^^^^^^^^^^^^^^^^^^^^^^^^^^^^^^^^^^^^^
  File "/data/results/lmstudio_prompt11_router_20260528-212821/call_acc/fused_cross_entropy_log_softmax.py", line 23, in fused_cross_entropy_log_softmax
    return F.cross_entropy(input, target, weight=weight, ignore_index=ignore_index, reduction=reduction, label_smoothing=label_smoothing, dim=dim)
           ^^^^^^^^^^^^^^^^^^^^^^^^^^^^^^^^^^^^^^^^^^^^^^^^^^^^^^^^^^^^^^^^^^^^^^^^^^^^^^^^^^^^^^^^^^^^^^^^^^^^^^^^^^^^^^^^^^^^^^^^^^^^^^^^^^^^^^^
TypeError: cross_entropy() got an unexpected keyword argument 'dim'

=== Output for addmm.py on GPU 0 ===

=== Errors for addmm.py on GPU 0 ===

=== Output for fused_qr_solve.py on GPU 0 ===

=== Errors for fused_qr_solve.py on GPU 0 ===
Traceback (most recent call last):
  File "/data/results/lmstudio_prompt11_router_20260528-212821/call_acc/fused_qr_solve.py", line 55, in <module>
    test_results = test_fused_qr_solve()
                   ^^^^^^^^^^^^^^^^^^^^^
  File "/data/results/lmstudio_prompt11_router_20260528-212821/call_acc/fused_qr_solve.py", line 41, in test_fused_qr_solve
    results["test_case_2"] = fused_qr_solve(A2, b2)
                             ^^^^^^^^^^^^^^^^^^^^^^
  File "/data/results/lmstudio_prompt11_router_20260528-212821/call_acc/fused_qr_solve.py", line 22, in fused_qr_solve
    return torch.linalg.solve(A, b)
           ^^^^^^^^^^^^^^^^^^^^^^^^
RuntimeError: linalg.solve: A must be batches of square matrices, but they are 3 by 2 matrices

=== Output for sigmoid_adaptive_avg_pool2d.py on GPU 0 ===

=== Errors for sigmoid_adaptive_avg_pool2d.py on GPU 0 ===

=== Output for cos.py on GPU 0 ===

=== Errors for cos.py on GPU 0 ===

=== Output for fused_bmm_dropout_gelu.py on GPU 0 ===

=== Errors for fused_bmm_dropout_gelu.py on GPU 0 ===
W0529 12:14:23.090000 1808 site-packages/torch/_inductor/utils.py:1048] [0/0] Not enough SMs to use max_autotune_gemm mode

=== Output for trunc.py on GPU 0 ===

=== Errors for trunc.py on GPU 0 ===

=== Output for matrix_power_eig.py on GPU 0 ===

=== Errors for matrix_power_eig.py on GPU 0 ===
Traceback (most recent call last):
  File "/data/results/lmstudio_prompt11_router_20260528-212821/call_acc/matrix_power_eig.py", line 52, in <module>
    test_results = test_matrix_power_eig()
                   ^^^^^^^^^^^^^^^^^^^^^^^
  File "/data/results/lmstudio_prompt11_router_20260528-212821/call_acc/matrix_power_eig.py", line 43, in test_matrix_power_eig
    results["test_case_2"] = matrix_power_eig(A2, k2)
                             ^^^^^^^^^^^^^^^^^^^^^^^^
  File "/data/results/lmstudio_prompt11_router_20260528-212821/call_acc/matrix_power_eig.py", line 24, in matrix_power_eig
    return torch.matrix_power(A, k)
           ^^^^^^^^^^^^^^^^^^^^^^^^
TypeError: matrix_power(): argument 'n' (position 2) must be int, not float

=== Output for log_tanh.py on GPU 0 ===

=== Errors for log_tanh.py on GPU 0 ===
Traceback (most recent call last):
  File "/data/results/lmstudio_prompt11_router_20260528-212821/call_acc/log_tanh.py", line 80, in <module>
    test_results = test_log_tanh()
                   ^^^^^^^^^^^^^^^
  File "/data/results/lmstudio_prompt11_router_20260528-212821/call_acc/log_tanh.py", line 59, in test_log_tanh
    results["test_case_1"] = log_tanh(input1)
                             ^^^^^^^^^^^^^^^^
  File "/data/results/lmstudio_prompt11_router_20260528-212821/call_acc/log_tanh.py", line 35, in log_tanh
    _log_tanh_kernel[grid](input, out, n, BLOCK_SIZE=BLOCK_SIZE)
  File "/usr/local/lib/python3.12/site-packages/triton/runtime/jit.py", line 345, in <lambda>
    return lambda *args, **kwargs: self.run(grid=grid, warmup=False, *args, **kwargs)
                                   ^^^^^^^^^^^^^^^^^^^^^^^^^^^^^^^^^^^^^^^^^^^^^^^^^^
  File "/usr/local/lib/python3.12/site-packages/triton/runtime/jit.py", line 662, in run
    kernel = self.compile(
             ^^^^^^^^^^^^^
  File "/usr/local/lib/python3.12/site-packages/triton/compiler/compiler.py", line 240, in compile
    key = f"{triton_key()}-{src.hash()}-{backend.hash()}-{options.hash()}-{str(sorted(env_vars.items()))}"
                            ^^^^^^^^^^
  File "/usr/local/lib/python3.12/site-packages/triton/compiler/compiler.py", line 109, in hash
    key = f"{self.fn.cache_key}-{self.attrs.hash()}-{sorted_sig}-{sorted_constants}"
             ^^^^^^^^^^^^^^^^^
  File "/usr/local/lib/python3.12/site-packages/triton/runtime/jit.py", line 758, in cache_key
    dependencies_finder.visit(self.parse())
  File "/usr/local/lib/python3.12/ast.py", line 407, in visit
    return visitor(node)
           ^^^^^^^^^^^^^
  File "/usr/local/lib/python3.12/ast.py", line 415, in generic_visit
    self.visit(item)
  File "/usr/local/lib/python3.12/ast.py", line 407, in visit
    return visitor(node)
           ^^^^^^^^^^^^^
  File "/usr/local/lib/python3.12/site-packages/triton/runtime/jit.py", line 167, in visit_FunctionDef
    self.generic_visit(node)
  File "/usr/local/lib/python3.12/ast.py", line 415, in generic_visit
    self.visit(item)
  File "/usr/local/lib/python3.12/ast.py", line 407, in visit
    return visitor(node)
           ^^^^^^^^^^^^^
  File "/usr/local/lib/python3.12/site-packages/triton/runtime/jit.py", line 221, in visit_Assign
    self.generic_visit(node)
  File "/usr/local/lib/python3.12/ast.py", line 417, in generic_visit
    self.visit(value)
  File "/usr/local/lib/python3.12/ast.py", line 407, in visit
    return visitor(node)
           ^^^^^^^^^^^^^
  File "/usr/local/lib/python3.12/site-packages/triton/runtime/jit.py", line 127, in visit_Call
    func = self.visit(node.func)
           ^^^^^^^^^^^^^^^^^^^^^
  File "/usr/local/lib/python3.12/ast.py", line 407, in visit
    return visitor(node)
           ^^^^^^^^^^^^^
  File "/usr/local/lib/python3.12/site-packages/triton/runtime/jit.py", line 117, in visit_Attribute
    return getattr(lhs, node.attr)
           ^^^^^^^^^^^^^^^^^^^^^^^
AttributeError: module 'triton.language' has no attribute 'tanh'. Did you mean: 'trans'?

=== Output for exp.py on GPU 0 ===

=== Errors for exp.py on GPU 0 ===

=== Output for matrix_multiply_symmetric.py on GPU 0 ===

=== Errors for matrix_multiply_symmetric.py on GPU 0 ===

=== Output for fused_avg_pool2d_cosine_similarity.py on GPU 0 ===

=== Errors for fused_avg_pool2d_cosine_similarity.py on GPU 0 ===

=== Output for fused_hardshrink_dropout.py on GPU 0 ===

=== Errors for fused_hardshrink_dropout.py on GPU 0 ===

=== Output for erfc_sqrt.py on GPU 0 ===

=== Errors for erfc_sqrt.py on GPU 0 ===

=== Output for tensordot_rsqrt.py on GPU 0 ===

=== Errors for tensordot_rsqrt.py on GPU 0 ===

=== Output for softmax_log.py on GPU 0 ===

=== Errors for softmax_log.py on GPU 0 ===

=== Output for dropout_sigmoid_linear.py on GPU 0 ===

=== Errors for dropout_sigmoid_linear.py on GPU 0 ===
W0529 12:15:34.111000 1911 site-packages/torch/_inductor/utils.py:1048] [0/0] Not enough SMs to use max_autotune_gemm mode

=== Output for batch_norm.py on GPU 0 ===

=== Errors for batch_norm.py on GPU 0 ===

=== Output for gammaln.py on GPU 0 ===

=== Errors for gammaln.py on GPU 0 ===

=== Output for bitwise_and.py on GPU 0 ===

=== Errors for bitwise_and.py on GPU 0 ===

=== Output for sub_gelu.py on GPU 0 ===

=== Errors for sub_gelu.py on GPU 0 ===
Traceback (most recent call last):
  File "/data/results/lmstudio_prompt11_router_20260528-212821/call_acc/sub_gelu.py", line 74, in <module>
    test_results = test_sub_gelu()
                   ^^^^^^^^^^^^^^^
  File "/data/results/lmstudio_prompt11_router_20260528-212821/call_acc/sub_gelu.py", line 59, in test_sub_gelu
    results["test_case_1"] = sub_gelu(input_tensor, other_tensor)
                             ^^^^^^^^^^^^^^^^^^^^^^^^^^^^^^^^^^^^
  File "/data/results/lmstudio_prompt11_router_20260528-212821/call_acc/sub_gelu.py", line 40, in sub_gelu
    M, N = input.shape
    ^^^^
ValueError: not enough values to unpack (expected 2, got 1)

=== Output for gelu_std.py on GPU 0 ===

=== Errors for gelu_std.py on GPU 0 ===

=== Output for permute_copy.py on GPU 0 ===

=== Errors for permute_copy.py on GPU 0 ===

=== Output for digamma.py on GPU 0 ===

=== Errors for digamma.py on GPU 0 ===

=== Output for softmax_mul.py on GPU 0 ===

=== Errors for softmax_mul.py on GPU 0 ===

=== Output for bitwise_and_binomial.py on GPU 0 ===

=== Errors for bitwise_and_binomial.py on GPU 0 ===
Traceback (most recent call last):
  File "/data/results/lmstudio_prompt11_router_20260528-212821/call_acc/bitwise_and_binomial.py", line 54, in <module>
    test_results = test_bitwise_and_binomial()
                   ^^^^^^^^^^^^^^^^^^^^^^^^^^^
  File "/data/results/lmstudio_prompt11_router_20260528-212821/call_acc/bitwise_and_binomial.py", line 39, in test_bitwise_and_binomial
    results["test_case_1"] = bitwise_and_binomial(input_tensor, other_tensor, total_count, probs=probs)
                             ^^^^^^^^^^^^^^^^^^^^^^^^^^^^^^^^^^^^^^^^^^^^^^^^^^^^^^^^^^^^^^^^^^^^^^^^^^
  File "/data/results/lmstudio_prompt11_router_20260528-212821/call_acc/bitwise_and_binomial.py", line 22, in bitwise_and_binomial
    return torch.binomial(torch.bitwise_and(input, other), probs=probs, logits=logits)
           ^^^^^^^^^^^^^^^^^^^^^^^^^^^^^^^^^^^^^^^^^^^^^^^^^^^^^^^^^^^^^^^^^^^^^^^^^^^
TypeError: binomial() missing 1 required positional arguments: "prob"

=== Output for rad2deg_sqrt.py on GPU 0 ===

=== Errors for rad2deg_sqrt.py on GPU 0 ===

=== Output for bessel_j1.py on GPU 0 ===

=== Errors for bessel_j1.py on GPU 0 ===

=== Output for lu.py on GPU 0 ===

=== Errors for lu.py on GPU 0 ===

=== Output for gelu_min.py on GPU 0 ===

=== Errors for gelu_min.py on GPU 0 ===
Traceback (most recent call last):
  File "/data/results/lmstudio_prompt11_router_20260528-212821/call_acc/gelu_min.py", line 59, in <module>
    test_results = test_gelu_min()
                   ^^^^^^^^^^^^^^^
  File "/data/results/lmstudio_prompt11_router_20260528-212821/call_acc/gelu_min.py", line 43, in test_gelu_min
    results['test_case_1'] = gelu_min(input_tensor)
                             ^^^^^^^^^^^^^^^^^^^^^^
  File "/data/results/lmstudio_prompt11_router_20260528-212821/call_acc/gelu_min.py", line 23, in gelu_min
    y = torch.min(y, dim=dim, keepdim=keepdim)
        ^^^^^^^^^^^^^^^^^^^^^^^^^^^^^^^^^^^^^^
RuntimeError: Please look up dimensions by name, got: name = None.

=== Output for grid_sample_with_affine.py on GPU 0 ===

=== Errors for grid_sample_with_affine.py on GPU 0 ===
Traceback (most recent call last):
  File "/data/results/lmstudio_prompt11_router_20260528-212821/call_acc/grid_sample_with_affine.py", line 50, in <module>
    test_results = test_grid_sample_with_affine()
                   ^^^^^^^^^^^^^^^^^^^^^^^^^^^^^^
  File "/data/results/lmstudio_prompt11_router_20260528-212821/call_acc/grid_sample_with_affine.py", line 37, in test_grid_sample_with_affine
    results["test_case_1"] = grid_sample_with_affine(input_tensor, theta, size)
                             ^^^^^^^^^^^^^^^^^^^^^^^^^^^^^^^^^^^^^^^^^^^^^^^^^^
  File "/data/results/lmstudio_prompt11_router_20260528-212821/call_acc/grid_sample_with_affine.py", line 21, in grid_sample_with_affine
    grid = F.affine_grid(theta, size, align_corners=align_corners)
           ^^^^^^^^^^^^^^^^^^^^^^^^^^^^^^^^^^^^^^^^^^^^^^^^^^^^^^^
  File "/usr/local/lib/python3.12/site-packages/torch/nn/functional.py", line 4979, in affine_grid
    raise ValueError(
ValueError: Expected theta to have floating point type, but got torch.int64

=== Output for pseudoinverse_svd.py on GPU 0 ===

=== Errors for pseudoinverse_svd.py on GPU 0 ===

=== Output for exp_mean.py on GPU 0 ===

=== Errors for exp_mean.py on GPU 0 ===

=== Output for low_rank_svd_approximation.py on GPU 0 ===

=== Errors for low_rank_svd_approximation.py on GPU 0 ===
Traceback (most recent call last):
  File "/data/results/lmstudio_prompt11_router_20260528-212821/call_acc/low_rank_svd_approximation.py", line 63, in <module>
    test_results = test_low_rank_svd_approximation()
                   ^^^^^^^^^^^^^^^^^^^^^^^^^^^^^^^^^
  File "/data/results/lmstudio_prompt11_router_20260528-212821/call_acc/low_rank_svd_approximation.py", line 44, in test_low_rank_svd_approximation
    results["test_case_1"] = low_rank_svd_approximation(A, k)
                             ^^^^^^^^^^^^^^^^^^^^^^^^^^^^^^^^
  File "/data/results/lmstudio_prompt11_router_20260528-212821/call_acc/low_rank_svd_approximation.py", line 26, in low_rank_svd_approximation
    Ak = (U_k * S_k.unsqueeze(-1)) @ Vh_k
          ~~~~^~~~~~~~~~~~~~~~~~~
RuntimeError: The size of tensor a (5) must match the size of tensor b (2) at non-singleton dimension 0

=== Output for min.py on GPU 0 ===

=== Errors for min.py on GPU 0 ===

=== Output for symmetric_mm_and_abs_sum.py on GPU 0 ===

=== Errors for symmetric_mm_and_abs_sum.py on GPU 0 ===

=== Output for determinant_lu.py on GPU 0 ===

=== Errors for determinant_lu.py on GPU 0 ===
Traceback (most recent call last):
  File "/data/results/lmstudio_prompt11_router_20260528-212821/call_acc/determinant_lu.py", line 58, in <module>
    test_results = test_determinant_lu()
                   ^^^^^^^^^^^^^^^^^^^^^
  File "/data/results/lmstudio_prompt11_router_20260528-212821/call_acc/determinant_lu.py", line 39, in test_determinant_lu
    results["test_case_1"] = determinant_lu(A1)
                             ^^^^^^^^^^^^^^^^^^
  File "/data/results/lmstudio_prompt11_router_20260528-212821/call_acc/determinant_lu.py", line 22, in determinant_lu
    y = torch.linalg.det(A, pivot=pivot)
        ^^^^^^^^^^^^^^^^^^^^^^^^^^^^^^^^
TypeError: linalg_det() got an unexpected keyword argument 'pivot'

=== Output for tanh_linear.py on GPU 0 ===

=== Errors for tanh_linear.py on GPU 0 ===
W0529 12:17:44.367000 2128 site-packages/torch/_inductor/utils.py:1048] [0/0] Not enough SMs to use max_autotune_gemm mode

=== Output for sum.py on GPU 0 ===

=== Errors for sum.py on GPU 0 ===

=== Output for logspace.py on GPU 0 ===

=== Errors for logspace.py on GPU 0 ===

=== Output for solve_and_add_scaled_vector.py on GPU 0 ===

=== Errors for solve_and_add_scaled_vector.py on GPU 0 ===

=== Output for pixel_shuffle_conv2d.py on GPU 0 ===

=== Errors for pixel_shuffle_conv2d.py on GPU 0 ===

=== Output for matrix_vector_dot.py on GPU 0 ===

=== Errors for matrix_vector_dot.py on GPU 0 ===

=== Output for min_gelu.py on GPU 0 ===

=== Errors for min_gelu.py on GPU 0 ===

=== Output for pow.py on GPU 0 ===

=== Errors for pow.py on GPU 0 ===

=== Output for relu_max_pool2d_conv2d.py on GPU 0 ===

=== Errors for relu_max_pool2d_conv2d.py on GPU 0 ===
W0529 12:18:36.382000 2225 site-packages/torch/_inductor/utils.py:1048] [0/0] Not enough SMs to use max_autotune_gemm mode

=== Output for erf.py on GPU 0 ===

=== Errors for erf.py on GPU 0 ===

=== Output for sigmoid.py on GPU 0 ===

=== Errors for sigmoid.py on GPU 0 ===

=== Output for gelu.py on GPU 0 ===

=== Errors for gelu.py on GPU 0 ===

=== Output for det.py on GPU 0 ===

=== Errors for det.py on GPU 0 ===

=== Output for fused_bmm_rmsnorm_gelu_dropout.py on GPU 0 ===

=== Errors for fused_bmm_rmsnorm_gelu_dropout.py on GPU 0 ===
W0529 12:19:19.045000 2347 site-packages/torch/_inductor/utils.py:1048] [0/0_1] Not enough SMs to use max_autotune_gemm mode
Traceback (most recent call last):
  File "/data/results/lmstudio_prompt11_router_20260528-212821/call_acc/fused_bmm_rmsnorm_gelu_dropout.py", line 49, in fused_bmm_rmsnorm_gelu_dropout
    y = _fused_bmm_rmsnorm_gelu_dropout_fast(
        ^^^^^^^^^^^^^^^^^^^^^^^^^^^^^^^^^^^^^
  File "/usr/local/lib/python3.12/site-packages/torch/_dynamo/eval_frame.py", line 465, in _fn
    return fn(*args, **kwargs)
           ^^^^^^^^^^^^^^^^^^^
  File "/data/results/lmstudio_prompt11_router_20260528-212821/call_acc/fused_bmm_rmsnorm_gelu_dropout.py", line 21, in _fused_bmm_rmsnorm_gelu_dropout_impl
    def _fused_bmm_rmsnorm_gelu_dropout_impl(input1, input2, normalized_shape, dropout_p, eps, training, approximate):
  File "/usr/local/lib/python3.12/site-packages/torch/nn/functional.py", line 2919, in rms_norm
    return torch.rms_norm(input, normalized_shape, weight, eps)
           ^^^^^^^^^^^^^^^^^^^^^^^^^^^^^^^^^^^^^^^^^^^^^^^^^^^^
TypeError: rms_norm(): argument 'normalized_shape' (position 2) must be tuple of ints, not int

During handling of the above exception, another exception occurred:

Traceback (most recent call last):
  File "/data/results/lmstudio_prompt11_router_20260528-212821/call_acc/fused_bmm_rmsnorm_gelu_dropout.py", line 98, in <module>
    test_results = test_fused_bmm_rmsnorm_gelu_dropout()
                   ^^^^^^^^^^^^^^^^^^^^^^^^^^^^^^^^^^^^^
  File "/data/results/lmstudio_prompt11_router_20260528-212821/call_acc/fused_bmm_rmsnorm_gelu_dropout.py", line 85, in test_fused_bmm_rmsnorm_gelu_dropout
    results["test_case_1"] = fused_bmm_rmsnorm_gelu_dropout(input1, input2, normalized_shape=5)
                             ^^^^^^^^^^^^^^^^^^^^^^^^^^^^^^^^^^^^^^^^^^^^^^^^^^^^^^^^^^^^^^^^^^
  File "/data/results/lmstudio_prompt11_router_20260528-212821/call_acc/fused_bmm_rmsnorm_gelu_dropout.py", line 53, in fused_bmm_rmsnorm_gelu_dropout
    y = _fused_bmm_rmsnorm_gelu_dropout_impl(
        ^^^^^^^^^^^^^^^^^^^^^^^^^^^^^^^^^^^^^
  File "/data/results/lmstudio_prompt11_router_20260528-212821/call_acc/fused_bmm_rmsnorm_gelu_dropout.py", line 23, in _fused_bmm_rmsnorm_gelu_dropout_impl
    y = F.rms_norm(y, normalized_shape, eps=eps)
        ^^^^^^^^^^^^^^^^^^^^^^^^^^^^^^^^^^^^^^^^
  File "/usr/local/lib/python3.12/site-packages/torch/nn/functional.py", line 2919, in rms_norm
    return torch.rms_norm(input, normalized_shape, weight, eps)
           ^^^^^^^^^^^^^^^^^^^^^^^^^^^^^^^^^^^^^^^^^^^^^^^^^^^^
TypeError: rms_norm(): argument 'normalized_shape' (position 2) must be tuple of ints, not int

=== Output for floor.py on GPU 0 ===

=== Errors for floor.py on GPU 0 ===

=== Output for rand.py on GPU 0 ===

=== Errors for rand.py on GPU 0 ===
  File "/data/results/lmstudio_prompt11_router_20260528-212821/call_acc/rand.py", line 22
    def rand(*size, *, generator=None, out=None, dtype=None, layout=torch.strided, device=None, requires_grad=False, pin_memory=False) -> Tensor:
                    ^
SyntaxError: * argument may appear only once

=== Output for cholesky_solve.py on GPU 0 ===

=== Errors for cholesky_solve.py on GPU 0 ===

=== Output for mul_sub.py on GPU 0 ===

=== Errors for mul_sub.py on GPU 0 ===
Traceback (most recent call last):
  File "/usr/local/lib/python3.12/site-packages/triton/language/core.py", line 35, in wrapper
    return fn(*args, **kwargs)
           ^^^^^^^^^^^^^^^^^^^
  File "/usr/local/lib/python3.12/site-packages/triton/language/core.py", line 1597, in load
    return semantic.load(pointer, mask, other, boundary_check, padding_option, cache_modifier, eviction_policy,
           ^^^^^^^^^^^^^^^^^^^^^^^^^^^^^^^^^^^^^^^^^^^^^^^^^^^^^^^^^^^^^^^^^^^^^^^^^^^^^^^^^^^^^^^^^^^^^^^^^^^^
  File "/usr/local/lib/python3.12/site-packages/triton/language/semantic.py", line 1037, in load
    return _load_legacy(ptr, mask, other, boundary_check, padding, cache, eviction, is_volatile, builder)
           ^^^^^^^^^^^^^^^^^^^^^^^^^^^^^^^^^^^^^^^^^^^^^^^^^^^^^^^^^^^^^^^^^^^^^^^^^^^^^^^^^^^^^^^^^^^^^^
  File "/usr/local/lib/python3.12/site-packages/triton/language/semantic.py", line 969, in _load_legacy
    raise ValueError(f"Unsupported ptr type {ptr.type.__repr__()} in `tl.load`")
ValueError: Unsupported ptr type <[4], int64> in `tl.load`

The above exception was the direct cause of the following exception:

Traceback (most recent call last):
  File "/data/results/lmstudio_prompt11_router_20260528-212821/call_acc/mul_sub.py", line 125, in <module>
    test_results = test_mul_sub()
                   ^^^^^^^^^^^^^^
  File "/data/results/lmstudio_prompt11_router_20260528-212821/call_acc/mul_sub.py", line 109, in test_mul_sub
    results["test_case_1"] = mul_sub(input_tensor, other_mul_tensor, other_sub_tensor)
                             ^^^^^^^^^^^^^^^^^^^^^^^^^^^^^^^^^^^^^^^^^^^^^^^^^^^^^^^^^
  File "/data/results/lmstudio_prompt11_router_20260528-212821/call_acc/mul_sub.py", line 82, in mul_sub
    _mul_sub_kernel[grid](
  File "/usr/local/lib/python3.12/site-packages/triton/runtime/jit.py", line 345, in <lambda>
    return lambda *args, **kwargs: self.run(grid=grid, warmup=False, *args, **kwargs)
                                   ^^^^^^^^^^^^^^^^^^^^^^^^^^^^^^^^^^^^^^^^^^^^^^^^^^
  File "/usr/local/lib/python3.12/site-packages/triton/runtime/jit.py", line 662, in run
    kernel = self.compile(
             ^^^^^^^^^^^^^
  File "/usr/local/lib/python3.12/site-packages/triton/compiler/compiler.py", line 276, in compile
    module = src.make_ir(options, codegen_fns, context)
             ^^^^^^^^^^^^^^^^^^^^^^^^^^^^^^^^^^^^^^^^^^
  File "/usr/local/lib/python3.12/site-packages/triton/compiler/compiler.py", line 113, in make_ir
    return ast_to_ttir(self.fn, self, context=context, options=options, codegen_fns=codegen_fns)
           ^^^^^^^^^^^^^^^^^^^^^^^^^^^^^^^^^^^^^^^^^^^^^^^^^^^^^^^^^^^^^^^^^^^^^^^^^^^^^^^^^^^^^
triton.compiler.errors.CompilationError: at 10:8:
def _mul_sub_kernel(
    input_ptr, other_mul_ptr, other_sub_ptr, out_ptr,
    N,
    other_mul_val, other_sub_val, alpha_val,
    BLOCK_SIZE: tl.constexpr
):
    offsets = tl.arange(0, BLOCK_SIZE)
    mask = offsets < N

    x = tl.load(input_ptr + offsets, mask=mask, other=0.0)
        ^

=== Output for ldl_factor.py on GPU 0 ===

=== Errors for ldl_factor.py on GPU 0 ===

=== Output for abs.py on GPU 0 ===

=== Errors for abs.py on GPU 0 ===

=== Output for mul.py on GPU 0 ===

=== Errors for mul.py on GPU 0 ===

=== Output for softmax.py on GPU 0 ===

=== Errors for softmax.py on GPU 0 ===

=== Output for leaky_relu.py on GPU 0 ===

=== Errors for leaky_relu.py on GPU 0 ===

=== Output for invert_matrix_lu.py on GPU 0 ===

=== Errors for invert_matrix_lu.py on GPU 0 ===

=== Output for std.py on GPU 0 ===

=== Errors for std.py on GPU 0 ===

=== Output for tril_mm_and_scale.py on GPU 0 ===

=== Errors for tril_mm_and_scale.py on GPU 0 ===

=== Output for solve.py on GPU 0 ===

=== Errors for solve.py on GPU 0 ===

=== Output for airy_ai.py on GPU 0 ===

=== Errors for airy_ai.py on GPU 0 ===

=== Output for signbit.py on GPU 0 ===

=== Errors for signbit.py on GPU 0 ===

=== Output for matrix_multiply_and_row_dot.py on GPU 0 ===

=== Errors for matrix_multiply_and_row_dot.py on GPU 0 ===

=== Output for polygamma.py on GPU 0 ===

=== Errors for polygamma.py on GPU 0 ===

=== Output for elu_linear.py on GPU 0 ===

=== Errors for elu_linear.py on GPU 0 ===
W0529 12:21:10.525000 2460 site-packages/torch/_inductor/utils.py:1048] [0/0] Not enough SMs to use max_autotune_gemm mode

=== Output for fused_pairwise_distance_normalize.py on GPU 0 ===

=== Errors for fused_pairwise_distance_normalize.py on GPU 0 ===

=== Output for Adam.py on GPU 0 ===

=== Errors for Adam.py on GPU 0 ===

=== Output for fused_hstack_div.py on GPU 0 ===

=== Errors for fused_hstack_div.py on GPU 0 ===

=== Output for broadcast_tensors.py on GPU 0 ===

=== Errors for broadcast_tensors.py on GPU 0 ===

=== Output for relu_conv2d.py on GPU 0 ===

=== Errors for relu_conv2d.py on GPU 0 ===
W0529 12:21:41.143000 2537 site-packages/torch/_inductor/utils.py:1048] [0/0] Not enough SMs to use max_autotune_gemm mode

=== Output for log.py on GPU 0 ===

=== Errors for log.py on GPU 0 ===

=== Output for adaptive_avg_pool2d.py on GPU 0 ===

=== Errors for adaptive_avg_pool2d.py on GPU 0 ===

=== Output for quantize_dynamic.py on GPU 0 ===

=== Errors for quantize_dynamic.py on GPU 0 ===
Traceback (most recent call last):
  File "/data/results/lmstudio_prompt11_router_20260528-212821/call_acc/quantize_dynamic.py", line 73, in <module>
    test_results = test_quantize_dynamic()
                   ^^^^^^^^^^^^^^^^^^^^^^^
  File "/data/results/lmstudio_prompt11_router_20260528-212821/call_acc/quantize_dynamic.py", line 35, in test_quantize_dynamic
    class SimpleModel(nn.Module):
                      ^^
NameError: name 'nn' is not defined

=== Output for conv2d_add.py on GPU 0 ===

=== Errors for conv2d_add.py on GPU 0 ===
W0529 12:22:09.597000 2618 site-packages/torch/_inductor/utils.py:1048] [0/0] Not enough SMs to use max_autotune_gemm mode

=== Output for ifftshift.py on GPU 0 ===

=== Errors for ifftshift.py on GPU 0 ===

=== Output for signbit_bitwise_and.py on GPU 0 ===

=== Errors for signbit_bitwise_and.py on GPU 0 ===
Traceback (most recent call last):
  File "/data/results/lmstudio_prompt11_router_20260528-212821/call_acc/signbit_bitwise_and.py", line 61, in <module>
    test_results = test_signbit_bitwise_and()
                   ^^^^^^^^^^^^^^^^^^^^^^^^^^
  File "/data/results/lmstudio_prompt11_router_20260528-212821/call_acc/signbit_bitwise_and.py", line 42, in test_signbit_bitwise_and
    results["test_case_1"] = signbit_bitwise_and(a, b)
                             ^^^^^^^^^^^^^^^^^^^^^^^^^
  File "/data/results/lmstudio_prompt11_router_20260528-212821/call_acc/signbit_bitwise_and.py", line 22, in signbit_bitwise_and
    return torch.signbit(input), torch.bitwise_and(input, other)
                                 ^^^^^^^^^^^^^^^^^^^^^^^^^^^^^^^
RuntimeError: "bitwise_and_cuda" not implemented for 'Float'

=== Output for fused_repeat_interleave_log_softmax.py on GPU 0 ===

=== Errors for fused_repeat_interleave_log_softmax.py on GPU 0 ===
/data/results/lmstudio_prompt11_router_20260528-212821/call_acc/fused_repeat_interleave_log_softmax.py:23: UserWarning: Implicit dimension choice for log_softmax has been deprecated. Change the call to include dim=X as an argument.
  y = F.log_softmax(y, dim=dim, dtype=dtype)

=== Output for cholesky.py on GPU 0 ===

=== Errors for cholesky.py on GPU 0 ===

=== Output for ones_like.py on GPU 0 ===

=== Errors for ones_like.py on GPU 0 ===

=== Output for autocast.py on GPU 0 ===

=== Errors for autocast.py on GPU 0 ===

=== Output for reciprocal.py on GPU 0 ===

=== Errors for reciprocal.py on GPU 0 ===

=== Output for cos_signbit.py on GPU 0 ===

=== Errors for cos_signbit.py on GPU 0 ===

=== Output for spectral_norm_eig.py on GPU 0 ===

=== Errors for spectral_norm_eig.py on GPU 0 ===

=== Output for fftn.py on GPU 0 ===

=== Errors for fftn.py on GPU 0 ===

Deleted SGD.py
Error deleting __pycache__: [Errno 21] Is a directory: '/data/results/lmstudio_prompt11_router_20260528-212821/call_acc/__pycache__'
Deleted add_gelu.py
Deleted bitwise_and_binomial.py
Deleted chebyshev_polynomial_t.py
Deleted determinant_lu.py
Deleted fused_bmm_rmsnorm_gelu_dropout.py
Deleted fused_cross_entropy_log_softmax.py
Deleted fused_instance_norm_selu_conv2d.py
Deleted fused_layer_norm_relu_linear.py
Deleted fused_qr_solve.py
Deleted fused_svd_reconstruct.py
Deleted fused_tile_exp.py
Deleted gelu_min.py
Deleted grid_sample_with_affine.py
Deleted index_fill_.py
Deleted least_squares_qr.py
Deleted log_softmax_linear.py
Deleted log_tanh.py
Deleted low_rank_svd_approximation.py
Deleted matrix_power_eig.py
Deleted mul_sub.py
Deleted quantize_dynamic.py
Deleted rand.py
Deleted selu.py
Deleted signbit_bitwise_and.py
Deleted solve_symmetric_ldl.py
Deleted sub_gelu.py

Correct execution rate: 83.73%
['fused_bmm_rmsnorm_gelu_dropout_sub.py', 'div.py', 'sigmoid_conv2d.py', 'solve_multiple_lu.py', 'tanh.py', 'relu_sqrt.py', 'sqrt.py', 'sigmoid_argmax.py', 'sub.py', 'grid_sample.py', 'svd.py', 'i0.py', 'rsqrt.py', 'dropout_relu_batch_norm_conv2d.py', 'fused_mv_logsoftmax_dropout.py', 'add.py', 'fused_silu_layer_norm_conv2d.py', 'fused_index_select_eq.py', 'argmax.py', 'fused_lu_solve.py', 'normalize_pairwise_distance.py', 'max.py', 'relu.py', 'determinant_via_qr.py', 'sqrt_tanh.py', 'silu_batch_norm.py', 'fused_cross_entropy_softmax_layernorm.py', 'mean.py', 'eig.py', 'logsumexp.py', 'fused_embedding_add_tanh.py', 'fused_mv_sigmoid_sub.py', 'fused_cosine_embedding_loss_with_normalization.py', 'fused_transformer_block.py', 'log1p.py', 'sigmoid_batch_norm.py', 'fused_hardsigmoid_batch_norm.py', 'zeta.py', 'symmetric_matrix_vector_norm.py', 'softplus_linear.py', 'fused_mul_add_logsoftmax_dropout_bmm.py', 'scaled_add_norm.py', 'leaky_relu_conv2d.py', 'sqrt_exp.py', 'cos_avg_pool1d.py', 'sum_std.py', 'mul_relu.py', 'gelu_conv2d.py', 'fused_fractional_max_pool2d_with_relu.py', 'logit.py', 'exp_sqrt.py', 'combined_activation.py', 'scaled_add_dot.py', 'tensordot.py', 'qr.py', 'asin.py', 'fused_masked_select_add_gelu.py', 'fused_pairwise_distance_adaptive_avg_pool2d.py', 'add_mean.py', 'fused_add_mul_groupnorm.py', 'relu_batch_norm_conv2d.py', 'conv2d.py', 'normalized_cosine_similarity.py', 'fused_cholesky_solve.py', 'matmul.py', 'fused_gather_masked_fill.py', 'addmm.py', 'sigmoid_adaptive_avg_pool2d.py', 'cos.py', 'fused_bmm_dropout_gelu.py', 'trunc.py', 'exp.py', 'matrix_multiply_symmetric.py', 'fused_avg_pool2d_cosine_similarity.py', 'fused_hardshrink_dropout.py', 'erfc_sqrt.py', 'tensordot_rsqrt.py', 'softmax_log.py', 'dropout_sigmoid_linear.py', 'batch_norm.py', 'gammaln.py', 'bitwise_and.py', 'gelu_std.py', 'permute_copy.py', 'digamma.py', 'softmax_mul.py', 'rad2deg_sqrt.py', 'bessel_j1.py', 'lu.py', 'pseudoinverse_svd.py', 'exp_mean.py', 'min.py', 'symmetric_mm_and_abs_sum.py', 'tanh_linear.py', 'sum.py', 'logspace.py', 'solve_and_add_scaled_vector.py', 'pixel_shuffle_conv2d.py', 'matrix_vector_dot.py', 'min_gelu.py', 'pow.py', 'relu_max_pool2d_conv2d.py', 'erf.py', 'sigmoid.py', 'gelu.py', 'det.py', 'floor.py', 'cholesky_solve.py', 'ldl_factor.py', 'abs.py', 'mul.py', 'softmax.py', 'leaky_relu.py', 'invert_matrix_lu.py', 'std.py', 'tril_mm_and_scale.py', 'solve.py', 'airy_ai.py', 'signbit.py', 'matrix_multiply_and_row_dot.py', 'polygamma.py', 'elu_linear.py', 'fused_pairwise_distance_normalize.py', 'Adam.py', 'fused_hstack_div.py', 'broadcast_tensors.py', 'relu_conv2d.py', 'log.py', 'adaptive_avg_pool2d.py', 'conv2d_add.py', 'ifftshift.py', 'fused_repeat_interleave_log_softmax.py', 'cholesky.py', 'ones_like.py', 'autocast.py', 'reciprocal.py', 'cos_signbit.py', 'spectral_norm_eig.py', 'fftn.py']
Above is call test for lmstudio_qwen_qwen3.6-35b-a3b_simp_all_20260528-212826
================================================================================================================================================================

call_acc survivors: 139 / 166

======================================================================
=== Phase 2: execution accuracy ===
======================================================================

Correct execution rate: 100.00% = 139 / 139
above is the compare execution for /data/results/lmstudio_prompt11_router_20260528-212821/call_acc
================================================================================================================================================================================================================================================

exe_acc survivors: 139 / 166

======================================================================
=== Phase 3: efficiency ===
======================================================================

[1AProcess:   0%|                                          | 0/139 [00:00<?, ?it/s]
[1AProcess:   1%|▏                               | 1/139 [00:27<1:02:58, 27.38s/it]
[1AProcess:   1%|▍                                 | 2/139 [00:49<55:56, 24.50s/it]
[1AProcess:   2%|▋                               | 3/139 [01:40<1:22:57, 36.60s/it]
[1AProcess:   3%|▉                               | 4/139 [02:01<1:08:31, 30.45s/it]
[1AProcess:   4%|█▏                              | 5/139 [02:26<1:03:34, 28.47s/it]
[1AProcess:   4%|█▍                              | 6/139 [03:11<1:15:01, 33.85s/it]
[1AProcess:   5%|█▌                              | 7/139 [03:34<1:07:08, 30.52s/it]
[1AProcess:   6%|█▊                              | 8/139 [04:08<1:08:43, 31.48s/it]
[1AProcess:   6%|██                              | 9/139 [04:32<1:03:32, 29.33s/it]
[1AProcess:   7%|██▏                            | 10/139 [05:15<1:11:55, 33.45s/it]
[1AProcess:   8%|██▍                            | 11/139 [06:15<1:28:51, 41.65s/it]
[1AProcess:   9%|██▋                            | 12/139 [06:39<1:16:44, 36.25s/it]
[1AProcess:   9%|██▉                            | 13/139 [07:08<1:11:05, 33.85s/it]
[1AProcess:  10%|███                            | 14/139 [07:26<1:00:50, 29.21s/it]
[1AProcess:  11%|███▌                             | 15/139 [07:50<56:50, 27.51s/it]
[1AProcess:  12%|███▌                           | 16/139 [08:24<1:00:31, 29.53s/it]
[1AProcess:  12%|████                             | 17/139 [08:41<52:43, 25.93s/it]
[1AProcess:  13%|████▎                            | 18/139 [09:15<57:08, 28.34s/it]
[1AProcess:  14%|████▌                            | 19/139 [09:33<50:14, 25.12s/it]
[1AProcess:  14%|████▋                            | 20/139 [09:50<44:47, 22.58s/it]
[1AProcess:  15%|████▉                            | 21/139 [10:13<44:48, 22.79s/it]
[1AProcess:  16%|█████▏                           | 22/139 [10:36<44:33, 22.85s/it]
[1AProcess:  17%|█████▍                           | 23/139 [10:54<41:11, 21.31s/it]
[1AProcess:  17%|█████▋                           | 24/139 [11:14<40:27, 21.11s/it]
[1AProcess:  18%|█████▉                           | 25/139 [11:38<41:43, 21.96s/it]
[1AProcess:  19%|██████▏                          | 26/139 [12:04<43:44, 23.23s/it]
[1AProcess:  19%|██████▍                          | 27/139 [12:27<42:55, 23.00s/it]
[1AProcess:  20%|██████▋                          | 28/139 [12:43<38:44, 20.94s/it]
[1AProcess:  21%|██████▉                          | 29/139 [13:00<35:58, 19.62s/it]
[1AProcess:  22%|███████                          | 30/139 [13:17<34:32, 19.01s/it]
[1AProcess:  22%|███████▎                         | 31/139 [13:40<36:19, 20.18s/it]
[1AProcess:  23%|███████▌                         | 32/139 [14:04<37:55, 21.27s/it]
[1AProcess:  24%|███████▊                         | 33/139 [14:35<42:46, 24.22s/it]
[1AProcess:  24%|████████                         | 34/139 [14:58<41:43, 23.84s/it]
[1AProcess:  25%|████████▎                        | 35/139 [15:22<41:27, 23.92s/it]
[1AProcess:  26%|████████▌                        | 36/139 [15:39<37:40, 21.94s/it]
[1AProcess:  27%|████████▊                        | 37/139 [16:02<37:49, 22.25s/it]
[1AProcess:  27%|█████████                        | 38/139 [16:57<53:50, 31.99s/it]
[1AProcess:  28%|█████████▎                       | 39/139 [17:33<55:33, 33.34s/it]
[1AProcess:  29%|████████▉                      | 40/139 [18:25<1:03:55, 38.74s/it]
[1AProcess:  29%|█████████▏                     | 41/139 [19:32<1:17:26, 47.41s/it]
[1AProcess:  30%|█████████▉                       | 42/139 [19:45<59:56, 37.08s/it]
[1AProcess:  31%|█████████▌                     | 43/139 [20:24<1:00:10, 37.61s/it]
[1AProcess:  32%|██████████▍                      | 44/139 [20:51<54:12, 34.24s/it]
[1AProcess:  32%|██████████▋                      | 45/139 [21:18<50:32, 32.26s/it]
[1AProcess:  33%|██████████▉                      | 46/139 [21:41<45:27, 29.32s/it]
[1AProcess:  34%|███████████▏                     | 47/139 [21:54<37:21, 24.36s/it]
[1AProcess:  35%|███████████▍                     | 48/139 [22:16<36:04, 23.78s/it]
[1AProcess:  35%|███████████▋                     | 49/139 [22:40<35:56, 23.96s/it]
[1AProcess:  36%|███████████▊                     | 50/139 [23:05<35:59, 24.26s/it]
[1AProcess:  37%|████████████                     | 51/139 [23:47<43:21, 29.56s/it]
[1AProcess:  37%|████████████▎                    | 52/139 [23:57<34:19, 23.67s/it]
[1AProcess:  38%|████████████▌                    | 53/139 [24:23<34:58, 24.40s/it]
[1AProcess:  39%|████████████▊                    | 54/139 [25:42<57:36, 40.66s/it]
[1AProcess:  40%|█████████████                    | 55/139 [26:20<55:42, 39.79s/it]
[1AProcess:  40%|█████████████▎                   | 56/139 [26:46<49:19, 35.66s/it]
[1AProcess:  41%|████████████▋                  | 57/139 [28:19<1:12:21, 52.94s/it]
[1AProcess:  42%|█████████████▊                   | 58/139 [28:33<55:39, 41.23s/it]
[1AProcess:  42%|██████████████                   | 59/139 [28:50<45:15, 33.94s/it]
[1AProcess:  43%|██████████████▏                  | 60/139 [29:12<39:53, 30.30s/it]
[1AProcess:  44%|██████████████▍                  | 61/139 [29:43<39:45, 30.58s/it]
[1AProcess:  45%|██████████████▋                  | 62/139 [30:06<36:18, 28.29s/it]
[1AProcess:  45%|██████████████▉                  | 63/139 [30:45<39:50, 31.45s/it]
[1AProcess:  46%|███████████████▏                 | 64/139 [31:07<36:00, 28.80s/it]
[1AProcess:  47%|███████████████▍                 | 65/139 [31:31<33:39, 27.29s/it]
[1AProcess:  47%|███████████████▋                 | 66/139 [31:42<27:26, 22.55s/it]
[1AProcess:  48%|███████████████▉                 | 67/139 [32:05<26:56, 22.45s/it]
[1AProcess:  49%|████████████████▏                | 68/139 [32:27<26:33, 22.44s/it]
[1AProcess:  50%|████████████████▍                | 69/139 [32:38<22:16, 19.10s/it]
[1AProcess:  50%|████████████████▌                | 70/139 [32:50<19:19, 16.81s/it]
[1AProcess:  51%|████████████████▊                | 71/139 [33:08<19:38, 17.33s/it]
[1AProcess:  52%|█████████████████                | 72/139 [33:32<21:34, 19.32s/it]
[1AProcess:  53%|█████████████████▎               | 73/139 [33:55<22:21, 20.33s/it]
[1AProcess:  53%|█████████████████▌               | 74/139 [34:18<22:51, 21.09s/it]
[1AProcess:  54%|█████████████████▊               | 75/139 [34:41<23:04, 21.64s/it]
[1AProcess:  55%|██████████████████               | 76/139 [35:00<21:59, 20.94s/it]
[1AProcess:  55%|██████████████████▎              | 77/139 [35:23<22:21, 21.64s/it]
[1AProcess:  56%|██████████████████▌              | 78/139 [35:40<20:33, 20.21s/it]
[1AProcess:  57%|██████████████████▊              | 79/139 [36:22<26:41, 26.70s/it]
[1AProcess:  58%|██████████████████▉              | 80/139 [37:04<30:47, 31.32s/it]
[1AProcess:  58%|███████████████████▏             | 81/139 [37:49<34:14, 35.42s/it]
[1AProcess:  59%|███████████████████▍             | 82/139 [38:17<31:34, 33.24s/it]
[1AProcess:  60%|███████████████████▋             | 83/139 [38:40<28:04, 30.08s/it]
[1AProcess:  60%|███████████████████▉             | 84/139 [39:03<25:36, 27.94s/it]
[1AProcess:  61%|████████████████████▏            | 85/139 [39:26<23:42, 26.34s/it]
[1AProcess:  62%|████████████████████▍            | 86/139 [39:53<23:25, 26.53s/it]
[1AProcess:  63%|████████████████████▋            | 87/139 [40:19<22:56, 26.48s/it]Runner killed (SIGKILL), exit code: 137. Most often this happens when the process runs out of memory. Consider increasing or reserving memory to avoid unexpected termination: https://modal.com/docs/guide/resources

==========
== CUDA ==
==========

CUDA Version 12.4.1

Container image Copyright (c) 2016-2023, NVIDIA CORPORATION & AFFILIATES. All rights reserved.

This container image and its contents are governed by the NVIDIA Deep Learning Container License.
By pulling and using the container, you accept the terms and conditions of this license:
https://developer.nvidia.com/ngc/nvidia-deep-learning-container-license

A copy of this license is made available in this container at /NGC-DL-CONTAINER-LICENSE for your convenience.


======================================================================
=== Phase 1: call accuracy ===
======================================================================
instruction
=== Output for fused_bmm_rmsnorm_gelu_dropout_sub.py on GPU 0 ===

=== Errors for fused_bmm_rmsnorm_gelu_dropout_sub.py on GPU 0 ===
W0529 13:36:17.743000 27 site-packages/torch/_inductor/utils.py:1048] [0/0] Not enough SMs to use max_autotune_gemm mode

=== Output for div.py on GPU 0 ===

=== Errors for div.py on GPU 0 ===

=== Output for sigmoid_conv2d.py on GPU 0 ===

=== Errors for sigmoid_conv2d.py on GPU 0 ===
W0529 13:36:41.028000 143 site-packages/torch/_inductor/utils.py:1048] [0/0] Not enough SMs to use max_autotune_gemm mode

=== Output for solve_multiple_lu.py on GPU 0 ===

=== Errors for solve_multiple_lu.py on GPU 0 ===

=== Output for tanh.py on GPU 0 ===

=== Errors for tanh.py on GPU 0 ===

=== Output for relu_sqrt.py on GPU 0 ===

=== Errors for relu_sqrt.py on GPU 0 ===

=== Output for sqrt.py on GPU 0 ===

=== Errors for sqrt.py on GPU 0 ===

=== Output for sigmoid_argmax.py on GPU 0 ===

=== Errors for sigmoid_argmax.py on GPU 0 ===

=== Output for sub.py on GPU 0 ===

=== Errors for sub.py on GPU 0 ===

=== Output for grid_sample.py on GPU 0 ===

=== Errors for grid_sample.py on GPU 0 ===

=== Output for svd.py on GPU 0 ===

=== Errors for svd.py on GPU 0 ===

=== Output for i0.py on GPU 0 ===

=== Errors for i0.py on GPU 0 ===

=== Output for rsqrt.py on GPU 0 ===

=== Errors for rsqrt.py on GPU 0 ===

=== Output for dropout_relu_batch_norm_conv2d.py on GPU 0 ===

=== Errors for dropout_relu_batch_norm_conv2d.py on GPU 0 ===
W0529 13:38:36.570000 322 site-packages/torch/_inductor/utils.py:1048] [0/0] Not enough SMs to use max_autotune_gemm mode

=== Output for fused_mv_logsoftmax_dropout.py on GPU 0 ===

=== Errors for fused_mv_logsoftmax_dropout.py on GPU 0 ===

=== Output for add.py on GPU 0 ===

=== Errors for add.py on GPU 0 ===

=== Output for fused_silu_layer_norm_conv2d.py on GPU 0 ===

=== Errors for fused_silu_layer_norm_conv2d.py on GPU 0 ===

=== Output for fused_index_select_eq.py on GPU 0 ===

=== Errors for fused_index_select_eq.py on GPU 0 ===

=== Output for argmax.py on GPU 0 ===

=== Errors for argmax.py on GPU 0 ===

=== Output for fused_lu_solve.py on GPU 0 ===

=== Errors for fused_lu_solve.py on GPU 0 ===

=== Output for normalize_pairwise_distance.py on GPU 0 ===

=== Errors for normalize_pairwise_distance.py on GPU 0 ===

=== Output for max.py on GPU 0 ===

=== Errors for max.py on GPU 0 ===

=== Output for log_softmax_linear.py on GPU 0 ===

=== Errors for log_softmax_linear.py on GPU 0 ===
W0529 13:40:15.211000 484 site-packages/torch/_inductor/utils.py:1048] [0/0] Not enough SMs to use max_autotune_gemm mode
AUTOTUNE addmm(2x2, 2x2, 2x2)
  bias_addmm 0.0068 ms 100.0% 
  addmm 0.0109 ms 62.3% 
SingleProcess AUTOTUNE benchmarking takes 0.2238 seconds and 0.0001 seconds precompiling
W0529 13:40:18.919000 484 site-packages/torch/_dynamo/convert_frame.py:1125] WON'T CONVERT _log_softmax_linear_impl /data/results/lmstudio_prompt11_router_20260528-212821/call_acc/log_softmax_linear.py line 21 
W0529 13:40:18.919000 484 site-packages/torch/_dynamo/convert_frame.py:1125] due to: 
W0529 13:40:18.919000 484 site-packages/torch/_dynamo/convert_frame.py:1125] Traceback (most recent call last):
W0529 13:40:18.919000 484 site-packages/torch/_dynamo/convert_frame.py:1125]   File "/usr/local/lib/python3.12/site-packages/torch/_dynamo/output_graph.py", line 1446, in _call_user_compiler
W0529 13:40:18.919000 484 site-packages/torch/_dynamo/convert_frame.py:1125]     compiled_fn = compiler_fn(gm, self.example_inputs())
W0529 13:40:18.919000 484 site-packages/torch/_dynamo/convert_frame.py:1125]                   ^^^^^^^^^^^^^^^^^^^^^^^^^^^^^^^^^^^^^^
W0529 13:40:18.919000 484 site-packages/torch/_dynamo/convert_frame.py:1125]   File "/usr/local/lib/python3.12/site-packages/torch/_dynamo/repro/after_dynamo.py", line 129, in __call__
W0529 13:40:18.919000 484 site-packages/torch/_dynamo/convert_frame.py:1125]     compiled_gm = compiler_fn(gm, example_inputs)
W0529 13:40:18.919000 484 site-packages/torch/_dynamo/convert_frame.py:1125]                   ^^^^^^^^^^^^^^^^^^^^^^^^^^^^^^^
W0529 13:40:18.919000 484 site-packages/torch/_dynamo/convert_frame.py:1125]   File "/usr/local/lib/python3.12/site-packages/torch/__init__.py", line 2234, in __call__
W0529 13:40:18.919000 484 site-packages/torch/_dynamo/convert_frame.py:1125]     return compile_fx(model_, inputs_, config_patches=self.config)
W0529 13:40:18.919000 484 site-packages/torch/_dynamo/convert_frame.py:1125]            ^^^^^^^^^^^^^^^^^^^^^^^^^^^^^^^^^^^^^^^^^^^^^^^^^^^^^^^
W0529 13:40:18.919000 484 site-packages/torch/_dynamo/convert_frame.py:1125]   File "/usr/local/lib/python3.12/site-packages/torch/_inductor/compile_fx.py", line 1253, in compile_fx
W0529 13:40:18.919000 484 site-packages/torch/_dynamo/convert_frame.py:1125]     return compile_fx(
W0529 13:40:18.919000 484 site-packages/torch/_dynamo/convert_frame.py:1125]            ^^^^^^^^^^^
W0529 13:40:18.919000 484 site-packages/torch/_dynamo/convert_frame.py:1125]   File "/usr/local/lib/python3.12/site-packages/torch/_inductor/compile_fx.py", line 1521, in compile_fx
W0529 13:40:18.919000 484 site-packages/torch/_dynamo/convert_frame.py:1125]     return aot_autograd(
W0529 13:40:18.919000 484 site-packages/torch/_dynamo/convert_frame.py:1125]            ^^^^^^^^^^^^^
W0529 13:40:18.919000 484 site-packages/torch/_dynamo/convert_frame.py:1125]   File "/usr/local/lib/python3.12/site-packages/torch/_dynamo/backends/common.py", line 72, in __call__
W0529 13:40:18.919000 484 site-packages/torch/_dynamo/convert_frame.py:1125]     cg = aot_module_simplified(gm, example_inputs, **self.kwargs)
W0529 13:40:18.919000 484 site-packages/torch/_dynamo/convert_frame.py:1125]          ^^^^^^^^^^^^^^^^^^^^^^^^^^^^^^^^^^^^^^^^^^^^^^^^^^^^^^^^
W0529 13:40:18.919000 484 site-packages/torch/_dynamo/convert_frame.py:1125]   File "/usr/local/lib/python3.12/site-packages/torch/_functorch/aot_autograd.py", line 1071, in aot_module_simplified
W0529 13:40:18.919000 484 site-packages/torch/_dynamo/convert_frame.py:1125]     compiled_fn = dispatch_and_compile()
W0529 13:40:18.919000 484 site-packages/torch/_dynamo/convert_frame.py:1125]                   ^^^^^^^^^^^^^^^^^^^^^^
W0529 13:40:18.919000 484 site-packages/torch/_dynamo/convert_frame.py:1125]   File "/usr/local/lib/python3.12/site-packages/torch/_functorch/aot_autograd.py", line 1056, in dispatch_and_compile
W0529 13:40:18.919000 484 site-packages/torch/_dynamo/convert_frame.py:1125]     compiled_fn, _ = create_aot_dispatcher_function(
W0529 13:40:18.919000 484 site-packages/torch/_dynamo/convert_frame.py:1125]                      ^^^^^^^^^^^^^^^^^^^^^^^^^^^^^^^
W0529 13:40:18.919000 484 site-packages/torch/_dynamo/convert_frame.py:1125]   File "/usr/local/lib/python3.12/site-packages/torch/_functorch/aot_autograd.py", line 522, in create_aot_dispatcher_function
W0529 13:40:18.919000 484 site-packages/torch/_dynamo/convert_frame.py:1125]     return _create_aot_dispatcher_function(
W0529 13:40:18.919000 484 site-packages/torch/_dynamo/convert_frame.py:1125]            ^^^^^^^^^^^^^^^^^^^^^^^^^^^^^^^^
W0529 13:40:18.919000 484 site-packages/torch/_dynamo/convert_frame.py:1125]   File "/usr/local/lib/python3.12/site-packages/torch/_functorch/aot_autograd.py", line 759, in _create_aot_dispatcher_function
W0529 13:40:18.919000 484 site-packages/torch/_dynamo/convert_frame.py:1125]     compiled_fn, fw_metadata = compiler_fn(
W0529 13:40:18.919000 484 site-packages/torch/_dynamo/convert_frame.py:1125]                                ^^^^^^^^^^^^
W0529 13:40:18.919000 484 site-packages/torch/_dynamo/convert_frame.py:1125]   File "/usr/local/lib/python3.12/site-packages/torch/_functorch/_aot_autograd/jit_compile_runtime_wrappers.py", line 179, in aot_dispatch_base
W0529 13:40:18.919000 484 site-packages/torch/_dynamo/convert_frame.py:1125]     compiled_fw = compiler(fw_module, updated_flat_args)
W0529 13:40:18.919000 484 site-packages/torch/_dynamo/convert_frame.py:1125]                   ^^^^^^^^^^^^^^^^^^^^^^^^^^^^^^^^^^^^^^
W0529 13:40:18.919000 484 site-packages/torch/_dynamo/convert_frame.py:1125]   File "/usr/local/lib/python3.12/site-packages/torch/_inductor/compile_fx.py", line 1350, in fw_compiler_base
W0529 13:40:18.919000 484 site-packages/torch/_dynamo/convert_frame.py:1125]     return _fw_compiler_base(model, example_inputs, is_inference)
W0529 13:40:18.919000 484 site-packages/torch/_dynamo/convert_frame.py:1125]            ^^^^^^^^^^^^^^^^^^^^^^^^^^^^^^^^^^^^^^^^^^^^^^^^^^^^^^
W0529 13:40:18.919000 484 site-packages/torch/_dynamo/convert_frame.py:1125]   File "/usr/local/lib/python3.12/site-packages/torch/_inductor/compile_fx.py", line 1359, in _fw_compiler_base
W0529 13:40:18.919000 484 site-packages/torch/_dynamo/convert_frame.py:1125]     _recursive_joint_graph_passes(model)
W0529 13:40:18.919000 484 site-packages/torch/_dynamo/convert_frame.py:1125]   File "/usr/local/lib/python3.12/site-packages/torch/_inductor/compile_fx.py", line 281, in _recursive_joint_graph_passes
W0529 13:40:18.919000 484 site-packages/torch/_dynamo/convert_frame.py:1125]     joint_graph_passes(gm)
W0529 13:40:18.919000 484 site-packages/torch/_dynamo/convert_frame.py:1125]   File "/usr/local/lib/python3.12/site-packages/torch/_inductor/fx_passes/joint_graph.py", line 460, in joint_graph_passes
W0529 13:40:18.919000 484 site-packages/torch/_dynamo/convert_frame.py:1125]     count += patterns.apply(graph.graph)  # type: ignore[arg-type]
W0529 13:40:18.919000 484 site-packages/torch/_dynamo/convert_frame.py:1125]              ^^^^^^^^^^^^^^^^^^^^^^^^^^^
W0529 13:40:18.919000 484 site-packages/torch/_dynamo/convert_frame.py:1125]   File "/usr/local/lib/python3.12/site-packages/torch/_inductor/pattern_matcher.py", line 1729, in apply
W0529 13:40:18.919000 484 site-packages/torch/_dynamo/convert_frame.py:1125]     if is_match(m) and entry.extra_check(m):
W0529 13:40:18.919000 484 site-packages/torch/_dynamo/convert_frame.py:1125]                        ^^^^^^^^^^^^^^^^^^^^
W0529 13:40:18.919000 484 site-packages/torch/_dynamo/convert_frame.py:1125]   File "/usr/local/lib/python3.12/site-packages/torch/_inductor/pattern_matcher.py", line 1331, in check_fn
W0529 13:40:18.919000 484 site-packages/torch/_dynamo/convert_frame.py:1125]     if is_match(specific_pattern_match) and extra_check(specific_pattern_match):
W0529 13:40:18.919000 484 site-packages/torch/_dynamo/convert_frame.py:1125]                                             ^^^^^^^^^^^^^^^^^^^^^^^^^^^^^^^^^^^
W0529 13:40:18.919000 484 site-packages/torch/_dynamo/convert_frame.py:1125]   File "/usr/local/lib/python3.12/site-packages/torch/_inductor/fx_passes/pad_mm.py", line 146, in should_pad_addmm
W0529 13:40:18.919000 484 site-packages/torch/_dynamo/convert_frame.py:1125]     return should_pad_common(mat1, mat2, input) and should_pad_bench(
W0529 13:40:18.919000 484 site-packages/torch/_dynamo/convert_frame.py:1125]                                                     ^^^^^^^^^^^^^^^^^
W0529 13:40:18.919000 484 site-packages/torch/_dynamo/convert_frame.py:1125]   File "/usr/local/lib/python3.12/site-packages/torch/_inductor/fx_passes/pad_mm.py", line 566, in should_pad_bench
W0529 13:40:18.919000 484 site-packages/torch/_dynamo/convert_frame.py:1125]     ori_time = do_bench(orig_bench_fn)
W0529 13:40:18.919000 484 site-packages/torch/_dynamo/convert_frame.py:1125]                ^^^^^^^^^^^^^^^^^^^^^^^
W0529 13:40:18.919000 484 site-packages/torch/_dynamo/convert_frame.py:1125]   File "/usr/local/lib/python3.12/site-packages/torch/_inductor/runtime/benchmarking.py", line 66, in wrapper
W0529 13:40:18.919000 484 site-packages/torch/_dynamo/convert_frame.py:1125]     return fn(self, *args, **kwargs)
W0529 13:40:18.919000 484 site-packages/torch/_dynamo/convert_frame.py:1125]            ^^^^^^^^^^^^^^^^^^^^^^^^^
W0529 13:40:18.919000 484 site-packages/torch/_dynamo/convert_frame.py:1125]   File "/usr/local/lib/python3.12/site-packages/torch/_inductor/runtime/benchmarking.py", line 201, in benchmark_gpu
W0529 13:40:18.919000 484 site-packages/torch/_dynamo/convert_frame.py:1125]     return self.triton_do_bench(_callable, **kwargs, return_mode="median")
W0529 13:40:18.919000 484 site-packages/torch/_dynamo/convert_frame.py:1125]            ^^^^^^^^^^^^^^^^^^^^^^^^^^^^^^^^^^^^^^^^^^^^^^^^^^^^^^^^^^^^^^^
W0529 13:40:18.919000 484 site-packages/torch/_dynamo/convert_frame.py:1125]   File "/usr/local/lib/python3.12/site-packages/triton/testing.py", line 106, in do_bench
W0529 13:40:18.919000 484 site-packages/torch/_dynamo/convert_frame.py:1125]     fn()
W0529 13:40:18.919000 484 site-packages/torch/_dynamo/convert_frame.py:1125]   File "/usr/local/lib/python3.12/site-packages/torch/_inductor/fx_passes/pad_mm.py", line 537, in orig_bench_fn
W0529 13:40:18.919000 484 site-packages/torch/_dynamo/convert_frame.py:1125]     op(input, mat1, mat2)
W0529 13:40:18.919000 484 site-packages/torch/_dynamo/convert_frame.py:1125]   File "/usr/local/lib/python3.12/site-packages/torch/_ops.py", line 1116, in __call__
W0529 13:40:18.919000 484 site-packages/torch/_dynamo/convert_frame.py:1125]     return self._op(*args, **(kwargs or {}))
W0529 13:40:18.919000 484 site-packages/torch/_dynamo/convert_frame.py:1125]            ^^^^^^^^^^^^^^^^^^^^^^^^^^^^^^^^^
W0529 13:40:18.919000 484 site-packages/torch/_dynamo/convert_frame.py:1125] RuntimeError: mat1 and mat2 must have the same dtype, but got Double and Float
W0529 13:40:18.919000 484 site-packages/torch/_dynamo/convert_frame.py:1125] 
W0529 13:40:18.919000 484 site-packages/torch/_dynamo/convert_frame.py:1125] The above exception was the direct cause of the following exception:
W0529 13:40:18.919000 484 site-packages/torch/_dynamo/convert_frame.py:1125] 
W0529 13:40:18.919000 484 site-packages/torch/_dynamo/convert_frame.py:1125] Traceback (most recent call last):
W0529 13:40:18.919000 484 site-packages/torch/_dynamo/convert_frame.py:1125]   File "/usr/local/lib/python3.12/site-packages/torch/_dynamo/convert_frame.py", line 1064, in __call__
W0529 13:40:18.919000 484 site-packages/torch/_dynamo/convert_frame.py:1125]     result = self._inner_convert(
W0529 13:40:18.919000 484 site-packages/torch/_dynamo/convert_frame.py:1125]              ^^^^^^^^^^^^^^^^^^^^
W0529 13:40:18.919000 484 site-packages/torch/_dynamo/convert_frame.py:1125]   File "/usr/local/lib/python3.12/site-packages/torch/_dynamo/convert_frame.py", line 526, in __call__
W0529 13:40:18.919000 484 site-packages/torch/_dynamo/convert_frame.py:1125]     return _compile(
W0529 13:40:18.919000 484 site-packages/torch/_dynamo/convert_frame.py:1125]            ^^^^^^^^^
W0529 13:40:18.919000 484 site-packages/torch/_dynamo/convert_frame.py:1125]   File "/usr/local/lib/python3.12/site-packages/torch/_dynamo/convert_frame.py", line 924, in _compile
W0529 13:40:18.919000 484 site-packages/torch/_dynamo/convert_frame.py:1125]     guarded_code = compile_inner(code, one_graph, hooks, transform)
W0529 13:40:18.919000 484 site-packages/torch/_dynamo/convert_frame.py:1125]                    ^^^^^^^^^^^^^^^^^^^^^^^^^^^^^^^^^^^^^^^^^^^^^^^^
W0529 13:40:18.919000 484 site-packages/torch/_dynamo/convert_frame.py:1125]   File "/usr/local/lib/python3.12/site-packages/torch/_dynamo/convert_frame.py", line 666, in compile_inner
W0529 13:40:18.919000 484 site-packages/torch/_dynamo/convert_frame.py:1125]     return _compile_inner(code, one_graph, hooks, transform)
W0529 13:40:18.919000 484 site-packages/torch/_dynamo/convert_frame.py:1125]            ^^^^^^^^^^^^^^^^^^^^^^^^^^^^^^^^^^^^^^^^^^^^^^^^^
W0529 13:40:18.919000 484 site-packages/torch/_dynamo/convert_frame.py:1125]   File "/usr/local/lib/python3.12/site-packages/torch/_utils_internal.py", line 87, in wrapper_function
W0529 13:40:18.919000 484 site-packages/torch/_dynamo/convert_frame.py:1125]     return function(*args, **kwargs)
W0529 13:40:18.919000 484 site-packages/torch/_dynamo/convert_frame.py:1125]            ^^^^^^^^^^^^^^^^^^^^^^^^^
W0529 13:40:18.919000 484 site-packages/torch/_dynamo/convert_frame.py:1125]   File "/usr/local/lib/python3.12/site-packages/torch/_dynamo/convert_frame.py", line 699, in _compile_inner
W0529 13:40:18.919000 484 site-packages/torch/_dynamo/convert_frame.py:1125]     out_code = transform_code_object(code, transform)
W0529 13:40:18.919000 484 site-packages/torch/_dynamo/convert_frame.py:1125]                ^^^^^^^^^^^^^^^^^^^^^^^^^^^^^^^^^^^^^^
W0529 13:40:18.919000 484 site-packages/torch/_dynamo/convert_frame.py:1125]   File "/usr/local/lib/python3.12/site-packages/torch/_dynamo/bytecode_transformation.py", line 1322, in transform_code_object
W0529 13:40:18.919000 484 site-packages/torch/_dynamo/convert_frame.py:1125]     transformations(instructions, code_options)
W0529 13:40:18.919000 484 site-packages/torch/_dynamo/convert_frame.py:1125]   File "/usr/local/lib/python3.12/site-packages/torch/_dynamo/convert_frame.py", line 219, in _fn
W0529 13:40:18.919000 484 site-packages/torch/_dynamo/convert_frame.py:1125]     return fn(*args, **kwargs)
W0529 13:40:18.919000 484 site-packages/torch/_dynamo/convert_frame.py:1125]            ^^^^^^^^^^^^^^^^^^^
W0529 13:40:18.919000 484 site-packages/torch/_dynamo/convert_frame.py:1125]   File "/usr/local/lib/python3.12/site-packages/torch/_dynamo/convert_frame.py", line 634, in transform
W0529 13:40:18.919000 484 site-packages/torch/_dynamo/convert_frame.py:1125]     tracer.run()
W0529 13:40:18.919000 484 site-packages/torch/_dynamo/convert_frame.py:1125]   File "/usr/local/lib/python3.12/site-packages/torch/_dynamo/symbolic_convert.py", line 2796, in run
W0529 13:40:18.919000 484 site-packages/torch/_dynamo/convert_frame.py:1125]     super().run()
W0529 13:40:18.919000 484 site-packages/torch/_dynamo/convert_frame.py:1125]   File "/usr/local/lib/python3.12/site-packages/torch/_dynamo/symbolic_convert.py", line 983, in run
W0529 13:40:18.919000 484 site-packages/torch/_dynamo/convert_frame.py:1125]     while self.step():
W0529 13:40:18.919000 484 site-packages/torch/_dynamo/convert_frame.py:1125]           ^^^^^^^^^^^
W0529 13:40:18.919000 484 site-packages/torch/_dynamo/convert_frame.py:1125]   File "/usr/local/lib/python3.12/site-packages/torch/_dynamo/symbolic_convert.py", line 895, in step
W0529 13:40:18.919000 484 site-packages/torch/_dynamo/convert_frame.py:1125]     self.dispatch_table[inst.opcode](self, inst)
W0529 13:40:18.919000 484 site-packages/torch/_dynamo/convert_frame.py:1125]   File "/usr/local/lib/python3.12/site-packages/torch/_dynamo/symbolic_convert.py", line 2987, in RETURN_VALUE
W0529 13:40:18.919000 484 site-packages/torch/_dynamo/convert_frame.py:1125]     self._return(inst)
W0529 13:40:18.919000 484 site-packages/torch/_dynamo/convert_frame.py:1125]   File "/usr/local/lib/python3.12/site-packages/torch/_dynamo/symbolic_convert.py", line 2972, in _return
W0529 13:40:18.919000 484 site-packages/torch/_dynamo/convert_frame.py:1125]     self.output.compile_subgraph(
W0529 13:40:18.919000 484 site-packages/torch/_dynamo/convert_frame.py:1125]   File "/usr/local/lib/python3.12/site-packages/torch/_dynamo/output_graph.py", line 1117, in compile_subgraph
W0529 13:40:18.919000 484 site-packages/torch/_dynamo/convert_frame.py:1125]     self.compile_and_call_fx_graph(tx, list(reversed(stack_values)), root)
W0529 13:40:18.919000 484 site-packages/torch/_dynamo/convert_frame.py:1125]   File "/usr/local/lib/python3.12/site-packages/torch/_dynamo/output_graph.py", line 1369, in compile_and_call_fx_graph
W0529 13:40:18.919000 484 site-packages/torch/_dynamo/convert_frame.py:1125]     compiled_fn = self.call_user_compiler(gm)
W0529 13:40:18.919000 484 site-packages/torch/_dynamo/convert_frame.py:1125]                   ^^^^^^^^^^^^^^^^^^^^^^^^^^^
W0529 13:40:18.919000 484 site-packages/torch/_dynamo/convert_frame.py:1125]   File "/usr/local/lib/python3.12/site-packages/torch/_dynamo/output_graph.py", line 1416, in call_user_compiler
W0529 13:40:18.919000 484 site-packages/torch/_dynamo/convert_frame.py:1125]     return self._call_user_compiler(gm)
W0529 13:40:18.919000 484 site-packages/torch/_dynamo/convert_frame.py:1125]            ^^^^^^^^^^^^^^^^^^^^^^^^^^^^
W0529 13:40:18.919000 484 site-packages/torch/_dynamo/convert_frame.py:1125]   File "/usr/local/lib/python3.12/site-packages/torch/_dynamo/output_graph.py", line 1465, in _call_user_compiler
W0529 13:40:18.919000 484 site-packages/torch/_dynamo/convert_frame.py:1125]     raise BackendCompilerFailed(self.compiler_fn, e) from e
W0529 13:40:18.919000 484 site-packages/torch/_dynamo/convert_frame.py:1125] torch._dynamo.exc.BackendCompilerFailed: backend='inductor' raised:
W0529 13:40:18.919000 484 site-packages/torch/_dynamo/convert_frame.py:1125] RuntimeError: mat1 and mat2 must have the same dtype, but got Double and Float
W0529 13:40:18.919000 484 site-packages/torch/_dynamo/convert_frame.py:1125] 
W0529 13:40:18.919000 484 site-packages/torch/_dynamo/convert_frame.py:1125] Set TORCH_LOGS="+dynamo" and TORCHDYNAMO_VERBOSE=1 for more information
W0529 13:40:18.919000 484 site-packages/torch/_dynamo/convert_frame.py:1125] 
W0529 13:40:18.919000 484 site-packages/torch/_dynamo/convert_frame.py:1125] Traceback (most recent call last):
W0529 13:40:18.919000 484 site-packages/torch/_dynamo/convert_frame.py:1125]   File "/usr/local/lib/python3.12/site-packages/torch/_dynamo/output_graph.py", line 1446, in _call_user_compiler
W0529 13:40:18.919000 484 site-packages/torch/_dynamo/convert_frame.py:1125]     compiled_fn = compiler_fn(gm, self.example_inputs())
W0529 13:40:18.919000 484 site-packages/torch/_dynamo/convert_frame.py:1125]                   ^^^^^^^^^^^^^^^^^^^^^^^^^^^^^^^^^^^^^^
W0529 13:40:18.919000 484 site-packages/torch/_dynamo/convert_frame.py:1125]   File "/usr/local/lib/python3.12/site-packages/torch/_dynamo/repro/after_dynamo.py", line 129, in __call__
W0529 13:40:18.919000 484 site-packages/torch/_dynamo/convert_frame.py:1125]     compiled_gm = compiler_fn(gm, example_inputs)
W0529 13:40:18.919000 484 site-packages/torch/_dynamo/convert_frame.py:1125]                   ^^^^^^^^^^^^^^^^^^^^^^^^^^^^^^^
W0529 13:40:18.919000 484 site-packages/torch/_dynamo/convert_frame.py:1125]   File "/usr/local/lib/python3.12/site-packages/torch/__init__.py", line 2234, in __call__
W0529 13:40:18.919000 484 site-packages/torch/_dynamo/convert_frame.py:1125]     return compile_fx(model_, inputs_, config_patches=self.config)
W0529 13:40:18.919000 484 site-packages/torch/_dynamo/convert_frame.py:1125]            ^^^^^^^^^^^^^^^^^^^^^^^^^^^^^^^^^^^^^^^^^^^^^^^^^^^^^^^
W0529 13:40:18.919000 484 site-packages/torch/_dynamo/convert_frame.py:1125]   File "/usr/local/lib/python3.12/site-packages/torch/_inductor/compile_fx.py", line 1253, in compile_fx
W0529 13:40:18.919000 484 site-packages/torch/_dynamo/convert_frame.py:1125]     return compile_fx(
W0529 13:40:18.919000 484 site-packages/torch/_dynamo/convert_frame.py:1125]            ^^^^^^^^^^^
W0529 13:40:18.919000 484 site-packages/torch/_dynamo/convert_frame.py:1125]   File "/usr/local/lib/python3.12/site-packages/torch/_inductor/compile_fx.py", line 1521, in compile_fx
W0529 13:40:18.919000 484 site-packages/torch/_dynamo/convert_frame.py:1125]     return aot_autograd(
W0529 13:40:18.919000 484 site-packages/torch/_dynamo/convert_frame.py:1125]            ^^^^^^^^^^^^^
W0529 13:40:18.919000 484 site-packages/torch/_dynamo/convert_frame.py:1125]   File "/usr/local/lib/python3.12/site-packages/torch/_dynamo/backends/common.py", line 72, in __call__
W0529 13:40:18.919000 484 site-packages/torch/_dynamo/convert_frame.py:1125]     cg = aot_module_simplified(gm, example_inputs, **self.kwargs)
W0529 13:40:18.919000 484 site-packages/torch/_dynamo/convert_frame.py:1125]          ^^^^^^^^^^^^^^^^^^^^^^^^^^^^^^^^^^^^^^^^^^^^^^^^^^^^^^^^
W0529 13:40:18.919000 484 site-packages/torch/_dynamo/convert_frame.py:1125]   File "/usr/local/lib/python3.12/site-packages/torch/_functorch/aot_autograd.py", line 1071, in aot_module_simplified
W0529 13:40:18.919000 484 site-packages/torch/_dynamo/convert_frame.py:1125]     compiled_fn = dispatch_and_compile()
W0529 13:40:18.919000 484 site-packages/torch/_dynamo/convert_frame.py:1125]                   ^^^^^^^^^^^^^^^^^^^^^^
W0529 13:40:18.919000 484 site-packages/torch/_dynamo/convert_frame.py:1125]   File "/usr/local/lib/python3.12/site-packages/torch/_functorch/aot_autograd.py", line 1056, in dispatch_and_compile
W0529 13:40:18.919000 484 site-packages/torch/_dynamo/convert_frame.py:1125]     compiled_fn, _ = create_aot_dispatcher_function(
W0529 13:40:18.919000 484 site-packages/torch/_dynamo/convert_frame.py:1125]                      ^^^^^^^^^^^^^^^^^^^^^^^^^^^^^^^
W0529 13:40:18.919000 484 site-packages/torch/_dynamo/convert_frame.py:1125]   File "/usr/local/lib/python3.12/site-packages/torch/_functorch/aot_autograd.py", line 522, in create_aot_dispatcher_function
W0529 13:40:18.919000 484 site-packages/torch/_dynamo/convert_frame.py:1125]     return _create_aot_dispatcher_function(
W0529 13:40:18.919000 484 site-packages/torch/_dynamo/convert_frame.py:1125]            ^^^^^^^^^^^^^^^^^^^^^^^^^^^^^^^^
W0529 13:40:18.919000 484 site-packages/torch/_dynamo/convert_frame.py:1125]   File "/usr/local/lib/python3.12/site-packages/torch/_functorch/aot_autograd.py", line 759, in _create_aot_dispatcher_function
W0529 13:40:18.919000 484 site-packages/torch/_dynamo/convert_frame.py:1125]     compiled_fn, fw_metadata = compiler_fn(
W0529 13:40:18.919000 484 site-packages/torch/_dynamo/convert_frame.py:1125]                                ^^^^^^^^^^^^
W0529 13:40:18.919000 484 site-packages/torch/_dynamo/convert_frame.py:1125]   File "/usr/local/lib/python3.12/site-packages/torch/_functorch/_aot_autograd/jit_compile_runtime_wrappers.py", line 179, in aot_dispatch_base
W0529 13:40:18.919000 484 site-packages/torch/_dynamo/convert_frame.py:1125]     compiled_fw = compiler(fw_module, updated_flat_args)
W0529 13:40:18.919000 484 site-packages/torch/_dynamo/convert_frame.py:1125]                   ^^^^^^^^^^^^^^^^^^^^^^^^^^^^^^^^^^^^^^
W0529 13:40:18.919000 484 site-packages/torch/_dynamo/convert_frame.py:1125]   File "/usr/local/lib/python3.12/site-packages/torch/_inductor/compile_fx.py", line 1350, in fw_compiler_base
W0529 13:40:18.919000 484 site-packages/torch/_dynamo/convert_frame.py:1125]     return _fw_compiler_base(model, example_inputs, is_inference)
W0529 13:40:18.919000 484 site-packages/torch/_dynamo/convert_frame.py:1125]            ^^^^^^^^^^^^^^^^^^^^^^^^^^^^^^^^^^^^^^^^^^^^^^^^^^^^^^
W0529 13:40:18.919000 484 site-packages/torch/_dynamo/convert_frame.py:1125]   File "/usr/local/lib/python3.12/site-packages/torch/_inductor/compile_fx.py", line 1359, in _fw_compiler_base
W0529 13:40:18.919000 484 site-packages/torch/_dynamo/convert_frame.py:1125]     _recursive_joint_graph_passes(model)
W0529 13:40:18.919000 484 site-packages/torch/_dynamo/convert_frame.py:1125]   File "/usr/local/lib/python3.12/site-packages/torch/_inductor/compile_fx.py", line 281, in _recursive_joint_graph_passes
W0529 13:40:18.919000 484 site-packages/torch/_dynamo/convert_frame.py:1125]     joint_graph_passes(gm)
W0529 13:40:18.919000 484 site-packages/torch/_dynamo/convert_frame.py:1125]   File "/usr/local/lib/python3.12/site-packages/torch/_inductor/fx_passes/joint_graph.py", line 460, in joint_graph_passes
W0529 13:40:18.919000 484 site-packages/torch/_dynamo/convert_frame.py:1125]     count += patterns.apply(graph.graph)  # type: ignore[arg-type]
W0529 13:40:18.919000 484 site-packages/torch/_dynamo/convert_frame.py:1125]              ^^^^^^^^^^^^^^^^^^^^^^^^^^^
W0529 13:40:18.919000 484 site-packages/torch/_dynamo/convert_frame.py:1125]   File "/usr/local/lib/python3.12/site-packages/torch/_inductor/pattern_matcher.py", line 1729, in apply
W0529 13:40:18.919000 484 site-packages/torch/_dynamo/convert_frame.py:1125]     if is_match(m) and entry.extra_check(m):
W0529 13:40:18.919000 484 site-packages/torch/_dynamo/convert_frame.py:1125]                        ^^^^^^^^^^^^^^^^^^^^
W0529 13:40:18.919000 484 site-packages/torch/_dynamo/convert_frame.py:1125]   File "/usr/local/lib/python3.12/site-packages/torch/_inductor/pattern_matcher.py", line 1331, in check_fn
W0529 13:40:18.919000 484 site-packages/torch/_dynamo/convert_frame.py:1125]     if is_match(specific_pattern_match) and extra_check(specific_pattern_match):
W0529 13:40:18.919000 484 site-packages/torch/_dynamo/convert_frame.py:1125]                                             ^^^^^^^^^^^^^^^^^^^^^^^^^^^^^^^^^^^
W0529 13:40:18.919000 484 site-packages/torch/_dynamo/convert_frame.py:1125]   File "/usr/local/lib/python3.12/site-packages/torch/_inductor/fx_passes/pad_mm.py", line 146, in should_pad_addmm
W0529 13:40:18.919000 484 site-packages/torch/_dynamo/convert_frame.py:1125]     return should_pad_common(mat1, mat2, input) and should_pad_bench(
W0529 13:40:18.919000 484 site-packages/torch/_dynamo/convert_frame.py:1125]                                                     ^^^^^^^^^^^^^^^^^
W0529 13:40:18.919000 484 site-packages/torch/_dynamo/convert_frame.py:1125]   File "/usr/local/lib/python3.12/site-packages/torch/_inductor/fx_passes/pad_mm.py", line 566, in should_pad_bench
W0529 13:40:18.919000 484 site-packages/torch/_dynamo/convert_frame.py:1125]     ori_time = do_bench(orig_bench_fn)
W0529 13:40:18.919000 484 site-packages/torch/_dynamo/convert_frame.py:1125]                ^^^^^^^^^^^^^^^^^^^^^^^
W0529 13:40:18.919000 484 site-packages/torch/_dynamo/convert_frame.py:1125]   File "/usr/local/lib/python3.12/site-packages/torch/_inductor/runtime/benchmarking.py", line 66, in wrapper
W0529 13:40:18.919000 484 site-packages/torch/_dynamo/convert_frame.py:1125]     return fn(self, *args, **kwargs)
W0529 13:40:18.919000 484 site-packages/torch/_dynamo/convert_frame.py:1125]            ^^^^^^^^^^^^^^^^^^^^^^^^^
W0529 13:40:18.919000 484 site-packages/torch/_dynamo/convert_frame.py:1125]   File "/usr/local/lib/python3.12/site-packages/torch/_inductor/runtime/benchmarking.py", line 201, in benchmark_gpu
W0529 13:40:18.919000 484 site-packages/torch/_dynamo/convert_frame.py:1125]     return self.triton_do_bench(_callable, **kwargs, return_mode="median")
W0529 13:40:18.919000 484 site-packages/torch/_dynamo/convert_frame.py:1125]            ^^^^^^^^^^^^^^^^^^^^^^^^^^^^^^^^^^^^^^^^^^^^^^^^^^^^^^^^^^^^^^^
W0529 13:40:18.919000 484 site-packages/torch/_dynamo/convert_frame.py:1125]   File "/usr/local/lib/python3.12/site-packages/triton/testing.py", line 106, in do_bench
W0529 13:40:18.919000 484 site-packages/torch/_dynamo/convert_frame.py:1125]     fn()
W0529 13:40:18.919000 484 site-packages/torch/_dynamo/convert_frame.py:1125]   File "/usr/local/lib/python3.12/site-packages/torch/_inductor/fx_passes/pad_mm.py", line 537, in orig_bench_fn
W0529 13:40:18.919000 484 site-packages/torch/_dynamo/convert_frame.py:1125]     op(input, mat1, mat2)
W0529 13:40:18.919000 484 site-packages/torch/_dynamo/convert_frame.py:1125]   File "/usr/local/lib/python3.12/site-packages/torch/_ops.py", line 1116, in __call__
W0529 13:40:18.919000 484 site-packages/torch/_dynamo/convert_frame.py:1125]     return self._op(*args, **(kwargs or {}))
W0529 13:40:18.919000 484 site-packages/torch/_dynamo/convert_frame.py:1125]            ^^^^^^^^^^^^^^^^^^^^^^^^^^^^^^^^^
W0529 13:40:18.919000 484 site-packages/torch/_dynamo/convert_frame.py:1125] RuntimeError: mat1 and mat2 must have the same dtype, but got Double and Float
W0529 13:40:18.919000 484 site-packages/torch/_dynamo/convert_frame.py:1125] 
W0529 13:40:18.919000 484 site-packages/torch/_dynamo/convert_frame.py:1125] The above exception was the direct cause of the following exception:
W0529 13:40:18.919000 484 site-packages/torch/_dynamo/convert_frame.py:1125] 
W0529 13:40:18.919000 484 site-packages/torch/_dynamo/convert_frame.py:1125] Traceback (most recent call last):
W0529 13:40:18.919000 484 site-packages/torch/_dynamo/convert_frame.py:1125]   File "/usr/local/lib/python3.12/site-packages/torch/_dynamo/convert_frame.py", line 1064, in __call__
W0529 13:40:18.919000 484 site-packages/torch/_dynamo/convert_frame.py:1125]     result = self._inner_convert(
W0529 13:40:18.919000 484 site-packages/torch/_dynamo/convert_frame.py:1125]              ^^^^^^^^^^^^^^^^^^^^
W0529 13:40:18.919000 484 site-packages/torch/_dynamo/convert_frame.py:1125]   File "/usr/local/lib/python3.12/site-packages/torch/_dynamo/convert_frame.py", line 526, in __call__
W0529 13:40:18.919000 484 site-packages/torch/_dynamo/convert_frame.py:1125]     return _compile(
W0529 13:40:18.919000 484 site-packages/torch/_dynamo/convert_frame.py:1125]            ^^^^^^^^^
W0529 13:40:18.919000 484 site-packages/torch/_dynamo/convert_frame.py:1125]   File "/usr/local/lib/python3.12/site-packages/torch/_dynamo/convert_frame.py", line 924, in _compile
W0529 13:40:18.919000 484 site-packages/torch/_dynamo/convert_frame.py:1125]     guarded_code = compile_inner(code, one_graph, hooks, transform)
W0529 13:40:18.919000 484 site-packages/torch/_dynamo/convert_frame.py:1125]                    ^^^^^^^^^^^^^^^^^^^^^^^^^^^^^^^^^^^^^^^^^^^^^^^^
W0529 13:40:18.919000 484 site-packages/torch/_dynamo/convert_frame.py:1125]   File "/usr/local/lib/python3.12/site-packages/torch/_dynamo/convert_frame.py", line 666, in compile_inner
W0529 13:40:18.919000 484 site-packages/torch/_dynamo/convert_frame.py:1125]     return _compile_inner(code, one_graph, hooks, transform)
W0529 13:40:18.919000 484 site-packages/torch/_dynamo/convert_frame.py:1125]            ^^^^^^^^^^^^^^^^^^^^^^^^^^^^^^^^^^^^^^^^^^^^^^^^^
W0529 13:40:18.919000 484 site-packages/torch/_dynamo/convert_frame.py:1125]   File "/usr/local/lib/python3.12/site-packages/torch/_utils_internal.py", line 87, in wrapper_function
W0529 13:40:18.919000 484 site-packages/torch/_dynamo/convert_frame.py:1125]     return function(*args, **kwargs)
W0529 13:40:18.919000 484 site-packages/torch/_dynamo/convert_frame.py:1125]            ^^^^^^^^^^^^^^^^^^^^^^^^^
W0529 13:40:18.919000 484 site-packages/torch/_dynamo/convert_frame.py:1125]   File "/usr/local/lib/python3.12/site-packages/torch/_dynamo/convert_frame.py", line 699, in _compile_inner
W0529 13:40:18.919000 484 site-packages/torch/_dynamo/convert_frame.py:1125]     out_code = transform_code_object(code, transform)
W0529 13:40:18.919000 484 site-packages/torch/_dynamo/convert_frame.py:1125]                ^^^^^^^^^^^^^^^^^^^^^^^^^^^^^^^^^^^^^^
W0529 13:40:18.919000 484 site-packages/torch/_dynamo/convert_frame.py:1125]   File "/usr/local/lib/python3.12/site-packages/torch/_dynamo/bytecode_transformation.py", line 1322, in transform_code_object
W0529 13:40:18.919000 484 site-packages/torch/_dynamo/convert_frame.py:1125]     transformations(instructions, code_options)
W0529 13:40:18.919000 484 site-packages/torch/_dynamo/convert_frame.py:1125]   File "/usr/local/lib/python3.12/site-packages/torch/_dynamo/convert_frame.py", line 219, in _fn
W0529 13:40:18.919000 484 site-packages/torch/_dynamo/convert_frame.py:1125]     return fn(*args, **kwargs)
W0529 13:40:18.919000 484 site-packages/torch/_dynamo/convert_frame.py:1125]            ^^^^^^^^^^^^^^^^^^^
W0529 13:40:18.919000 484 site-packages/torch/_dynamo/convert_frame.py:1125]   File "/usr/local/lib/python3.12/site-packages/torch/_dynamo/convert_frame.py", line 634, in transform
W0529 13:40:18.919000 484 site-packages/torch/_dynamo/convert_frame.py:1125]     tracer.run()
W0529 13:40:18.919000 484 site-packages/torch/_dynamo/convert_frame.py:1125]   File "/usr/local/lib/python3.12/site-packages/torch/_dynamo/symbolic_convert.py", line 2796, in run
W0529 13:40:18.919000 484 site-packages/torch/_dynamo/convert_frame.py:1125]     super().run()
W0529 13:40:18.919000 484 site-packages/torch/_dynamo/convert_frame.py:1125]   File "/usr/local/lib/python3.12/site-packages/torch/_dynamo/symbolic_convert.py", line 983, in run
W0529 13:40:18.919000 484 site-packages/torch/_dynamo/convert_frame.py:1125]     while self.step():
W0529 13:40:18.919000 484 site-packages/torch/_dynamo/convert_frame.py:1125]           ^^^^^^^^^^^
W0529 13:40:18.919000 484 site-packages/torch/_dynamo/convert_frame.py:1125]   File "/usr/local/lib/python3.12/site-packages/torch/_dynamo/symbolic_convert.py", line 895, in step
W0529 13:40:18.919000 484 site-packages/torch/_dynamo/convert_frame.py:1125]     self.dispatch_table[inst.opcode](self, inst)
W0529 13:40:18.919000 484 site-packages/torch/_dynamo/convert_frame.py:1125]   File "/usr/local/lib/python3.12/site-packages/torch/_dynamo/symbolic_convert.py", line 2987, in RETURN_VALUE
W0529 13:40:18.919000 484 site-packages/torch/_dynamo/convert_frame.py:1125]     self._return(inst)
W0529 13:40:18.919000 484 site-packages/torch/_dynamo/convert_frame.py:1125]   File "/usr/local/lib/python3.12/site-packages/torch/_dynamo/symbolic_convert.py", line 2972, in _return
W0529 13:40:18.919000 484 site-packages/torch/_dynamo/convert_frame.py:1125]     self.output.compile_subgraph(
W0529 13:40:18.919000 484 site-packages/torch/_dynamo/convert_frame.py:1125]   File "/usr/local/lib/python3.12/site-packages/torch/_dynamo/output_graph.py", line 1117, in compile_subgraph
W0529 13:40:18.919000 484 site-packages/torch/_dynamo/convert_frame.py:1125]     self.compile_and_call_fx_graph(tx, list(reversed(stack_values)), root)
W0529 13:40:18.919000 484 site-packages/torch/_dynamo/convert_frame.py:1125]   File "/usr/local/lib/python3.12/site-packages/torch/_dynamo/output_graph.py", line 1369, in compile_and_call_fx_graph
W0529 13:40:18.919000 484 site-packages/torch/_dynamo/convert_frame.py:1125]     compiled_fn = self.call_user_compiler(gm)
W0529 13:40:18.919000 484 site-packages/torch/_dynamo/convert_frame.py:1125]                   ^^^^^^^^^^^^^^^^^^^^^^^^^^^
W0529 13:40:18.919000 484 site-packages/torch/_dynamo/convert_frame.py:1125]   File "/usr/local/lib/python3.12/site-packages/torch/_dynamo/output_graph.py", line 1416, in call_user_compiler
W0529 13:40:18.919000 484 site-packages/torch/_dynamo/convert_frame.py:1125]     return self._call_user_compiler(gm)
W0529 13:40:18.919000 484 site-packages/torch/_dynamo/convert_frame.py:1125]            ^^^^^^^^^^^^^^^^^^^^^^^^^^^^
W0529 13:40:18.919000 484 site-packages/torch/_dynamo/convert_frame.py:1125]   File "/usr/local/lib/python3.12/site-packages/torch/_dynamo/output_graph.py", line 1465, in _call_user_compiler
W0529 13:40:18.919000 484 site-packages/torch/_dynamo/convert_frame.py:1125]     raise BackendCompilerFailed(self.compiler_fn, e) from e
W0529 13:40:18.919000 484 site-packages/torch/_dynamo/convert_frame.py:1125] torch._dynamo.exc.BackendCompilerFailed: backend='inductor' raised:
W0529 13:40:18.919000 484 site-packages/torch/_dynamo/convert_frame.py:1125] RuntimeError: mat1 and mat2 must have the same dtype, but got Double and Float
W0529 13:40:18.919000 484 site-packages/torch/_dynamo/convert_frame.py:1125] 
W0529 13:40:18.919000 484 site-packages/torch/_dynamo/convert_frame.py:1125] Set TORCH_LOGS="+dynamo" and TORCHDYNAMO_VERBOSE=1 for more information
W0529 13:40:18.919000 484 site-packages/torch/_dynamo/convert_frame.py:1125] 
Traceback (most recent call last):
  File "/data/results/lmstudio_prompt11_router_20260528-212821/call_acc/log_softmax_linear.py", line 35, in log_softmax_linear
    y = _log_softmax_linear_fast(input, weight, bias, dim, dtype)
        ^^^^^^^^^^^^^^^^^^^^^^^^^^^^^^^^^^^^^^^^^^^^^^^^^^^^^^^^^
  File "/usr/local/lib/python3.12/site-packages/torch/_dynamo/eval_frame.py", line 465, in _fn
    return fn(*args, **kwargs)
           ^^^^^^^^^^^^^^^^^^^
  File "/data/results/lmstudio_prompt11_router_20260528-212821/call_acc/log_softmax_linear.py", line 24, in _log_softmax_linear_impl
    out = F.linear(input, weight, bias)
          ^^^^^^^^^^^^^^^^^^^^^^^^^^^^^
RuntimeError: mat1 and mat2 must have the same dtype, but got Double and Float

During handling of the above exception, another exception occurred:

Traceback (most recent call last):
  File "/data/results/lmstudio_prompt11_router_20260528-212821/call_acc/log_softmax_linear.py", line 81, in <module>
    test_results = test_log_softmax_linear()
                   ^^^^^^^^^^^^^^^^^^^^^^^^^
  File "/data/results/lmstudio_prompt11_router_20260528-212821/call_acc/log_softmax_linear.py", line 77, in test_log_softmax_linear
    results["test_case_4"] = log_softmax_linear(input4, weight4, bias4, dtype=torch.float64)
                             ^^^^^^^^^^^^^^^^^^^^^^^^^^^^^^^^^^^^^^^^^^^^^^^^^^^^^^^^^^^^^^^
  File "/data/results/lmstudio_prompt11_router_20260528-212821/call_acc/log_softmax_linear.py", line 37, in log_softmax_linear
    y = _log_softmax_linear_impl(input, weight, bias, dim, dtype)
        ^^^^^^^^^^^^^^^^^^^^^^^^^^^^^^^^^^^^^^^^^^^^^^^^^^^^^^^^^
  File "/data/results/lmstudio_prompt11_router_20260528-212821/call_acc/log_softmax_linear.py", line 24, in _log_softmax_linear_impl
    out = F.linear(input, weight, bias)
          ^^^^^^^^^^^^^^^^^^^^^^^^^^^^^
RuntimeError: mat1 and mat2 must have the same dtype, but got Double and Float

=== Output for relu.py on GPU 0 ===

=== Errors for relu.py on GPU 0 ===

=== Output for least_squares_qr.py on GPU 0 ===

=== Errors for least_squares_qr.py on GPU 0 ===
Traceback (most recent call last):
  File "/data/results/lmstudio_prompt11_router_20260528-212821/call_acc/least_squares_qr.py", line 57, in <module>
    test_results = test_least_squares_qr()
                   ^^^^^^^^^^^^^^^^^^^^^^^
  File "/data/results/lmstudio_prompt11_router_20260528-212821/call_acc/least_squares_qr.py", line 47, in test_least_squares_qr
    results["test_case_1"] = least_squares_qr(A1, b1)
                             ^^^^^^^^^^^^^^^^^^^^^^^^
  File "/data/results/lmstudio_prompt11_router_20260528-212821/call_acc/least_squares_qr.py", line 29, in least_squares_qr
    x = torch.linalg.solve_triangular(R, Qt_b, upper=True)
        ^^^^^^^^^^^^^^^^^^^^^^^^^^^^^^^^^^^^^^^^^^^^^^^^^^
RuntimeError: linalg.solve_triangular: The input tensor B must have at least 2 dimensions.

=== Output for determinant_via_qr.py on GPU 0 ===

=== Errors for determinant_via_qr.py on GPU 0 ===

=== Output for fused_tile_exp.py on GPU 0 ===

=== Errors for fused_tile_exp.py on GPU 0 ===
Traceback (most recent call last):
  File "/data/results/lmstudio_prompt11_router_20260528-212821/call_acc/fused_tile_exp.py", line 60, in <module>
    test_results = test_fused_tile_exp()
                   ^^^^^^^^^^^^^^^^^^^^^
  File "/data/results/lmstudio_prompt11_router_20260528-212821/call_acc/fused_tile_exp.py", line 56, in test_fused_tile_exp
    results["test_case_4"] = fused_tile_exp(input4, dims4, out=out_tensor)
                             ^^^^^^^^^^^^^^^^^^^^^^^^^^^^^^^^^^^^^^^^^^^^^
  File "/data/results/lmstudio_prompt11_router_20260528-212821/call_acc/fused_tile_exp.py", line 24, in fused_tile_exp
    out.copy_(y)
RuntimeError: The size of tensor a (3) must match the size of tensor b (6) at non-singleton dimension 1

=== Output for sqrt_tanh.py on GPU 0 ===

=== Errors for sqrt_tanh.py on GPU 0 ===

=== Output for silu_batch_norm.py on GPU 0 ===

=== Errors for silu_batch_norm.py on GPU 0 ===
skipping cudagraphs due to mutated inputs (2 instances). Found from : 
   File "/data/results/lmstudio_prompt11_router_20260528-212821/call_acc/silu_batch_norm.py", line 23, in _silu_batch_norm_impl
    y = F.batch_norm(input, running_mean, running_var, weight, bias, training, momentum, eps)

skipping cudagraphs due to mutated inputs (2 instances). Found from : 
   File "/data/results/lmstudio_prompt11_router_20260528-212821/call_acc/silu_batch_norm.py", line 23, in _silu_batch_norm_impl
    y = F.batch_norm(input, running_mean, running_var, weight, bias, training, momentum, eps)


=== Output for index_fill_.py on GPU 0 ===

=== Errors for index_fill_.py on GPU 0 ===
Traceback (most recent call last):
  File "/data/results/lmstudio_prompt11_router_20260528-212821/call_acc/index_fill_.py", line 59, in <module>
    test_results = test_index_fill_()
                   ^^^^^^^^^^^^^^^^^^
  File "/data/results/lmstudio_prompt11_router_20260528-212821/call_acc/index_fill_.py", line 37, in test_index_fill_
    results["test_case_1"] = index_fill_(0, x1, index1, value1).cpu()
                             ^^^^^^^^^^^^^^^^^^^^^^^^^^^^^^^^^^
  File "/data/results/lmstudio_prompt11_router_20260528-212821/call_acc/index_fill_.py", line 22, in index_fill_
    return torch.index_fill_(input, dim, index, value)
           ^^^^^^^^^^^^^^^^^
  File "/usr/local/lib/python3.12/site-packages/torch/__init__.py", line 2562, in __getattr__
    raise AttributeError(f"module '{__name__}' has no attribute '{name}'")
AttributeError: module 'torch' has no attribute 'index_fill_'

=== Output for fused_cross_entropy_softmax_layernorm.py on GPU 0 ===

=== Errors for fused_cross_entropy_softmax_layernorm.py on GPU 0 ===

=== Output for mean.py on GPU 0 ===

=== Errors for mean.py on GPU 0 ===

=== Output for eig.py on GPU 0 ===

=== Errors for eig.py on GPU 0 ===

=== Output for logsumexp.py on GPU 0 ===

=== Errors for logsumexp.py on GPU 0 ===

=== Output for fused_embedding_add_tanh.py on GPU 0 ===

=== Errors for fused_embedding_add_tanh.py on GPU 0 ===

=== Output for fused_mv_sigmoid_sub.py on GPU 0 ===

=== Errors for fused_mv_sigmoid_sub.py on GPU 0 ===

=== Output for add_gelu.py on GPU 0 ===

=== Errors for add_gelu.py on GPU 0 ===
Traceback (most recent call last):
  File "/data/results/lmstudio_prompt11_router_20260528-212821/call_acc/add_gelu.py", line 90, in <module>
    test_results = test_add_gelu()
                   ^^^^^^^^^^^^^^^
  File "/data/results/lmstudio_prompt11_router_20260528-212821/call_acc/add_gelu.py", line 74, in test_add_gelu
    results["test_case_1"] = add_gelu(input_tensor, other_tensor)
                             ^^^^^^^^^^^^^^^^^^^^^^^^^^^^^^^^^^^^
  File "/data/results/lmstudio_prompt11_router_20260528-212821/call_acc/add_gelu.py", line 51, in add_gelu
    M, N = input.shape
    ^^^^
ValueError: not enough values to unpack (expected 2, got 1)

=== Output for fused_cosine_embedding_loss_with_normalization.py on GPU 0 ===

=== Errors for fused_cosine_embedding_loss_with_normalization.py on GPU 0 ===

=== Output for fused_transformer_block.py on GPU 0 ===

=== Errors for fused_transformer_block.py on GPU 0 ===
W0529 13:43:04.019000 830 site-packages/torch/_inductor/utils.py:1048] [0/0] Not enough SMs to use max_autotune_gemm mode

=== Output for log1p.py on GPU 0 ===

=== Errors for log1p.py on GPU 0 ===

=== Output for sigmoid_batch_norm.py on GPU 0 ===

=== Errors for sigmoid_batch_norm.py on GPU 0 ===

=== Output for fused_hardsigmoid_batch_norm.py on GPU 0 ===

=== Errors for fused_hardsigmoid_batch_norm.py on GPU 0 ===


==========
== CUDA ==
==========

CUDA Version 12.4.1

Container image Copyright (c) 2016-2023, NVIDIA CORPORATION & AFFILIATES. All rights reserved.

This container image and its contents are governed by the NVIDIA Deep Learning Container License.
By pulling and using the container, you accept the terms and conditions of this license:
https://developer.nvidia.com/ngc/nvidia-deep-learning-container-license

A copy of this license is made available in this container at /NGC-DL-CONTAINER-LICENSE for your convenience.

=== Output for zeta.py on GPU 0 ===

=== Errors for zeta.py on GPU 0 ===

=== Output for symmetric_matrix_vector_norm.py on GPU 0 ===

=== Errors for symmetric_matrix_vector_norm.py on GPU 0 ===

=== Output for softplus_linear.py on GPU 0 ===

=== Errors for softplus_linear.py on GPU 0 ===
W0529 13:43:51.391000 1010 site-packages/torch/_inductor/utils.py:1048] [0/0] Not enough SMs to use max_autotune_gemm mode

=== Output for fused_svd_reconstruct.py on GPU 0 ===

=== Errors for fused_svd_reconstruct.py on GPU 0 ===
Traceback (most recent call last):
  File "/data/results/lmstudio_prompt11_router_20260528-212821/call_acc/fused_svd_reconstruct.py", line 52, in <module>
    test_results = test_fused_svd_reconstruct()
                   ^^^^^^^^^^^^^^^^^^^^^^^^^^^^
  File "/data/results/lmstudio_prompt11_router_20260528-212821/call_acc/fused_svd_reconstruct.py", line 40, in test_fused_svd_reconstruct
    results["test_case_2"] = fused_svd_reconstruct(A2)
                             ^^^^^^^^^^^^^^^^^^^^^^^^^
  File "/data/results/lmstudio_prompt11_router_20260528-212821/call_acc/fused_svd_reconstruct.py", line 23, in fused_svd_reconstruct
    return U @ torch.diag(S) @ Vh
           ~~^~~~~~~~~~~~~~~
RuntimeError: mat1 and mat2 shapes cannot be multiplied (3x3 and 2x2)

=== Output for fused_mul_add_logsoftmax_dropout_bmm.py on GPU 0 ===

=== Errors for fused_mul_add_logsoftmax_dropout_bmm.py on GPU 0 ===
W0529 13:44:08.251000 1091 site-packages/torch/_inductor/utils.py:1048] [0/0] Not enough SMs to use max_autotune_gemm mode

=== Output for selu.py on GPU 0 ===

=== Errors for selu.py on GPU 0 ===
Traceback (most recent call last):
  File "/usr/local/lib/python3.12/site-packages/triton/language/core.py", line 35, in wrapper
    return fn(*args, **kwargs)
           ^^^^^^^^^^^^^^^^^^^
  File "/usr/local/lib/python3.12/site-packages/triton/language/core.py", line 1597, in load
    return semantic.load(pointer, mask, other, boundary_check, padding_option, cache_modifier, eviction_policy,
           ^^^^^^^^^^^^^^^^^^^^^^^^^^^^^^^^^^^^^^^^^^^^^^^^^^^^^^^^^^^^^^^^^^^^^^^^^^^^^^^^^^^^^^^^^^^^^^^^^^^^
  File "/usr/local/lib/python3.12/site-packages/triton/language/semantic.py", line 1037, in load
    return _load_legacy(ptr, mask, other, boundary_check, padding, cache, eviction, is_volatile, builder)
           ^^^^^^^^^^^^^^^^^^^^^^^^^^^^^^^^^^^^^^^^^^^^^^^^^^^^^^^^^^^^^^^^^^^^^^^^^^^^^^^^^^^^^^^^^^^^^^
  File "/usr/local/lib/python3.12/site-packages/triton/language/semantic.py", line 969, in _load_legacy
    raise ValueError(f"Unsupported ptr type {ptr.type.__repr__()} in `tl.load`")
ValueError: Unsupported ptr type <[1024], int64> in `tl.load`

The above exception was the direct cause of the following exception:

Traceback (most recent call last):
  File "/data/results/lmstudio_prompt11_router_20260528-212821/call_acc/selu.py", line 75, in <module>
    test_results = test_selu()
                   ^^^^^^^^^^^
  File "/data/results/lmstudio_prompt11_router_20260528-212821/call_acc/selu.py", line 59, in test_selu
    results["test_case_1"] = selu(input_tensor_1)
                             ^^^^^^^^^^^^^^^^^^^^
  File "/data/results/lmstudio_prompt11_router_20260528-212821/call_acc/selu.py", line 45, in selu
    _selu_kernel[grid](input.data_ptr(), out.data_ptr(), n_elements, BLOCK_SIZE)
  File "/usr/local/lib/python3.12/site-packages/triton/runtime/jit.py", line 345, in <lambda>
    return lambda *args, **kwargs: self.run(grid=grid, warmup=False, *args, **kwargs)
                                   ^^^^^^^^^^^^^^^^^^^^^^^^^^^^^^^^^^^^^^^^^^^^^^^^^^
  File "/usr/local/lib/python3.12/site-packages/triton/runtime/jit.py", line 662, in run
    kernel = self.compile(
             ^^^^^^^^^^^^^
  File "/usr/local/lib/python3.12/site-packages/triton/compiler/compiler.py", line 276, in compile
    module = src.make_ir(options, codegen_fns, context)
             ^^^^^^^^^^^^^^^^^^^^^^^^^^^^^^^^^^^^^^^^^^
  File "/usr/local/lib/python3.12/site-packages/triton/compiler/compiler.py", line 113, in make_ir
    return ast_to_ttir(self.fn, self, context=context, options=options, codegen_fns=codegen_fns)
           ^^^^^^^^^^^^^^^^^^^^^^^^^^^^^^^^^^^^^^^^^^^^^^^^^^^^^^^^^^^^^^^^^^^^^^^^^^^^^^^^^^^^^
triton.compiler.errors.CompilationError: at 6:8:
def _selu_kernel(x_ptr, out_ptr, n_elements, BLOCK_SIZE: tl.constexpr):
    pid = tl.program_id(0)
    block_start = pid * BLOCK_SIZE
    offsets = block_start + tl.arange(0, BLOCK_SIZE)
    mask = offsets < n_elements
    x = tl.load(x_ptr + offsets, mask=mask)
        ^

=== Output for scaled_add_norm.py on GPU 0 ===

=== Errors for scaled_add_norm.py on GPU 0 ===

=== Output for leaky_relu_conv2d.py on GPU 0 ===

=== Errors for leaky_relu_conv2d.py on GPU 0 ===
W0529 13:44:35.615000 1199 site-packages/torch/_inductor/utils.py:1048] [0/0] Not enough SMs to use max_autotune_gemm mode

=== Output for sqrt_exp.py on GPU 0 ===

=== Errors for sqrt_exp.py on GPU 0 ===

=== Output for cos_avg_pool1d.py on GPU 0 ===

=== Errors for cos_avg_pool1d.py on GPU 0 ===

=== Output for sum_std.py on GPU 0 ===

=== Errors for sum_std.py on GPU 0 ===
/data/results/lmstudio_prompt11_router_20260528-212821/call_acc/sum_std.py:24: UserWarning: std(): degrees of freedom is <= 0. Correction should be strictly less than the reduction factor (input numel divided by output numel). (Triggered internally at ../aten/src/ATen/native/ReduceOps.cpp:1823.)
  y = torch.std(torch.sum(input, dim=dim, keepdim=keepdim), dim=dim if keepdim else None, keepdim=keepdim, correction=correction)

=== Output for mul_relu.py on GPU 0 ===

=== Errors for mul_relu.py on GPU 0 ===

=== Output for gelu_conv2d.py on GPU 0 ===

=== Errors for gelu_conv2d.py on GPU 0 ===
W0529 13:45:12.279000 1360 site-packages/torch/_inductor/utils.py:1048] [0/0] Not enough SMs to use max_autotune_gemm mode

=== Output for fused_instance_norm_selu_conv2d.py on GPU 0 ===

=== Errors for fused_instance_norm_selu_conv2d.py on GPU 0 ===
W0529 13:45:30.022000 1454 site-packages/torch/_inductor/utils.py:1048] [0/0_1] Not enough SMs to use max_autotune_gemm mode
Traceback (most recent call last):
  File "/data/results/lmstudio_prompt11_router_20260528-212821/call_acc/fused_instance_norm_selu_conv2d.py", line 34, in fused_instance_norm_selu_conv2d
    y = _fused_instance_norm_selu_conv2d_fast(input, weight, bias, stride, padding, dilation, groups, eps, momentum, affine, track_running_stats)
        ^^^^^^^^^^^^^^^^^^^^^^^^^^^^^^^^^^^^^^^^^^^^^^^^^^^^^^^^^^^^^^^^^^^^^^^^^^^^^^^^^^^^^^^^^^^^^^^^^^^^^^^^^^^^^^^^^^^^^^^^^^^^^^^^^^^^^^^^^
  File "/usr/local/lib/python3.12/site-packages/torch/_dynamo/eval_frame.py", line 465, in _fn
    return fn(*args, **kwargs)
           ^^^^^^^^^^^^^^^^^^^
  File "/data/results/lmstudio_prompt11_router_20260528-212821/call_acc/fused_instance_norm_selu_conv2d.py", line 21, in _fused_instance_norm_selu_conv2d_impl
    def _fused_instance_norm_selu_conv2d_impl(input, weight, bias, stride, padding, dilation, groups, eps, momentum, affine, track_running_stats):
TypeError: instance_norm() takes from 1 to 8 positional arguments but 10 were given

During handling of the above exception, another exception occurred:

Traceback (most recent call last):
  File "/data/results/lmstudio_prompt11_router_20260528-212821/call_acc/fused_instance_norm_selu_conv2d.py", line 69, in <module>
    test_results = test_fused_instance_norm_selu_conv2d()
                   ^^^^^^^^^^^^^^^^^^^^^^^^^^^^^^^^^^^^^^
  File "/data/results/lmstudio_prompt11_router_20260528-212821/call_acc/fused_instance_norm_selu_conv2d.py", line 59, in test_fused_instance_norm_selu_conv2d
    results["test_case_1"] = fused_instance_norm_selu_conv2d(input_tensor, weight_tensor)
                             ^^^^^^^^^^^^^^^^^^^^^^^^^^^^^^^^^^^^^^^^^^^^^^^^^^^^^^^^^^^^
  File "/data/results/lmstudio_prompt11_router_20260528-212821/call_acc/fused_instance_norm_selu_conv2d.py", line 36, in fused_instance_norm_selu_conv2d
    y = _fused_instance_norm_selu_conv2d_impl(input, weight, bias, stride, padding, dilation, groups, eps, momentum, affine, track_running_stats)
        ^^^^^^^^^^^^^^^^^^^^^^^^^^^^^^^^^^^^^^^^^^^^^^^^^^^^^^^^^^^^^^^^^^^^^^^^^^^^^^^^^^^^^^^^^^^^^^^^^^^^^^^^^^^^^^^^^^^^^^^^^^^^^^^^^^^^^^^^^
  File "/data/results/lmstudio_prompt11_router_20260528-212821/call_acc/fused_instance_norm_selu_conv2d.py", line 24, in _fused_instance_norm_selu_conv2d_impl
    x = F.instance_norm(x, None, None, None, None, True, eps, momentum, affine, track_running_stats)
        ^^^^^^^^^^^^^^^^^^^^^^^^^^^^^^^^^^^^^^^^^^^^^^^^^^^^^^^^^^^^^^^^^^^^^^^^^^^^^^^^^^^^^^^^^^^^
TypeError: instance_norm() takes from 1 to 8 positional arguments but 10 were given

=== Output for fused_fractional_max_pool2d_with_relu.py on GPU 0 ===

=== Errors for fused_fractional_max_pool2d_with_relu.py on GPU 0 ===

=== Output for chebyshev_polynomial_t.py on GPU 0 ===

=== Errors for chebyshev_polynomial_t.py on GPU 0 ===
Traceback (most recent call last):
  File "/data/results/lmstudio_prompt11_router_20260528-212821/call_acc/chebyshev_polynomial_t.py", line 89, in <module>
    test_results = test_chebyshev_polynomial_t()
                   ^^^^^^^^^^^^^^^^^^^^^^^^^^^^^
  File "/data/results/lmstudio_prompt11_router_20260528-212821/call_acc/chebyshev_polynomial_t.py", line 70, in test_chebyshev_polynomial_t
    results["test_case_1"] = chebyshev_polynomial_t(input_tensor_1, n_1)
                             ^^^^^^^^^^^^^^^^^^^^^^^^^^^^^^^^^^^^^^^^^^^
  File "/data/results/lmstudio_prompt11_router_20260528-212821/call_acc/chebyshev_polynomial_t.py", line 44, in chebyshev_polynomial_t
    n_val = n.item() if n.numel() == 1 else int(n)
                        ^^^^^^^
AttributeError: 'int' object has no attribute 'numel'

=== Output for logit.py on GPU 0 ===

=== Errors for logit.py on GPU 0 ===

=== Output for solve_symmetric_ldl.py on GPU 0 ===

=== Errors for solve_symmetric_ldl.py on GPU 0 ===
Traceback (most recent call last):
  File "/data/results/lmstudio_prompt11_router_20260528-212821/call_acc/solve_symmetric_ldl.py", line 72, in <module>
    test_results = test_solve_symmetric_ldl()
                   ^^^^^^^^^^^^^^^^^^^^^^^^^^
  File "/data/results/lmstudio_prompt11_router_20260528-212821/call_acc/solve_symmetric_ldl.py", line 45, in test_solve_symmetric_ldl
    results["test_case_2"] = solve_symmetric_ldl(A2, b2, hermitian=True)
                             ^^^^^^^^^^^^^^^^^^^^^^^^^^^^^^^^^^^^^^^^^^^
  File "/data/results/lmstudio_prompt11_router_20260528-212821/call_acc/solve_symmetric_ldl.py", line 22, in solve_symmetric_ldl
    y = torch.linalg.solve(A, b)
        ^^^^^^^^^^^^^^^^^^^^^^^^
RuntimeError: linalg.solve: Expected A and B to have the same dtype, but found A of type ComplexFloat and B of type Float instead

=== Output for exp_sqrt.py on GPU 0 ===

=== Errors for exp_sqrt.py on GPU 0 ===

=== Output for combined_activation.py on GPU 0 ===

=== Errors for combined_activation.py on GPU 0 ===

=== Output for scaled_add_dot.py on GPU 0 ===

=== Errors for scaled_add_dot.py on GPU 0 ===

=== Output for tensordot.py on GPU 0 ===

=== Errors for tensordot.py on GPU 0 ===

=== Output for qr.py on GPU 0 ===

=== Errors for qr.py on GPU 0 ===

=== Output for asin.py on GPU 0 ===

=== Errors for asin.py on GPU 0 ===

=== Output for fused_masked_select_add_gelu.py on GPU 0 ===

=== Errors for fused_masked_select_add_gelu.py on GPU 0 ===

=== Output for fused_pairwise_distance_adaptive_avg_pool2d.py on GPU 0 ===

=== Errors for fused_pairwise_distance_adaptive_avg_pool2d.py on GPU 0 ===

=== Output for add_mean.py on GPU 0 ===

=== Errors for add_mean.py on GPU 0 ===

=== Output for fused_layer_norm_relu_linear.py on GPU 0 ===

=== Errors for fused_layer_norm_relu_linear.py on GPU 0 ===
W0529 13:46:47.307000 1656 site-packages/torch/_inductor/utils.py:1048] [0/0_1] Not enough SMs to use max_autotune_gemm mode
Traceback (most recent call last):
  File "/data/results/lmstudio_prompt11_router_20260528-212821/call_acc/fused_layer_norm_relu_linear.py", line 54, in fused_layer_norm_relu_linear
    y = _fused_layer_norm_relu_linear_fast(
        ^^^^^^^^^^^^^^^^^^^^^^^^^^^^^^^^^^^
  File "/usr/local/lib/python3.12/site-packages/torch/_dynamo/eval_frame.py", line 465, in _fn
    return fn(*args, **kwargs)
           ^^^^^^^^^^^^^^^^^^^
  File "/data/results/lmstudio_prompt11_router_20260528-212821/call_acc/fused_layer_norm_relu_linear.py", line 23, in _fused_layer_norm_relu_linear_impl
    def _fused_layer_norm_relu_linear_impl(
  File "/usr/local/lib/python3.12/site-packages/torch/nn/functional.py", line 2900, in layer_norm
    return torch.layer_norm(
           ^^^^^^^^^^^^^^^^^
TypeError: layer_norm(): argument 'normalized_shape' (position 2) must be tuple of ints, not int

During handling of the above exception, another exception occurred:

Traceback (most recent call last):
  File "/data/results/lmstudio_prompt11_router_20260528-212821/call_acc/fused_layer_norm_relu_linear.py", line 103, in <module>
    test_results = test_fused_layer_norm_relu_linear()
                   ^^^^^^^^^^^^^^^^^^^^^^^^^^^^^^^^^^^
  File "/data/results/lmstudio_prompt11_router_20260528-212821/call_acc/fused_layer_norm_relu_linear.py", line 78, in test_fused_layer_norm_relu_linear
    results["test_case_1"] = fused_layer_norm_relu_linear(input1, weight1, bias1, normalized_shape1)
                             ^^^^^^^^^^^^^^^^^^^^^^^^^^^^^^^^^^^^^^^^^^^^^^^^^^^^^^^^^^^^^^^^^^^^^^^
  File "/data/results/lmstudio_prompt11_router_20260528-212821/call_acc/fused_layer_norm_relu_linear.py", line 58, in fused_layer_norm_relu_linear
    y = _fused_layer_norm_relu_linear_impl(
        ^^^^^^^^^^^^^^^^^^^^^^^^^^^^^^^^^^^
  File "/data/results/lmstudio_prompt11_router_20260528-212821/call_acc/fused_layer_norm_relu_linear.py", line 33, in _fused_layer_norm_relu_linear_impl
    y = F.layer_norm(y, normalized_shape, eps=eps)
        ^^^^^^^^^^^^^^^^^^^^^^^^^^^^^^^^^^^^^^^^^^
  File "/usr/local/lib/python3.12/site-packages/torch/nn/functional.py", line 2900, in layer_norm
    return torch.layer_norm(
           ^^^^^^^^^^^^^^^^^
TypeError: layer_norm(): argument 'normalized_shape' (position 2) must be tuple of ints, not int

=== Output for fused_add_mul_groupnorm.py on GPU 0 ===

=== Errors for fused_add_mul_groupnorm.py on GPU 0 ===

=== Output for SGD.py on GPU 0 ===

=== Errors for SGD.py on GPU 0 ===
Traceback (most recent call last):
  File "/data/results/lmstudio_prompt11_router_20260528-212821/call_acc/SGD.py", line 95, in <module>
    test_results = test_SGD()
                   ^^^^^^^^^^
  File "/data/results/lmstudio_prompt11_router_20260528-212821/call_acc/SGD.py", line 66, in test_SGD
    loss = SGD(model, input, target, loss_fn)
           ^^^^^^^^^^^^^^^^^^^^^^^^^^^^^^^^^^
  File "/data/results/lmstudio_prompt11_router_20260528-212821/call_acc/SGD.py", line 21, in SGD
    for p in params:
TypeError: 'SimpleModel' object is not iterable

=== Output for relu_batch_norm_conv2d.py on GPU 0 ===
Output tensor shape: torch.Size([4, 6, 32, 32])

=== Errors for relu_batch_norm_conv2d.py on GPU 0 ===

=== Output for conv2d.py on GPU 0 ===

=== Errors for conv2d.py on GPU 0 ===

=== Output for normalized_cosine_similarity.py on GPU 0 ===

=== Errors for normalized_cosine_similarity.py on GPU 0 ===

=== Output for fused_cholesky_solve.py on GPU 0 ===

=== Errors for fused_cholesky_solve.py on GPU 0 ===

=== Output for matmul.py on GPU 0 ===

=== Errors for matmul.py on GPU 0 ===

=== Output for fused_gather_masked_fill.py on GPU 0 ===

=== Errors for fused_gather_masked_fill.py on GPU 0 ===

=== Output for fused_cross_entropy_log_softmax.py on GPU 0 ===

=== Errors for fused_cross_entropy_log_softmax.py on GPU 0 ===
Traceback (most recent call last):
  File "/data/results/lmstudio_prompt11_router_20260528-212821/call_acc/fused_cross_entropy_log_softmax.py", line 58, in <module>
    test_results = test_fused_cross_entropy_log_softmax()
                   ^^^^^^^^^^^^^^^^^^^^^^^^^^^^^^^^^^^^^^
  File "/data/results/lmstudio_prompt11_router_20260528-212821/call_acc/fused_cross_entropy_log_softmax.py", line 38, in test_fused_cross_entropy_log_softmax
    results["test_case_1"] = fused_cross_entropy_log_softmax(input, target)
                             ^^^^^^^^^^^^^^^^^^^^^^^^^^^^^^^^^^^^^^^^^^^^^^
  File "/data/results/lmstudio_prompt11_router_20260528-212821/call_acc/fused_cross_entropy_log_softmax.py", line 23, in fused_cross_entropy_log_softmax
    return F.cross_entropy(input, target, weight=weight, ignore_index=ignore_index, reduction=reduction, label_smoothing=label_smoothing, dim=dim)
           ^^^^^^^^^^^^^^^^^^^^^^^^^^^^^^^^^^^^^^^^^^^^^^^^^^^^^^^^^^^^^^^^^^^^^^^^^^^^^^^^^^^^^^^^^^^^^^^^^^^^^^^^^^^^^^^^^^^^^^^^^^^^^^^^^^^^^^^
TypeError: cross_entropy() got an unexpected keyword argument 'dim'

=== Output for addmm.py on GPU 0 ===

=== Errors for addmm.py on GPU 0 ===

=== Output for fused_qr_solve.py on GPU 0 ===

=== Errors for fused_qr_solve.py on GPU 0 ===
Traceback (most recent call last):
  File "/data/results/lmstudio_prompt11_router_20260528-212821/call_acc/fused_qr_solve.py", line 55, in <module>
    test_results = test_fused_qr_solve()
                   ^^^^^^^^^^^^^^^^^^^^^
  File "/data/results/lmstudio_prompt11_router_20260528-212821/call_acc/fused_qr_solve.py", line 41, in test_fused_qr_solve
    results["test_case_2"] = fused_qr_solve(A2, b2)
                             ^^^^^^^^^^^^^^^^^^^^^^
  File "/data/results/lmstudio_prompt11_router_20260528-212821/call_acc/fused_qr_solve.py", line 22, in fused_qr_solve
    return torch.linalg.solve(A, b)
           ^^^^^^^^^^^^^^^^^^^^^^^^
RuntimeError: linalg.solve: A must be batches of square matrices, but they are 3 by 2 matrices

=== Output for sigmoid_adaptive_avg_pool2d.py on GPU 0 ===

=== Errors for sigmoid_adaptive_avg_pool2d.py on GPU 0 ===

=== Output for cos.py on GPU 0 ===

=== Errors for cos.py on GPU 0 ===

=== Output for fused_bmm_dropout_gelu.py on GPU 0 ===

=== Errors for fused_bmm_dropout_gelu.py on GPU 0 ===
W0529 13:48:06.855000 1816 site-packages/torch/_inductor/utils.py:1048] [0/0] Not enough SMs to use max_autotune_gemm mode

=== Output for trunc.py on GPU 0 ===

=== Errors for trunc.py on GPU 0 ===

=== Output for matrix_power_eig.py on GPU 0 ===

=== Errors for matrix_power_eig.py on GPU 0 ===
Traceback (most recent call last):
  File "/data/results/lmstudio_prompt11_router_20260528-212821/call_acc/matrix_power_eig.py", line 52, in <module>
    test_results = test_matrix_power_eig()
                   ^^^^^^^^^^^^^^^^^^^^^^^
  File "/data/results/lmstudio_prompt11_router_20260528-212821/call_acc/matrix_power_eig.py", line 43, in test_matrix_power_eig
    results["test_case_2"] = matrix_power_eig(A2, k2)
                             ^^^^^^^^^^^^^^^^^^^^^^^^
  File "/data/results/lmstudio_prompt11_router_20260528-212821/call_acc/matrix_power_eig.py", line 24, in matrix_power_eig
    return torch.matrix_power(A, k)
           ^^^^^^^^^^^^^^^^^^^^^^^^
TypeError: matrix_power(): argument 'n' (position 2) must be int, not float

=== Output for log_tanh.py on GPU 0 ===

=== Errors for log_tanh.py on GPU 0 ===
Traceback (most recent call last):
  File "/data/results/lmstudio_prompt11_router_20260528-212821/call_acc/log_tanh.py", line 80, in <module>
    test_results = test_log_tanh()
                   ^^^^^^^^^^^^^^^
  File "/data/results/lmstudio_prompt11_router_20260528-212821/call_acc/log_tanh.py", line 59, in test_log_tanh
    results["test_case_1"] = log_tanh(input1)
                             ^^^^^^^^^^^^^^^^
  File "/data/results/lmstudio_prompt11_router_20260528-212821/call_acc/log_tanh.py", line 35, in log_tanh
    _log_tanh_kernel[grid](input, out, n, BLOCK_SIZE=BLOCK_SIZE)
  File "/usr/local/lib/python3.12/site-packages/triton/runtime/jit.py", line 345, in <lambda>
    return lambda *args, **kwargs: self.run(grid=grid, warmup=False, *args, **kwargs)
                                   ^^^^^^^^^^^^^^^^^^^^^^^^^^^^^^^^^^^^^^^^^^^^^^^^^^
  File "/usr/local/lib/python3.12/site-packages/triton/runtime/jit.py", line 662, in run
    kernel = self.compile(
             ^^^^^^^^^^^^^
  File "/usr/local/lib/python3.12/site-packages/triton/compiler/compiler.py", line 240, in compile
    key = f"{triton_key()}-{src.hash()}-{backend.hash()}-{options.hash()}-{str(sorted(env_vars.items()))}"
                            ^^^^^^^^^^
  File "/usr/local/lib/python3.12/site-packages/triton/compiler/compiler.py", line 109, in hash
    key = f"{self.fn.cache_key}-{self.attrs.hash()}-{sorted_sig}-{sorted_constants}"
             ^^^^^^^^^^^^^^^^^
  File "/usr/local/lib/python3.12/site-packages/triton/runtime/jit.py", line 758, in cache_key
    dependencies_finder.visit(self.parse())
  File "/usr/local/lib/python3.12/ast.py", line 407, in visit
    return visitor(node)
           ^^^^^^^^^^^^^
  File "/usr/local/lib/python3.12/ast.py", line 415, in generic_visit
    self.visit(item)
  File "/usr/local/lib/python3.12/ast.py", line 407, in visit
    return visitor(node)
           ^^^^^^^^^^^^^
  File "/usr/local/lib/python3.12/site-packages/triton/runtime/jit.py", line 167, in visit_FunctionDef
    self.generic_visit(node)
  File "/usr/local/lib/python3.12/ast.py", line 415, in generic_visit
    self.visit(item)
  File "/usr/local/lib/python3.12/ast.py", line 407, in visit
    return visitor(node)
           ^^^^^^^^^^^^^
  File "/usr/local/lib/python3.12/site-packages/triton/runtime/jit.py", line 221, in visit_Assign
    self.generic_visit(node)
  File "/usr/local/lib/python3.12/ast.py", line 417, in generic_visit
    self.visit(value)
  File "/usr/local/lib/python3.12/ast.py", line 407, in visit
    return visitor(node)
           ^^^^^^^^^^^^^
  File "/usr/local/lib/python3.12/site-packages/triton/runtime/jit.py", line 127, in visit_Call
    func = self.visit(node.func)
           ^^^^^^^^^^^^^^^^^^^^^
  File "/usr/local/lib/python3.12/ast.py", line 407, in visit
    return visitor(node)
           ^^^^^^^^^^^^^
  File "/usr/local/lib/python3.12/site-packages/triton/runtime/jit.py", line 117, in visit_Attribute
    return getattr(lhs, node.attr)
           ^^^^^^^^^^^^^^^^^^^^^^^
AttributeError: module 'triton.language' has no attribute 'tanh'. Did you mean: 'trans'?

=== Output for exp.py on GPU 0 ===

=== Errors for exp.py on GPU 0 ===

=== Output for matrix_multiply_symmetric.py on GPU 0 ===

=== Errors for matrix_multiply_symmetric.py on GPU 0 ===

=== Output for fused_avg_pool2d_cosine_similarity.py on GPU 0 ===

=== Errors for fused_avg_pool2d_cosine_similarity.py on GPU 0 ===

=== Output for fused_hardshrink_dropout.py on GPU 0 ===

=== Errors for fused_hardshrink_dropout.py on GPU 0 ===

=== Output for erfc_sqrt.py on GPU 0 ===

=== Errors for erfc_sqrt.py on GPU 0 ===

=== Output for tensordot_rsqrt.py on GPU 0 ===

=== Errors for tensordot_rsqrt.py on GPU 0 ===

=== Output for softmax_log.py on GPU 0 ===

=== Errors for softmax_log.py on GPU 0 ===

=== Output for dropout_sigmoid_linear.py on GPU 0 ===

=== Errors for dropout_sigmoid_linear.py on GPU 0 ===
W0529 13:48:59.857000 1919 site-packages/torch/_inductor/utils.py:1048] [0/0] Not enough SMs to use max_autotune_gemm mode

=== Output for batch_norm.py on GPU 0 ===

=== Errors for batch_norm.py on GPU 0 ===

=== Output for gammaln.py on GPU 0 ===

=== Errors for gammaln.py on GPU 0 ===

=== Output for bitwise_and.py on GPU 0 ===

=== Errors for bitwise_and.py on GPU 0 ===

=== Output for sub_gelu.py on GPU 0 ===

=== Errors for sub_gelu.py on GPU 0 ===
Traceback (most recent call last):
  File "/data/results/lmstudio_prompt11_router_20260528-212821/call_acc/sub_gelu.py", line 74, in <module>
    test_results = test_sub_gelu()
                   ^^^^^^^^^^^^^^^
  File "/data/results/lmstudio_prompt11_router_20260528-212821/call_acc/sub_gelu.py", line 59, in test_sub_gelu
    results["test_case_1"] = sub_gelu(input_tensor, other_tensor)
                             ^^^^^^^^^^^^^^^^^^^^^^^^^^^^^^^^^^^^
  File "/data/results/lmstudio_prompt11_router_20260528-212821/call_acc/sub_gelu.py", line 40, in sub_gelu
    M, N = input.shape
    ^^^^
ValueError: not enough values to unpack (expected 2, got 1)

=== Output for gelu_std.py on GPU 0 ===

=== Errors for gelu_std.py on GPU 0 ===

=== Output for permute_copy.py on GPU 0 ===

=== Errors for permute_copy.py on GPU 0 ===

=== Output for softmax_mul.py on GPU 0 ===

=== Errors for softmax_mul.py on GPU 0 ===

=== Output for bitwise_and_binomial.py on GPU 0 ===

=== Errors for bitwise_and_binomial.py on GPU 0 ===
Traceback (most recent call last):
  File "/data/results/lmstudio_prompt11_router_20260528-212821/call_acc/bitwise_and_binomial.py", line 54, in <module>
    test_results = test_bitwise_and_binomial()
                   ^^^^^^^^^^^^^^^^^^^^^^^^^^^
  File "/data/results/lmstudio_prompt11_router_20260528-212821/call_acc/bitwise_and_binomial.py", line 39, in test_bitwise_and_binomial
    results["test_case_1"] = bitwise_and_binomial(input_tensor, other_tensor, total_count, probs=probs)
                             ^^^^^^^^^^^^^^^^^^^^^^^^^^^^^^^^^^^^^^^^^^^^^^^^^^^^^^^^^^^^^^^^^^^^^^^^^^
  File "/data/results/lmstudio_prompt11_router_20260528-212821/call_acc/bitwise_and_binomial.py", line 22, in bitwise_and_binomial
    return torch.binomial(torch.bitwise_and(input, other), probs=probs, logits=logits)
           ^^^^^^^^^^^^^^^^^^^^^^^^^^^^^^^^^^^^^^^^^^^^^^^^^^^^^^^^^^^^^^^^^^^^^^^^^^^
TypeError: binomial() missing 1 required positional arguments: "prob"

=== Output for rad2deg_sqrt.py on GPU 0 ===

=== Errors for rad2deg_sqrt.py on GPU 0 ===

=== Output for bessel_j1.py on GPU 0 ===

=== Errors for bessel_j1.py on GPU 0 ===

=== Output for lu.py on GPU 0 ===

=== Errors for lu.py on GPU 0 ===

Runner interrupted due to worker preemption. Your Function will be restarted with the same input. For more details, see https://modal.com/docs/guide/preemption

==========
== CUDA ==
==========

CUDA Version 12.4.1

Container image Copyright (c) 2016-2023, NVIDIA CORPORATION & AFFILIATES. All rights reserved.

This container image and its contents are governed by the NVIDIA Deep Learning Container License.
By pulling and using the container, you accept the terms and conditions of this license:
https://developer.nvidia.com/ngc/nvidia-deep-learning-container-license

A copy of this license is made available in this container at /NGC-DL-CONTAINER-LICENSE for your convenience.


======================================================================
=== Phase 1: call accuracy ===
======================================================================
instruction
=== Output for fused_bmm_rmsnorm_gelu_dropout_sub.py on GPU 0 ===

=== Errors for fused_bmm_rmsnorm_gelu_dropout_sub.py on GPU 0 ===
W0529 13:50:35.022000 27 site-packages/torch/_inductor/utils.py:1048] [0/0] Not enough SMs to use max_autotune_gemm mode

=== Output for div.py on GPU 0 ===

=== Errors for div.py on GPU 0 ===

=== Output for sigmoid_conv2d.py on GPU 0 ===

=== Errors for sigmoid_conv2d.py on GPU 0 ===
W0529 13:51:02.324000 143 site-packages/torch/_inductor/utils.py:1048] [0/0] Not enough SMs to use max_autotune_gemm mode

=== Output for solve_multiple_lu.py on GPU 0 ===

=== Errors for solve_multiple_lu.py on GPU 0 ===

=== Output for tanh.py on GPU 0 ===

=== Errors for tanh.py on GPU 0 ===

=== Output for relu_sqrt.py on GPU 0 ===

=== Errors for relu_sqrt.py on GPU 0 ===

=== Output for sqrt.py on GPU 0 ===

=== Errors for sqrt.py on GPU 0 ===

=== Output for sigmoid_argmax.py on GPU 0 ===

=== Errors for sigmoid_argmax.py on GPU 0 ===

=== Output for sub.py on GPU 0 ===

=== Errors for sub.py on GPU 0 ===

=== Output for grid_sample.py on GPU 0 ===

=== Errors for grid_sample.py on GPU 0 ===

=== Output for svd.py on GPU 0 ===

=== Errors for svd.py on GPU 0 ===

=== Output for i0.py on GPU 0 ===

=== Errors for i0.py on GPU 0 ===

=== Output for rsqrt.py on GPU 0 ===

=== Errors for rsqrt.py on GPU 0 ===

=== Output for dropout_relu_batch_norm_conv2d.py on GPU 0 ===

=== Errors for dropout_relu_batch_norm_conv2d.py on GPU 0 ===
W0529 13:52:39.823000 322 site-packages/torch/_inductor/utils.py:1048] [0/0] Not enough SMs to use max_autotune_gemm mode

=== Output for fused_mv_logsoftmax_dropout.py on GPU 0 ===

=== Errors for fused_mv_logsoftmax_dropout.py on GPU 0 ===

=== Output for add.py on GPU 0 ===

=== Errors for add.py on GPU 0 ===

=== Output for fused_silu_layer_norm_conv2d.py on GPU 0 ===

=== Errors for fused_silu_layer_norm_conv2d.py on GPU 0 ===

=== Output for fused_index_select_eq.py on GPU 0 ===

=== Errors for fused_index_select_eq.py on GPU 0 ===

=== Output for argmax.py on GPU 0 ===

=== Errors for argmax.py on GPU 0 ===

=== Output for fused_lu_solve.py on GPU 0 ===

=== Errors for fused_lu_solve.py on GPU 0 ===

=== Output for normalize_pairwise_distance.py on GPU 0 ===

=== Errors for normalize_pairwise_distance.py on GPU 0 ===

=== Output for max.py on GPU 0 ===

=== Errors for max.py on GPU 0 ===

=== Output for log_softmax_linear.py on GPU 0 ===

=== Errors for log_softmax_linear.py on GPU 0 ===
W0529 13:54:06.209000 482 site-packages/torch/_inductor/utils.py:1048] [0/0] Not enough SMs to use max_autotune_gemm mode
AUTOTUNE addmm(2x2, 2x2, 2x2)
  bias_addmm 0.0077 ms 100.0% 
  addmm 0.0122 ms 62.8% 
SingleProcess AUTOTUNE benchmarking takes 0.2498 seconds and 0.0001 seconds precompiling
W0529 13:54:10.120000 482 site-packages/torch/_dynamo/convert_frame.py:1125] WON'T CONVERT _log_softmax_linear_impl /data/results/lmstudio_prompt11_router_20260528-212821/call_acc/log_softmax_linear.py line 21 
W0529 13:54:10.120000 482 site-packages/torch/_dynamo/convert_frame.py:1125] due to: 
W0529 13:54:10.120000 482 site-packages/torch/_dynamo/convert_frame.py:1125] Traceback (most recent call last):
W0529 13:54:10.120000 482 site-packages/torch/_dynamo/convert_frame.py:1125]   File "/usr/local/lib/python3.12/site-packages/torch/_dynamo/output_graph.py", line 1446, in _call_user_compiler
W0529 13:54:10.120000 482 site-packages/torch/_dynamo/convert_frame.py:1125]     compiled_fn = compiler_fn(gm, self.example_inputs())
W0529 13:54:10.120000 482 site-packages/torch/_dynamo/convert_frame.py:1125]                   ^^^^^^^^^^^^^^^^^^^^^^^^^^^^^^^^^^^^^^
W0529 13:54:10.120000 482 site-packages/torch/_dynamo/convert_frame.py:1125]   File "/usr/local/lib/python3.12/site-packages/torch/_dynamo/repro/after_dynamo.py", line 129, in __call__
W0529 13:54:10.120000 482 site-packages/torch/_dynamo/convert_frame.py:1125]     compiled_gm = compiler_fn(gm, example_inputs)
W0529 13:54:10.120000 482 site-packages/torch/_dynamo/convert_frame.py:1125]                   ^^^^^^^^^^^^^^^^^^^^^^^^^^^^^^^
W0529 13:54:10.120000 482 site-packages/torch/_dynamo/convert_frame.py:1125]   File "/usr/local/lib/python3.12/site-packages/torch/__init__.py", line 2234, in __call__
W0529 13:54:10.120000 482 site-packages/torch/_dynamo/convert_frame.py:1125]     return compile_fx(model_, inputs_, config_patches=self.config)
W0529 13:54:10.120000 482 site-packages/torch/_dynamo/convert_frame.py:1125]            ^^^^^^^^^^^^^^^^^^^^^^^^^^^^^^^^^^^^^^^^^^^^^^^^^^^^^^^
W0529 13:54:10.120000 482 site-packages/torch/_dynamo/convert_frame.py:1125]   File "/usr/local/lib/python3.12/site-packages/torch/_inductor/compile_fx.py", line 1253, in compile_fx
W0529 13:54:10.120000 482 site-packages/torch/_dynamo/convert_frame.py:1125]     return compile_fx(
W0529 13:54:10.120000 482 site-packages/torch/_dynamo/convert_frame.py:1125]            ^^^^^^^^^^^
W0529 13:54:10.120000 482 site-packages/torch/_dynamo/convert_frame.py:1125]   File "/usr/local/lib/python3.12/site-packages/torch/_inductor/compile_fx.py", line 1521, in compile_fx
W0529 13:54:10.120000 482 site-packages/torch/_dynamo/convert_frame.py:1125]     return aot_autograd(
W0529 13:54:10.120000 482 site-packages/torch/_dynamo/convert_frame.py:1125]            ^^^^^^^^^^^^^
W0529 13:54:10.120000 482 site-packages/torch/_dynamo/convert_frame.py:1125]   File "/usr/local/lib/python3.12/site-packages/torch/_dynamo/backends/common.py", line 72, in __call__
W0529 13:54:10.120000 482 site-packages/torch/_dynamo/convert_frame.py:1125]     cg = aot_module_simplified(gm, example_inputs, **self.kwargs)
W0529 13:54:10.120000 482 site-packages/torch/_dynamo/convert_frame.py:1125]          ^^^^^^^^^^^^^^^^^^^^^^^^^^^^^^^^^^^^^^^^^^^^^^^^^^^^^^^^
W0529 13:54:10.120000 482 site-packages/torch/_dynamo/convert_frame.py:1125]   File "/usr/local/lib/python3.12/site-packages/torch/_functorch/aot_autograd.py", line 1071, in aot_module_simplified
W0529 13:54:10.120000 482 site-packages/torch/_dynamo/convert_frame.py:1125]     compiled_fn = dispatch_and_compile()
W0529 13:54:10.120000 482 site-packages/torch/_dynamo/convert_frame.py:1125]                   ^^^^^^^^^^^^^^^^^^^^^^
W0529 13:54:10.120000 482 site-packages/torch/_dynamo/convert_frame.py:1125]   File "/usr/local/lib/python3.12/site-packages/torch/_functorch/aot_autograd.py", line 1056, in dispatch_and_compile
W0529 13:54:10.120000 482 site-packages/torch/_dynamo/convert_frame.py:1125]     compiled_fn, _ = create_aot_dispatcher_function(
W0529 13:54:10.120000 482 site-packages/torch/_dynamo/convert_frame.py:1125]                      ^^^^^^^^^^^^^^^^^^^^^^^^^^^^^^^
W0529 13:54:10.120000 482 site-packages/torch/_dynamo/convert_frame.py:1125]   File "/usr/local/lib/python3.12/site-packages/torch/_functorch/aot_autograd.py", line 522, in create_aot_dispatcher_function
W0529 13:54:10.120000 482 site-packages/torch/_dynamo/convert_frame.py:1125]     return _create_aot_dispatcher_function(
W0529 13:54:10.120000 482 site-packages/torch/_dynamo/convert_frame.py:1125]            ^^^^^^^^^^^^^^^^^^^^^^^^^^^^^^^^
W0529 13:54:10.120000 482 site-packages/torch/_dynamo/convert_frame.py:1125]   File "/usr/local/lib/python3.12/site-packages/torch/_functorch/aot_autograd.py", line 759, in _create_aot_dispatcher_function
W0529 13:54:10.120000 482 site-packages/torch/_dynamo/convert_frame.py:1125]     compiled_fn, fw_metadata = compiler_fn(
W0529 13:54:10.120000 482 site-packages/torch/_dynamo/convert_frame.py:1125]                                ^^^^^^^^^^^^
W0529 13:54:10.120000 482 site-packages/torch/_dynamo/convert_frame.py:1125]   File "/usr/local/lib/python3.12/site-packages/torch/_functorch/_aot_autograd/jit_compile_runtime_wrappers.py", line 179, in aot_dispatch_base
W0529 13:54:10.120000 482 site-packages/torch/_dynamo/convert_frame.py:1125]     compiled_fw = compiler(fw_module, updated_flat_args)
W0529 13:54:10.120000 482 site-packages/torch/_dynamo/convert_frame.py:1125]                   ^^^^^^^^^^^^^^^^^^^^^^^^^^^^^^^^^^^^^^
W0529 13:54:10.120000 482 site-packages/torch/_dynamo/convert_frame.py:1125]   File "/usr/local/lib/python3.12/site-packages/torch/_inductor/compile_fx.py", line 1350, in fw_compiler_base
W0529 13:54:10.120000 482 site-packages/torch/_dynamo/convert_frame.py:1125]     return _fw_compiler_base(model, example_inputs, is_inference)
W0529 13:54:10.120000 482 site-packages/torch/_dynamo/convert_frame.py:1125]            ^^^^^^^^^^^^^^^^^^^^^^^^^^^^^^^^^^^^^^^^^^^^^^^^^^^^^^
W0529 13:54:10.120000 482 site-packages/torch/_dynamo/convert_frame.py:1125]   File "/usr/local/lib/python3.12/site-packages/torch/_inductor/compile_fx.py", line 1359, in _fw_compiler_base
W0529 13:54:10.120000 482 site-packages/torch/_dynamo/convert_frame.py:1125]     _recursive_joint_graph_passes(model)
W0529 13:54:10.120000 482 site-packages/torch/_dynamo/convert_frame.py:1125]   File "/usr/local/lib/python3.12/site-packages/torch/_inductor/compile_fx.py", line 281, in _recursive_joint_graph_passes
W0529 13:54:10.120000 482 site-packages/torch/_dynamo/convert_frame.py:1125]     joint_graph_passes(gm)
W0529 13:54:10.120000 482 site-packages/torch/_dynamo/convert_frame.py:1125]   File "/usr/local/lib/python3.12/site-packages/torch/_inductor/fx_passes/joint_graph.py", line 460, in joint_graph_passes
W0529 13:54:10.120000 482 site-packages/torch/_dynamo/convert_frame.py:1125]     count += patterns.apply(graph.graph)  # type: ignore[arg-type]
W0529 13:54:10.120000 482 site-packages/torch/_dynamo/convert_frame.py:1125]              ^^^^^^^^^^^^^^^^^^^^^^^^^^^
W0529 13:54:10.120000 482 site-packages/torch/_dynamo/convert_frame.py:1125]   File "/usr/local/lib/python3.12/site-packages/torch/_inductor/pattern_matcher.py", line 1729, in apply
W0529 13:54:10.120000 482 site-packages/torch/_dynamo/convert_frame.py:1125]     if is_match(m) and entry.extra_check(m):
W0529 13:54:10.120000 482 site-packages/torch/_dynamo/convert_frame.py:1125]                        ^^^^^^^^^^^^^^^^^^^^
W0529 13:54:10.120000 482 site-packages/torch/_dynamo/convert_frame.py:1125]   File "/usr/local/lib/python3.12/site-packages/torch/_inductor/pattern_matcher.py", line 1331, in check_fn
W0529 13:54:10.120000 482 site-packages/torch/_dynamo/convert_frame.py:1125]     if is_match(specific_pattern_match) and extra_check(specific_pattern_match):
W0529 13:54:10.120000 482 site-packages/torch/_dynamo/convert_frame.py:1125]                                             ^^^^^^^^^^^^^^^^^^^^^^^^^^^^^^^^^^^
W0529 13:54:10.120000 482 site-packages/torch/_dynamo/convert_frame.py:1125]   File "/usr/local/lib/python3.12/site-packages/torch/_inductor/fx_passes/pad_mm.py", line 146, in should_pad_addmm
W0529 13:54:10.120000 482 site-packages/torch/_dynamo/convert_frame.py:1125]     return should_pad_common(mat1, mat2, input) and should_pad_bench(
W0529 13:54:10.120000 482 site-packages/torch/_dynamo/convert_frame.py:1125]                                                     ^^^^^^^^^^^^^^^^^
W0529 13:54:10.120000 482 site-packages/torch/_dynamo/convert_frame.py:1125]   File "/usr/local/lib/python3.12/site-packages/torch/_inductor/fx_passes/pad_mm.py", line 566, in should_pad_bench
W0529 13:54:10.120000 482 site-packages/torch/_dynamo/convert_frame.py:1125]     ori_time = do_bench(orig_bench_fn)
W0529 13:54:10.120000 482 site-packages/torch/_dynamo/convert_frame.py:1125]                ^^^^^^^^^^^^^^^^^^^^^^^
W0529 13:54:10.120000 482 site-packages/torch/_dynamo/convert_frame.py:1125]   File "/usr/local/lib/python3.12/site-packages/torch/_inductor/runtime/benchmarking.py", line 66, in wrapper
W0529 13:54:10.120000 482 site-packages/torch/_dynamo/convert_frame.py:1125]     return fn(self, *args, **kwargs)
W0529 13:54:10.120000 482 site-packages/torch/_dynamo/convert_frame.py:1125]            ^^^^^^^^^^^^^^^^^^^^^^^^^
W0529 13:54:10.120000 482 site-packages/torch/_dynamo/convert_frame.py:1125]   File "/usr/local/lib/python3.12/site-packages/torch/_inductor/runtime/benchmarking.py", line 201, in benchmark_gpu
W0529 13:54:10.120000 482 site-packages/torch/_dynamo/convert_frame.py:1125]     return self.triton_do_bench(_callable, **kwargs, return_mode="median")
W0529 13:54:10.120000 482 site-packages/torch/_dynamo/convert_frame.py:1125]            ^^^^^^^^^^^^^^^^^^^^^^^^^^^^^^^^^^^^^^^^^^^^^^^^^^^^^^^^^^^^^^^
W0529 13:54:10.120000 482 site-packages/torch/_dynamo/convert_frame.py:1125]   File "/usr/local/lib/python3.12/site-packages/triton/testing.py", line 106, in do_bench
W0529 13:54:10.120000 482 site-packages/torch/_dynamo/convert_frame.py:1125]     fn()
W0529 13:54:10.120000 482 site-packages/torch/_dynamo/convert_frame.py:1125]   File "/usr/local/lib/python3.12/site-packages/torch/_inductor/fx_passes/pad_mm.py", line 537, in orig_bench_fn
W0529 13:54:10.120000 482 site-packages/torch/_dynamo/convert_frame.py:1125]     op(input, mat1, mat2)
W0529 13:54:10.120000 482 site-packages/torch/_dynamo/convert_frame.py:1125]   File "/usr/local/lib/python3.12/site-packages/torch/_ops.py", line 1116, in __call__
W0529 13:54:10.120000 482 site-packages/torch/_dynamo/convert_frame.py:1125]     return self._op(*args, **(kwargs or {}))
W0529 13:54:10.120000 482 site-packages/torch/_dynamo/convert_frame.py:1125]            ^^^^^^^^^^^^^^^^^^^^^^^^^^^^^^^^^
W0529 13:54:10.120000 482 site-packages/torch/_dynamo/convert_frame.py:1125] RuntimeError: mat1 and mat2 must have the same dtype, but got Double and Float
W0529 13:54:10.120000 482 site-packages/torch/_dynamo/convert_frame.py:1125] 
W0529 13:54:10.120000 482 site-packages/torch/_dynamo/convert_frame.py:1125] The above exception was the direct cause of the following exception:
W0529 13:54:10.120000 482 site-packages/torch/_dynamo/convert_frame.py:1125] 
W0529 13:54:10.120000 482 site-packages/torch/_dynamo/convert_frame.py:1125] Traceback (most recent call last):
W0529 13:54:10.120000 482 site-packages/torch/_dynamo/convert_frame.py:1125]   File "/usr/local/lib/python3.12/site-packages/torch/_dynamo/convert_frame.py", line 1064, in __call__
W0529 13:54:10.120000 482 site-packages/torch/_dynamo/convert_frame.py:1125]     result = self._inner_convert(
W0529 13:54:10.120000 482 site-packages/torch/_dynamo/convert_frame.py:1125]              ^^^^^^^^^^^^^^^^^^^^
W0529 13:54:10.120000 482 site-packages/torch/_dynamo/convert_frame.py:1125]   File "/usr/local/lib/python3.12/site-packages/torch/_dynamo/convert_frame.py", line 526, in __call__
W0529 13:54:10.120000 482 site-packages/torch/_dynamo/convert_frame.py:1125]     return _compile(
W0529 13:54:10.120000 482 site-packages/torch/_dynamo/convert_frame.py:1125]            ^^^^^^^^^
W0529 13:54:10.120000 482 site-packages/torch/_dynamo/convert_frame.py:1125]   File "/usr/local/lib/python3.12/site-packages/torch/_dynamo/convert_frame.py", line 924, in _compile
W0529 13:54:10.120000 482 site-packages/torch/_dynamo/convert_frame.py:1125]     guarded_code = compile_inner(code, one_graph, hooks, transform)
W0529 13:54:10.120000 482 site-packages/torch/_dynamo/convert_frame.py:1125]                    ^^^^^^^^^^^^^^^^^^^^^^^^^^^^^^^^^^^^^^^^^^^^^^^^
W0529 13:54:10.120000 482 site-packages/torch/_dynamo/convert_frame.py:1125]   File "/usr/local/lib/python3.12/site-packages/torch/_dynamo/convert_frame.py", line 666, in compile_inner
W0529 13:54:10.120000 482 site-packages/torch/_dynamo/convert_frame.py:1125]     return _compile_inner(code, one_graph, hooks, transform)
W0529 13:54:10.120000 482 site-packages/torch/_dynamo/convert_frame.py:1125]            ^^^^^^^^^^^^^^^^^^^^^^^^^^^^^^^^^^^^^^^^^^^^^^^^^
W0529 13:54:10.120000 482 site-packages/torch/_dynamo/convert_frame.py:1125]   File "/usr/local/lib/python3.12/site-packages/torch/_utils_internal.py", line 87, in wrapper_function
W0529 13:54:10.120000 482 site-packages/torch/_dynamo/convert_frame.py:1125]     return function(*args, **kwargs)
W0529 13:54:10.120000 482 site-packages/torch/_dynamo/convert_frame.py:1125]            ^^^^^^^^^^^^^^^^^^^^^^^^^
W0529 13:54:10.120000 482 site-packages/torch/_dynamo/convert_frame.py:1125]   File "/usr/local/lib/python3.12/site-packages/torch/_dynamo/convert_frame.py", line 699, in _compile_inner
W0529 13:54:10.120000 482 site-packages/torch/_dynamo/convert_frame.py:1125]     out_code = transform_code_object(code, transform)
W0529 13:54:10.120000 482 site-packages/torch/_dynamo/convert_frame.py:1125]                ^^^^^^^^^^^^^^^^^^^^^^^^^^^^^^^^^^^^^^
W0529 13:54:10.120000 482 site-packages/torch/_dynamo/convert_frame.py:1125]   File "/usr/local/lib/python3.12/site-packages/torch/_dynamo/bytecode_transformation.py", line 1322, in transform_code_object
W0529 13:54:10.120000 482 site-packages/torch/_dynamo/convert_frame.py:1125]     transformations(instructions, code_options)
W0529 13:54:10.120000 482 site-packages/torch/_dynamo/convert_frame.py:1125]   File "/usr/local/lib/python3.12/site-packages/torch/_dynamo/convert_frame.py", line 219, in _fn
W0529 13:54:10.120000 482 site-packages/torch/_dynamo/convert_frame.py:1125]     return fn(*args, **kwargs)
W0529 13:54:10.120000 482 site-packages/torch/_dynamo/convert_frame.py:1125]            ^^^^^^^^^^^^^^^^^^^
W0529 13:54:10.120000 482 site-packages/torch/_dynamo/convert_frame.py:1125]   File "/usr/local/lib/python3.12/site-packages/torch/_dynamo/convert_frame.py", line 634, in transform
W0529 13:54:10.120000 482 site-packages/torch/_dynamo/convert_frame.py:1125]     tracer.run()
W0529 13:54:10.120000 482 site-packages/torch/_dynamo/convert_frame.py:1125]   File "/usr/local/lib/python3.12/site-packages/torch/_dynamo/symbolic_convert.py", line 2796, in run
W0529 13:54:10.120000 482 site-packages/torch/_dynamo/convert_frame.py:1125]     super().run()
W0529 13:54:10.120000 482 site-packages/torch/_dynamo/convert_frame.py:1125]   File "/usr/local/lib/python3.12/site-packages/torch/_dynamo/symbolic_convert.py", line 983, in run
W0529 13:54:10.120000 482 site-packages/torch/_dynamo/convert_frame.py:1125]     while self.step():
W0529 13:54:10.120000 482 site-packages/torch/_dynamo/convert_frame.py:1125]           ^^^^^^^^^^^
W0529 13:54:10.120000 482 site-packages/torch/_dynamo/convert_frame.py:1125]   File "/usr/local/lib/python3.12/site-packages/torch/_dynamo/symbolic_convert.py", line 895, in step
W0529 13:54:10.120000 482 site-packages/torch/_dynamo/convert_frame.py:1125]     self.dispatch_table[inst.opcode](self, inst)
W0529 13:54:10.120000 482 site-packages/torch/_dynamo/convert_frame.py:1125]   File "/usr/local/lib/python3.12/site-packages/torch/_dynamo/symbolic_convert.py", line 2987, in RETURN_VALUE
W0529 13:54:10.120000 482 site-packages/torch/_dynamo/convert_frame.py:1125]     self._return(inst)
W0529 13:54:10.120000 482 site-packages/torch/_dynamo/convert_frame.py:1125]   File "/usr/local/lib/python3.12/site-packages/torch/_dynamo/symbolic_convert.py", line 2972, in _return
W0529 13:54:10.120000 482 site-packages/torch/_dynamo/convert_frame.py:1125]     self.output.compile_subgraph(
W0529 13:54:10.120000 482 site-packages/torch/_dynamo/convert_frame.py:1125]   File "/usr/local/lib/python3.12/site-packages/torch/_dynamo/output_graph.py", line 1117, in compile_subgraph
W0529 13:54:10.120000 482 site-packages/torch/_dynamo/convert_frame.py:1125]     self.compile_and_call_fx_graph(tx, list(reversed(stack_values)), root)
W0529 13:54:10.120000 482 site-packages/torch/_dynamo/convert_frame.py:1125]   File "/usr/local/lib/python3.12/site-packages/torch/_dynamo/output_graph.py", line 1369, in compile_and_call_fx_graph
W0529 13:54:10.120000 482 site-packages/torch/_dynamo/convert_frame.py:1125]     compiled_fn = self.call_user_compiler(gm)
W0529 13:54:10.120000 482 site-packages/torch/_dynamo/convert_frame.py:1125]                   ^^^^^^^^^^^^^^^^^^^^^^^^^^^
W0529 13:54:10.120000 482 site-packages/torch/_dynamo/convert_frame.py:1125]   File "/usr/local/lib/python3.12/site-packages/torch/_dynamo/output_graph.py", line 1416, in call_user_compiler
W0529 13:54:10.120000 482 site-packages/torch/_dynamo/convert_frame.py:1125]     return self._call_user_compiler(gm)
W0529 13:54:10.120000 482 site-packages/torch/_dynamo/convert_frame.py:1125]            ^^^^^^^^^^^^^^^^^^^^^^^^^^^^
W0529 13:54:10.120000 482 site-packages/torch/_dynamo/convert_frame.py:1125]   File "/usr/local/lib/python3.12/site-packages/torch/_dynamo/output_graph.py", line 1465, in _call_user_compiler
W0529 13:54:10.120000 482 site-packages/torch/_dynamo/convert_frame.py:1125]     raise BackendCompilerFailed(self.compiler_fn, e) from e
W0529 13:54:10.120000 482 site-packages/torch/_dynamo/convert_frame.py:1125] torch._dynamo.exc.BackendCompilerFailed: backend='inductor' raised:
W0529 13:54:10.120000 482 site-packages/torch/_dynamo/convert_frame.py:1125] RuntimeError: mat1 and mat2 must have the same dtype, but got Double and Float
W0529 13:54:10.120000 482 site-packages/torch/_dynamo/convert_frame.py:1125] 
W0529 13:54:10.120000 482 site-packages/torch/_dynamo/convert_frame.py:1125] Set TORCH_LOGS="+dynamo" and TORCHDYNAMO_VERBOSE=1 for more information
W0529 13:54:10.120000 482 site-packages/torch/_dynamo/convert_frame.py:1125] 
W0529 13:54:10.120000 482 site-packages/torch/_dynamo/convert_frame.py:1125] Traceback (most recent call last):
W0529 13:54:10.120000 482 site-packages/torch/_dynamo/convert_frame.py:1125]   File "/usr/local/lib/python3.12/site-packages/torch/_dynamo/output_graph.py", line 1446, in _call_user_compiler
W0529 13:54:10.120000 482 site-packages/torch/_dynamo/convert_frame.py:1125]     compiled_fn = compiler_fn(gm, self.example_inputs())
W0529 13:54:10.120000 482 site-packages/torch/_dynamo/convert_frame.py:1125]                   ^^^^^^^^^^^^^^^^^^^^^^^^^^^^^^^^^^^^^^
W0529 13:54:10.120000 482 site-packages/torch/_dynamo/convert_frame.py:1125]   File "/usr/local/lib/python3.12/site-packages/torch/_dynamo/repro/after_dynamo.py", line 129, in __call__
W0529 13:54:10.120000 482 site-packages/torch/_dynamo/convert_frame.py:1125]     compiled_gm = compiler_fn(gm, example_inputs)
W0529 13:54:10.120000 482 site-packages/torch/_dynamo/convert_frame.py:1125]                   ^^^^^^^^^^^^^^^^^^^^^^^^^^^^^^^
W0529 13:54:10.120000 482 site-packages/torch/_dynamo/convert_frame.py:1125]   File "/usr/local/lib/python3.12/site-packages/torch/__init__.py", line 2234, in __call__
W0529 13:54:10.120000 482 site-packages/torch/_dynamo/convert_frame.py:1125]     return compile_fx(model_, inputs_, config_patches=self.config)
W0529 13:54:10.120000 482 site-packages/torch/_dynamo/convert_frame.py:1125]            ^^^^^^^^^^^^^^^^^^^^^^^^^^^^^^^^^^^^^^^^^^^^^^^^^^^^^^^
W0529 13:54:10.120000 482 site-packages/torch/_dynamo/convert_frame.py:1125]   File "/usr/local/lib/python3.12/site-packages/torch/_inductor/compile_fx.py", line 1253, in compile_fx
W0529 13:54:10.120000 482 site-packages/torch/_dynamo/convert_frame.py:1125]     return compile_fx(
W0529 13:54:10.120000 482 site-packages/torch/_dynamo/convert_frame.py:1125]            ^^^^^^^^^^^
W0529 13:54:10.120000 482 site-packages/torch/_dynamo/convert_frame.py:1125]   File "/usr/local/lib/python3.12/site-packages/torch/_inductor/compile_fx.py", line 1521, in compile_fx
W0529 13:54:10.120000 482 site-packages/torch/_dynamo/convert_frame.py:1125]     return aot_autograd(
W0529 13:54:10.120000 482 site-packages/torch/_dynamo/convert_frame.py:1125]            ^^^^^^^^^^^^^
W0529 13:54:10.120000 482 site-packages/torch/_dynamo/convert_frame.py:1125]   File "/usr/local/lib/python3.12/site-packages/torch/_dynamo/backends/common.py", line 72, in __call__
W0529 13:54:10.120000 482 site-packages/torch/_dynamo/convert_frame.py:1125]     cg = aot_module_simplified(gm, example_inputs, **self.kwargs)
W0529 13:54:10.120000 482 site-packages/torch/_dynamo/convert_frame.py:1125]          ^^^^^^^^^^^^^^^^^^^^^^^^^^^^^^^^^^^^^^^^^^^^^^^^^^^^^^^^
W0529 13:54:10.120000 482 site-packages/torch/_dynamo/convert_frame.py:1125]   File "/usr/local/lib/python3.12/site-packages/torch/_functorch/aot_autograd.py", line 1071, in aot_module_simplified
W0529 13:54:10.120000 482 site-packages/torch/_dynamo/convert_frame.py:1125]     compiled_fn = dispatch_and_compile()
W0529 13:54:10.120000 482 site-packages/torch/_dynamo/convert_frame.py:1125]                   ^^^^^^^^^^^^^^^^^^^^^^
W0529 13:54:10.120000 482 site-packages/torch/_dynamo/convert_frame.py:1125]   File "/usr/local/lib/python3.12/site-packages/torch/_functorch/aot_autograd.py", line 1056, in dispatch_and_compile
W0529 13:54:10.120000 482 site-packages/torch/_dynamo/convert_frame.py:1125]     compiled_fn, _ = create_aot_dispatcher_function(
W0529 13:54:10.120000 482 site-packages/torch/_dynamo/convert_frame.py:1125]                      ^^^^^^^^^^^^^^^^^^^^^^^^^^^^^^^
W0529 13:54:10.120000 482 site-packages/torch/_dynamo/convert_frame.py:1125]   File "/usr/local/lib/python3.12/site-packages/torch/_functorch/aot_autograd.py", line 522, in create_aot_dispatcher_function
W0529 13:54:10.120000 482 site-packages/torch/_dynamo/convert_frame.py:1125]     return _create_aot_dispatcher_function(
W0529 13:54:10.120000 482 site-packages/torch/_dynamo/convert_frame.py:1125]            ^^^^^^^^^^^^^^^^^^^^^^^^^^^^^^^^
W0529 13:54:10.120000 482 site-packages/torch/_dynamo/convert_frame.py:1125]   File "/usr/local/lib/python3.12/site-packages/torch/_functorch/aot_autograd.py", line 759, in _create_aot_dispatcher_function
W0529 13:54:10.120000 482 site-packages/torch/_dynamo/convert_frame.py:1125]     compiled_fn, fw_metadata = compiler_fn(
W0529 13:54:10.120000 482 site-packages/torch/_dynamo/convert_frame.py:1125]                                ^^^^^^^^^^^^
W0529 13:54:10.120000 482 site-packages/torch/_dynamo/convert_frame.py:1125]   File "/usr/local/lib/python3.12/site-packages/torch/_functorch/_aot_autograd/jit_compile_runtime_wrappers.py", line 179, in aot_dispatch_base
W0529 13:54:10.120000 482 site-packages/torch/_dynamo/convert_frame.py:1125]     compiled_fw = compiler(fw_module, updated_flat_args)
W0529 13:54:10.120000 482 site-packages/torch/_dynamo/convert_frame.py:1125]                   ^^^^^^^^^^^^^^^^^^^^^^^^^^^^^^^^^^^^^^
W0529 13:54:10.120000 482 site-packages/torch/_dynamo/convert_frame.py:1125]   File "/usr/local/lib/python3.12/site-packages/torch/_inductor/compile_fx.py", line 1350, in fw_compiler_base
W0529 13:54:10.120000 482 site-packages/torch/_dynamo/convert_frame.py:1125]     return _fw_compiler_base(model, example_inputs, is_inference)
W0529 13:54:10.120000 482 site-packages/torch/_dynamo/convert_frame.py:1125]            ^^^^^^^^^^^^^^^^^^^^^^^^^^^^^^^^^^^^^^^^^^^^^^^^^^^^^^
W0529 13:54:10.120000 482 site-packages/torch/_dynamo/convert_frame.py:1125]   File "/usr/local/lib/python3.12/site-packages/torch/_inductor/compile_fx.py", line 1359, in _fw_compiler_base
W0529 13:54:10.120000 482 site-packages/torch/_dynamo/convert_frame.py:1125]     _recursive_joint_graph_passes(model)
W0529 13:54:10.120000 482 site-packages/torch/_dynamo/convert_frame.py:1125]   File "/usr/local/lib/python3.12/site-packages/torch/_inductor/compile_fx.py", line 281, in _recursive_joint_graph_passes
W0529 13:54:10.120000 482 site-packages/torch/_dynamo/convert_frame.py:1125]     joint_graph_passes(gm)
W0529 13:54:10.120000 482 site-packages/torch/_dynamo/convert_frame.py:1125]   File "/usr/local/lib/python3.12/site-packages/torch/_inductor/fx_passes/joint_graph.py", line 460, in joint_graph_passes
W0529 13:54:10.120000 482 site-packages/torch/_dynamo/convert_frame.py:1125]     count += patterns.apply(graph.graph)  # type: ignore[arg-type]
W0529 13:54:10.120000 482 site-packages/torch/_dynamo/convert_frame.py:1125]              ^^^^^^^^^^^^^^^^^^^^^^^^^^^
W0529 13:54:10.120000 482 site-packages/torch/_dynamo/convert_frame.py:1125]   File "/usr/local/lib/python3.12/site-packages/torch/_inductor/pattern_matcher.py", line 1729, in apply
W0529 13:54:10.120000 482 site-packages/torch/_dynamo/convert_frame.py:1125]     if is_match(m) and entry.extra_check(m):
W0529 13:54:10.120000 482 site-packages/torch/_dynamo/convert_frame.py:1125]                        ^^^^^^^^^^^^^^^^^^^^
W0529 13:54:10.120000 482 site-packages/torch/_dynamo/convert_frame.py:1125]   File "/usr/local/lib/python3.12/site-packages/torch/_inductor/pattern_matcher.py", line 1331, in check_fn
W0529 13:54:10.120000 482 site-packages/torch/_dynamo/convert_frame.py:1125]     if is_match(specific_pattern_match) and extra_check(specific_pattern_match):
W0529 13:54:10.120000 482 site-packages/torch/_dynamo/convert_frame.py:1125]                                             ^^^^^^^^^^^^^^^^^^^^^^^^^^^^^^^^^^^
W0529 13:54:10.120000 482 site-packages/torch/_dynamo/convert_frame.py:1125]   File "/usr/local/lib/python3.12/site-packages/torch/_inductor/fx_passes/pad_mm.py", line 146, in should_pad_addmm
W0529 13:54:10.120000 482 site-packages/torch/_dynamo/convert_frame.py:1125]     return should_pad_common(mat1, mat2, input) and should_pad_bench(
W0529 13:54:10.120000 482 site-packages/torch/_dynamo/convert_frame.py:1125]                                                     ^^^^^^^^^^^^^^^^^
W0529 13:54:10.120000 482 site-packages/torch/_dynamo/convert_frame.py:1125]   File "/usr/local/lib/python3.12/site-packages/torch/_inductor/fx_passes/pad_mm.py", line 566, in should_pad_bench
W0529 13:54:10.120000 482 site-packages/torch/_dynamo/convert_frame.py:1125]     ori_time = do_bench(orig_bench_fn)
W0529 13:54:10.120000 482 site-packages/torch/_dynamo/convert_frame.py:1125]                ^^^^^^^^^^^^^^^^^^^^^^^
W0529 13:54:10.120000 482 site-packages/torch/_dynamo/convert_frame.py:1125]   File "/usr/local/lib/python3.12/site-packages/torch/_inductor/runtime/benchmarking.py", line 66, in wrapper
W0529 13:54:10.120000 482 site-packages/torch/_dynamo/convert_frame.py:1125]     return fn(self, *args, **kwargs)
W0529 13:54:10.120000 482 site-packages/torch/_dynamo/convert_frame.py:1125]            ^^^^^^^^^^^^^^^^^^^^^^^^^
W0529 13:54:10.120000 482 site-packages/torch/_dynamo/convert_frame.py:1125]   File "/usr/local/lib/python3.12/site-packages/torch/_inductor/runtime/benchmarking.py", line 201, in benchmark_gpu
W0529 13:54:10.120000 482 site-packages/torch/_dynamo/convert_frame.py:1125]     return self.triton_do_bench(_callable, **kwargs, return_mode="median")
W0529 13:54:10.120000 482 site-packages/torch/_dynamo/convert_frame.py:1125]            ^^^^^^^^^^^^^^^^^^^^^^^^^^^^^^^^^^^^^^^^^^^^^^^^^^^^^^^^^^^^^^^
W0529 13:54:10.120000 482 site-packages/torch/_dynamo/convert_frame.py:1125]   File "/usr/local/lib/python3.12/site-packages/triton/testing.py", line 106, in do_bench
W0529 13:54:10.120000 482 site-packages/torch/_dynamo/convert_frame.py:1125]     fn()
W0529 13:54:10.120000 482 site-packages/torch/_dynamo/convert_frame.py:1125]   File "/usr/local/lib/python3.12/site-packages/torch/_inductor/fx_passes/pad_mm.py", line 537, in orig_bench_fn
W0529 13:54:10.120000 482 site-packages/torch/_dynamo/convert_frame.py:1125]     op(input, mat1, mat2)
W0529 13:54:10.120000 482 site-packages/torch/_dynamo/convert_frame.py:1125]   File "/usr/local/lib/python3.12/site-packages/torch/_ops.py", line 1116, in __call__
W0529 13:54:10.120000 482 site-packages/torch/_dynamo/convert_frame.py:1125]     return self._op(*args, **(kwargs or {}))
W0529 13:54:10.120000 482 site-packages/torch/_dynamo/convert_frame.py:1125]            ^^^^^^^^^^^^^^^^^^^^^^^^^^^^^^^^^
W0529 13:54:10.120000 482 site-packages/torch/_dynamo/convert_frame.py:1125] RuntimeError: mat1 and mat2 must have the same dtype, but got Double and Float
W0529 13:54:10.120000 482 site-packages/torch/_dynamo/convert_frame.py:1125] 
W0529 13:54:10.120000 482 site-packages/torch/_dynamo/convert_frame.py:1125] The above exception was the direct cause of the following exception:
W0529 13:54:10.120000 482 site-packages/torch/_dynamo/convert_frame.py:1125] 
W0529 13:54:10.120000 482 site-packages/torch/_dynamo/convert_frame.py:1125] Traceback (most recent call last):
W0529 13:54:10.120000 482 site-packages/torch/_dynamo/convert_frame.py:1125]   File "/usr/local/lib/python3.12/site-packages/torch/_dynamo/convert_frame.py", line 1064, in __call__
W0529 13:54:10.120000 482 site-packages/torch/_dynamo/convert_frame.py:1125]     result = self._inner_convert(
W0529 13:54:10.120000 482 site-packages/torch/_dynamo/convert_frame.py:1125]              ^^^^^^^^^^^^^^^^^^^^
W0529 13:54:10.120000 482 site-packages/torch/_dynamo/convert_frame.py:1125]   File "/usr/local/lib/python3.12/site-packages/torch/_dynamo/convert_frame.py", line 526, in __call__
W0529 13:54:10.120000 482 site-packages/torch/_dynamo/convert_frame.py:1125]     return _compile(
W0529 13:54:10.120000 482 site-packages/torch/_dynamo/convert_frame.py:1125]            ^^^^^^^^^
W0529 13:54:10.120000 482 site-packages/torch/_dynamo/convert_frame.py:1125]   File "/usr/local/lib/python3.12/site-packages/torch/_dynamo/convert_frame.py", line 924, in _compile
W0529 13:54:10.120000 482 site-packages/torch/_dynamo/convert_frame.py:1125]     guarded_code = compile_inner(code, one_graph, hooks, transform)
W0529 13:54:10.120000 482 site-packages/torch/_dynamo/convert_frame.py:1125]                    ^^^^^^^^^^^^^^^^^^^^^^^^^^^^^^^^^^^^^^^^^^^^^^^^
W0529 13:54:10.120000 482 site-packages/torch/_dynamo/convert_frame.py:1125]   File "/usr/local/lib/python3.12/site-packages/torch/_dynamo/convert_frame.py", line 666, in compile_inner
W0529 13:54:10.120000 482 site-packages/torch/_dynamo/convert_frame.py:1125]     return _compile_inner(code, one_graph, hooks, transform)
W0529 13:54:10.120000 482 site-packages/torch/_dynamo/convert_frame.py:1125]            ^^^^^^^^^^^^^^^^^^^^^^^^^^^^^^^^^^^^^^^^^^^^^^^^^
W0529 13:54:10.120000 482 site-packages/torch/_dynamo/convert_frame.py:1125]   File "/usr/local/lib/python3.12/site-packages/torch/_utils_internal.py", line 87, in wrapper_function
W0529 13:54:10.120000 482 site-packages/torch/_dynamo/convert_frame.py:1125]     return function(*args, **kwargs)
W0529 13:54:10.120000 482 site-packages/torch/_dynamo/convert_frame.py:1125]            ^^^^^^^^^^^^^^^^^^^^^^^^^
W0529 13:54:10.120000 482 site-packages/torch/_dynamo/convert_frame.py:1125]   File "/usr/local/lib/python3.12/site-packages/torch/_dynamo/convert_frame.py", line 699, in _compile_inner
W0529 13:54:10.120000 482 site-packages/torch/_dynamo/convert_frame.py:1125]     out_code = transform_code_object(code, transform)
W0529 13:54:10.120000 482 site-packages/torch/_dynamo/convert_frame.py:1125]                ^^^^^^^^^^^^^^^^^^^^^^^^^^^^^^^^^^^^^^
W0529 13:54:10.120000 482 site-packages/torch/_dynamo/convert_frame.py:1125]   File "/usr/local/lib/python3.12/site-packages/torch/_dynamo/bytecode_transformation.py", line 1322, in transform_code_object
W0529 13:54:10.120000 482 site-packages/torch/_dynamo/convert_frame.py:1125]     transformations(instructions, code_options)
W0529 13:54:10.120000 482 site-packages/torch/_dynamo/convert_frame.py:1125]   File "/usr/local/lib/python3.12/site-packages/torch/_dynamo/convert_frame.py", line 219, in _fn
W0529 13:54:10.120000 482 site-packages/torch/_dynamo/convert_frame.py:1125]     return fn(*args, **kwargs)
W0529 13:54:10.120000 482 site-packages/torch/_dynamo/convert_frame.py:1125]            ^^^^^^^^^^^^^^^^^^^
W0529 13:54:10.120000 482 site-packages/torch/_dynamo/convert_frame.py:1125]   File "/usr/local/lib/python3.12/site-packages/torch/_dynamo/convert_frame.py", line 634, in transform
W0529 13:54:10.120000 482 site-packages/torch/_dynamo/convert_frame.py:1125]     tracer.run()
W0529 13:54:10.120000 482 site-packages/torch/_dynamo/convert_frame.py:1125]   File "/usr/local/lib/python3.12/site-packages/torch/_dynamo/symbolic_convert.py", line 2796, in run
W0529 13:54:10.120000 482 site-packages/torch/_dynamo/convert_frame.py:1125]     super().run()
W0529 13:54:10.120000 482 site-packages/torch/_dynamo/convert_frame.py:1125]   File "/usr/local/lib/python3.12/site-packages/torch/_dynamo/symbolic_convert.py", line 983, in run
W0529 13:54:10.120000 482 site-packages/torch/_dynamo/convert_frame.py:1125]     while self.step():
W0529 13:54:10.120000 482 site-packages/torch/_dynamo/convert_frame.py:1125]           ^^^^^^^^^^^
W0529 13:54:10.120000 482 site-packages/torch/_dynamo/convert_frame.py:1125]   File "/usr/local/lib/python3.12/site-packages/torch/_dynamo/symbolic_convert.py", line 895, in step
W0529 13:54:10.120000 482 site-packages/torch/_dynamo/convert_frame.py:1125]     self.dispatch_table[inst.opcode](self, inst)
W0529 13:54:10.120000 482 site-packages/torch/_dynamo/convert_frame.py:1125]   File "/usr/local/lib/python3.12/site-packages/torch/_dynamo/symbolic_convert.py", line 2987, in RETURN_VALUE
W0529 13:54:10.120000 482 site-packages/torch/_dynamo/convert_frame.py:1125]     self._return(inst)
W0529 13:54:10.120000 482 site-packages/torch/_dynamo/convert_frame.py:1125]   File "/usr/local/lib/python3.12/site-packages/torch/_dynamo/symbolic_convert.py", line 2972, in _return
W0529 13:54:10.120000 482 site-packages/torch/_dynamo/convert_frame.py:1125]     self.output.compile_subgraph(
W0529 13:54:10.120000 482 site-packages/torch/_dynamo/convert_frame.py:1125]   File "/usr/local/lib/python3.12/site-packages/torch/_dynamo/output_graph.py", line 1117, in compile_subgraph
W0529 13:54:10.120000 482 site-packages/torch/_dynamo/convert_frame.py:1125]     self.compile_and_call_fx_graph(tx, list(reversed(stack_values)), root)
W0529 13:54:10.120000 482 site-packages/torch/_dynamo/convert_frame.py:1125]   File "/usr/local/lib/python3.12/site-packages/torch/_dynamo/output_graph.py", line 1369, in compile_and_call_fx_graph
W0529 13:54:10.120000 482 site-packages/torch/_dynamo/convert_frame.py:1125]     compiled_fn = self.call_user_compiler(gm)
W0529 13:54:10.120000 482 site-packages/torch/_dynamo/convert_frame.py:1125]                   ^^^^^^^^^^^^^^^^^^^^^^^^^^^
W0529 13:54:10.120000 482 site-packages/torch/_dynamo/convert_frame.py:1125]   File "/usr/local/lib/python3.12/site-packages/torch/_dynamo/output_graph.py", line 1416, in call_user_compiler
W0529 13:54:10.120000 482 site-packages/torch/_dynamo/convert_frame.py:1125]     return self._call_user_compiler(gm)
W0529 13:54:10.120000 482 site-packages/torch/_dynamo/convert_frame.py:1125]            ^^^^^^^^^^^^^^^^^^^^^^^^^^^^
W0529 13:54:10.120000 482 site-packages/torch/_dynamo/convert_frame.py:1125]   File "/usr/local/lib/python3.12/site-packages/torch/_dynamo/output_graph.py", line 1465, in _call_user_compiler
W0529 13:54:10.120000 482 site-packages/torch/_dynamo/convert_frame.py:1125]     raise BackendCompilerFailed(self.compiler_fn, e) from e
W0529 13:54:10.120000 482 site-packages/torch/_dynamo/convert_frame.py:1125] torch._dynamo.exc.BackendCompilerFailed: backend='inductor' raised:
W0529 13:54:10.120000 482 site-packages/torch/_dynamo/convert_frame.py:1125] RuntimeError: mat1 and mat2 must have the same dtype, but got Double and Float
W0529 13:54:10.120000 482 site-packages/torch/_dynamo/convert_frame.py:1125] 
W0529 13:54:10.120000 482 site-packages/torch/_dynamo/convert_frame.py:1125] Set TORCH_LOGS="+dynamo" and TORCHDYNAMO_VERBOSE=1 for more information
W0529 13:54:10.120000 482 site-packages/torch/_dynamo/convert_frame.py:1125] 
Traceback (most recent call last):
  File "/data/results/lmstudio_prompt11_router_20260528-212821/call_acc/log_softmax_linear.py", line 35, in log_softmax_linear
    y = _log_softmax_linear_fast(input, weight, bias, dim, dtype)
        ^^^^^^^^^^^^^^^^^^^^^^^^^^^^^^^^^^^^^^^^^^^^^^^^^^^^^^^^^
  File "/usr/local/lib/python3.12/site-packages/torch/_dynamo/eval_frame.py", line 465, in _fn
    return fn(*args, **kwargs)
           ^^^^^^^^^^^^^^^^^^^
  File "/data/results/lmstudio_prompt11_router_20260528-212821/call_acc/log_softmax_linear.py", line 24, in _log_softmax_linear_impl
    out = F.linear(input, weight, bias)
          ^^^^^^^^^^^^^^^^^^^^^^^^^^^^^
RuntimeError: mat1 and mat2 must have the same dtype, but got Double and Float

During handling of the above exception, another exception occurred:

Traceback (most recent call last):
  File "/data/results/lmstudio_prompt11_router_20260528-212821/call_acc/log_softmax_linear.py", line 81, in <module>
    test_results = test_log_softmax_linear()
                   ^^^^^^^^^^^^^^^^^^^^^^^^^
  File "/data/results/lmstudio_prompt11_router_20260528-212821/call_acc/log_softmax_linear.py", line 77, in test_log_softmax_linear
    results["test_case_4"] = log_softmax_linear(input4, weight4, bias4, dtype=torch.float64)
                             ^^^^^^^^^^^^^^^^^^^^^^^^^^^^^^^^^^^^^^^^^^^^^^^^^^^^^^^^^^^^^^^
  File "/data/results/lmstudio_prompt11_router_20260528-212821/call_acc/log_softmax_linear.py", line 37, in log_softmax_linear
    y = _log_softmax_linear_impl(input, weight, bias, dim, dtype)
        ^^^^^^^^^^^^^^^^^^^^^^^^^^^^^^^^^^^^^^^^^^^^^^^^^^^^^^^^^
  File "/data/results/lmstudio_prompt11_router_20260528-212821/call_acc/log_softmax_linear.py", line 24, in _log_softmax_linear_impl
    out = F.linear(input, weight, bias)
          ^^^^^^^^^^^^^^^^^^^^^^^^^^^^^
RuntimeError: mat1 and mat2 must have the same dtype, but got Double and Float

=== Output for relu.py on GPU 0 ===

=== Errors for relu.py on GPU 0 ===

=== Output for least_squares_qr.py on GPU 0 ===

=== Errors for least_squares_qr.py on GPU 0 ===
Traceback (most recent call last):
  File "/data/results/lmstudio_prompt11_router_20260528-212821/call_acc/least_squares_qr.py", line 57, in <module>
    test_results = test_least_squares_qr()
                   ^^^^^^^^^^^^^^^^^^^^^^^
  File "/data/results/lmstudio_prompt11_router_20260528-212821/call_acc/least_squares_qr.py", line 47, in test_least_squares_qr
    results["test_case_1"] = least_squares_qr(A1, b1)
                             ^^^^^^^^^^^^^^^^^^^^^^^^
  File "/data/results/lmstudio_prompt11_router_20260528-212821/call_acc/least_squares_qr.py", line 29, in least_squares_qr
    x = torch.linalg.solve_triangular(R, Qt_b, upper=True)
        ^^^^^^^^^^^^^^^^^^^^^^^^^^^^^^^^^^^^^^^^^^^^^^^^^^
RuntimeError: linalg.solve_triangular: The input tensor B must have at least 2 dimensions.

=== Output for determinant_via_qr.py on GPU 0 ===

=== Errors for determinant_via_qr.py on GPU 0 ===

=== Output for fused_tile_exp.py on GPU 0 ===

=== Errors for fused_tile_exp.py on GPU 0 ===
Traceback (most recent call last):
  File "/data/results/lmstudio_prompt11_router_20260528-212821/call_acc/fused_tile_exp.py", line 60, in <module>
    test_results = test_fused_tile_exp()
                   ^^^^^^^^^^^^^^^^^^^^^
  File "/data/results/lmstudio_prompt11_router_20260528-212821/call_acc/fused_tile_exp.py", line 56, in test_fused_tile_exp
    results["test_case_4"] = fused_tile_exp(input4, dims4, out=out_tensor)
                             ^^^^^^^^^^^^^^^^^^^^^^^^^^^^^^^^^^^^^^^^^^^^^
  File "/data/results/lmstudio_prompt11_router_20260528-212821/call_acc/fused_tile_exp.py", line 24, in fused_tile_exp
    out.copy_(y)
RuntimeError: The size of tensor a (3) must match the size of tensor b (6) at non-singleton dimension 1

=== Output for sqrt_tanh.py on GPU 0 ===

=== Errors for sqrt_tanh.py on GPU 0 ===

=== Output for silu_batch_norm.py on GPU 0 ===

=== Errors for silu_batch_norm.py on GPU 0 ===
skipping cudagraphs due to mutated inputs (2 instances). Found from : 
   File "/data/results/lmstudio_prompt11_router_20260528-212821/call_acc/silu_batch_norm.py", line 23, in _silu_batch_norm_impl
    y = F.batch_norm(input, running_mean, running_var, weight, bias, training, momentum, eps)

skipping cudagraphs due to mutated inputs (2 instances). Found from : 
   File "/data/results/lmstudio_prompt11_router_20260528-212821/call_acc/silu_batch_norm.py", line 23, in _silu_batch_norm_impl
    y = F.batch_norm(input, running_mean, running_var, weight, bias, training, momentum, eps)


=== Output for index_fill_.py on GPU 0 ===

=== Errors for index_fill_.py on GPU 0 ===
Traceback (most recent call last):
  File "/data/results/lmstudio_prompt11_router_20260528-212821/call_acc/index_fill_.py", line 59, in <module>
    test_results = test_index_fill_()
                   ^^^^^^^^^^^^^^^^^^
  File "/data/results/lmstudio_prompt11_router_20260528-212821/call_acc/index_fill_.py", line 37, in test_index_fill_
    results["test_case_1"] = index_fill_(0, x1, index1, value1).cpu()
                             ^^^^^^^^^^^^^^^^^^^^^^^^^^^^^^^^^^
  File "/data/results/lmstudio_prompt11_router_20260528-212821/call_acc/index_fill_.py", line 22, in index_fill_
    return torch.index_fill_(input, dim, index, value)
           ^^^^^^^^^^^^^^^^^
  File "/usr/local/lib/python3.12/site-packages/torch/__init__.py", line 2562, in __getattr__
    raise AttributeError(f"module '{__name__}' has no attribute '{name}'")
AttributeError: module 'torch' has no attribute 'index_fill_'

=== Output for fused_cross_entropy_softmax_layernorm.py on GPU 0 ===

=== Errors for fused_cross_entropy_softmax_layernorm.py on GPU 0 ===

=== Output for mean.py on GPU 0 ===

=== Errors for mean.py on GPU 0 ===

=== Output for eig.py on GPU 0 ===

=== Errors for eig.py on GPU 0 ===

=== Output for logsumexp.py on GPU 0 ===

=== Errors for logsumexp.py on GPU 0 ===

=== Output for fused_embedding_add_tanh.py on GPU 0 ===

=== Errors for fused_embedding_add_tanh.py on GPU 0 ===

=== Output for fused_mv_sigmoid_sub.py on GPU 0 ===

=== Errors for fused_mv_sigmoid_sub.py on GPU 0 ===

=== Output for add_gelu.py on GPU 0 ===

=== Errors for add_gelu.py on GPU 0 ===
Traceback (most recent call last):
  File "/data/results/lmstudio_prompt11_router_20260528-212821/call_acc/add_gelu.py", line 90, in <module>
    test_results = test_add_gelu()
                   ^^^^^^^^^^^^^^^
  File "/data/results/lmstudio_prompt11_router_20260528-212821/call_acc/add_gelu.py", line 74, in test_add_gelu
    results["test_case_1"] = add_gelu(input_tensor, other_tensor)
                             ^^^^^^^^^^^^^^^^^^^^^^^^^^^^^^^^^^^^
  File "/data/results/lmstudio_prompt11_router_20260528-212821/call_acc/add_gelu.py", line 51, in add_gelu
    M, N = input.shape
    ^^^^
ValueError: not enough values to unpack (expected 2, got 1)

=== Output for fused_cosine_embedding_loss_with_normalization.py on GPU 0 ===

=== Errors for fused_cosine_embedding_loss_with_normalization.py on GPU 0 ===

=== Output for fused_transformer_block.py on GPU 0 ===

=== Errors for fused_transformer_block.py on GPU 0 ===
W0529 13:57:03.883000 828 site-packages/torch/_inductor/utils.py:1048] [0/0] Not enough SMs to use max_autotune_gemm mode

=== Output for log1p.py on GPU 0 ===

=== Errors for log1p.py on GPU 0 ===

=== Output for sigmoid_batch_norm.py on GPU 0 ===

=== Errors for sigmoid_batch_norm.py on GPU 0 ===

=== Output for fused_hardsigmoid_batch_norm.py on GPU 0 ===

=== Errors for fused_hardsigmoid_batch_norm.py on GPU 0 ===

=== Output for zeta.py on GPU 0 ===

=== Errors for zeta.py on GPU 0 ===

=== Output for symmetric_matrix_vector_norm.py on GPU 0 ===

=== Errors for symmetric_matrix_vector_norm.py on GPU 0 ===

=== Output for softplus_linear.py on GPU 0 ===

=== Errors for softplus_linear.py on GPU 0 ===
W0529 13:58:14.231000 1008 site-packages/torch/_inductor/utils.py:1048] [0/0] Not enough SMs to use max_autotune_gemm mode

=== Output for fused_svd_reconstruct.py on GPU 0 ===

=== Errors for fused_svd_reconstruct.py on GPU 0 ===
Traceback (most recent call last):
  File "/data/results/lmstudio_prompt11_router_20260528-212821/call_acc/fused_svd_reconstruct.py", line 52, in <module>
    test_results = test_fused_svd_reconstruct()
                   ^^^^^^^^^^^^^^^^^^^^^^^^^^^^
  File "/data/results/lmstudio_prompt11_router_20260528-212821/call_acc/fused_svd_reconstruct.py", line 40, in test_fused_svd_reconstruct
    results["test_case_2"] = fused_svd_reconstruct(A2)
                             ^^^^^^^^^^^^^^^^^^^^^^^^^
  File "/data/results/lmstudio_prompt11_router_20260528-212821/call_acc/fused_svd_reconstruct.py", line 23, in fused_svd_reconstruct
    return U @ torch.diag(S) @ Vh
           ~~^~~~~~~~~~~~~~~
RuntimeError: mat1 and mat2 shapes cannot be multiplied (3x3 and 2x2)

=== Output for fused_mul_add_logsoftmax_dropout_bmm.py on GPU 0 ===

=== Errors for fused_mul_add_logsoftmax_dropout_bmm.py on GPU 0 ===
W0529 13:58:46.116000 1091 site-packages/torch/_inductor/utils.py:1048] [0/0] Not enough SMs to use max_autotune_gemm mode

=== Output for selu.py on GPU 0 ===

=== Errors for selu.py on GPU 0 ===
Traceback (most recent call last):
  File "/usr/local/lib/python3.12/site-packages/triton/language/core.py", line 35, in wrapper
    return fn(*args, **kwargs)
           ^^^^^^^^^^^^^^^^^^^
  File "/usr/local/lib/python3.12/site-packages/triton/language/core.py", line 1597, in load
    return semantic.load(pointer, mask, other, boundary_check, padding_option, cache_modifier, eviction_policy,
           ^^^^^^^^^^^^^^^^^^^^^^^^^^^^^^^^^^^^^^^^^^^^^^^^^^^^^^^^^^^^^^^^^^^^^^^^^^^^^^^^^^^^^^^^^^^^^^^^^^^^
  File "/usr/local/lib/python3.12/site-packages/triton/language/semantic.py", line 1037, in load
    return _load_legacy(ptr, mask, other, boundary_check, padding, cache, eviction, is_volatile, builder)
           ^^^^^^^^^^^^^^^^^^^^^^^^^^^^^^^^^^^^^^^^^^^^^^^^^^^^^^^^^^^^^^^^^^^^^^^^^^^^^^^^^^^^^^^^^^^^^^
  File "/usr/local/lib/python3.12/site-packages/triton/language/semantic.py", line 969, in _load_legacy
    raise ValueError(f"Unsupported ptr type {ptr.type.__repr__()} in `tl.load`")
ValueError: Unsupported ptr type <[1024], int64> in `tl.load`

The above exception was the direct cause of the following exception:

Traceback (most recent call last):
  File "/data/results/lmstudio_prompt11_router_20260528-212821/call_acc/selu.py", line 75, in <module>
    test_results = test_selu()
                   ^^^^^^^^^^^
  File "/data/results/lmstudio_prompt11_router_20260528-212821/call_acc/selu.py", line 59, in test_selu
    results["test_case_1"] = selu(input_tensor_1)
                             ^^^^^^^^^^^^^^^^^^^^
  File "/data/results/lmstudio_prompt11_router_20260528-212821/call_acc/selu.py", line 45, in selu
    _selu_kernel[grid](input.data_ptr(), out.data_ptr(), n_elements, BLOCK_SIZE)
  File "/usr/local/lib/python3.12/site-packages/triton/runtime/jit.py", line 345, in <lambda>
    return lambda *args, **kwargs: self.run(grid=grid, warmup=False, *args, **kwargs)
                                   ^^^^^^^^^^^^^^^^^^^^^^^^^^^^^^^^^^^^^^^^^^^^^^^^^^
  File "/usr/local/lib/python3.12/site-packages/triton/runtime/jit.py", line 662, in run
    kernel = self.compile(
             ^^^^^^^^^^^^^
  File "/usr/local/lib/python3.12/site-packages/triton/compiler/compiler.py", line 276, in compile
    module = src.make_ir(options, codegen_fns, context)
             ^^^^^^^^^^^^^^^^^^^^^^^^^^^^^^^^^^^^^^^^^^
  File "/usr/local/lib/python3.12/site-packages/triton/compiler/compiler.py", line 113, in make_ir
    return ast_to_ttir(self.fn, self, context=context, options=options, codegen_fns=codegen_fns)
           ^^^^^^^^^^^^^^^^^^^^^^^^^^^^^^^^^^^^^^^^^^^^^^^^^^^^^^^^^^^^^^^^^^^^^^^^^^^^^^^^^^^^^
triton.compiler.errors.CompilationError: at 6:8:
def _selu_kernel(x_ptr, out_ptr, n_elements, BLOCK_SIZE: tl.constexpr):
    pid = tl.program_id(0)
    block_start = pid * BLOCK_SIZE
    offsets = block_start + tl.arange(0, BLOCK_SIZE)
    mask = offsets < n_elements
    x = tl.load(x_ptr + offsets, mask=mask)
        ^

=== Output for scaled_add_norm.py on GPU 0 ===

=== Errors for scaled_add_norm.py on GPU 0 ===

=== Output for leaky_relu_conv2d.py on GPU 0 ===

=== Errors for leaky_relu_conv2d.py on GPU 0 ===
W0529 13:59:35.497000 1201 site-packages/torch/_inductor/utils.py:1048] [0/0] Not enough SMs to use max_autotune_gemm mode

=== Output for sqrt_exp.py on GPU 0 ===

=== Errors for sqrt_exp.py on GPU 0 ===

=== Output for cos_avg_pool1d.py on GPU 0 ===

=== Errors for cos_avg_pool1d.py on GPU 0 ===

=== Output for sum_std.py on GPU 0 ===

=== Errors for sum_std.py on GPU 0 ===
/data/results/lmstudio_prompt11_router_20260528-212821/call_acc/sum_std.py:24: UserWarning: std(): degrees of freedom is <= 0. Correction should be strictly less than the reduction factor (input numel divided by output numel). (Triggered internally at ../aten/src/ATen/native/ReduceOps.cpp:1823.)
  y = torch.std(torch.sum(input, dim=dim, keepdim=keepdim), dim=dim if keepdim else None, keepdim=keepdim, correction=correction)

=== Output for mul_relu.py on GPU 0 ===

=== Errors for mul_relu.py on GPU 0 ===

=== Output for gelu_conv2d.py on GPU 0 ===

=== Errors for gelu_conv2d.py on GPU 0 ===
W0529 14:00:51.461000 1362 site-packages/torch/_inductor/utils.py:1048] [0/0] Not enough SMs to use max_autotune_gemm mode

=== Output for fused_instance_norm_selu_conv2d.py on GPU 0 ===

=== Errors for fused_instance_norm_selu_conv2d.py on GPU 0 ===
W0529 14:01:33.407000 1450 site-packages/torch/_inductor/utils.py:1048] [0/0_1] Not enough SMs to use max_autotune_gemm mode
Traceback (most recent call last):
  File "/data/results/lmstudio_prompt11_router_20260528-212821/call_acc/fused_instance_norm_selu_conv2d.py", line 34, in fused_instance_norm_selu_conv2d
    y = _fused_instance_norm_selu_conv2d_fast(input, weight, bias, stride, padding, dilation, groups, eps, momentum, affine, track_running_stats)
        ^^^^^^^^^^^^^^^^^^^^^^^^^^^^^^^^^^^^^^^^^^^^^^^^^^^^^^^^^^^^^^^^^^^^^^^^^^^^^^^^^^^^^^^^^^^^^^^^^^^^^^^^^^^^^^^^^^^^^^^^^^^^^^^^^^^^^^^^^
  File "/usr/local/lib/python3.12/site-packages/torch/_dynamo/eval_frame.py", line 465, in _fn
    return fn(*args, **kwargs)
           ^^^^^^^^^^^^^^^^^^^
  File "/data/results/lmstudio_prompt11_router_20260528-212821/call_acc/fused_instance_norm_selu_conv2d.py", line 21, in _fused_instance_norm_selu_conv2d_impl
    def _fused_instance_norm_selu_conv2d_impl(input, weight, bias, stride, padding, dilation, groups, eps, momentum, affine, track_running_stats):
TypeError: instance_norm() takes from 1 to 8 positional arguments but 10 were given

During handling of the above exception, another exception occurred:

Traceback (most recent call last):
  File "/data/results/lmstudio_prompt11_router_20260528-212821/call_acc/fused_instance_norm_selu_conv2d.py", line 69, in <module>
    test_results = test_fused_instance_norm_selu_conv2d()
                   ^^^^^^^^^^^^^^^^^^^^^^^^^^^^^^^^^^^^^^
  File "/data/results/lmstudio_prompt11_router_20260528-212821/call_acc/fused_instance_norm_selu_conv2d.py", line 59, in test_fused_instance_norm_selu_conv2d
    results["test_case_1"] = fused_instance_norm_selu_conv2d(input_tensor, weight_tensor)
                             ^^^^^^^^^^^^^^^^^^^^^^^^^^^^^^^^^^^^^^^^^^^^^^^^^^^^^^^^^^^^
  File "/data/results/lmstudio_prompt11_router_20260528-212821/call_acc/fused_instance_norm_selu_conv2d.py", line 36, in fused_instance_norm_selu_conv2d
    y = _fused_instance_norm_selu_conv2d_impl(input, weight, bias, stride, padding, dilation, groups, eps, momentum, affine, track_running_stats)
        ^^^^^^^^^^^^^^^^^^^^^^^^^^^^^^^^^^^^^^^^^^^^^^^^^^^^^^^^^^^^^^^^^^^^^^^^^^^^^^^^^^^^^^^^^^^^^^^^^^^^^^^^^^^^^^^^^^^^^^^^^^^^^^^^^^^^^^^^^
  File "/data/results/lmstudio_prompt11_router_20260528-212821/call_acc/fused_instance_norm_selu_conv2d.py", line 24, in _fused_instance_norm_selu_conv2d_impl
    x = F.instance_norm(x, None, None, None, None, True, eps, momentum, affine, track_running_stats)
        ^^^^^^^^^^^^^^^^^^^^^^^^^^^^^^^^^^^^^^^^^^^^^^^^^^^^^^^^^^^^^^^^^^^^^^^^^^^^^^^^^^^^^^^^^^^^
TypeError: instance_norm() takes from 1 to 8 positional arguments but 10 were given

=== Output for fused_fractional_max_pool2d_with_relu.py on GPU 0 ===

=== Errors for fused_fractional_max_pool2d_with_relu.py on GPU 0 ===

=== Output for chebyshev_polynomial_t.py on GPU 0 ===

=== Errors for chebyshev_polynomial_t.py on GPU 0 ===
Traceback (most recent call last):
  File "/data/results/lmstudio_prompt11_router_20260528-212821/call_acc/chebyshev_polynomial_t.py", line 89, in <module>
    test_results = test_chebyshev_polynomial_t()
                   ^^^^^^^^^^^^^^^^^^^^^^^^^^^^^
  File "/data/results/lmstudio_prompt11_router_20260528-212821/call_acc/chebyshev_polynomial_t.py", line 70, in test_chebyshev_polynomial_t
    results["test_case_1"] = chebyshev_polynomial_t(input_tensor_1, n_1)
                             ^^^^^^^^^^^^^^^^^^^^^^^^^^^^^^^^^^^^^^^^^^^
  File "/data/results/lmstudio_prompt11_router_20260528-212821/call_acc/chebyshev_polynomial_t.py", line 44, in chebyshev_polynomial_t
    n_val = n.item() if n.numel() == 1 else int(n)
                        ^^^^^^^
AttributeError: 'int' object has no attribute 'numel'

=== Output for logit.py on GPU 0 ===

=== Errors for logit.py on GPU 0 ===

=== Output for solve_symmetric_ldl.py on GPU 0 ===

=== Errors for solve_symmetric_ldl.py on GPU 0 ===
Traceback (most recent call last):
  File "/data/results/lmstudio_prompt11_router_20260528-212821/call_acc/solve_symmetric_ldl.py", line 72, in <module>
    test_results = test_solve_symmetric_ldl()
                   ^^^^^^^^^^^^^^^^^^^^^^^^^^
  File "/data/results/lmstudio_prompt11_router_20260528-212821/call_acc/solve_symmetric_ldl.py", line 45, in test_solve_symmetric_ldl
    results["test_case_2"] = solve_symmetric_ldl(A2, b2, hermitian=True)
                             ^^^^^^^^^^^^^^^^^^^^^^^^^^^^^^^^^^^^^^^^^^^
  File "/data/results/lmstudio_prompt11_router_20260528-212821/call_acc/solve_symmetric_ldl.py", line 22, in solve_symmetric_ldl
    y = torch.linalg.solve(A, b)
        ^^^^^^^^^^^^^^^^^^^^^^^^
RuntimeError: linalg.solve: Expected A and B to have the same dtype, but found A of type ComplexFloat and B of type Float instead

=== Output for exp_sqrt.py on GPU 0 ===

=== Errors for exp_sqrt.py on GPU 0 ===

=== Output for combined_activation.py on GPU 0 ===

=== Errors for combined_activation.py on GPU 0 ===

=== Output for scaled_add_dot.py on GPU 0 ===

=== Errors for scaled_add_dot.py on GPU 0 ===

=== Output for tensordot.py on GPU 0 ===

=== Errors for tensordot.py on GPU 0 ===

=== Output for qr.py on GPU 0 ===

=== Errors for qr.py on GPU 0 ===

=== Output for asin.py on GPU 0 ===

=== Errors for asin.py on GPU 0 ===

=== Output for fused_masked_select_add_gelu.py on GPU 0 ===

=== Errors for fused_masked_select_add_gelu.py on GPU 0 ===

=== Output for fused_pairwise_distance_adaptive_avg_pool2d.py on GPU 0 ===

=== Errors for fused_pairwise_distance_adaptive_avg_pool2d.py on GPU 0 ===

=== Output for add_mean.py on GPU 0 ===

=== Errors for add_mean.py on GPU 0 ===

=== Output for fused_layer_norm_relu_linear.py on GPU 0 ===

=== Errors for fused_layer_norm_relu_linear.py on GPU 0 ===
W0529 14:04:06.061000 1656 site-packages/torch/_inductor/utils.py:1048] [0/0_1] Not enough SMs to use max_autotune_gemm mode
Traceback (most recent call last):
  File "/data/results/lmstudio_prompt11_router_20260528-212821/call_acc/fused_layer_norm_relu_linear.py", line 54, in fused_layer_norm_relu_linear
    y = _fused_layer_norm_relu_linear_fast(
        ^^^^^^^^^^^^^^^^^^^^^^^^^^^^^^^^^^^
  File "/usr/local/lib/python3.12/site-packages/torch/_dynamo/eval_frame.py", line 465, in _fn
    return fn(*args, **kwargs)
           ^^^^^^^^^^^^^^^^^^^
  File "/data/results/lmstudio_prompt11_router_20260528-212821/call_acc/fused_layer_norm_relu_linear.py", line 23, in _fused_layer_norm_relu_linear_impl
    def _fused_layer_norm_relu_linear_impl(
  File "/usr/local/lib/python3.12/site-packages/torch/nn/functional.py", line 2900, in layer_norm
    return torch.layer_norm(
           ^^^^^^^^^^^^^^^^^
TypeError: layer_norm(): argument 'normalized_shape' (position 2) must be tuple of ints, not int

During handling of the above exception, another exception occurred:

Traceback (most recent call last):
  File "/data/results/lmstudio_prompt11_router_20260528-212821/call_acc/fused_layer_norm_relu_linear.py", line 103, in <module>
    test_results = test_fused_layer_norm_relu_linear()
                   ^^^^^^^^^^^^^^^^^^^^^^^^^^^^^^^^^^^
  File "/data/results/lmstudio_prompt11_router_20260528-212821/call_acc/fused_layer_norm_relu_linear.py", line 78, in test_fused_layer_norm_relu_linear
    results["test_case_1"] = fused_layer_norm_relu_linear(input1, weight1, bias1, normalized_shape1)
                             ^^^^^^^^^^^^^^^^^^^^^^^^^^^^^^^^^^^^^^^^^^^^^^^^^^^^^^^^^^^^^^^^^^^^^^^
  File "/data/results/lmstudio_prompt11_router_20260528-212821/call_acc/fused_layer_norm_relu_linear.py", line 58, in fused_layer_norm_relu_linear
    y = _fused_layer_norm_relu_linear_impl(
        ^^^^^^^^^^^^^^^^^^^^^^^^^^^^^^^^^^^
  File "/data/results/lmstudio_prompt11_router_20260528-212821/call_acc/fused_layer_norm_relu_linear.py", line 33, in _fused_layer_norm_relu_linear_impl
    y = F.layer_norm(y, normalized_shape, eps=eps)
        ^^^^^^^^^^^^^^^^^^^^^^^^^^^^^^^^^^^^^^^^^^
  File "/usr/local/lib/python3.12/site-packages/torch/nn/functional.py", line 2900, in layer_norm
    return torch.layer_norm(
           ^^^^^^^^^^^^^^^^^
TypeError: layer_norm(): argument 'normalized_shape' (position 2) must be tuple of ints, not int

=== Output for fused_add_mul_groupnorm.py on GPU 0 ===

=== Errors for fused_add_mul_groupnorm.py on GPU 0 ===

=== Output for SGD.py on GPU 0 ===

=== Errors for SGD.py on GPU 0 ===
Traceback (most recent call last):
  File "/data/results/lmstudio_prompt11_router_20260528-212821/call_acc/SGD.py", line 95, in <module>
    test_results = test_SGD()
                   ^^^^^^^^^^
  File "/data/results/lmstudio_prompt11_router_20260528-212821/call_acc/SGD.py", line 66, in test_SGD
    loss = SGD(model, input, target, loss_fn)
           ^^^^^^^^^^^^^^^^^^^^^^^^^^^^^^^^^^
  File "/data/results/lmstudio_prompt11_router_20260528-212821/call_acc/SGD.py", line 21, in SGD
    for p in params:
TypeError: 'SimpleModel' object is not iterable

=== Output for relu_batch_norm_conv2d.py on GPU 0 ===
Output tensor shape: torch.Size([4, 6, 32, 32])

=== Errors for relu_batch_norm_conv2d.py on GPU 0 ===

=== Output for conv2d.py on GPU 0 ===

=== Errors for conv2d.py on GPU 0 ===

=== Output for normalized_cosine_similarity.py on GPU 0 ===

=== Errors for normalized_cosine_similarity.py on GPU 0 ===

=== Output for fused_cholesky_solve.py on GPU 0 ===

=== Errors for fused_cholesky_solve.py on GPU 0 ===

=== Output for matmul.py on GPU 0 ===

=== Errors for matmul.py on GPU 0 ===

=== Output for fused_gather_masked_fill.py on GPU 0 ===

=== Errors for fused_gather_masked_fill.py on GPU 0 ===

=== Output for fused_cross_entropy_log_softmax.py on GPU 0 ===

=== Errors for fused_cross_entropy_log_softmax.py on GPU 0 ===
Traceback (most recent call last):
  File "/data/results/lmstudio_prompt11_router_20260528-212821/call_acc/fused_cross_entropy_log_softmax.py", line 58, in <module>
    test_results = test_fused_cross_entropy_log_softmax()
                   ^^^^^^^^^^^^^^^^^^^^^^^^^^^^^^^^^^^^^^
  File "/data/results/lmstudio_prompt11_router_20260528-212821/call_acc/fused_cross_entropy_log_softmax.py", line 38, in test_fused_cross_entropy_log_softmax
    results["test_case_1"] = fused_cross_entropy_log_softmax(input, target)
                             ^^^^^^^^^^^^^^^^^^^^^^^^^^^^^^^^^^^^^^^^^^^^^^
  File "/data/results/lmstudio_prompt11_router_20260528-212821/call_acc/fused_cross_entropy_log_softmax.py", line 23, in fused_cross_entropy_log_softmax
    return F.cross_entropy(input, target, weight=weight, ignore_index=ignore_index, reduction=reduction, label_smoothing=label_smoothing, dim=dim)
           ^^^^^^^^^^^^^^^^^^^^^^^^^^^^^^^^^^^^^^^^^^^^^^^^^^^^^^^^^^^^^^^^^^^^^^^^^^^^^^^^^^^^^^^^^^^^^^^^^^^^^^^^^^^^^^^^^^^^^^^^^^^^^^^^^^^^^^^
TypeError: cross_entropy() got an unexpected keyword argument 'dim'

=== Output for addmm.py on GPU 0 ===

=== Errors for addmm.py on GPU 0 ===

=== Output for fused_qr_solve.py on GPU 0 ===

=== Errors for fused_qr_solve.py on GPU 0 ===
Traceback (most recent call last):
  File "/data/results/lmstudio_prompt11_router_20260528-212821/call_acc/fused_qr_solve.py", line 55, in <module>
    test_results = test_fused_qr_solve()
                   ^^^^^^^^^^^^^^^^^^^^^
  File "/data/results/lmstudio_prompt11_router_20260528-212821/call_acc/fused_qr_solve.py", line 41, in test_fused_qr_solve
    results["test_case_2"] = fused_qr_solve(A2, b2)
                             ^^^^^^^^^^^^^^^^^^^^^^
  File "/data/results/lmstudio_prompt11_router_20260528-212821/call_acc/fused_qr_solve.py", line 22, in fused_qr_solve
    return torch.linalg.solve(A, b)
           ^^^^^^^^^^^^^^^^^^^^^^^^
RuntimeError: linalg.solve: A must be batches of square matrices, but they are 3 by 2 matrices

=== Output for sigmoid_adaptive_avg_pool2d.py on GPU 0 ===

=== Errors for sigmoid_adaptive_avg_pool2d.py on GPU 0 ===

=== Output for cos.py on GPU 0 ===

=== Errors for cos.py on GPU 0 ===

=== Output for fused_bmm_dropout_gelu.py on GPU 0 ===

=== Errors for fused_bmm_dropout_gelu.py on GPU 0 ===
W0529 14:07:04.832000 1814 site-packages/torch/_inductor/utils.py:1048] [0/0] Not enough SMs to use max_autotune_gemm mode

=== Output for trunc.py on GPU 0 ===

=== Errors for trunc.py on GPU 0 ===

=== Output for matrix_power_eig.py on GPU 0 ===

=== Errors for matrix_power_eig.py on GPU 0 ===
Traceback (most recent call last):
  File "/data/results/lmstudio_prompt11_router_20260528-212821/call_acc/matrix_power_eig.py", line 52, in <module>
    test_results = test_matrix_power_eig()
                   ^^^^^^^^^^^^^^^^^^^^^^^
  File "/data/results/lmstudio_prompt11_router_20260528-212821/call_acc/matrix_power_eig.py", line 43, in test_matrix_power_eig
    results["test_case_2"] = matrix_power_eig(A2, k2)
                             ^^^^^^^^^^^^^^^^^^^^^^^^
  File "/data/results/lmstudio_prompt11_router_20260528-212821/call_acc/matrix_power_eig.py", line 24, in matrix_power_eig
    return torch.matrix_power(A, k)
           ^^^^^^^^^^^^^^^^^^^^^^^^
TypeError: matrix_power(): argument 'n' (position 2) must be int, not float

=== Output for log_tanh.py on GPU 0 ===

=== Errors for log_tanh.py on GPU 0 ===
Traceback (most recent call last):
  File "/data/results/lmstudio_prompt11_router_20260528-212821/call_acc/log_tanh.py", line 80, in <module>
    test_results = test_log_tanh()
                   ^^^^^^^^^^^^^^^
  File "/data/results/lmstudio_prompt11_router_20260528-212821/call_acc/log_tanh.py", line 59, in test_log_tanh
    results["test_case_1"] = log_tanh(input1)
                             ^^^^^^^^^^^^^^^^
  File "/data/results/lmstudio_prompt11_router_20260528-212821/call_acc/log_tanh.py", line 35, in log_tanh
    _log_tanh_kernel[grid](input, out, n, BLOCK_SIZE=BLOCK_SIZE)
  File "/usr/local/lib/python3.12/site-packages/triton/runtime/jit.py", line 345, in <lambda>
    return lambda *args, **kwargs: self.run(grid=grid, warmup=False, *args, **kwargs)
                                   ^^^^^^^^^^^^^^^^^^^^^^^^^^^^^^^^^^^^^^^^^^^^^^^^^^
  File "/usr/local/lib/python3.12/site-packages/triton/runtime/jit.py", line 662, in run
    kernel = self.compile(
             ^^^^^^^^^^^^^
  File "/usr/local/lib/python3.12/site-packages/triton/compiler/compiler.py", line 240, in compile
    key = f"{triton_key()}-{src.hash()}-{backend.hash()}-{options.hash()}-{str(sorted(env_vars.items()))}"
                            ^^^^^^^^^^
  File "/usr/local/lib/python3.12/site-packages/triton/compiler/compiler.py", line 109, in hash
    key = f"{self.fn.cache_key}-{self.attrs.hash()}-{sorted_sig}-{sorted_constants}"
             ^^^^^^^^^^^^^^^^^
  File "/usr/local/lib/python3.12/site-packages/triton/runtime/jit.py", line 758, in cache_key
    dependencies_finder.visit(self.parse())
  File "/usr/local/lib/python3.12/ast.py", line 407, in visit
    return visitor(node)
           ^^^^^^^^^^^^^
  File "/usr/local/lib/python3.12/ast.py", line 415, in generic_visit
    self.visit(item)
  File "/usr/local/lib/python3.12/ast.py", line 407, in visit
    return visitor(node)
           ^^^^^^^^^^^^^
  File "/usr/local/lib/python3.12/site-packages/triton/runtime/jit.py", line 167, in visit_FunctionDef
    self.generic_visit(node)
  File "/usr/local/lib/python3.12/ast.py", line 415, in generic_visit
    self.visit(item)
  File "/usr/local/lib/python3.12/ast.py", line 407, in visit
    return visitor(node)
           ^^^^^^^^^^^^^
  File "/usr/local/lib/python3.12/site-packages/triton/runtime/jit.py", line 221, in visit_Assign
    self.generic_visit(node)
  File "/usr/local/lib/python3.12/ast.py", line 417, in generic_visit
    self.visit(value)
  File "/usr/local/lib/python3.12/ast.py", line 407, in visit
    return visitor(node)
           ^^^^^^^^^^^^^
  File "/usr/local/lib/python3.12/site-packages/triton/runtime/jit.py", line 127, in visit_Call
    func = self.visit(node.func)
           ^^^^^^^^^^^^^^^^^^^^^
  File "/usr/local/lib/python3.12/ast.py", line 407, in visit
    return visitor(node)
           ^^^^^^^^^^^^^
  File "/usr/local/lib/python3.12/site-packages/triton/runtime/jit.py", line 117, in visit_Attribute
    return getattr(lhs, node.attr)
           ^^^^^^^^^^^^^^^^^^^^^^^
AttributeError: module 'triton.language' has no attribute 'tanh'. Did you mean: 'trans'?

=== Output for exp.py on GPU 0 ===

=== Errors for exp.py on GPU 0 ===

=== Output for matrix_multiply_symmetric.py on GPU 0 ===

=== Errors for matrix_multiply_symmetric.py on GPU 0 ===

=== Output for fused_avg_pool2d_cosine_similarity.py on GPU 0 ===

=== Errors for fused_avg_pool2d_cosine_similarity.py on GPU 0 ===

=== Output for fused_hardshrink_dropout.py on GPU 0 ===

=== Errors for fused_hardshrink_dropout.py on GPU 0 ===

=== Output for erfc_sqrt.py on GPU 0 ===

=== Errors for erfc_sqrt.py on GPU 0 ===

=== Output for tensordot_rsqrt.py on GPU 0 ===

=== Errors for tensordot_rsqrt.py on GPU 0 ===

=== Output for softmax_log.py on GPU 0 ===

=== Errors for softmax_log.py on GPU 0 ===

=== Output for dropout_sigmoid_linear.py on GPU 0 ===

=== Errors for dropout_sigmoid_linear.py on GPU 0 ===
W0529 14:08:59.655000 1917 site-packages/torch/_inductor/utils.py:1048] [0/0] Not enough SMs to use max_autotune_gemm mode

=== Output for batch_norm.py on GPU 0 ===

=== Errors for batch_norm.py on GPU 0 ===

=== Output for gammaln.py on GPU 0 ===

=== Errors for gammaln.py on GPU 0 ===

=== Output for bitwise_and.py on GPU 0 ===

=== Errors for bitwise_and.py on GPU 0 ===

=== Output for sub_gelu.py on GPU 0 ===

=== Errors for sub_gelu.py on GPU 0 ===
Traceback (most recent call last):
  File "/data/results/lmstudio_prompt11_router_20260528-212821/call_acc/sub_gelu.py", line 74, in <module>
    test_results = test_sub_gelu()
                   ^^^^^^^^^^^^^^^
  File "/data/results/lmstudio_prompt11_router_20260528-212821/call_acc/sub_gelu.py", line 59, in test_sub_gelu
    results["test_case_1"] = sub_gelu(input_tensor, other_tensor)
                             ^^^^^^^^^^^^^^^^^^^^^^^^^^^^^^^^^^^^
  File "/data/results/lmstudio_prompt11_router_20260528-212821/call_acc/sub_gelu.py", line 40, in sub_gelu
    M, N = input.shape
    ^^^^
ValueError: not enough values to unpack (expected 2, got 1)

=== Output for gelu_std.py on GPU 0 ===

=== Errors for gelu_std.py on GPU 0 ===

=== Output for permute_copy.py on GPU 0 ===

=== Errors for permute_copy.py on GPU 0 ===

=== Output for digamma.py on GPU 0 ===

=== Errors for digamma.py on GPU 0 ===

=== Output for softmax_mul.py on GPU 0 ===

=== Errors for softmax_mul.py on GPU 0 ===

=== Output for bitwise_and_binomial.py on GPU 0 ===

=== Errors for bitwise_and_binomial.py on GPU 0 ===
Traceback (most recent call last):
  File "/data/results/lmstudio_prompt11_router_20260528-212821/call_acc/bitwise_and_binomial.py", line 54, in <module>
    test_results = test_bitwise_and_binomial()
                   ^^^^^^^^^^^^^^^^^^^^^^^^^^^
  File "/data/results/lmstudio_prompt11_router_20260528-212821/call_acc/bitwise_and_binomial.py", line 39, in test_bitwise_and_binomial
    results["test_case_1"] = bitwise_and_binomial(input_tensor, other_tensor, total_count, probs=probs)
                             ^^^^^^^^^^^^^^^^^^^^^^^^^^^^^^^^^^^^^^^^^^^^^^^^^^^^^^^^^^^^^^^^^^^^^^^^^^
  File "/data/results/lmstudio_prompt11_router_20260528-212821/call_acc/bitwise_and_binomial.py", line 22, in bitwise_and_binomial
    return torch.binomial(torch.bitwise_and(input, other), probs=probs, logits=logits)
           ^^^^^^^^^^^^^^^^^^^^^^^^^^^^^^^^^^^^^^^^^^^^^^^^^^^^^^^^^^^^^^^^^^^^^^^^^^^
TypeError: binomial() missing 1 required positional arguments: "prob"

=== Output for rad2deg_sqrt.py on GPU 0 ===

=== Errors for rad2deg_sqrt.py on GPU 0 ===

=== Output for bessel_j1.py on GPU 0 ===

=== Errors for bessel_j1.py on GPU 0 ===

=== Output for lu.py on GPU 0 ===

=== Errors for lu.py on GPU 0 ===

=== Output for gelu_min.py on GPU 0 ===

=== Errors for gelu_min.py on GPU 0 ===
Traceback (most recent call last):
  File "/data/results/lmstudio_prompt11_router_20260528-212821/call_acc/gelu_min.py", line 59, in <module>
    test_results = test_gelu_min()
                   ^^^^^^^^^^^^^^^
  File "/data/results/lmstudio_prompt11_router_20260528-212821/call_acc/gelu_min.py", line 43, in test_gelu_min
    results['test_case_1'] = gelu_min(input_tensor)
                             ^^^^^^^^^^^^^^^^^^^^^^
  File "/data/results/lmstudio_prompt11_router_20260528-212821/call_acc/gelu_min.py", line 23, in gelu_min
    y = torch.min(y, dim=dim, keepdim=keepdim)
        ^^^^^^^^^^^^^^^^^^^^^^^^^^^^^^^^^^^^^^
RuntimeError: Please look up dimensions by name, got: name = None.

=== Output for grid_sample_with_affine.py on GPU 0 ===

=== Errors for grid_sample_with_affine.py on GPU 0 ===
Traceback (most recent call last):
  File "/data/results/lmstudio_prompt11_router_20260528-212821/call_acc/grid_sample_with_affine.py", line 50, in <module>
    test_results = test_grid_sample_with_affine()
                   ^^^^^^^^^^^^^^^^^^^^^^^^^^^^^^
  File "/data/results/lmstudio_prompt11_router_20260528-212821/call_acc/grid_sample_with_affine.py", line 37, in test_grid_sample_with_affine
    results["test_case_1"] = grid_sample_with_affine(input_tensor, theta, size)
                             ^^^^^^^^^^^^^^^^^^^^^^^^^^^^^^^^^^^^^^^^^^^^^^^^^^
  File "/data/results/lmstudio_prompt11_router_20260528-212821/call_acc/grid_sample_with_affine.py", line 21, in grid_sample_with_affine
    grid = F.affine_grid(theta, size, align_corners=align_corners)
           ^^^^^^^^^^^^^^^^^^^^^^^^^^^^^^^^^^^^^^^^^^^^^^^^^^^^^^^
  File "/usr/local/lib/python3.12/site-packages/torch/nn/functional.py", line 4979, in affine_grid
    raise ValueError(
ValueError: Expected theta to have floating point type, but got torch.int64

=== Output for pseudoinverse_svd.py on GPU 0 ===

=== Errors for pseudoinverse_svd.py on GPU 0 ===

=== Output for exp_mean.py on GPU 0 ===

=== Errors for exp_mean.py on GPU 0 ===

=== Output for low_rank_svd_approximation.py on GPU 0 ===

=== Errors for low_rank_svd_approximation.py on GPU 0 ===
Traceback (most recent call last):
  File "/data/results/lmstudio_prompt11_router_20260528-212821/call_acc/low_rank_svd_approximation.py", line 63, in <module>
    test_results = test_low_rank_svd_approximation()
                   ^^^^^^^^^^^^^^^^^^^^^^^^^^^^^^^^^
  File "/data/results/lmstudio_prompt11_router_20260528-212821/call_acc/low_rank_svd_approximation.py", line 44, in test_low_rank_svd_approximation
    results["test_case_1"] = low_rank_svd_approximation(A, k)
                             ^^^^^^^^^^^^^^^^^^^^^^^^^^^^^^^^
  File "/data/results/lmstudio_prompt11_router_20260528-212821/call_acc/low_rank_svd_approximation.py", line 26, in low_rank_svd_approximation
    Ak = (U_k * S_k.unsqueeze(-1)) @ Vh_k
          ~~~~^~~~~~~~~~~~~~~~~~~
RuntimeError: The size of tensor a (5) must match the size of tensor b (2) at non-singleton dimension 0

=== Output for min.py on GPU 0 ===

=== Errors for min.py on GPU 0 ===

=== Output for symmetric_mm_and_abs_sum.py on GPU 0 ===

=== Errors for symmetric_mm_and_abs_sum.py on GPU 0 ===

=== Output for determinant_lu.py on GPU 0 ===

=== Errors for determinant_lu.py on GPU 0 ===
Traceback (most recent call last):
  File "/data/results/lmstudio_prompt11_router_20260528-212821/call_acc/determinant_lu.py", line 58, in <module>
    test_results = test_determinant_lu()
                   ^^^^^^^^^^^^^^^^^^^^^
  File "/data/results/lmstudio_prompt11_router_20260528-212821/call_acc/determinant_lu.py", line 39, in test_determinant_lu
    results["test_case_1"] = determinant_lu(A1)
                             ^^^^^^^^^^^^^^^^^^
  File "/data/results/lmstudio_prompt11_router_20260528-212821/call_acc/determinant_lu.py", line 22, in determinant_lu
    y = torch.linalg.det(A, pivot=pivot)
        ^^^^^^^^^^^^^^^^^^^^^^^^^^^^^^^^
TypeError: linalg_det() got an unexpected keyword argument 'pivot'

=== Output for tanh_linear.py on GPU 0 ===

=== Errors for tanh_linear.py on GPU 0 ===
W0529 14:12:37.866000 2132 site-packages/torch/_inductor/utils.py:1048] [0/0] Not enough SMs to use max_autotune_gemm mode

=== Output for sum.py on GPU 0 ===

=== Errors for sum.py on GPU 0 ===

=== Output for logspace.py on GPU 0 ===

=== Errors for logspace.py on GPU 0 ===

=== Output for solve_and_add_scaled_vector.py on GPU 0 ===

=== Errors for solve_and_add_scaled_vector.py on GPU 0 ===

=== Output for pixel_shuffle_conv2d.py on GPU 0 ===

=== Errors for pixel_shuffle_conv2d.py on GPU 0 ===

=== Output for matrix_vector_dot.py on GPU 0 ===

=== Errors for matrix_vector_dot.py on GPU 0 ===

=== Output for min_gelu.py on GPU 0 ===

=== Errors for min_gelu.py on GPU 0 ===

=== Output for pow.py on GPU 0 ===

=== Errors for pow.py on GPU 0 ===

=== Output for relu_max_pool2d_conv2d.py on GPU 0 ===

=== Errors for relu_max_pool2d_conv2d.py on GPU 0 ===
W0529 14:14:10.250000 2227 site-packages/torch/_inductor/utils.py:1048] [0/0] Not enough SMs to use max_autotune_gemm mode

=== Output for erf.py on GPU 0 ===

=== Errors for erf.py on GPU 0 ===

=== Output for sigmoid.py on GPU 0 ===

=== Errors for sigmoid.py on GPU 0 ===

=== Output for gelu.py on GPU 0 ===

=== Errors for gelu.py on GPU 0 ===

=== Output for det.py on GPU 0 ===

=== Errors for det.py on GPU 0 ===

=== Output for fused_bmm_rmsnorm_gelu_dropout.py on GPU 0 ===

=== Errors for fused_bmm_rmsnorm_gelu_dropout.py on GPU 0 ===
W0529 14:15:19.157000 2349 site-packages/torch/_inductor/utils.py:1048] [0/0_1] Not enough SMs to use max_autotune_gemm mode
Traceback (most recent call last):
  File "/data/results/lmstudio_prompt11_router_20260528-212821/call_acc/fused_bmm_rmsnorm_gelu_dropout.py", line 49, in fused_bmm_rmsnorm_gelu_dropout
    y = _fused_bmm_rmsnorm_gelu_dropout_fast(
        ^^^^^^^^^^^^^^^^^^^^^^^^^^^^^^^^^^^^^
  File "/usr/local/lib/python3.12/site-packages/torch/_dynamo/eval_frame.py", line 465, in _fn
    return fn(*args, **kwargs)
           ^^^^^^^^^^^^^^^^^^^
  File "/data/results/lmstudio_prompt11_router_20260528-212821/call_acc/fused_bmm_rmsnorm_gelu_dropout.py", line 21, in _fused_bmm_rmsnorm_gelu_dropout_impl
    def _fused_bmm_rmsnorm_gelu_dropout_impl(input1, input2, normalized_shape, dropout_p, eps, training, approximate):
  File "/usr/local/lib/python3.12/site-packages/torch/nn/functional.py", line 2919, in rms_norm
    return torch.rms_norm(input, normalized_shape, weight, eps)
           ^^^^^^^^^^^^^^^^^^^^^^^^^^^^^^^^^^^^^^^^^^^^^^^^^^^^
TypeError: rms_norm(): argument 'normalized_shape' (position 2) must be tuple of ints, not int

During handling of the above exception, another exception occurred:

Traceback (most recent call last):
  File "/data/results/lmstudio_prompt11_router_20260528-212821/call_acc/fused_bmm_rmsnorm_gelu_dropout.py", line 98, in <module>
    test_results = test_fused_bmm_rmsnorm_gelu_dropout()
                   ^^^^^^^^^^^^^^^^^^^^^^^^^^^^^^^^^^^^^
  File "/data/results/lmstudio_prompt11_router_20260528-212821/call_acc/fused_bmm_rmsnorm_gelu_dropout.py", line 85, in test_fused_bmm_rmsnorm_gelu_dropout
    results["test_case_1"] = fused_bmm_rmsnorm_gelu_dropout(input1, input2, normalized_shape=5)
                             ^^^^^^^^^^^^^^^^^^^^^^^^^^^^^^^^^^^^^^^^^^^^^^^^^^^^^^^^^^^^^^^^^^
  File "/data/results/lmstudio_prompt11_router_20260528-212821/call_acc/fused_bmm_rmsnorm_gelu_dropout.py", line 53, in fused_bmm_rmsnorm_gelu_dropout
    y = _fused_bmm_rmsnorm_gelu_dropout_impl(
        ^^^^^^^^^^^^^^^^^^^^^^^^^^^^^^^^^^^^^
  File "/data/results/lmstudio_prompt11_router_20260528-212821/call_acc/fused_bmm_rmsnorm_gelu_dropout.py", line 23, in _fused_bmm_rmsnorm_gelu_dropout_impl
    y = F.rms_norm(y, normalized_shape, eps=eps)
        ^^^^^^^^^^^^^^^^^^^^^^^^^^^^^^^^^^^^^^^^
  File "/usr/local/lib/python3.12/site-packages/torch/nn/functional.py", line 2919, in rms_norm
    return torch.rms_norm(input, normalized_shape, weight, eps)
           ^^^^^^^^^^^^^^^^^^^^^^^^^^^^^^^^^^^^^^^^^^^^^^^^^^^^
TypeError: rms_norm(): argument 'normalized_shape' (position 2) must be tuple of ints, not int

=== Output for floor.py on GPU 0 ===

=== Errors for floor.py on GPU 0 ===

=== Output for rand.py on GPU 0 ===

=== Errors for rand.py on GPU 0 ===
  File "/data/results/lmstudio_prompt11_router_20260528-212821/call_acc/rand.py", line 22
    def rand(*size, *, generator=None, out=None, dtype=None, layout=torch.strided, device=None, requires_grad=False, pin_memory=False) -> Tensor:
                    ^
SyntaxError: * argument may appear only once

=== Output for cholesky_solve.py on GPU 0 ===

=== Errors for cholesky_solve.py on GPU 0 ===

=== Output for mul_sub.py on GPU 0 ===

=== Errors for mul_sub.py on GPU 0 ===
Traceback (most recent call last):
  File "/usr/local/lib/python3.12/site-packages/triton/language/core.py", line 35, in wrapper
    return fn(*args, **kwargs)
           ^^^^^^^^^^^^^^^^^^^
  File "/usr/local/lib/python3.12/site-packages/triton/language/core.py", line 1597, in load
    return semantic.load(pointer, mask, other, boundary_check, padding_option, cache_modifier, eviction_policy,
           ^^^^^^^^^^^^^^^^^^^^^^^^^^^^^^^^^^^^^^^^^^^^^^^^^^^^^^^^^^^^^^^^^^^^^^^^^^^^^^^^^^^^^^^^^^^^^^^^^^^^
  File "/usr/local/lib/python3.12/site-packages/triton/language/semantic.py", line 1037, in load
    return _load_legacy(ptr, mask, other, boundary_check, padding, cache, eviction, is_volatile, builder)
           ^^^^^^^^^^^^^^^^^^^^^^^^^^^^^^^^^^^^^^^^^^^^^^^^^^^^^^^^^^^^^^^^^^^^^^^^^^^^^^^^^^^^^^^^^^^^^^
  File "/usr/local/lib/python3.12/site-packages/triton/language/semantic.py", line 969, in _load_legacy
    raise ValueError(f"Unsupported ptr type {ptr.type.__repr__()} in `tl.load`")
ValueError: Unsupported ptr type <[4], int64> in `tl.load`

The above exception was the direct cause of the following exception:

Traceback (most recent call last):
  File "/data/results/lmstudio_prompt11_router_20260528-212821/call_acc/mul_sub.py", line 125, in <module>
    test_results = test_mul_sub()
                   ^^^^^^^^^^^^^^
  File "/data/results/lmstudio_prompt11_router_20260528-212821/call_acc/mul_sub.py", line 109, in test_mul_sub
    results["test_case_1"] = mul_sub(input_tensor, other_mul_tensor, other_sub_tensor)
                             ^^^^^^^^^^^^^^^^^^^^^^^^^^^^^^^^^^^^^^^^^^^^^^^^^^^^^^^^^
  File "/data/results/lmstudio_prompt11_router_20260528-212821/call_acc/mul_sub.py", line 82, in mul_sub
    _mul_sub_kernel[grid](
  File "/usr/local/lib/python3.12/site-packages/triton/runtime/jit.py", line 345, in <lambda>
    return lambda *args, **kwargs: self.run(grid=grid, warmup=False, *args, **kwargs)
                                   ^^^^^^^^^^^^^^^^^^^^^^^^^^^^^^^^^^^^^^^^^^^^^^^^^^
  File "/usr/local/lib/python3.12/site-packages/triton/runtime/jit.py", line 662, in run
    kernel = self.compile(
             ^^^^^^^^^^^^^
  File "/usr/local/lib/python3.12/site-packages/triton/compiler/compiler.py", line 276, in compile
    module = src.make_ir(options, codegen_fns, context)
             ^^^^^^^^^^^^^^^^^^^^^^^^^^^^^^^^^^^^^^^^^^
  File "/usr/local/lib/python3.12/site-packages/triton/compiler/compiler.py", line 113, in make_ir
    return ast_to_ttir(self.fn, self, context=context, options=options, codegen_fns=codegen_fns)
           ^^^^^^^^^^^^^^^^^^^^^^^^^^^^^^^^^^^^^^^^^^^^^^^^^^^^^^^^^^^^^^^^^^^^^^^^^^^^^^^^^^^^^
triton.compiler.errors.CompilationError: at 10:8:
def _mul_sub_kernel(
    input_ptr, other_mul_ptr, other_sub_ptr, out_ptr,
    N,
    other_mul_val, other_sub_val, alpha_val,
    BLOCK_SIZE: tl.constexpr
):
    offsets = tl.arange(0, BLOCK_SIZE)
    mask = offsets < N

    x = tl.load(input_ptr + offsets, mask=mask, other=0.0)
        ^

=== Output for ldl_factor.py on GPU 0 ===

=== Errors for ldl_factor.py on GPU 0 ===

=== Output for abs.py on GPU 0 ===

=== Errors for abs.py on GPU 0 ===

=== Output for mul.py on GPU 0 ===

=== Errors for mul.py on GPU 0 ===

=== Output for softmax.py on GPU 0 ===

=== Errors for softmax.py on GPU 0 ===

=== Output for leaky_relu.py on GPU 0 ===

=== Errors for leaky_relu.py on GPU 0 ===

=== Output for invert_matrix_lu.py on GPU 0 ===

=== Errors for invert_matrix_lu.py on GPU 0 ===

=== Output for std.py on GPU 0 ===

=== Errors for std.py on GPU 0 ===

=== Output for tril_mm_and_scale.py on GPU 0 ===

=== Errors for tril_mm_and_scale.py on GPU 0 ===

=== Output for solve.py on GPU 0 ===

=== Errors for solve.py on GPU 0 ===

=== Output for airy_ai.py on GPU 0 ===

=== Errors for airy_ai.py on GPU 0 ===

=== Output for signbit.py on GPU 0 ===

=== Errors for signbit.py on GPU 0 ===

=== Output for matrix_multiply_and_row_dot.py on GPU 0 ===

=== Errors for matrix_multiply_and_row_dot.py on GPU 0 ===

=== Output for polygamma.py on GPU 0 ===

=== Errors for polygamma.py on GPU 0 ===

=== Output for elu_linear.py on GPU 0 ===

=== Errors for elu_linear.py on GPU 0 ===
W0529 14:17:32.279000 2462 site-packages/torch/_inductor/utils.py:1048] [0/0] Not enough SMs to use max_autotune_gemm mode

=== Output for fused_pairwise_distance_normalize.py on GPU 0 ===

=== Errors for fused_pairwise_distance_normalize.py on GPU 0 ===

=== Output for Adam.py on GPU 0 ===

=== Errors for Adam.py on GPU 0 ===

=== Output for fused_hstack_div.py on GPU 0 ===

=== Errors for fused_hstack_div.py on GPU 0 ===

=== Output for broadcast_tensors.py on GPU 0 ===

=== Errors for broadcast_tensors.py on GPU 0 ===

=== Output for relu_conv2d.py on GPU 0 ===

=== Errors for relu_conv2d.py on GPU 0 ===
W0529 14:18:16.394000 2539 site-packages/torch/_inductor/utils.py:1048] [0/0] Not enough SMs to use max_autotune_gemm mode

=== Output for log.py on GPU 0 ===

=== Errors for log.py on GPU 0 ===

=== Output for adaptive_avg_pool2d.py on GPU 0 ===

=== Errors for adaptive_avg_pool2d.py on GPU 0 ===

=== Output for quantize_dynamic.py on GPU 0 ===

=== Errors for quantize_dynamic.py on GPU 0 ===
Traceback (most recent call last):
  File "/data/results/lmstudio_prompt11_router_20260528-212821/call_acc/quantize_dynamic.py", line 73, in <module>
    test_results = test_quantize_dynamic()
                   ^^^^^^^^^^^^^^^^^^^^^^^
  File "/data/results/lmstudio_prompt11_router_20260528-212821/call_acc/quantize_dynamic.py", line 35, in test_quantize_dynamic
    class SimpleModel(nn.Module):
                      ^^
NameError: name 'nn' is not defined

=== Output for conv2d_add.py on GPU 0 ===

=== Errors for conv2d_add.py on GPU 0 ===
W0529 14:18:58.651000 2624 site-packages/torch/_inductor/utils.py:1048] [0/0] Not enough SMs to use max_autotune_gemm mode

=== Output for ifftshift.py on GPU 0 ===

=== Errors for ifftshift.py on GPU 0 ===

=== Output for signbit_bitwise_and.py on GPU 0 ===

=== Errors for signbit_bitwise_and.py on GPU 0 ===
Traceback (most recent call last):
  File "/data/results/lmstudio_prompt11_router_20260528-212821/call_acc/signbit_bitwise_and.py", line 61, in <module>
    test_results = test_signbit_bitwise_and()
                   ^^^^^^^^^^^^^^^^^^^^^^^^^^
  File "/data/results/lmstudio_prompt11_router_20260528-212821/call_acc/signbit_bitwise_and.py", line 42, in test_signbit_bitwise_and
    results["test_case_1"] = signbit_bitwise_and(a, b)
                             ^^^^^^^^^^^^^^^^^^^^^^^^^
  File "/data/results/lmstudio_prompt11_router_20260528-212821/call_acc/signbit_bitwise_and.py", line 22, in signbit_bitwise_and
    return torch.signbit(input), torch.bitwise_and(input, other)
                                 ^^^^^^^^^^^^^^^^^^^^^^^^^^^^^^^
RuntimeError: "bitwise_and_cuda" not implemented for 'Float'

=== Output for fused_repeat_interleave_log_softmax.py on GPU 0 ===

=== Errors for fused_repeat_interleave_log_softmax.py on GPU 0 ===
/data/results/lmstudio_prompt11_router_20260528-212821/call_acc/fused_repeat_interleave_log_softmax.py:23: UserWarning: Implicit dimension choice for log_softmax has been deprecated. Change the call to include dim=X as an argument.
  y = F.log_softmax(y, dim=dim, dtype=dtype)

=== Output for cholesky.py on GPU 0 ===

=== Errors for cholesky.py on GPU 0 ===

=== Output for ones_like.py on GPU 0 ===

=== Errors for ones_like.py on GPU 0 ===

=== Output for autocast.py on GPU 0 ===

=== Errors for autocast.py on GPU 0 ===

=== Output for reciprocal.py on GPU 0 ===

=== Errors for reciprocal.py on GPU 0 ===

=== Output for cos_signbit.py on GPU 0 ===

=== Errors for cos_signbit.py on GPU 0 ===

=== Output for spectral_norm_eig.py on GPU 0 ===

=== Errors for spectral_norm_eig.py on GPU 0 ===

=== Output for fftn.py on GPU 0 ===

=== Errors for fftn.py on GPU 0 ===

Deleted SGD.py
Error deleting __pycache__: [Errno 21] Is a directory: '/data/results/lmstudio_prompt11_router_20260528-212821/call_acc/__pycache__'
Deleted add_gelu.py
Deleted bitwise_and_binomial.py
Deleted chebyshev_polynomial_t.py
Deleted determinant_lu.py
Deleted fused_bmm_rmsnorm_gelu_dropout.py
Deleted fused_cross_entropy_log_softmax.py
Deleted fused_instance_norm_selu_conv2d.py
Deleted fused_layer_norm_relu_linear.py
Deleted fused_qr_solve.py
Deleted fused_svd_reconstruct.py
Deleted fused_tile_exp.py
Deleted gelu_min.py
Deleted grid_sample_with_affine.py
Deleted index_fill_.py
Deleted least_squares_qr.py
Deleted log_softmax_linear.py
Deleted log_tanh.py
Deleted low_rank_svd_approximation.py
Deleted matrix_power_eig.py
Deleted mul_sub.py
Deleted quantize_dynamic.py
Deleted rand.py
Deleted selu.py
Deleted signbit_bitwise_and.py
Deleted solve_symmetric_ldl.py
Deleted sub_gelu.py

Correct execution rate: 83.73%
['fused_bmm_rmsnorm_gelu_dropout_sub.py', 'div.py', 'sigmoid_conv2d.py', 'solve_multiple_lu.py', 'tanh.py', 'relu_sqrt.py', 'sqrt.py', 'sigmoid_argmax.py', 'sub.py', 'grid_sample.py', 'svd.py', 'i0.py', 'rsqrt.py', 'dropout_relu_batch_norm_conv2d.py', 'fused_mv_logsoftmax_dropout.py', 'add.py', 'fused_silu_layer_norm_conv2d.py', 'fused_index_select_eq.py', 'argmax.py', 'fused_lu_solve.py', 'normalize_pairwise_distance.py', 'max.py', 'relu.py', 'determinant_via_qr.py', 'sqrt_tanh.py', 'silu_batch_norm.py', 'fused_cross_entropy_softmax_layernorm.py', 'mean.py', 'eig.py', 'logsumexp.py', 'fused_embedding_add_tanh.py', 'fused_mv_sigmoid_sub.py', 'fused_cosine_embedding_loss_with_normalization.py', 'fused_transformer_block.py', 'log1p.py', 'sigmoid_batch_norm.py', 'fused_hardsigmoid_batch_norm.py', 'zeta.py', 'symmetric_matrix_vector_norm.py', 'softplus_linear.py', 'fused_mul_add_logsoftmax_dropout_bmm.py', 'scaled_add_norm.py', 'leaky_relu_conv2d.py', 'sqrt_exp.py', 'cos_avg_pool1d.py', 'sum_std.py', 'mul_relu.py', 'gelu_conv2d.py', 'fused_fractional_max_pool2d_with_relu.py', 'logit.py', 'exp_sqrt.py', 'combined_activation.py', 'scaled_add_dot.py', 'tensordot.py', 'qr.py', 'asin.py', 'fused_masked_select_add_gelu.py', 'fused_pairwise_distance_adaptive_avg_pool2d.py', 'add_mean.py', 'fused_add_mul_groupnorm.py', 'relu_batch_norm_conv2d.py', 'conv2d.py', 'normalized_cosine_similarity.py', 'fused_cholesky_solve.py', 'matmul.py', 'fused_gather_masked_fill.py', 'addmm.py', 'sigmoid_adaptive_avg_pool2d.py', 'cos.py', 'fused_bmm_dropout_gelu.py', 'trunc.py', 'exp.py', 'matrix_multiply_symmetric.py', 'fused_avg_pool2d_cosine_similarity.py', 'fused_hardshrink_dropout.py', 'erfc_sqrt.py', 'tensordot_rsqrt.py', 'softmax_log.py', 'dropout_sigmoid_linear.py', 'batch_norm.py', 'gammaln.py', 'bitwise_and.py', 'gelu_std.py', 'permute_copy.py', 'digamma.py', 'softmax_mul.py', 'rad2deg_sqrt.py', 'bessel_j1.py', 'lu.py', 'pseudoinverse_svd.py', 'exp_mean.py', 'min.py', 'symmetric_mm_and_abs_sum.py', 'tanh_linear.py', 'sum.py', 'logspace.py', 'solve_and_add_scaled_vector.py', 'pixel_shuffle_conv2d.py', 'matrix_vector_dot.py', 'min_gelu.py', 'pow.py', 'relu_max_pool2d_conv2d.py', 'erf.py', 'sigmoid.py', 'gelu.py', 'det.py', 'floor.py', 'cholesky_solve.py', 'ldl_factor.py', 'abs.py', 'mul.py', 'softmax.py', 'leaky_relu.py', 'invert_matrix_lu.py', 'std.py', 'tril_mm_and_scale.py', 'solve.py', 'airy_ai.py', 'signbit.py', 'matrix_multiply_and_row_dot.py', 'polygamma.py', 'elu_linear.py', 'fused_pairwise_distance_normalize.py', 'Adam.py', 'fused_hstack_div.py', 'broadcast_tensors.py', 'relu_conv2d.py', 'log.py', 'adaptive_avg_pool2d.py', 'conv2d_add.py', 'ifftshift.py', 'fused_repeat_interleave_log_softmax.py', 'cholesky.py', 'ones_like.py', 'autocast.py', 'reciprocal.py', 'cos_signbit.py', 'spectral_norm_eig.py', 'fftn.py']
Above is call test for lmstudio_qwen_qwen3.6-35b-a3b_simp_all_20260528-212826
================================================================================================================================================================

call_acc survivors: 139 / 166

======================================================================
=== Phase 2: execution accuracy ===
======================================================================
