✓ Initialized. View run at https://modal.com/apps/a01637220/main/ap-qGAVm4donFmcFpxtV0id8X
✓ Created objects.
├── 🔨 Created mount /Users/gustavoortiz/Documents/tec/8/reto-dev/TritonBench4Modal/modal_app_lmstudio.py
├── 🔨 Created mount PythonPackage:modal_app
├── 🔨 Created function fetch_alpaca_items.
└── 🔨 Created function evaluate_predictions.

==========
== CUDA ==
==========

CUDA Version 12.4.1

Container image Copyright (c) 2016-2023, NVIDIA CORPORATION & AFFILIATES. All rights reserved.

This container image and its contents are governed by the NVIDIA Deep Learning Container License.
By pulling and using the container, you accept the terms and conditions of this license:
https://developer.nvidia.com/ngc/nvidia-deep-learning-container-license

A copy of this license is made available in this container at /NGC-DL-CONTAINER-LICENSE for your convenience.

WARNING: The NVIDIA Driver was not detected.  GPU functionality will not be available.
   Use the NVIDIA Container Toolkit to start this container with GPU support; see
   https://docs.nvidia.com/datacenter/cloud-native/ .

using prompt header: prompt-12-general-router.txt
generating 20 missing predictions locally with qwen/qwen3.6-35b-a3b via native at http://localhost:1234/v1
  5/20 generated
  10/20 generated
  15/20 generated
  20/20 generated
uploading local-predictions/lmstudio_qwen_qwen3.6-35b-a3b_simp_limit20_20260528-152038.jsonl -> volume://uploads/lmstudio_qwen_qwen3.6-35b-a3b_simp_limit20_20260528-152038.jsonl

evaluating: volume://uploads/lmstudio_qwen_qwen3.6-35b-a3b_simp_limit20_20260528-152038.jsonl


==========
== CUDA ==
==========

CUDA Version 12.4.1

Container image Copyright (c) 2016-2023, NVIDIA CORPORATION & AFFILIATES. All rights reserved.

This container image and its contents are governed by the NVIDIA Deep Learning Container License.
By pulling and using the container, you accept the terms and conditions of this license:
https://developer.nvidia.com/ngc/nvidia-deep-learning-container-license

A copy of this license is made available in this container at /NGC-DL-CONTAINER-LICENSE for your convenience.


======================================================================
=== Phase 1: call accuracy ===
======================================================================
instruction
=== Output for fused_bmm_rmsnorm_gelu_dropout_sub.py on GPU 0 ===

=== Errors for fused_bmm_rmsnorm_gelu_dropout_sub.py on GPU 0 ===
E0528 21:59:49.619000 27 site-packages/torch/_subclasses/fake_tensor.py:2017] [0/0] failed while attempting to run meta for aten.mean.dim
E0528 21:59:49.619000 27 site-packages/torch/_subclasses/fake_tensor.py:2017] [0/0] Traceback (most recent call last):
E0528 21:59:49.619000 27 site-packages/torch/_subclasses/fake_tensor.py:2017] [0/0]   File "/usr/local/lib/python3.12/site-packages/torch/_subclasses/fake_tensor.py", line 2013, in _dispatch_impl
E0528 21:59:49.619000 27 site-packages/torch/_subclasses/fake_tensor.py:2017] [0/0]     r = func(*args, **kwargs)
E0528 21:59:49.619000 27 site-packages/torch/_subclasses/fake_tensor.py:2017] [0/0]         ^^^^^^^^^^^^^^^^^^^^^
E0528 21:59:49.619000 27 site-packages/torch/_subclasses/fake_tensor.py:2017] [0/0]   File "/usr/local/lib/python3.12/site-packages/torch/_ops.py", line 716, in __call__
E0528 21:59:49.619000 27 site-packages/torch/_subclasses/fake_tensor.py:2017] [0/0]     return self._op(*args, **kwargs)
E0528 21:59:49.619000 27 site-packages/torch/_subclasses/fake_tensor.py:2017] [0/0]            ^^^^^^^^^^^^^^^^^^^^^^^^^
E0528 21:59:49.619000 27 site-packages/torch/_subclasses/fake_tensor.py:2017] [0/0]   File "/usr/local/lib/python3.12/site-packages/torch/_refs/__init__.py", line 2476, in mean
E0528 21:59:49.619000 27 site-packages/torch/_subclasses/fake_tensor.py:2017] [0/0]     result = _reduction(
E0528 21:59:49.619000 27 site-packages/torch/_subclasses/fake_tensor.py:2017] [0/0]              ^^^^^^^^^^^
E0528 21:59:49.619000 27 site-packages/torch/_subclasses/fake_tensor.py:2017] [0/0]   File "/usr/local/lib/python3.12/site-packages/torch/_refs/__init__.py", line 2171, in _reduction
E0528 21:59:49.619000 27 site-packages/torch/_subclasses/fake_tensor.py:2017] [0/0]     dims = utils.reduction_dims(a.shape, dims)
E0528 21:59:49.619000 27 site-packages/torch/_subclasses/fake_tensor.py:2017] [0/0]            ^^^^^^^^^^^^^^^^^^^^^^^^^^^^^^^^^^^
E0528 21:59:49.619000 27 site-packages/torch/_subclasses/fake_tensor.py:2017] [0/0]   File "/usr/local/lib/python3.12/site-packages/torch/_prims_common/__init__.py", line 1713, in reduction_dims
E0528 21:59:49.619000 27 site-packages/torch/_subclasses/fake_tensor.py:2017] [0/0]     dims = tuple(canonicalize_dim(len(shape), idx) for idx in dims)
E0528 21:59:49.619000 27 site-packages/torch/_subclasses/fake_tensor.py:2017] [0/0]            ^^^^^^^^^^^^^^^^^^^^^^^^^^^^^^^^^^^^^^^^^^^^^^^^^^^^^^^^
E0528 21:59:49.619000 27 site-packages/torch/_subclasses/fake_tensor.py:2017] [0/0]   File "/usr/local/lib/python3.12/site-packages/torch/_prims_common/__init__.py", line 1713, in <genexpr>
E0528 21:59:49.619000 27 site-packages/torch/_subclasses/fake_tensor.py:2017] [0/0]     dims = tuple(canonicalize_dim(len(shape), idx) for idx in dims)
E0528 21:59:49.619000 27 site-packages/torch/_subclasses/fake_tensor.py:2017] [0/0]                  ^^^^^^^^^^^^^^^^^^^^^^^^^^^^^^^^^
E0528 21:59:49.619000 27 site-packages/torch/_subclasses/fake_tensor.py:2017] [0/0]   File "/usr/local/lib/python3.12/site-packages/torch/_prims_common/__init__.py", line 663, in canonicalize_dim
E0528 21:59:49.619000 27 site-packages/torch/_subclasses/fake_tensor.py:2017] [0/0]     raise IndexError(msg)
E0528 21:59:49.619000 27 site-packages/torch/_subclasses/fake_tensor.py:2017] [0/0] IndexError: Dimension out of range (expected to be in range of [-3, 2], but got -5)
W0528 21:59:49.635000 27 site-packages/torch/_dynamo/convert_frame.py:1125] WON'T CONVERT _fused_bmm_rmsnorm_gelu_dropout_sub_impl /data/results/lmstudio_prompt12_general_router_20260528-152031/call_acc/fused_bmm_rmsnorm_gelu_dropout_sub.py line 22 
W0528 21:59:49.635000 27 site-packages/torch/_dynamo/convert_frame.py:1125] due to: 
W0528 21:59:49.635000 27 site-packages/torch/_dynamo/convert_frame.py:1125] Traceback (most recent call last):
W0528 21:59:49.635000 27 site-packages/torch/_dynamo/convert_frame.py:1125]   File "/usr/local/lib/python3.12/site-packages/torch/_dynamo/convert_frame.py", line 1064, in __call__
W0528 21:59:49.635000 27 site-packages/torch/_dynamo/convert_frame.py:1125]     result = self._inner_convert(
W0528 21:59:49.635000 27 site-packages/torch/_dynamo/convert_frame.py:1125]              ^^^^^^^^^^^^^^^^^^^^
W0528 21:59:49.635000 27 site-packages/torch/_dynamo/convert_frame.py:1125]   File "/usr/local/lib/python3.12/site-packages/torch/_dynamo/convert_frame.py", line 526, in __call__
W0528 21:59:49.635000 27 site-packages/torch/_dynamo/convert_frame.py:1125]     return _compile(
W0528 21:59:49.635000 27 site-packages/torch/_dynamo/convert_frame.py:1125]            ^^^^^^^^^
W0528 21:59:49.635000 27 site-packages/torch/_dynamo/convert_frame.py:1125]   File "/usr/local/lib/python3.12/site-packages/torch/_dynamo/convert_frame.py", line 924, in _compile
W0528 21:59:49.635000 27 site-packages/torch/_dynamo/convert_frame.py:1125]     guarded_code = compile_inner(code, one_graph, hooks, transform)
W0528 21:59:49.635000 27 site-packages/torch/_dynamo/convert_frame.py:1125]                    ^^^^^^^^^^^^^^^^^^^^^^^^^^^^^^^^^^^^^^^^^^^^^^^^
W0528 21:59:49.635000 27 site-packages/torch/_dynamo/convert_frame.py:1125]   File "/usr/local/lib/python3.12/site-packages/torch/_dynamo/convert_frame.py", line 666, in compile_inner
W0528 21:59:49.635000 27 site-packages/torch/_dynamo/convert_frame.py:1125]     return _compile_inner(code, one_graph, hooks, transform)
W0528 21:59:49.635000 27 site-packages/torch/_dynamo/convert_frame.py:1125]            ^^^^^^^^^^^^^^^^^^^^^^^^^^^^^^^^^^^^^^^^^^^^^^^^^
W0528 21:59:49.635000 27 site-packages/torch/_dynamo/convert_frame.py:1125]   File "/usr/local/lib/python3.12/site-packages/torch/_utils_internal.py", line 87, in wrapper_function
W0528 21:59:49.635000 27 site-packages/torch/_dynamo/convert_frame.py:1125]     return function(*args, **kwargs)
W0528 21:59:49.635000 27 site-packages/torch/_dynamo/convert_frame.py:1125]            ^^^^^^^^^^^^^^^^^^^^^^^^^
W0528 21:59:49.635000 27 site-packages/torch/_dynamo/convert_frame.py:1125]   File "/usr/local/lib/python3.12/site-packages/torch/_dynamo/convert_frame.py", line 699, in _compile_inner
W0528 21:59:49.635000 27 site-packages/torch/_dynamo/convert_frame.py:1125]     out_code = transform_code_object(code, transform)
W0528 21:59:49.635000 27 site-packages/torch/_dynamo/convert_frame.py:1125]                ^^^^^^^^^^^^^^^^^^^^^^^^^^^^^^^^^^^^^^
W0528 21:59:49.635000 27 site-packages/torch/_dynamo/convert_frame.py:1125]   File "/usr/local/lib/python3.12/site-packages/torch/_dynamo/bytecode_transformation.py", line 1322, in transform_code_object
W0528 21:59:49.635000 27 site-packages/torch/_dynamo/convert_frame.py:1125]     transformations(instructions, code_options)
W0528 21:59:49.635000 27 site-packages/torch/_dynamo/convert_frame.py:1125]   File "/usr/local/lib/python3.12/site-packages/torch/_dynamo/convert_frame.py", line 219, in _fn
W0528 21:59:49.635000 27 site-packages/torch/_dynamo/convert_frame.py:1125]     return fn(*args, **kwargs)
W0528 21:59:49.635000 27 site-packages/torch/_dynamo/convert_frame.py:1125]            ^^^^^^^^^^^^^^^^^^^
W0528 21:59:49.635000 27 site-packages/torch/_dynamo/convert_frame.py:1125]   File "/usr/local/lib/python3.12/site-packages/torch/_dynamo/convert_frame.py", line 634, in transform
W0528 21:59:49.635000 27 site-packages/torch/_dynamo/convert_frame.py:1125]     tracer.run()
W0528 21:59:49.635000 27 site-packages/torch/_dynamo/convert_frame.py:1125]   File "/usr/local/lib/python3.12/site-packages/torch/_dynamo/symbolic_convert.py", line 2796, in run
W0528 21:59:49.635000 27 site-packages/torch/_dynamo/convert_frame.py:1125]     super().run()
W0528 21:59:49.635000 27 site-packages/torch/_dynamo/convert_frame.py:1125]   File "/usr/local/lib/python3.12/site-packages/torch/_dynamo/symbolic_convert.py", line 983, in run
W0528 21:59:49.635000 27 site-packages/torch/_dynamo/convert_frame.py:1125]     while self.step():
W0528 21:59:49.635000 27 site-packages/torch/_dynamo/convert_frame.py:1125]           ^^^^^^^^^^^
W0528 21:59:49.635000 27 site-packages/torch/_dynamo/convert_frame.py:1125]   File "/usr/local/lib/python3.12/site-packages/torch/_dynamo/symbolic_convert.py", line 895, in step
W0528 21:59:49.635000 27 site-packages/torch/_dynamo/convert_frame.py:1125]     self.dispatch_table[inst.opcode](self, inst)
W0528 21:59:49.635000 27 site-packages/torch/_dynamo/convert_frame.py:1125]   File "/usr/local/lib/python3.12/site-packages/torch/_dynamo/symbolic_convert.py", line 582, in wrapper
W0528 21:59:49.635000 27 site-packages/torch/_dynamo/convert_frame.py:1125]     return inner_fn(self, inst)
W0528 21:59:49.635000 27 site-packages/torch/_dynamo/convert_frame.py:1125]            ^^^^^^^^^^^^^^^^^^^^
W0528 21:59:49.635000 27 site-packages/torch/_dynamo/convert_frame.py:1125]   File "/usr/local/lib/python3.12/site-packages/torch/_dynamo/symbolic_convert.py", line 2279, in CALL
W0528 21:59:49.635000 27 site-packages/torch/_dynamo/convert_frame.py:1125]     self._call(inst)
W0528 21:59:49.635000 27 site-packages/torch/_dynamo/convert_frame.py:1125]   File "/usr/local/lib/python3.12/site-packages/torch/_dynamo/symbolic_convert.py", line 2273, in _call
W0528 21:59:49.635000 27 site-packages/torch/_dynamo/convert_frame.py:1125]     self.call_function(fn, args, kwargs)
W0528 21:59:49.635000 27 site-packages/torch/_dynamo/convert_frame.py:1125]   File "/usr/local/lib/python3.12/site-packages/torch/_dynamo/symbolic_convert.py", line 830, in call_function
W0528 21:59:49.635000 27 site-packages/torch/_dynamo/convert_frame.py:1125]     self.push(fn.call_function(self, args, kwargs))  # type: ignore[arg-type]
W0528 21:59:49.635000 27 site-packages/torch/_dynamo/convert_frame.py:1125]               ^^^^^^^^^^^^^^^^^^^^^^^^^^^^^^^^^^^^
W0528 21:59:49.635000 27 site-packages/torch/_dynamo/convert_frame.py:1125]   File "/usr/local/lib/python3.12/site-packages/torch/_dynamo/variables/misc.py", line 1024, in call_function
W0528 21:59:49.635000 27 site-packages/torch/_dynamo/convert_frame.py:1125]     return self.obj.call_method(tx, self.name, args, kwargs)
W0528 21:59:49.635000 27 site-packages/torch/_dynamo/convert_frame.py:1125]            ^^^^^^^^^^^^^^^^^^^^^^^^^^^^^^^^^^^^^^^^^^^^^^^^^
W0528 21:59:49.635000 27 site-packages/torch/_dynamo/convert_frame.py:1125]   File "/usr/local/lib/python3.12/site-packages/torch/_dynamo/variables/tensor.py", line 535, in call_method
W0528 21:59:49.635000 27 site-packages/torch/_dynamo/convert_frame.py:1125]     return wrap_fx_proxy(
W0528 21:59:49.635000 27 site-packages/torch/_dynamo/convert_frame.py:1125]            ^^^^^^^^^^^^^^
W0528 21:59:49.635000 27 site-packages/torch/_dynamo/convert_frame.py:1125]   File "/usr/local/lib/python3.12/site-packages/torch/_dynamo/variables/builder.py", line 2037, in wrap_fx_proxy
W0528 21:59:49.635000 27 site-packages/torch/_dynamo/convert_frame.py:1125]     return wrap_fx_proxy_cls(target_cls=TensorVariable, **kwargs)
W0528 21:59:49.635000 27 site-packages/torch/_dynamo/convert_frame.py:1125]            ^^^^^^^^^^^^^^^^^^^^^^^^^^^^^^^^^^^^^^^^^^^^^^^^^^^^^^
W0528 21:59:49.635000 27 site-packages/torch/_dynamo/convert_frame.py:1125]   File "/usr/local/lib/python3.12/site-packages/torch/_dynamo/variables/builder.py", line 2124, in wrap_fx_proxy_cls
W0528 21:59:49.635000 27 site-packages/torch/_dynamo/convert_frame.py:1125]     example_value = get_fake_value(proxy.node, tx, allow_non_graph_fake=True)
W0528 21:59:49.635000 27 site-packages/torch/_dynamo/convert_frame.py:1125]                     ^^^^^^^^^^^^^^^^^^^^^^^^^^^^^^^^^^^^^^^^^^^^^^^^^^^^^^^^^
W0528 21:59:49.635000 27 site-packages/torch/_dynamo/convert_frame.py:1125]   File "/usr/local/lib/python3.12/site-packages/torch/_dynamo/utils.py", line 2082, in get_fake_value
W0528 21:59:49.635000 27 site-packages/torch/_dynamo/convert_frame.py:1125]     raise TorchRuntimeError(str(e)).with_traceback(e.__traceback__) from None
W0528 21:59:49.635000 27 site-packages/torch/_dynamo/convert_frame.py:1125]   File "/usr/local/lib/python3.12/site-packages/torch/_dynamo/utils.py", line 2017, in get_fake_value
W0528 21:59:49.635000 27 site-packages/torch/_dynamo/convert_frame.py:1125]     ret_val = wrap_fake_exception(
W0528 21:59:49.635000 27 site-packages/torch/_dynamo/convert_frame.py:1125]               ^^^^^^^^^^^^^^^^^^^^
W0528 21:59:49.635000 27 site-packages/torch/_dynamo/convert_frame.py:1125]   File "/usr/local/lib/python3.12/site-packages/torch/_dynamo/utils.py", line 1574, in wrap_fake_exception
W0528 21:59:49.635000 27 site-packages/torch/_dynamo/convert_frame.py:1125]     return fn()
W0528 21:59:49.635000 27 site-packages/torch/_dynamo/convert_frame.py:1125]            ^^^^
W0528 21:59:49.635000 27 site-packages/torch/_dynamo/convert_frame.py:1125]   File "/usr/local/lib/python3.12/site-packages/torch/_dynamo/utils.py", line 2018, in <lambda>
W0528 21:59:49.635000 27 site-packages/torch/_dynamo/convert_frame.py:1125]     lambda: run_node(tx.output, node, args, kwargs, nnmodule)
W0528 21:59:49.635000 27 site-packages/torch/_dynamo/convert_frame.py:1125]             ^^^^^^^^^^^^^^^^^^^^^^^^^^^^^^^^^^^^^^^^^^^^^^^^^
W0528 21:59:49.635000 27 site-packages/torch/_dynamo/convert_frame.py:1125]   File "/usr/local/lib/python3.12/site-packages/torch/_dynamo/utils.py", line 2150, in run_node
W0528 21:59:49.635000 27 site-packages/torch/_dynamo/convert_frame.py:1125]     raise RuntimeError(make_error_message(e)).with_traceback(
W0528 21:59:49.635000 27 site-packages/torch/_dynamo/convert_frame.py:1125]   File "/usr/local/lib/python3.12/site-packages/torch/_dynamo/utils.py", line 2134, in run_node
W0528 21:59:49.635000 27 site-packages/torch/_dynamo/convert_frame.py:1125]     return getattr(args[0], node.target)(*args[1:], **kwargs)
W0528 21:59:49.635000 27 site-packages/torch/_dynamo/convert_frame.py:1125]            ^^^^^^^^^^^^^^^^^^^^^^^^^^^^^^^^^^^^^^^^^^^^^^^^^^
W0528 21:59:49.635000 27 site-packages/torch/_dynamo/convert_frame.py:1125]   File "/usr/local/lib/python3.12/site-packages/torch/utils/_stats.py", line 21, in wrapper
W0528 21:59:49.635000 27 site-packages/torch/_dynamo/convert_frame.py:1125]     return fn(*args, **kwargs)
W0528 21:59:49.635000 27 site-packages/torch/_dynamo/convert_frame.py:1125]            ^^^^^^^^^^^^^^^^^^^
W0528 21:59:49.635000 27 site-packages/torch/_dynamo/convert_frame.py:1125]   File "/usr/local/lib/python3.12/site-packages/torch/_subclasses/fake_tensor.py", line 1238, in __torch_dispatch__
W0528 21:59:49.635000 27 site-packages/torch/_dynamo/convert_frame.py:1125]     return self.dispatch(func, types, args, kwargs)
W0528 21:59:49.635000 27 site-packages/torch/_dynamo/convert_frame.py:1125]            ^^^^^^^^^^^^^^^^^^^^^^^^^^^^^^^^^^^^^^^^
W0528 21:59:49.635000 27 site-packages/torch/_dynamo/convert_frame.py:1125]   File "/usr/local/lib/python3.12/site-packages/torch/_subclasses/fake_tensor.py", line 1692, in dispatch
W0528 21:59:49.635000 27 site-packages/torch/_dynamo/convert_frame.py:1125]     return self._cached_dispatch_impl(func, types, args, kwargs)
W0528 21:59:49.635000 27 site-packages/torch/_dynamo/convert_frame.py:1125]            ^^^^^^^^^^^^^^^^^^^^^^^^^^^^^^^^^^^^^^^^^^^^^^^^^^^^^
W0528 21:59:49.635000 27 site-packages/torch/_dynamo/convert_frame.py:1125]   File "/usr/local/lib/python3.12/site-packages/torch/_subclasses/fake_tensor.py", line 1339, in _cached_dispatch_impl
W0528 21:59:49.635000 27 site-packages/torch/_dynamo/convert_frame.py:1125]     output = self._dispatch_impl(func, types, args, kwargs)
W0528 21:59:49.635000 27 site-packages/torch/_dynamo/convert_frame.py:1125]              ^^^^^^^^^^^^^^^^^^^^^^^^^^^^^^^^^^^^^^^^^^^^^^
W0528 21:59:49.635000 27 site-packages/torch/_dynamo/convert_frame.py:1125]   File "/usr/local/lib/python3.12/site-packages/torch/_subclasses/fake_tensor.py", line 2013, in _dispatch_impl
W0528 21:59:49.635000 27 site-packages/torch/_dynamo/convert_frame.py:1125]     r = func(*args, **kwargs)
W0528 21:59:49.635000 27 site-packages/torch/_dynamo/convert_frame.py:1125]         ^^^^^^^^^^^^^^^^^^^^^
W0528 21:59:49.635000 27 site-packages/torch/_dynamo/convert_frame.py:1125]   File "/usr/local/lib/python3.12/site-packages/torch/_ops.py", line 716, in __call__
W0528 21:59:49.635000 27 site-packages/torch/_dynamo/convert_frame.py:1125]     return self._op(*args, **kwargs)
W0528 21:59:49.635000 27 site-packages/torch/_dynamo/convert_frame.py:1125]            ^^^^^^^^^^^^^^^^^^^^^^^^^
W0528 21:59:49.635000 27 site-packages/torch/_dynamo/convert_frame.py:1125]   File "/usr/local/lib/python3.12/site-packages/torch/_refs/__init__.py", line 2476, in mean
W0528 21:59:49.635000 27 site-packages/torch/_dynamo/convert_frame.py:1125]     result = _reduction(
W0528 21:59:49.635000 27 site-packages/torch/_dynamo/convert_frame.py:1125]              ^^^^^^^^^^^
W0528 21:59:49.635000 27 site-packages/torch/_dynamo/convert_frame.py:1125]   File "/usr/local/lib/python3.12/site-packages/torch/_refs/__init__.py", line 2171, in _reduction
W0528 21:59:49.635000 27 site-packages/torch/_dynamo/convert_frame.py:1125]     dims = utils.reduction_dims(a.shape, dims)
W0528 21:59:49.635000 27 site-packages/torch/_dynamo/convert_frame.py:1125]            ^^^^^^^^^^^^^^^^^^^^^^^^^^^^^^^^^^^
W0528 21:59:49.635000 27 site-packages/torch/_dynamo/convert_frame.py:1125]   File "/usr/local/lib/python3.12/site-packages/torch/_prims_common/__init__.py", line 1713, in reduction_dims
W0528 21:59:49.635000 27 site-packages/torch/_dynamo/convert_frame.py:1125]     dims = tuple(canonicalize_dim(len(shape), idx) for idx in dims)
W0528 21:59:49.635000 27 site-packages/torch/_dynamo/convert_frame.py:1125]            ^^^^^^^^^^^^^^^^^^^^^^^^^^^^^^^^^^^^^^^^^^^^^^^^^^^^^^^^
W0528 21:59:49.635000 27 site-packages/torch/_dynamo/convert_frame.py:1125]   File "/usr/local/lib/python3.12/site-packages/torch/_prims_common/__init__.py", line 1713, in <genexpr>
W0528 21:59:49.635000 27 site-packages/torch/_dynamo/convert_frame.py:1125]     dims = tuple(canonicalize_dim(len(shape), idx) for idx in dims)
W0528 21:59:49.635000 27 site-packages/torch/_dynamo/convert_frame.py:1125]                  ^^^^^^^^^^^^^^^^^^^^^^^^^^^^^^^^^
W0528 21:59:49.635000 27 site-packages/torch/_dynamo/convert_frame.py:1125]   File "/usr/local/lib/python3.12/site-packages/torch/_prims_common/__init__.py", line 663, in canonicalize_dim
W0528 21:59:49.635000 27 site-packages/torch/_dynamo/convert_frame.py:1125]     raise IndexError(msg)
W0528 21:59:49.635000 27 site-packages/torch/_dynamo/convert_frame.py:1125] torch._dynamo.exc.TorchRuntimeError: Failed running call_method mean(*(FakeTensor(..., device='cuda:0', size=(2, 3, 5)),), **{'dim': (-5,), 'keepdim': True}):
W0528 21:59:49.635000 27 site-packages/torch/_dynamo/convert_frame.py:1125] Dimension out of range (expected to be in range of [-3, 2], but got -5)
W0528 21:59:49.635000 27 site-packages/torch/_dynamo/convert_frame.py:1125] 
W0528 21:59:49.635000 27 site-packages/torch/_dynamo/convert_frame.py:1125] from user code:
W0528 21:59:49.635000 27 site-packages/torch/_dynamo/convert_frame.py:1125]    File "/data/results/lmstudio_prompt12_general_router_20260528-152031/call_acc/fused_bmm_rmsnorm_gelu_dropout_sub.py", line 31, in _fused_bmm_rmsnorm_gelu_dropout_sub_impl
W0528 21:59:49.635000 27 site-packages/torch/_dynamo/convert_frame.py:1125]     mean = squared.mean(dim=norm_dims, keepdim=True)
W0528 21:59:49.635000 27 site-packages/torch/_dynamo/convert_frame.py:1125] 
W0528 21:59:49.635000 27 site-packages/torch/_dynamo/convert_frame.py:1125] Set TORCH_LOGS="+dynamo" and TORCHDYNAMO_VERBOSE=1 for more information
W0528 21:59:49.635000 27 site-packages/torch/_dynamo/convert_frame.py:1125] 
W0528 21:59:49.635000 27 site-packages/torch/_dynamo/convert_frame.py:1125] Traceback (most recent call last):
W0528 21:59:49.635000 27 site-packages/torch/_dynamo/convert_frame.py:1125]   File "/usr/local/lib/python3.12/site-packages/torch/_dynamo/convert_frame.py", line 1064, in __call__
W0528 21:59:49.635000 27 site-packages/torch/_dynamo/convert_frame.py:1125]     result = self._inner_convert(
W0528 21:59:49.635000 27 site-packages/torch/_dynamo/convert_frame.py:1125]              ^^^^^^^^^^^^^^^^^^^^
W0528 21:59:49.635000 27 site-packages/torch/_dynamo/convert_frame.py:1125]   File "/usr/local/lib/python3.12/site-packages/torch/_dynamo/convert_frame.py", line 526, in __call__
W0528 21:59:49.635000 27 site-packages/torch/_dynamo/convert_frame.py:1125]     return _compile(
W0528 21:59:49.635000 27 site-packages/torch/_dynamo/convert_frame.py:1125]            ^^^^^^^^^
W0528 21:59:49.635000 27 site-packages/torch/_dynamo/convert_frame.py:1125]   File "/usr/local/lib/python3.12/site-packages/torch/_dynamo/convert_frame.py", line 924, in _compile
W0528 21:59:49.635000 27 site-packages/torch/_dynamo/convert_frame.py:1125]     guarded_code = compile_inner(code, one_graph, hooks, transform)
W0528 21:59:49.635000 27 site-packages/torch/_dynamo/convert_frame.py:1125]                    ^^^^^^^^^^^^^^^^^^^^^^^^^^^^^^^^^^^^^^^^^^^^^^^^
W0528 21:59:49.635000 27 site-packages/torch/_dynamo/convert_frame.py:1125]   File "/usr/local/lib/python3.12/site-packages/torch/_dynamo/convert_frame.py", line 666, in compile_inner
W0528 21:59:49.635000 27 site-packages/torch/_dynamo/convert_frame.py:1125]     return _compile_inner(code, one_graph, hooks, transform)
W0528 21:59:49.635000 27 site-packages/torch/_dynamo/convert_frame.py:1125]            ^^^^^^^^^^^^^^^^^^^^^^^^^^^^^^^^^^^^^^^^^^^^^^^^^
W0528 21:59:49.635000 27 site-packages/torch/_dynamo/convert_frame.py:1125]   File "/usr/local/lib/python3.12/site-packages/torch/_utils_internal.py", line 87, in wrapper_function
W0528 21:59:49.635000 27 site-packages/torch/_dynamo/convert_frame.py:1125]     return function(*args, **kwargs)
W0528 21:59:49.635000 27 site-packages/torch/_dynamo/convert_frame.py:1125]            ^^^^^^^^^^^^^^^^^^^^^^^^^
W0528 21:59:49.635000 27 site-packages/torch/_dynamo/convert_frame.py:1125]   File "/usr/local/lib/python3.12/site-packages/torch/_dynamo/convert_frame.py", line 699, in _compile_inner
W0528 21:59:49.635000 27 site-packages/torch/_dynamo/convert_frame.py:1125]     out_code = transform_code_object(code, transform)
W0528 21:59:49.635000 27 site-packages/torch/_dynamo/convert_frame.py:1125]                ^^^^^^^^^^^^^^^^^^^^^^^^^^^^^^^^^^^^^^
W0528 21:59:49.635000 27 site-packages/torch/_dynamo/convert_frame.py:1125]   File "/usr/local/lib/python3.12/site-packages/torch/_dynamo/bytecode_transformation.py", line 1322, in transform_code_object
W0528 21:59:49.635000 27 site-packages/torch/_dynamo/convert_frame.py:1125]     transformations(instructions, code_options)
W0528 21:59:49.635000 27 site-packages/torch/_dynamo/convert_frame.py:1125]   File "/usr/local/lib/python3.12/site-packages/torch/_dynamo/convert_frame.py", line 219, in _fn
W0528 21:59:49.635000 27 site-packages/torch/_dynamo/convert_frame.py:1125]     return fn(*args, **kwargs)
W0528 21:59:49.635000 27 site-packages/torch/_dynamo/convert_frame.py:1125]            ^^^^^^^^^^^^^^^^^^^
W0528 21:59:49.635000 27 site-packages/torch/_dynamo/convert_frame.py:1125]   File "/usr/local/lib/python3.12/site-packages/torch/_dynamo/convert_frame.py", line 634, in transform
W0528 21:59:49.635000 27 site-packages/torch/_dynamo/convert_frame.py:1125]     tracer.run()
W0528 21:59:49.635000 27 site-packages/torch/_dynamo/convert_frame.py:1125]   File "/usr/local/lib/python3.12/site-packages/torch/_dynamo/symbolic_convert.py", line 2796, in run
W0528 21:59:49.635000 27 site-packages/torch/_dynamo/convert_frame.py:1125]     super().run()
W0528 21:59:49.635000 27 site-packages/torch/_dynamo/convert_frame.py:1125]   File "/usr/local/lib/python3.12/site-packages/torch/_dynamo/symbolic_convert.py", line 983, in run
W0528 21:59:49.635000 27 site-packages/torch/_dynamo/convert_frame.py:1125]     while self.step():
W0528 21:59:49.635000 27 site-packages/torch/_dynamo/convert_frame.py:1125]           ^^^^^^^^^^^
W0528 21:59:49.635000 27 site-packages/torch/_dynamo/convert_frame.py:1125]   File "/usr/local/lib/python3.12/site-packages/torch/_dynamo/symbolic_convert.py", line 895, in step
W0528 21:59:49.635000 27 site-packages/torch/_dynamo/convert_frame.py:1125]     self.dispatch_table[inst.opcode](self, inst)
W0528 21:59:49.635000 27 site-packages/torch/_dynamo/convert_frame.py:1125]   File "/usr/local/lib/python3.12/site-packages/torch/_dynamo/symbolic_convert.py", line 582, in wrapper
W0528 21:59:49.635000 27 site-packages/torch/_dynamo/convert_frame.py:1125]     return inner_fn(self, inst)
W0528 21:59:49.635000 27 site-packages/torch/_dynamo/convert_frame.py:1125]            ^^^^^^^^^^^^^^^^^^^^
W0528 21:59:49.635000 27 site-packages/torch/_dynamo/convert_frame.py:1125]   File "/usr/local/lib/python3.12/site-packages/torch/_dynamo/symbolic_convert.py", line 2279, in CALL
W0528 21:59:49.635000 27 site-packages/torch/_dynamo/convert_frame.py:1125]     self._call(inst)
W0528 21:59:49.635000 27 site-packages/torch/_dynamo/convert_frame.py:1125]   File "/usr/local/lib/python3.12/site-packages/torch/_dynamo/symbolic_convert.py", line 2273, in _call
W0528 21:59:49.635000 27 site-packages/torch/_dynamo/convert_frame.py:1125]     self.call_function(fn, args, kwargs)
W0528 21:59:49.635000 27 site-packages/torch/_dynamo/convert_frame.py:1125]   File "/usr/local/lib/python3.12/site-packages/torch/_dynamo/symbolic_convert.py", line 830, in call_function
W0528 21:59:49.635000 27 site-packages/torch/_dynamo/convert_frame.py:1125]     self.push(fn.call_function(self, args, kwargs))  # type: ignore[arg-type]
W0528 21:59:49.635000 27 site-packages/torch/_dynamo/convert_frame.py:1125]               ^^^^^^^^^^^^^^^^^^^^^^^^^^^^^^^^^^^^
W0528 21:59:49.635000 27 site-packages/torch/_dynamo/convert_frame.py:1125]   File "/usr/local/lib/python3.12/site-packages/torch/_dynamo/variables/misc.py", line 1024, in call_function
W0528 21:59:49.635000 27 site-packages/torch/_dynamo/convert_frame.py:1125]     return self.obj.call_method(tx, self.name, args, kwargs)
W0528 21:59:49.635000 27 site-packages/torch/_dynamo/convert_frame.py:1125]            ^^^^^^^^^^^^^^^^^^^^^^^^^^^^^^^^^^^^^^^^^^^^^^^^^
W0528 21:59:49.635000 27 site-packages/torch/_dynamo/convert_frame.py:1125]   File "/usr/local/lib/python3.12/site-packages/torch/_dynamo/variables/tensor.py", line 535, in call_method
W0528 21:59:49.635000 27 site-packages/torch/_dynamo/convert_frame.py:1125]     return wrap_fx_proxy(
W0528 21:59:49.635000 27 site-packages/torch/_dynamo/convert_frame.py:1125]            ^^^^^^^^^^^^^^
W0528 21:59:49.635000 27 site-packages/torch/_dynamo/convert_frame.py:1125]   File "/usr/local/lib/python3.12/site-packages/torch/_dynamo/variables/builder.py", line 2037, in wrap_fx_proxy
W0528 21:59:49.635000 27 site-packages/torch/_dynamo/convert_frame.py:1125]     return wrap_fx_proxy_cls(target_cls=TensorVariable, **kwargs)
W0528 21:59:49.635000 27 site-packages/torch/_dynamo/convert_frame.py:1125]            ^^^^^^^^^^^^^^^^^^^^^^^^^^^^^^^^^^^^^^^^^^^^^^^^^^^^^^
W0528 21:59:49.635000 27 site-packages/torch/_dynamo/convert_frame.py:1125]   File "/usr/local/lib/python3.12/site-packages/torch/_dynamo/variables/builder.py", line 2124, in wrap_fx_proxy_cls
W0528 21:59:49.635000 27 site-packages/torch/_dynamo/convert_frame.py:1125]     example_value = get_fake_value(proxy.node, tx, allow_non_graph_fake=True)
W0528 21:59:49.635000 27 site-packages/torch/_dynamo/convert_frame.py:1125]                     ^^^^^^^^^^^^^^^^^^^^^^^^^^^^^^^^^^^^^^^^^^^^^^^^^^^^^^^^^
W0528 21:59:49.635000 27 site-packages/torch/_dynamo/convert_frame.py:1125]   File "/usr/local/lib/python3.12/site-packages/torch/_dynamo/utils.py", line 2082, in get_fake_value
W0528 21:59:49.635000 27 site-packages/torch/_dynamo/convert_frame.py:1125]     raise TorchRuntimeError(str(e)).with_traceback(e.__traceback__) from None
W0528 21:59:49.635000 27 site-packages/torch/_dynamo/convert_frame.py:1125]   File "/usr/local/lib/python3.12/site-packages/torch/_dynamo/utils.py", line 2017, in get_fake_value
W0528 21:59:49.635000 27 site-packages/torch/_dynamo/convert_frame.py:1125]     ret_val = wrap_fake_exception(
W0528 21:59:49.635000 27 site-packages/torch/_dynamo/convert_frame.py:1125]               ^^^^^^^^^^^^^^^^^^^^
W0528 21:59:49.635000 27 site-packages/torch/_dynamo/convert_frame.py:1125]   File "/usr/local/lib/python3.12/site-packages/torch/_dynamo/utils.py", line 1574, in wrap_fake_exception
W0528 21:59:49.635000 27 site-packages/torch/_dynamo/convert_frame.py:1125]     return fn()
W0528 21:59:49.635000 27 site-packages/torch/_dynamo/convert_frame.py:1125]            ^^^^
W0528 21:59:49.635000 27 site-packages/torch/_dynamo/convert_frame.py:1125]   File "/usr/local/lib/python3.12/site-packages/torch/_dynamo/utils.py", line 2018, in <lambda>
W0528 21:59:49.635000 27 site-packages/torch/_dynamo/convert_frame.py:1125]     lambda: run_node(tx.output, node, args, kwargs, nnmodule)
W0528 21:59:49.635000 27 site-packages/torch/_dynamo/convert_frame.py:1125]             ^^^^^^^^^^^^^^^^^^^^^^^^^^^^^^^^^^^^^^^^^^^^^^^^^
W0528 21:59:49.635000 27 site-packages/torch/_dynamo/convert_frame.py:1125]   File "/usr/local/lib/python3.12/site-packages/torch/_dynamo/utils.py", line 2150, in run_node
W0528 21:59:49.635000 27 site-packages/torch/_dynamo/convert_frame.py:1125]     raise RuntimeError(make_error_message(e)).with_traceback(
W0528 21:59:49.635000 27 site-packages/torch/_dynamo/convert_frame.py:1125]   File "/usr/local/lib/python3.12/site-packages/torch/_dynamo/utils.py", line 2134, in run_node
W0528 21:59:49.635000 27 site-packages/torch/_dynamo/convert_frame.py:1125]     return getattr(args[0], node.target)(*args[1:], **kwargs)
W0528 21:59:49.635000 27 site-packages/torch/_dynamo/convert_frame.py:1125]            ^^^^^^^^^^^^^^^^^^^^^^^^^^^^^^^^^^^^^^^^^^^^^^^^^^
W0528 21:59:49.635000 27 site-packages/torch/_dynamo/convert_frame.py:1125]   File "/usr/local/lib/python3.12/site-packages/torch/utils/_stats.py", line 21, in wrapper
W0528 21:59:49.635000 27 site-packages/torch/_dynamo/convert_frame.py:1125]     return fn(*args, **kwargs)
W0528 21:59:49.635000 27 site-packages/torch/_dynamo/convert_frame.py:1125]            ^^^^^^^^^^^^^^^^^^^
W0528 21:59:49.635000 27 site-packages/torch/_dynamo/convert_frame.py:1125]   File "/usr/local/lib/python3.12/site-packages/torch/_subclasses/fake_tensor.py", line 1238, in __torch_dispatch__
W0528 21:59:49.635000 27 site-packages/torch/_dynamo/convert_frame.py:1125]     return self.dispatch(func, types, args, kwargs)
W0528 21:59:49.635000 27 site-packages/torch/_dynamo/convert_frame.py:1125]            ^^^^^^^^^^^^^^^^^^^^^^^^^^^^^^^^^^^^^^^^
W0528 21:59:49.635000 27 site-packages/torch/_dynamo/convert_frame.py:1125]   File "/usr/local/lib/python3.12/site-packages/torch/_subclasses/fake_tensor.py", line 1692, in dispatch
W0528 21:59:49.635000 27 site-packages/torch/_dynamo/convert_frame.py:1125]     return self._cached_dispatch_impl(func, types, args, kwargs)
W0528 21:59:49.635000 27 site-packages/torch/_dynamo/convert_frame.py:1125]            ^^^^^^^^^^^^^^^^^^^^^^^^^^^^^^^^^^^^^^^^^^^^^^^^^^^^^
W0528 21:59:49.635000 27 site-packages/torch/_dynamo/convert_frame.py:1125]   File "/usr/local/lib/python3.12/site-packages/torch/_subclasses/fake_tensor.py", line 1339, in _cached_dispatch_impl
W0528 21:59:49.635000 27 site-packages/torch/_dynamo/convert_frame.py:1125]     output = self._dispatch_impl(func, types, args, kwargs)
W0528 21:59:49.635000 27 site-packages/torch/_dynamo/convert_frame.py:1125]              ^^^^^^^^^^^^^^^^^^^^^^^^^^^^^^^^^^^^^^^^^^^^^^
W0528 21:59:49.635000 27 site-packages/torch/_dynamo/convert_frame.py:1125]   File "/usr/local/lib/python3.12/site-packages/torch/_subclasses/fake_tensor.py", line 2013, in _dispatch_impl
W0528 21:59:49.635000 27 site-packages/torch/_dynamo/convert_frame.py:1125]     r = func(*args, **kwargs)
W0528 21:59:49.635000 27 site-packages/torch/_dynamo/convert_frame.py:1125]         ^^^^^^^^^^^^^^^^^^^^^
W0528 21:59:49.635000 27 site-packages/torch/_dynamo/convert_frame.py:1125]   File "/usr/local/lib/python3.12/site-packages/torch/_ops.py", line 716, in __call__
W0528 21:59:49.635000 27 site-packages/torch/_dynamo/convert_frame.py:1125]     return self._op(*args, **kwargs)
W0528 21:59:49.635000 27 site-packages/torch/_dynamo/convert_frame.py:1125]            ^^^^^^^^^^^^^^^^^^^^^^^^^
W0528 21:59:49.635000 27 site-packages/torch/_dynamo/convert_frame.py:1125]   File "/usr/local/lib/python3.12/site-packages/torch/_refs/__init__.py", line 2476, in mean
W0528 21:59:49.635000 27 site-packages/torch/_dynamo/convert_frame.py:1125]     result = _reduction(
W0528 21:59:49.635000 27 site-packages/torch/_dynamo/convert_frame.py:1125]              ^^^^^^^^^^^
W0528 21:59:49.635000 27 site-packages/torch/_dynamo/convert_frame.py:1125]   File "/usr/local/lib/python3.12/site-packages/torch/_refs/__init__.py", line 2171, in _reduction
W0528 21:59:49.635000 27 site-packages/torch/_dynamo/convert_frame.py:1125]     dims = utils.reduction_dims(a.shape, dims)
W0528 21:59:49.635000 27 site-packages/torch/_dynamo/convert_frame.py:1125]            ^^^^^^^^^^^^^^^^^^^^^^^^^^^^^^^^^^^
W0528 21:59:49.635000 27 site-packages/torch/_dynamo/convert_frame.py:1125]   File "/usr/local/lib/python3.12/site-packages/torch/_prims_common/__init__.py", line 1713, in reduction_dims
W0528 21:59:49.635000 27 site-packages/torch/_dynamo/convert_frame.py:1125]     dims = tuple(canonicalize_dim(len(shape), idx) for idx in dims)
W0528 21:59:49.635000 27 site-packages/torch/_dynamo/convert_frame.py:1125]            ^^^^^^^^^^^^^^^^^^^^^^^^^^^^^^^^^^^^^^^^^^^^^^^^^^^^^^^^
W0528 21:59:49.635000 27 site-packages/torch/_dynamo/convert_frame.py:1125]   File "/usr/local/lib/python3.12/site-packages/torch/_prims_common/__init__.py", line 1713, in <genexpr>
W0528 21:59:49.635000 27 site-packages/torch/_dynamo/convert_frame.py:1125]     dims = tuple(canonicalize_dim(len(shape), idx) for idx in dims)
W0528 21:59:49.635000 27 site-packages/torch/_dynamo/convert_frame.py:1125]                  ^^^^^^^^^^^^^^^^^^^^^^^^^^^^^^^^^
W0528 21:59:49.635000 27 site-packages/torch/_dynamo/convert_frame.py:1125]   File "/usr/local/lib/python3.12/site-packages/torch/_prims_common/__init__.py", line 663, in canonicalize_dim
W0528 21:59:49.635000 27 site-packages/torch/_dynamo/convert_frame.py:1125]     raise IndexError(msg)
W0528 21:59:49.635000 27 site-packages/torch/_dynamo/convert_frame.py:1125] torch._dynamo.exc.TorchRuntimeError: Failed running call_method mean(*(FakeTensor(..., device='cuda:0', size=(2, 3, 5)),), **{'dim': (-5,), 'keepdim': True}):
W0528 21:59:49.635000 27 site-packages/torch/_dynamo/convert_frame.py:1125] Dimension out of range (expected to be in range of [-3, 2], but got -5)
W0528 21:59:49.635000 27 site-packages/torch/_dynamo/convert_frame.py:1125] 
W0528 21:59:49.635000 27 site-packages/torch/_dynamo/convert_frame.py:1125] from user code:
W0528 21:59:49.635000 27 site-packages/torch/_dynamo/convert_frame.py:1125]    File "/data/results/lmstudio_prompt12_general_router_20260528-152031/call_acc/fused_bmm_rmsnorm_gelu_dropout_sub.py", line 31, in _fused_bmm_rmsnorm_gelu_dropout_sub_impl
W0528 21:59:49.635000 27 site-packages/torch/_dynamo/convert_frame.py:1125]     mean = squared.mean(dim=norm_dims, keepdim=True)
W0528 21:59:49.635000 27 site-packages/torch/_dynamo/convert_frame.py:1125] 
W0528 21:59:49.635000 27 site-packages/torch/_dynamo/convert_frame.py:1125] Set TORCH_LOGS="+dynamo" and TORCHDYNAMO_VERBOSE=1 for more information
W0528 21:59:49.635000 27 site-packages/torch/_dynamo/convert_frame.py:1125] 
Traceback (most recent call last):
  File "/data/results/lmstudio_prompt12_general_router_20260528-152031/call_acc/fused_bmm_rmsnorm_gelu_dropout_sub.py", line 55, in fused_bmm_rmsnorm_gelu_dropout_sub
    y = _fused_bmm_rmsnorm_gelu_dropout_sub_fast(input1, input2, other, normalized_shape, dropout_p=dropout_p, training=training, approximate=approximate, eps=eps)
        ^^^^^^^^^^^^^^^^^^^^^^^^^^^^^^^^^^^^^^^^^^^^^^^^^^^^^^^^^^^^^^^^^^^^^^^^^^^^^^^^^^^^^^^^^^^^^^^^^^^^^^^^^^^^^^^^^^^^^^^^^^^^^^^^^^^^^^^^^^^^^^^^^^^^^^^^^^^
  File "/usr/local/lib/python3.12/site-packages/torch/_dynamo/eval_frame.py", line 465, in _fn
    return fn(*args, **kwargs)
           ^^^^^^^^^^^^^^^^^^^
  File "/data/results/lmstudio_prompt12_general_router_20260528-152031/call_acc/fused_bmm_rmsnorm_gelu_dropout_sub.py", line 31, in _fused_bmm_rmsnorm_gelu_dropout_sub_impl
    mean = squared.mean(dim=norm_dims, keepdim=True)
           ^^^^^^^^^^^^^^^^^^^^^^^^^^^^^^^^^^^^^^^^^
IndexError: Dimension out of range (expected to be in range of [-3, 2], but got -5)

During handling of the above exception, another exception occurred:

Traceback (most recent call last):
  File "/data/results/lmstudio_prompt12_general_router_20260528-152031/call_acc/fused_bmm_rmsnorm_gelu_dropout_sub.py", line 95, in <module>
    test_results = test_fused_bmm_rmsnorm_gelu_dropout_sub()
                   ^^^^^^^^^^^^^^^^^^^^^^^^^^^^^^^^^^^^^^^^^
  File "/data/results/lmstudio_prompt12_general_router_20260528-152031/call_acc/fused_bmm_rmsnorm_gelu_dropout_sub.py", line 79, in test_fused_bmm_rmsnorm_gelu_dropout_sub
    results["test_case_1"] = fused_bmm_rmsnorm_gelu_dropout_sub(input1, input2, other, normalized_shape)
                             ^^^^^^^^^^^^^^^^^^^^^^^^^^^^^^^^^^^^^^^^^^^^^^^^^^^^^^^^^^^^^^^^^^^^^^^^^^^
  File "/data/results/lmstudio_prompt12_general_router_20260528-152031/call_acc/fused_bmm_rmsnorm_gelu_dropout_sub.py", line 57, in fused_bmm_rmsnorm_gelu_dropout_sub
    y = _fused_bmm_rmsnorm_gelu_dropout_sub_impl(input1, input2, other, normalized_shape, dropout_p=dropout_p, training=training, approximate=approximate, eps=eps)
        ^^^^^^^^^^^^^^^^^^^^^^^^^^^^^^^^^^^^^^^^^^^^^^^^^^^^^^^^^^^^^^^^^^^^^^^^^^^^^^^^^^^^^^^^^^^^^^^^^^^^^^^^^^^^^^^^^^^^^^^^^^^^^^^^^^^^^^^^^^^^^^^^^^^^^^^^^^^
  File "/data/results/lmstudio_prompt12_general_router_20260528-152031/call_acc/fused_bmm_rmsnorm_gelu_dropout_sub.py", line 31, in _fused_bmm_rmsnorm_gelu_dropout_sub_impl
    mean = squared.mean(dim=norm_dims, keepdim=True)
           ^^^^^^^^^^^^^^^^^^^^^^^^^^^^^^^^^^^^^^^^^
IndexError: Dimension out of range (expected to be in range of [-3, 2], but got -5)

=== Output for div.py on GPU 0 ===

=== Errors for div.py on GPU 0 ===

=== Output for sigmoid_conv2d.py on GPU 0 ===

=== Errors for sigmoid_conv2d.py on GPU 0 ===
W0528 22:00:06.125000 73 site-packages/torch/_inductor/utils.py:1048] [0/0] Not enough SMs to use max_autotune_gemm mode

=== Output for solve_multiple_lu.py on GPU 0 ===

=== Errors for solve_multiple_lu.py on GPU 0 ===
Traceback (most recent call last):
  File "/data/results/lmstudio_prompt12_general_router_20260528-152031/call_acc/solve_multiple_lu.py", line 60, in <module>
    test_results = test_solve_multiple_lu()
                   ^^^^^^^^^^^^^^^^^^^^^^^^
  File "/data/results/lmstudio_prompt12_general_router_20260528-152031/call_acc/solve_multiple_lu.py", line 41, in test_solve_multiple_lu
    results["test_case_1"] = solve_multiple_lu(A1, Bs1)
                             ^^^^^^^^^^^^^^^^^^^^^^^^^^
  File "/data/results/lmstudio_prompt12_general_router_20260528-152031/call_acc/solve_multiple_lu.py", line 23, in solve_multiple_lu
    y = torch.linalg.lu_solve(LU, pivots, Bs, pivot=pivot)
        ^^^^^^^^^^^^^^^^^^^^^^^^^^^^^^^^^^^^^^^^^^^^^^^^^^
TypeError: linalg_lu_solve() got an unexpected keyword argument 'pivot'

=== Output for tanh.py on GPU 0 ===

=== Errors for tanh.py on GPU 0 ===

=== Output for relu_sqrt.py on GPU 0 ===

=== Errors for relu_sqrt.py on GPU 0 ===

=== Output for sqrt.py on GPU 0 ===

=== Errors for sqrt.py on GPU 0 ===

=== Output for sigmoid_argmax.py on GPU 0 ===

=== Errors for sigmoid_argmax.py on GPU 0 ===

=== Output for sub.py on GPU 0 ===

=== Errors for sub.py on GPU 0 ===

=== Output for grid_sample.py on GPU 0 ===

=== Errors for grid_sample.py on GPU 0 ===

=== Output for svd.py on GPU 0 ===

=== Errors for svd.py on GPU 0 ===
Traceback (most recent call last):
  File "/data/results/lmstudio_prompt12_general_router_20260528-152031/call_acc/svd.py", line 61, in <module>
    test_results = test_svd()
                   ^^^^^^^^^^
  File "/data/results/lmstudio_prompt12_general_router_20260528-152031/call_acc/svd.py", line 41, in test_svd
    U1, S1, Vh1 = svd(A1, full_matrices=True)
                  ^^^
NameError: name 'svd' is not defined

=== Output for i0.py on GPU 0 ===

=== Errors for i0.py on GPU 0 ===

=== Output for rsqrt.py on GPU 0 ===

=== Errors for rsqrt.py on GPU 0 ===

=== Output for dropout_relu_batch_norm_conv2d.py on GPU 0 ===

=== Errors for dropout_relu_batch_norm_conv2d.py on GPU 0 ===
Traceback (most recent call last):
  File "/data/results/lmstudio_prompt12_general_router_20260528-152031/call_acc/dropout_relu_batch_norm_conv2d.py", line 31, in <module>
    test_results = test_dropout_relu_batch_norm_conv2d()
                   ^^^^^^^^^^^^^^^^^^^^^^^^^^^^^^^^^^^^^
  File "/data/results/lmstudio_prompt12_general_router_20260528-152031/call_acc/dropout_relu_batch_norm_conv2d.py", line 12, in test_dropout_relu_batch_norm_conv2d
    input_tensor = torch.randn(1, 3, 8, 8, device='cuda')
                   ^^^^^
NameError: name 'torch' is not defined

=== Output for fused_mv_logsoftmax_dropout.py on GPU 0 ===

=== Errors for fused_mv_logsoftmax_dropout.py on GPU 0 ===
Traceback (most recent call last):
  File "/data/results/lmstudio_prompt12_general_router_20260528-152031/call_acc/fused_mv_logsoftmax_dropout.py", line 35, in <module>
    test_results = test_fused_mv_logsoftmax_dropout()
                   ^^^^^^^^^^^^^^^^^^^^^^^^^^^^^^^^^^
  File "/data/results/lmstudio_prompt12_general_router_20260528-152031/call_acc/fused_mv_logsoftmax_dropout.py", line 16, in test_fused_mv_logsoftmax_dropout
    results["test_case_1"] = fused_mv_logsoftmax_dropout(input1, vec1)
                             ^^^^^^^^^^^^^^^^^^^^^^^^^^^
NameError: name 'fused_mv_logsoftmax_dropout' is not defined. Did you mean: 'test_fused_mv_logsoftmax_dropout'?

=== Output for add.py on GPU 0 ===

=== Errors for add.py on GPU 0 ===

=== Output for fused_silu_layer_norm_conv2d.py on GPU 0 ===

=== Errors for fused_silu_layer_norm_conv2d.py on GPU 0 ===
E0528 22:01:20.195000 269 site-packages/torch/_subclasses/fake_tensor.py:2017] [0/0] failed while attempting to run meta for aten.native_layer_norm.default
E0528 22:01:20.195000 269 site-packages/torch/_subclasses/fake_tensor.py:2017] [0/0] Traceback (most recent call last):
E0528 22:01:20.195000 269 site-packages/torch/_subclasses/fake_tensor.py:2017] [0/0]   File "/usr/local/lib/python3.12/site-packages/torch/_subclasses/fake_tensor.py", line 2013, in _dispatch_impl
E0528 22:01:20.195000 269 site-packages/torch/_subclasses/fake_tensor.py:2017] [0/0]     r = func(*args, **kwargs)
E0528 22:01:20.195000 269 site-packages/torch/_subclasses/fake_tensor.py:2017] [0/0]         ^^^^^^^^^^^^^^^^^^^^^
E0528 22:01:20.195000 269 site-packages/torch/_subclasses/fake_tensor.py:2017] [0/0]   File "/usr/local/lib/python3.12/site-packages/torch/_ops.py", line 716, in __call__
E0528 22:01:20.195000 269 site-packages/torch/_subclasses/fake_tensor.py:2017] [0/0]     return self._op(*args, **kwargs)
E0528 22:01:20.195000 269 site-packages/torch/_subclasses/fake_tensor.py:2017] [0/0]            ^^^^^^^^^^^^^^^^^^^^^^^^^
E0528 22:01:20.195000 269 site-packages/torch/_subclasses/fake_tensor.py:2017] [0/0]   File "/usr/local/lib/python3.12/site-packages/torch/_decomp/__init__.py", line 88, in _fn
E0528 22:01:20.195000 269 site-packages/torch/_subclasses/fake_tensor.py:2017] [0/0]     return f(*args, **kwargs, out=None if is_none else out_kwargs)
E0528 22:01:20.195000 269 site-packages/torch/_subclasses/fake_tensor.py:2017] [0/0]            ^^^^^^^^^^^^^^^^^^^^^^^^^^^^^^^^^^^^^^^^^^^^^^^^^^^^^^^
E0528 22:01:20.195000 269 site-packages/torch/_subclasses/fake_tensor.py:2017] [0/0]   File "/usr/local/lib/python3.12/site-packages/torch/_prims_common/wrappers.py", line 273, in _fn
E0528 22:01:20.195000 269 site-packages/torch/_subclasses/fake_tensor.py:2017] [0/0]     result = fn(*args, **kwargs)
E0528 22:01:20.195000 269 site-packages/torch/_subclasses/fake_tensor.py:2017] [0/0]              ^^^^^^^^^^^^^^^^^^^
E0528 22:01:20.195000 269 site-packages/torch/_subclasses/fake_tensor.py:2017] [0/0]   File "/usr/local/lib/python3.12/site-packages/torch/_refs/__init__.py", line 3223, in native_layer_norm
E0528 22:01:20.195000 269 site-packages/torch/_subclasses/fake_tensor.py:2017] [0/0]     torch._check(
E0528 22:01:20.195000 269 site-packages/torch/_subclasses/fake_tensor.py:2017] [0/0]   File "/usr/local/lib/python3.12/site-packages/torch/__init__.py", line 1564, in _check
E0528 22:01:20.195000 269 site-packages/torch/_subclasses/fake_tensor.py:2017] [0/0]     _check_with(RuntimeError, cond, message)
E0528 22:01:20.195000 269 site-packages/torch/_subclasses/fake_tensor.py:2017] [0/0]   File "/usr/local/lib/python3.12/site-packages/torch/__init__.py", line 1546, in _check_with
E0528 22:01:20.195000 269 site-packages/torch/_subclasses/fake_tensor.py:2017] [0/0]     raise error_type(message_evaluated)
E0528 22:01:20.195000 269 site-packages/torch/_subclasses/fake_tensor.py:2017] [0/0] RuntimeError: Given normalized_shape=[6], expected input with shape [6], but got input of size torch.Size([1, 6, 3, 3])
W0528 22:01:20.205000 269 site-packages/torch/_dynamo/convert_frame.py:1125] WON'T CONVERT _fused_silu_layer_norm_conv2d_impl /data/results/lmstudio_prompt12_general_router_20260528-152031/call_acc/fused_silu_layer_norm_conv2d.py line 22 
W0528 22:01:20.205000 269 site-packages/torch/_dynamo/convert_frame.py:1125] due to: 
W0528 22:01:20.205000 269 site-packages/torch/_dynamo/convert_frame.py:1125] Traceback (most recent call last):
W0528 22:01:20.205000 269 site-packages/torch/_dynamo/convert_frame.py:1125]   File "/usr/local/lib/python3.12/site-packages/torch/_dynamo/convert_frame.py", line 1064, in __call__
W0528 22:01:20.205000 269 site-packages/torch/_dynamo/convert_frame.py:1125]     result = self._inner_convert(
W0528 22:01:20.205000 269 site-packages/torch/_dynamo/convert_frame.py:1125]              ^^^^^^^^^^^^^^^^^^^^
W0528 22:01:20.205000 269 site-packages/torch/_dynamo/convert_frame.py:1125]   File "/usr/local/lib/python3.12/site-packages/torch/_dynamo/convert_frame.py", line 526, in __call__
W0528 22:01:20.205000 269 site-packages/torch/_dynamo/convert_frame.py:1125]     return _compile(
W0528 22:01:20.205000 269 site-packages/torch/_dynamo/convert_frame.py:1125]            ^^^^^^^^^
W0528 22:01:20.205000 269 site-packages/torch/_dynamo/convert_frame.py:1125]   File "/usr/local/lib/python3.12/site-packages/torch/_dynamo/convert_frame.py", line 924, in _compile
W0528 22:01:20.205000 269 site-packages/torch/_dynamo/convert_frame.py:1125]     guarded_code = compile_inner(code, one_graph, hooks, transform)
W0528 22:01:20.205000 269 site-packages/torch/_dynamo/convert_frame.py:1125]                    ^^^^^^^^^^^^^^^^^^^^^^^^^^^^^^^^^^^^^^^^^^^^^^^^
W0528 22:01:20.205000 269 site-packages/torch/_dynamo/convert_frame.py:1125]   File "/usr/local/lib/python3.12/site-packages/torch/_dynamo/convert_frame.py", line 666, in compile_inner
W0528 22:01:20.205000 269 site-packages/torch/_dynamo/convert_frame.py:1125]     return _compile_inner(code, one_graph, hooks, transform)
W0528 22:01:20.205000 269 site-packages/torch/_dynamo/convert_frame.py:1125]            ^^^^^^^^^^^^^^^^^^^^^^^^^^^^^^^^^^^^^^^^^^^^^^^^^
W0528 22:01:20.205000 269 site-packages/torch/_dynamo/convert_frame.py:1125]   File "/usr/local/lib/python3.12/site-packages/torch/_utils_internal.py", line 87, in wrapper_function
W0528 22:01:20.205000 269 site-packages/torch/_dynamo/convert_frame.py:1125]     return function(*args, **kwargs)
W0528 22:01:20.205000 269 site-packages/torch/_dynamo/convert_frame.py:1125]            ^^^^^^^^^^^^^^^^^^^^^^^^^
W0528 22:01:20.205000 269 site-packages/torch/_dynamo/convert_frame.py:1125]   File "/usr/local/lib/python3.12/site-packages/torch/_dynamo/convert_frame.py", line 699, in _compile_inner
W0528 22:01:20.205000 269 site-packages/torch/_dynamo/convert_frame.py:1125]     out_code = transform_code_object(code, transform)
W0528 22:01:20.205000 269 site-packages/torch/_dynamo/convert_frame.py:1125]                ^^^^^^^^^^^^^^^^^^^^^^^^^^^^^^^^^^^^^^
W0528 22:01:20.205000 269 site-packages/torch/_dynamo/convert_frame.py:1125]   File "/usr/local/lib/python3.12/site-packages/torch/_dynamo/bytecode_transformation.py", line 1322, in transform_code_object
W0528 22:01:20.205000 269 site-packages/torch/_dynamo/convert_frame.py:1125]     transformations(instructions, code_options)
W0528 22:01:20.205000 269 site-packages/torch/_dynamo/convert_frame.py:1125]   File "/usr/local/lib/python3.12/site-packages/torch/_dynamo/convert_frame.py", line 219, in _fn
W0528 22:01:20.205000 269 site-packages/torch/_dynamo/convert_frame.py:1125]     return fn(*args, **kwargs)
W0528 22:01:20.205000 269 site-packages/torch/_dynamo/convert_frame.py:1125]            ^^^^^^^^^^^^^^^^^^^
W0528 22:01:20.205000 269 site-packages/torch/_dynamo/convert_frame.py:1125]   File "/usr/local/lib/python3.12/site-packages/torch/_dynamo/convert_frame.py", line 634, in transform
W0528 22:01:20.205000 269 site-packages/torch/_dynamo/convert_frame.py:1125]     tracer.run()
W0528 22:01:20.205000 269 site-packages/torch/_dynamo/convert_frame.py:1125]   File "/usr/local/lib/python3.12/site-packages/torch/_dynamo/symbolic_convert.py", line 2796, in run
W0528 22:01:20.205000 269 site-packages/torch/_dynamo/convert_frame.py:1125]     super().run()
W0528 22:01:20.205000 269 site-packages/torch/_dynamo/convert_frame.py:1125]   File "/usr/local/lib/python3.12/site-packages/torch/_dynamo/symbolic_convert.py", line 983, in run
W0528 22:01:20.205000 269 site-packages/torch/_dynamo/convert_frame.py:1125]     while self.step():
W0528 22:01:20.205000 269 site-packages/torch/_dynamo/convert_frame.py:1125]           ^^^^^^^^^^^
W0528 22:01:20.205000 269 site-packages/torch/_dynamo/convert_frame.py:1125]   File "/usr/local/lib/python3.12/site-packages/torch/_dynamo/symbolic_convert.py", line 895, in step
W0528 22:01:20.205000 269 site-packages/torch/_dynamo/convert_frame.py:1125]     self.dispatch_table[inst.opcode](self, inst)
W0528 22:01:20.205000 269 site-packages/torch/_dynamo/convert_frame.py:1125]   File "/usr/local/lib/python3.12/site-packages/torch/_dynamo/symbolic_convert.py", line 582, in wrapper
W0528 22:01:20.205000 269 site-packages/torch/_dynamo/convert_frame.py:1125]     return inner_fn(self, inst)
W0528 22:01:20.205000 269 site-packages/torch/_dynamo/convert_frame.py:1125]            ^^^^^^^^^^^^^^^^^^^^
W0528 22:01:20.205000 269 site-packages/torch/_dynamo/convert_frame.py:1125]   File "/usr/local/lib/python3.12/site-packages/torch/_dynamo/symbolic_convert.py", line 2279, in CALL
W0528 22:01:20.205000 269 site-packages/torch/_dynamo/convert_frame.py:1125]     self._call(inst)
W0528 22:01:20.205000 269 site-packages/torch/_dynamo/convert_frame.py:1125]   File "/usr/local/lib/python3.12/site-packages/torch/_dynamo/symbolic_convert.py", line 2273, in _call
W0528 22:01:20.205000 269 site-packages/torch/_dynamo/convert_frame.py:1125]     self.call_function(fn, args, kwargs)
W0528 22:01:20.205000 269 site-packages/torch/_dynamo/convert_frame.py:1125]   File "/usr/local/lib/python3.12/site-packages/torch/_dynamo/symbolic_convert.py", line 830, in call_function
W0528 22:01:20.205000 269 site-packages/torch/_dynamo/convert_frame.py:1125]     self.push(fn.call_function(self, args, kwargs))  # type: ignore[arg-type]
W0528 22:01:20.205000 269 site-packages/torch/_dynamo/convert_frame.py:1125]               ^^^^^^^^^^^^^^^^^^^^^^^^^^^^^^^^^^^^
W0528 22:01:20.205000 269 site-packages/torch/_dynamo/convert_frame.py:1125]   File "/usr/local/lib/python3.12/site-packages/torch/_dynamo/variables/torch.py", line 897, in call_function
W0528 22:01:20.205000 269 site-packages/torch/_dynamo/convert_frame.py:1125]     tensor_variable = wrap_fx_proxy(
W0528 22:01:20.205000 269 site-packages/torch/_dynamo/convert_frame.py:1125]                       ^^^^^^^^^^^^^^
W0528 22:01:20.205000 269 site-packages/torch/_dynamo/convert_frame.py:1125]   File "/usr/local/lib/python3.12/site-packages/torch/_dynamo/variables/builder.py", line 2037, in wrap_fx_proxy
W0528 22:01:20.205000 269 site-packages/torch/_dynamo/convert_frame.py:1125]     return wrap_fx_proxy_cls(target_cls=TensorVariable, **kwargs)
W0528 22:01:20.205000 269 site-packages/torch/_dynamo/convert_frame.py:1125]            ^^^^^^^^^^^^^^^^^^^^^^^^^^^^^^^^^^^^^^^^^^^^^^^^^^^^^^
W0528 22:01:20.205000 269 site-packages/torch/_dynamo/convert_frame.py:1125]   File "/usr/local/lib/python3.12/site-packages/torch/_dynamo/variables/builder.py", line 2124, in wrap_fx_proxy_cls
W0528 22:01:20.205000 269 site-packages/torch/_dynamo/convert_frame.py:1125]     example_value = get_fake_value(proxy.node, tx, allow_non_graph_fake=True)
W0528 22:01:20.205000 269 site-packages/torch/_dynamo/convert_frame.py:1125]                     ^^^^^^^^^^^^^^^^^^^^^^^^^^^^^^^^^^^^^^^^^^^^^^^^^^^^^^^^^
W0528 22:01:20.205000 269 site-packages/torch/_dynamo/convert_frame.py:1125]   File "/usr/local/lib/python3.12/site-packages/torch/_dynamo/utils.py", line 2082, in get_fake_value
W0528 22:01:20.205000 269 site-packages/torch/_dynamo/convert_frame.py:1125]     raise TorchRuntimeError(str(e)).with_traceback(e.__traceback__) from None
W0528 22:01:20.205000 269 site-packages/torch/_dynamo/convert_frame.py:1125]   File "/usr/local/lib/python3.12/site-packages/torch/_dynamo/utils.py", line 2017, in get_fake_value
W0528 22:01:20.205000 269 site-packages/torch/_dynamo/convert_frame.py:1125]     ret_val = wrap_fake_exception(
W0528 22:01:20.205000 269 site-packages/torch/_dynamo/convert_frame.py:1125]               ^^^^^^^^^^^^^^^^^^^^
W0528 22:01:20.205000 269 site-packages/torch/_dynamo/convert_frame.py:1125]   File "/usr/local/lib/python3.12/site-packages/torch/_dynamo/utils.py", line 1574, in wrap_fake_exception
W0528 22:01:20.205000 269 site-packages/torch/_dynamo/convert_frame.py:1125]     return fn()
W0528 22:01:20.205000 269 site-packages/torch/_dynamo/convert_frame.py:1125]            ^^^^
W0528 22:01:20.205000 269 site-packages/torch/_dynamo/convert_frame.py:1125]   File "/usr/local/lib/python3.12/site-packages/torch/_dynamo/utils.py", line 2018, in <lambda>
W0528 22:01:20.205000 269 site-packages/torch/_dynamo/convert_frame.py:1125]     lambda: run_node(tx.output, node, args, kwargs, nnmodule)
W0528 22:01:20.205000 269 site-packages/torch/_dynamo/convert_frame.py:1125]             ^^^^^^^^^^^^^^^^^^^^^^^^^^^^^^^^^^^^^^^^^^^^^^^^^
W0528 22:01:20.205000 269 site-packages/torch/_dynamo/convert_frame.py:1125]   File "/usr/local/lib/python3.12/site-packages/torch/_dynamo/utils.py", line 2150, in run_node
W0528 22:01:20.205000 269 site-packages/torch/_dynamo/convert_frame.py:1125]     raise RuntimeError(make_error_message(e)).with_traceback(
W0528 22:01:20.205000 269 site-packages/torch/_dynamo/convert_frame.py:1125]   File "/usr/local/lib/python3.12/site-packages/torch/_dynamo/utils.py", line 2132, in run_node
W0528 22:01:20.205000 269 site-packages/torch/_dynamo/convert_frame.py:1125]     return node.target(*args, **kwargs)
W0528 22:01:20.205000 269 site-packages/torch/_dynamo/convert_frame.py:1125]            ^^^^^^^^^^^^^^^^^^^^^^^^^^^^
W0528 22:01:20.205000 269 site-packages/torch/_dynamo/convert_frame.py:1125]   File "/usr/local/lib/python3.12/site-packages/torch/nn/functional.py", line 2900, in layer_norm
W0528 22:01:20.205000 269 site-packages/torch/_dynamo/convert_frame.py:1125]     return torch.layer_norm(
W0528 22:01:20.205000 269 site-packages/torch/_dynamo/convert_frame.py:1125]            ^^^^^^^^^^^^^^^^^
W0528 22:01:20.205000 269 site-packages/torch/_dynamo/convert_frame.py:1125]   File "/usr/local/lib/python3.12/site-packages/torch/utils/_stats.py", line 21, in wrapper
W0528 22:01:20.205000 269 site-packages/torch/_dynamo/convert_frame.py:1125]     return fn(*args, **kwargs)
W0528 22:01:20.205000 269 site-packages/torch/_dynamo/convert_frame.py:1125]            ^^^^^^^^^^^^^^^^^^^
W0528 22:01:20.205000 269 site-packages/torch/_dynamo/convert_frame.py:1125]   File "/usr/local/lib/python3.12/site-packages/torch/_subclasses/fake_tensor.py", line 1238, in __torch_dispatch__
W0528 22:01:20.205000 269 site-packages/torch/_dynamo/convert_frame.py:1125]     return self.dispatch(func, types, args, kwargs)
W0528 22:01:20.205000 269 site-packages/torch/_dynamo/convert_frame.py:1125]            ^^^^^^^^^^^^^^^^^^^^^^^^^^^^^^^^^^^^^^^^
W0528 22:01:20.205000 269 site-packages/torch/_dynamo/convert_frame.py:1125]   File "/usr/local/lib/python3.12/site-packages/torch/_subclasses/fake_tensor.py", line 1692, in dispatch
W0528 22:01:20.205000 269 site-packages/torch/_dynamo/convert_frame.py:1125]     return self._cached_dispatch_impl(func, types, args, kwargs)
W0528 22:01:20.205000 269 site-packages/torch/_dynamo/convert_frame.py:1125]            ^^^^^^^^^^^^^^^^^^^^^^^^^^^^^^^^^^^^^^^^^^^^^^^^^^^^^
W0528 22:01:20.205000 269 site-packages/torch/_dynamo/convert_frame.py:1125]   File "/usr/local/lib/python3.12/site-packages/torch/_subclasses/fake_tensor.py", line 1339, in _cached_dispatch_impl
W0528 22:01:20.205000 269 site-packages/torch/_dynamo/convert_frame.py:1125]     output = self._dispatch_impl(func, types, args, kwargs)
W0528 22:01:20.205000 269 site-packages/torch/_dynamo/convert_frame.py:1125]              ^^^^^^^^^^^^^^^^^^^^^^^^^^^^^^^^^^^^^^^^^^^^^^
W0528 22:01:20.205000 269 site-packages/torch/_dynamo/convert_frame.py:1125]   File "/usr/local/lib/python3.12/site-packages/torch/_subclasses/fake_tensor.py", line 2013, in _dispatch_impl
W0528 22:01:20.205000 269 site-packages/torch/_dynamo/convert_frame.py:1125]     r = func(*args, **kwargs)
W0528 22:01:20.205000 269 site-packages/torch/_dynamo/convert_frame.py:1125]         ^^^^^^^^^^^^^^^^^^^^^
W0528 22:01:20.205000 269 site-packages/torch/_dynamo/convert_frame.py:1125]   File "/usr/local/lib/python3.12/site-packages/torch/_ops.py", line 716, in __call__
W0528 22:01:20.205000 269 site-packages/torch/_dynamo/convert_frame.py:1125]     return self._op(*args, **kwargs)
W0528 22:01:20.205000 269 site-packages/torch/_dynamo/convert_frame.py:1125]            ^^^^^^^^^^^^^^^^^^^^^^^^^
W0528 22:01:20.205000 269 site-packages/torch/_dynamo/convert_frame.py:1125]   File "/usr/local/lib/python3.12/site-packages/torch/_decomp/__init__.py", line 88, in _fn
W0528 22:01:20.205000 269 site-packages/torch/_dynamo/convert_frame.py:1125]     return f(*args, **kwargs, out=None if is_none else out_kwargs)
W0528 22:01:20.205000 269 site-packages/torch/_dynamo/convert_frame.py:1125]            ^^^^^^^^^^^^^^^^^^^^^^^^^^^^^^^^^^^^^^^^^^^^^^^^^^^^^^^
W0528 22:01:20.205000 269 site-packages/torch/_dynamo/convert_frame.py:1125]   File "/usr/local/lib/python3.12/site-packages/torch/_prims_common/wrappers.py", line 273, in _fn
W0528 22:01:20.205000 269 site-packages/torch/_dynamo/convert_frame.py:1125]     result = fn(*args, **kwargs)
W0528 22:01:20.205000 269 site-packages/torch/_dynamo/convert_frame.py:1125]              ^^^^^^^^^^^^^^^^^^^
W0528 22:01:20.205000 269 site-packages/torch/_dynamo/convert_frame.py:1125]   File "/usr/local/lib/python3.12/site-packages/torch/_refs/__init__.py", line 3223, in native_layer_norm
W0528 22:01:20.205000 269 site-packages/torch/_dynamo/convert_frame.py:1125]     torch._check(
W0528 22:01:20.205000 269 site-packages/torch/_dynamo/convert_frame.py:1125]   File "/usr/local/lib/python3.12/site-packages/torch/__init__.py", line 1564, in _check
W0528 22:01:20.205000 269 site-packages/torch/_dynamo/convert_frame.py:1125]     _check_with(RuntimeError, cond, message)
W0528 22:01:20.205000 269 site-packages/torch/_dynamo/convert_frame.py:1125]   File "/usr/local/lib/python3.12/site-packages/torch/__init__.py", line 1546, in _check_with
W0528 22:01:20.205000 269 site-packages/torch/_dynamo/convert_frame.py:1125]     raise error_type(message_evaluated)
W0528 22:01:20.205000 269 site-packages/torch/_dynamo/convert_frame.py:1125] torch._dynamo.exc.TorchRuntimeError: Failed running call_function <function layer_norm at 0x2b0e486c62a0>(*(FakeTensor(..., device='cuda:0', size=(1, 6, 3, 3)), (6,)), **{'weight': None, 'bias': None, 'eps': 1e-05}):
W0528 22:01:20.205000 269 site-packages/torch/_dynamo/convert_frame.py:1125] Given normalized_shape=[6], expected input with shape [6], but got input of size torch.Size([1, 6, 3, 3])
W0528 22:01:20.205000 269 site-packages/torch/_dynamo/convert_frame.py:1125] 
W0528 22:01:20.205000 269 site-packages/torch/_dynamo/convert_frame.py:1125] from user code:
W0528 22:01:20.205000 269 site-packages/torch/_dynamo/convert_frame.py:1125]    File "/data/results/lmstudio_prompt12_general_router_20260528-152031/call_acc/fused_silu_layer_norm_conv2d.py", line 32, in _fused_silu_layer_norm_conv2d_impl
W0528 22:01:20.205000 269 site-packages/torch/_dynamo/convert_frame.py:1125]     ln_out = F.layer_norm(conv_out, normalized_shape, weight=w, bias=None, eps=ln_eps)
W0528 22:01:20.205000 269 site-packages/torch/_dynamo/convert_frame.py:1125] 
W0528 22:01:20.205000 269 site-packages/torch/_dynamo/convert_frame.py:1125] Set TORCH_LOGS="+dynamo" and TORCHDYNAMO_VERBOSE=1 for more information
W0528 22:01:20.205000 269 site-packages/torch/_dynamo/convert_frame.py:1125] 
W0528 22:01:20.205000 269 site-packages/torch/_dynamo/convert_frame.py:1125] Traceback (most recent call last):
W0528 22:01:20.205000 269 site-packages/torch/_dynamo/convert_frame.py:1125]   File "/usr/local/lib/python3.12/site-packages/torch/_dynamo/convert_frame.py", line 1064, in __call__
W0528 22:01:20.205000 269 site-packages/torch/_dynamo/convert_frame.py:1125]     result = self._inner_convert(
W0528 22:01:20.205000 269 site-packages/torch/_dynamo/convert_frame.py:1125]              ^^^^^^^^^^^^^^^^^^^^
W0528 22:01:20.205000 269 site-packages/torch/_dynamo/convert_frame.py:1125]   File "/usr/local/lib/python3.12/site-packages/torch/_dynamo/convert_frame.py", line 526, in __call__
W0528 22:01:20.205000 269 site-packages/torch/_dynamo/convert_frame.py:1125]     return _compile(
W0528 22:01:20.205000 269 site-packages/torch/_dynamo/convert_frame.py:1125]            ^^^^^^^^^
W0528 22:01:20.205000 269 site-packages/torch/_dynamo/convert_frame.py:1125]   File "/usr/local/lib/python3.12/site-packages/torch/_dynamo/convert_frame.py", line 924, in _compile
W0528 22:01:20.205000 269 site-packages/torch/_dynamo/convert_frame.py:1125]     guarded_code = compile_inner(code, one_graph, hooks, transform)
W0528 22:01:20.205000 269 site-packages/torch/_dynamo/convert_frame.py:1125]                    ^^^^^^^^^^^^^^^^^^^^^^^^^^^^^^^^^^^^^^^^^^^^^^^^
W0528 22:01:20.205000 269 site-packages/torch/_dynamo/convert_frame.py:1125]   File "/usr/local/lib/python3.12/site-packages/torch/_dynamo/convert_frame.py", line 666, in compile_inner
W0528 22:01:20.205000 269 site-packages/torch/_dynamo/convert_frame.py:1125]     return _compile_inner(code, one_graph, hooks, transform)
W0528 22:01:20.205000 269 site-packages/torch/_dynamo/convert_frame.py:1125]            ^^^^^^^^^^^^^^^^^^^^^^^^^^^^^^^^^^^^^^^^^^^^^^^^^
W0528 22:01:20.205000 269 site-packages/torch/_dynamo/convert_frame.py:1125]   File "/usr/local/lib/python3.12/site-packages/torch/_utils_internal.py", line 87, in wrapper_function
W0528 22:01:20.205000 269 site-packages/torch/_dynamo/convert_frame.py:1125]     return function(*args, **kwargs)
W0528 22:01:20.205000 269 site-packages/torch/_dynamo/convert_frame.py:1125]            ^^^^^^^^^^^^^^^^^^^^^^^^^
W0528 22:01:20.205000 269 site-packages/torch/_dynamo/convert_frame.py:1125]   File "/usr/local/lib/python3.12/site-packages/torch/_dynamo/convert_frame.py", line 699, in _compile_inner
W0528 22:01:20.205000 269 site-packages/torch/_dynamo/convert_frame.py:1125]     out_code = transform_code_object(code, transform)
W0528 22:01:20.205000 269 site-packages/torch/_dynamo/convert_frame.py:1125]                ^^^^^^^^^^^^^^^^^^^^^^^^^^^^^^^^^^^^^^
W0528 22:01:20.205000 269 site-packages/torch/_dynamo/convert_frame.py:1125]   File "/usr/local/lib/python3.12/site-packages/torch/_dynamo/bytecode_transformation.py", line 1322, in transform_code_object
W0528 22:01:20.205000 269 site-packages/torch/_dynamo/convert_frame.py:1125]     transformations(instructions, code_options)
W0528 22:01:20.205000 269 site-packages/torch/_dynamo/convert_frame.py:1125]   File "/usr/local/lib/python3.12/site-packages/torch/_dynamo/convert_frame.py", line 219, in _fn
W0528 22:01:20.205000 269 site-packages/torch/_dynamo/convert_frame.py:1125]     return fn(*args, **kwargs)
W0528 22:01:20.205000 269 site-packages/torch/_dynamo/convert_frame.py:1125]            ^^^^^^^^^^^^^^^^^^^
W0528 22:01:20.205000 269 site-packages/torch/_dynamo/convert_frame.py:1125]   File "/usr/local/lib/python3.12/site-packages/torch/_dynamo/convert_frame.py", line 634, in transform
W0528 22:01:20.205000 269 site-packages/torch/_dynamo/convert_frame.py:1125]     tracer.run()
W0528 22:01:20.205000 269 site-packages/torch/_dynamo/convert_frame.py:1125]   File "/usr/local/lib/python3.12/site-packages/torch/_dynamo/symbolic_convert.py", line 2796, in run
W0528 22:01:20.205000 269 site-packages/torch/_dynamo/convert_frame.py:1125]     super().run()
W0528 22:01:20.205000 269 site-packages/torch/_dynamo/convert_frame.py:1125]   File "/usr/local/lib/python3.12/site-packages/torch/_dynamo/symbolic_convert.py", line 983, in run
W0528 22:01:20.205000 269 site-packages/torch/_dynamo/convert_frame.py:1125]     while self.step():
W0528 22:01:20.205000 269 site-packages/torch/_dynamo/convert_frame.py:1125]           ^^^^^^^^^^^
W0528 22:01:20.205000 269 site-packages/torch/_dynamo/convert_frame.py:1125]   File "/usr/local/lib/python3.12/site-packages/torch/_dynamo/symbolic_convert.py", line 895, in step
W0528 22:01:20.205000 269 site-packages/torch/_dynamo/convert_frame.py:1125]     self.dispatch_table[inst.opcode](self, inst)
W0528 22:01:20.205000 269 site-packages/torch/_dynamo/convert_frame.py:1125]   File "/usr/local/lib/python3.12/site-packages/torch/_dynamo/symbolic_convert.py", line 582, in wrapper
W0528 22:01:20.205000 269 site-packages/torch/_dynamo/convert_frame.py:1125]     return inner_fn(self, inst)
W0528 22:01:20.205000 269 site-packages/torch/_dynamo/convert_frame.py:1125]            ^^^^^^^^^^^^^^^^^^^^
W0528 22:01:20.205000 269 site-packages/torch/_dynamo/convert_frame.py:1125]   File "/usr/local/lib/python3.12/site-packages/torch/_dynamo/symbolic_convert.py", line 2279, in CALL
W0528 22:01:20.205000 269 site-packages/torch/_dynamo/convert_frame.py:1125]     self._call(inst)
W0528 22:01:20.205000 269 site-packages/torch/_dynamo/convert_frame.py:1125]   File "/usr/local/lib/python3.12/site-packages/torch/_dynamo/symbolic_convert.py", line 2273, in _call
W0528 22:01:20.205000 269 site-packages/torch/_dynamo/convert_frame.py:1125]     self.call_function(fn, args, kwargs)
W0528 22:01:20.205000 269 site-packages/torch/_dynamo/convert_frame.py:1125]   File "/usr/local/lib/python3.12/site-packages/torch/_dynamo/symbolic_convert.py", line 830, in call_function
W0528 22:01:20.205000 269 site-packages/torch/_dynamo/convert_frame.py:1125]     self.push(fn.call_function(self, args, kwargs))  # type: ignore[arg-type]
W0528 22:01:20.205000 269 site-packages/torch/_dynamo/convert_frame.py:1125]               ^^^^^^^^^^^^^^^^^^^^^^^^^^^^^^^^^^^^
W0528 22:01:20.205000 269 site-packages/torch/_dynamo/convert_frame.py:1125]   File "/usr/local/lib/python3.12/site-packages/torch/_dynamo/variables/torch.py", line 897, in call_function
W0528 22:01:20.205000 269 site-packages/torch/_dynamo/convert_frame.py:1125]     tensor_variable = wrap_fx_proxy(
W0528 22:01:20.205000 269 site-packages/torch/_dynamo/convert_frame.py:1125]                       ^^^^^^^^^^^^^^
W0528 22:01:20.205000 269 site-packages/torch/_dynamo/convert_frame.py:1125]   File "/usr/local/lib/python3.12/site-packages/torch/_dynamo/variables/builder.py", line 2037, in wrap_fx_proxy
W0528 22:01:20.205000 269 site-packages/torch/_dynamo/convert_frame.py:1125]     return wrap_fx_proxy_cls(target_cls=TensorVariable, **kwargs)
W0528 22:01:20.205000 269 site-packages/torch/_dynamo/convert_frame.py:1125]            ^^^^^^^^^^^^^^^^^^^^^^^^^^^^^^^^^^^^^^^^^^^^^^^^^^^^^^
W0528 22:01:20.205000 269 site-packages/torch/_dynamo/convert_frame.py:1125]   File "/usr/local/lib/python3.12/site-packages/torch/_dynamo/variables/builder.py", line 2124, in wrap_fx_proxy_cls
W0528 22:01:20.205000 269 site-packages/torch/_dynamo/convert_frame.py:1125]     example_value = get_fake_value(proxy.node, tx, allow_non_graph_fake=True)
W0528 22:01:20.205000 269 site-packages/torch/_dynamo/convert_frame.py:1125]                     ^^^^^^^^^^^^^^^^^^^^^^^^^^^^^^^^^^^^^^^^^^^^^^^^^^^^^^^^^
W0528 22:01:20.205000 269 site-packages/torch/_dynamo/convert_frame.py:1125]   File "/usr/local/lib/python3.12/site-packages/torch/_dynamo/utils.py", line 2082, in get_fake_value
W0528 22:01:20.205000 269 site-packages/torch/_dynamo/convert_frame.py:1125]     raise TorchRuntimeError(str(e)).with_traceback(e.__traceback__) from None
W0528 22:01:20.205000 269 site-packages/torch/_dynamo/convert_frame.py:1125]   File "/usr/local/lib/python3.12/site-packages/torch/_dynamo/utils.py", line 2017, in get_fake_value
W0528 22:01:20.205000 269 site-packages/torch/_dynamo/convert_frame.py:1125]     ret_val = wrap_fake_exception(
W0528 22:01:20.205000 269 site-packages/torch/_dynamo/convert_frame.py:1125]               ^^^^^^^^^^^^^^^^^^^^
W0528 22:01:20.205000 269 site-packages/torch/_dynamo/convert_frame.py:1125]   File "/usr/local/lib/python3.12/site-packages/torch/_dynamo/utils.py", line 1574, in wrap_fake_exception
W0528 22:01:20.205000 269 site-packages/torch/_dynamo/convert_frame.py:1125]     return fn()
W0528 22:01:20.205000 269 site-packages/torch/_dynamo/convert_frame.py:1125]            ^^^^
W0528 22:01:20.205000 269 site-packages/torch/_dynamo/convert_frame.py:1125]   File "/usr/local/lib/python3.12/site-packages/torch/_dynamo/utils.py", line 2018, in <lambda>
W0528 22:01:20.205000 269 site-packages/torch/_dynamo/convert_frame.py:1125]     lambda: run_node(tx.output, node, args, kwargs, nnmodule)
W0528 22:01:20.205000 269 site-packages/torch/_dynamo/convert_frame.py:1125]             ^^^^^^^^^^^^^^^^^^^^^^^^^^^^^^^^^^^^^^^^^^^^^^^^^
W0528 22:01:20.205000 269 site-packages/torch/_dynamo/convert_frame.py:1125]   File "/usr/local/lib/python3.12/site-packages/torch/_dynamo/utils.py", line 2150, in run_node
W0528 22:01:20.205000 269 site-packages/torch/_dynamo/convert_frame.py:1125]     raise RuntimeError(make_error_message(e)).with_traceback(
W0528 22:01:20.205000 269 site-packages/torch/_dynamo/convert_frame.py:1125]   File "/usr/local/lib/python3.12/site-packages/torch/_dynamo/utils.py", line 2132, in run_node
W0528 22:01:20.205000 269 site-packages/torch/_dynamo/convert_frame.py:1125]     return node.target(*args, **kwargs)
W0528 22:01:20.205000 269 site-packages/torch/_dynamo/convert_frame.py:1125]            ^^^^^^^^^^^^^^^^^^^^^^^^^^^^
W0528 22:01:20.205000 269 site-packages/torch/_dynamo/convert_frame.py:1125]   File "/usr/local/lib/python3.12/site-packages/torch/nn/functional.py", line 2900, in layer_norm
W0528 22:01:20.205000 269 site-packages/torch/_dynamo/convert_frame.py:1125]     return torch.layer_norm(
W0528 22:01:20.205000 269 site-packages/torch/_dynamo/convert_frame.py:1125]            ^^^^^^^^^^^^^^^^^
W0528 22:01:20.205000 269 site-packages/torch/_dynamo/convert_frame.py:1125]   File "/usr/local/lib/python3.12/site-packages/torch/utils/_stats.py", line 21, in wrapper
W0528 22:01:20.205000 269 site-packages/torch/_dynamo/convert_frame.py:1125]     return fn(*args, **kwargs)
W0528 22:01:20.205000 269 site-packages/torch/_dynamo/convert_frame.py:1125]            ^^^^^^^^^^^^^^^^^^^
W0528 22:01:20.205000 269 site-packages/torch/_dynamo/convert_frame.py:1125]   File "/usr/local/lib/python3.12/site-packages/torch/_subclasses/fake_tensor.py", line 1238, in __torch_dispatch__
W0528 22:01:20.205000 269 site-packages/torch/_dynamo/convert_frame.py:1125]     return self.dispatch(func, types, args, kwargs)
W0528 22:01:20.205000 269 site-packages/torch/_dynamo/convert_frame.py:1125]            ^^^^^^^^^^^^^^^^^^^^^^^^^^^^^^^^^^^^^^^^
W0528 22:01:20.205000 269 site-packages/torch/_dynamo/convert_frame.py:1125]   File "/usr/local/lib/python3.12/site-packages/torch/_subclasses/fake_tensor.py", line 1692, in dispatch
W0528 22:01:20.205000 269 site-packages/torch/_dynamo/convert_frame.py:1125]     return self._cached_dispatch_impl(func, types, args, kwargs)
W0528 22:01:20.205000 269 site-packages/torch/_dynamo/convert_frame.py:1125]            ^^^^^^^^^^^^^^^^^^^^^^^^^^^^^^^^^^^^^^^^^^^^^^^^^^^^^
W0528 22:01:20.205000 269 site-packages/torch/_dynamo/convert_frame.py:1125]   File "/usr/local/lib/python3.12/site-packages/torch/_subclasses/fake_tensor.py", line 1339, in _cached_dispatch_impl
W0528 22:01:20.205000 269 site-packages/torch/_dynamo/convert_frame.py:1125]     output = self._dispatch_impl(func, types, args, kwargs)
W0528 22:01:20.205000 269 site-packages/torch/_dynamo/convert_frame.py:1125]              ^^^^^^^^^^^^^^^^^^^^^^^^^^^^^^^^^^^^^^^^^^^^^^
W0528 22:01:20.205000 269 site-packages/torch/_dynamo/convert_frame.py:1125]   File "/usr/local/lib/python3.12/site-packages/torch/_subclasses/fake_tensor.py", line 2013, in _dispatch_impl
W0528 22:01:20.205000 269 site-packages/torch/_dynamo/convert_frame.py:1125]     r = func(*args, **kwargs)
W0528 22:01:20.205000 269 site-packages/torch/_dynamo/convert_frame.py:1125]         ^^^^^^^^^^^^^^^^^^^^^
W0528 22:01:20.205000 269 site-packages/torch/_dynamo/convert_frame.py:1125]   File "/usr/local/lib/python3.12/site-packages/torch/_ops.py", line 716, in __call__
W0528 22:01:20.205000 269 site-packages/torch/_dynamo/convert_frame.py:1125]     return self._op(*args, **kwargs)
W0528 22:01:20.205000 269 site-packages/torch/_dynamo/convert_frame.py:1125]            ^^^^^^^^^^^^^^^^^^^^^^^^^
W0528 22:01:20.205000 269 site-packages/torch/_dynamo/convert_frame.py:1125]   File "/usr/local/lib/python3.12/site-packages/torch/_decomp/__init__.py", line 88, in _fn
W0528 22:01:20.205000 269 site-packages/torch/_dynamo/convert_frame.py:1125]     return f(*args, **kwargs, out=None if is_none else out_kwargs)
W0528 22:01:20.205000 269 site-packages/torch/_dynamo/convert_frame.py:1125]            ^^^^^^^^^^^^^^^^^^^^^^^^^^^^^^^^^^^^^^^^^^^^^^^^^^^^^^^
W0528 22:01:20.205000 269 site-packages/torch/_dynamo/convert_frame.py:1125]   File "/usr/local/lib/python3.12/site-packages/torch/_prims_common/wrappers.py", line 273, in _fn
W0528 22:01:20.205000 269 site-packages/torch/_dynamo/convert_frame.py:1125]     result = fn(*args, **kwargs)
W0528 22:01:20.205000 269 site-packages/torch/_dynamo/convert_frame.py:1125]              ^^^^^^^^^^^^^^^^^^^
W0528 22:01:20.205000 269 site-packages/torch/_dynamo/convert_frame.py:1125]   File "/usr/local/lib/python3.12/site-packages/torch/_refs/__init__.py", line 3223, in native_layer_norm
W0528 22:01:20.205000 269 site-packages/torch/_dynamo/convert_frame.py:1125]     torch._check(
W0528 22:01:20.205000 269 site-packages/torch/_dynamo/convert_frame.py:1125]   File "/usr/local/lib/python3.12/site-packages/torch/__init__.py", line 1564, in _check
W0528 22:01:20.205000 269 site-packages/torch/_dynamo/convert_frame.py:1125]     _check_with(RuntimeError, cond, message)
W0528 22:01:20.205000 269 site-packages/torch/_dynamo/convert_frame.py:1125]   File "/usr/local/lib/python3.12/site-packages/torch/__init__.py", line 1546, in _check_with
W0528 22:01:20.205000 269 site-packages/torch/_dynamo/convert_frame.py:1125]     raise error_type(message_evaluated)
W0528 22:01:20.205000 269 site-packages/torch/_dynamo/convert_frame.py:1125] torch._dynamo.exc.TorchRuntimeError: Failed running call_function <function layer_norm at 0x2b0e486c62a0>(*(FakeTensor(..., device='cuda:0', size=(1, 6, 3, 3)), (6,)), **{'weight': None, 'bias': None, 'eps': 1e-05}):
W0528 22:01:20.205000 269 site-packages/torch/_dynamo/convert_frame.py:1125] Given normalized_shape=[6], expected input with shape [6], but got input of size torch.Size([1, 6, 3, 3])
W0528 22:01:20.205000 269 site-packages/torch/_dynamo/convert_frame.py:1125] 
W0528 22:01:20.205000 269 site-packages/torch/_dynamo/convert_frame.py:1125] from user code:
W0528 22:01:20.205000 269 site-packages/torch/_dynamo/convert_frame.py:1125]    File "/data/results/lmstudio_prompt12_general_router_20260528-152031/call_acc/fused_silu_layer_norm_conv2d.py", line 32, in _fused_silu_layer_norm_conv2d_impl
W0528 22:01:20.205000 269 site-packages/torch/_dynamo/convert_frame.py:1125]     ln_out = F.layer_norm(conv_out, normalized_shape, weight=w, bias=None, eps=ln_eps)
W0528 22:01:20.205000 269 site-packages/torch/_dynamo/convert_frame.py:1125] 
W0528 22:01:20.205000 269 site-packages/torch/_dynamo/convert_frame.py:1125] Set TORCH_LOGS="+dynamo" and TORCHDYNAMO_VERBOSE=1 for more information
W0528 22:01:20.205000 269 site-packages/torch/_dynamo/convert_frame.py:1125] 
Traceback (most recent call last):
  File "/data/results/lmstudio_prompt12_general_router_20260528-152031/call_acc/fused_silu_layer_norm_conv2d.py", line 46, in fused_silu_layer_norm_conv2d
    y = _fused_silu_layer_norm_conv2d_fast(x, weight, conv_weight, conv_bias, conv_stride, conv_padding, conv_dilation, conv_groups, ln_eps)
        ^^^^^^^^^^^^^^^^^^^^^^^^^^^^^^^^^^^^^^^^^^^^^^^^^^^^^^^^^^^^^^^^^^^^^^^^^^^^^^^^^^^^^^^^^^^^^^^^^^^^^^^^^^^^^^^^^^^^^^^^^^^^^^^^^^^^
  File "/usr/local/lib/python3.12/site-packages/torch/_dynamo/eval_frame.py", line 465, in _fn
    return fn(*args, **kwargs)
           ^^^^^^^^^^^^^^^^^^^
  File "/data/results/lmstudio_prompt12_general_router_20260528-152031/call_acc/fused_silu_layer_norm_conv2d.py", line 32, in _fused_silu_layer_norm_conv2d_impl
    ln_out = F.layer_norm(conv_out, normalized_shape, weight=w, bias=None, eps=ln_eps)
             ^^^^^^^^^^^^^^^^^^^^^^^^^^^^^^^^^^^^^^^^^^^^^^^^^^^^^^^^^^^^^^^^^^^^^^^^^
  File "/usr/local/lib/python3.12/site-packages/torch/nn/functional.py", line 2900, in layer_norm
    return torch.layer_norm(
           ^^^^^^^^^^^^^^^^^
RuntimeError: Given normalized_shape=[6], expected input with shape [*, 6], but got input of size[1, 6, 3, 3]

During handling of the above exception, another exception occurred:

Traceback (most recent call last):
  File "/data/results/lmstudio_prompt12_general_router_20260528-152031/call_acc/fused_silu_layer_norm_conv2d.py", line 84, in <module>
    test_results = test_fused_silu_layer_norm_conv2d()
                   ^^^^^^^^^^^^^^^^^^^^^^^^^^^^^^^^^^^
  File "/data/results/lmstudio_prompt12_general_router_20260528-152031/call_acc/fused_silu_layer_norm_conv2d.py", line 70, in test_fused_silu_layer_norm_conv2d
    results['test_case_1'] = fused_silu_layer_norm_conv2d(x, None, conv_weight)
                             ^^^^^^^^^^^^^^^^^^^^^^^^^^^^^^^^^^^^^^^^^^^^^^^^^^
  File "/data/results/lmstudio_prompt12_general_router_20260528-152031/call_acc/fused_silu_layer_norm_conv2d.py", line 48, in fused_silu_layer_norm_conv2d
    y = _fused_silu_layer_norm_conv2d_impl(x, weight, conv_weight, conv_bias, conv_stride, conv_padding, conv_dilation, conv_groups, ln_eps)
        ^^^^^^^^^^^^^^^^^^^^^^^^^^^^^^^^^^^^^^^^^^^^^^^^^^^^^^^^^^^^^^^^^^^^^^^^^^^^^^^^^^^^^^^^^^^^^^^^^^^^^^^^^^^^^^^^^^^^^^^^^^^^^^^^^^^^
  File "/data/results/lmstudio_prompt12_general_router_20260528-152031/call_acc/fused_silu_layer_norm_conv2d.py", line 32, in _fused_silu_layer_norm_conv2d_impl
    ln_out = F.layer_norm(conv_out, normalized_shape, weight=w, bias=None, eps=ln_eps)
             ^^^^^^^^^^^^^^^^^^^^^^^^^^^^^^^^^^^^^^^^^^^^^^^^^^^^^^^^^^^^^^^^^^^^^^^^^
  File "/usr/local/lib/python3.12/site-packages/torch/nn/functional.py", line 2900, in layer_norm
    return torch.layer_norm(
           ^^^^^^^^^^^^^^^^^
RuntimeError: Given normalized_shape=[6], expected input with shape [*, 6], but got input of size[1, 6, 3, 3]

=== Output for fused_index_select_eq.py on GPU 0 ===

=== Errors for fused_index_select_eq.py on GPU 0 ===

=== Output for argmax.py on GPU 0 ===

=== Errors for argmax.py on GPU 0 ===

=== Output for fused_lu_solve.py on GPU 0 ===

=== Errors for fused_lu_solve.py on GPU 0 ===
Traceback (most recent call last):
  File "/data/results/lmstudio_prompt12_general_router_20260528-152031/call_acc/fused_lu_solve.py", line 59, in <module>
    test_results = test_fused_lu_solve()
                   ^^^^^^^^^^^^^^^^^^^^^
  File "/data/results/lmstudio_prompt12_general_router_20260528-152031/call_acc/fused_lu_solve.py", line 37, in test_fused_lu_solve
    results["test_case_1"] = fused_lu_solve(A1, b1)
                             ^^^^^^^^^^^^^^^^^^^^^^
  File "/data/results/lmstudio_prompt12_general_router_20260528-152031/call_acc/fused_lu_solve.py", line 24, in fused_lu_solve
    x = torch.linalg.lu_solve(lu, pivots, b)
        ^^^^^^^^^^^^^^^^^^^^^^^^^^^^^^^^^^^^
RuntimeError: linalg.lu_solve: The input tensor B must have at least 2 dimensions.

Deleted dropout_relu_batch_norm_conv2d.py
Deleted fused_bmm_rmsnorm_gelu_dropout_sub.py
Deleted fused_lu_solve.py
Deleted fused_mv_logsoftmax_dropout.py
Deleted fused_silu_layer_norm_conv2d.py
Deleted solve_multiple_lu.py
Deleted svd.py

Correct execution rate: 65.00%
['div.py', 'sigmoid_conv2d.py', 'tanh.py', 'relu_sqrt.py', 'sqrt.py', 'sigmoid_argmax.py', 'sub.py', 'grid_sample.py', 'i0.py', 'rsqrt.py', 'add.py', 'fused_index_select_eq.py', 'argmax.py']
Above is call test for lmstudio_qwen_qwen3.6-35b-a3b_simp_limit20_20260528-152038
================================================================================================================================================================

call_acc survivors: 13 / 20

======================================================================
=== Phase 2: execution accuracy ===
======================================================================

Correct execution rate: 100.00% = 13 / 13
above is the compare execution for /data/results/lmstudio_prompt12_general_router_20260528-152031/call_acc
================================================================================================================================================================================================================================================

exe_acc survivors: 13 / 20

======================================================================
=== Phase 3: efficiency ===
======================================================================

[1AProcess:   0%|                                           | 0/13 [00:00<?, ?it/s]
[1AProcess:   8%|██▋                                | 1/13 [00:24<04:54, 24.50s/it]
[1AProcess:  15%|█████▍                             | 2/13 [00:57<05:25, 29.62s/it]
[1AProcess:  23%|████████                           | 3/13 [01:22<04:35, 27.59s/it]
[1AProcess:  31%|██████████▊                        | 4/13 [01:58<04:37, 30.84s/it]
[1AProcess:  38%|█████████████▍                     | 5/13 [02:10<03:11, 23.97s/it]
[1AProcess:  46%|████████████████▏                  | 6/13 [02:32<02:44, 23.44s/it]
[1AProcess:  54%|██████████████████▊                | 7/13 [02:59<02:26, 24.39s/it]Runner killed (SIGKILL), exit code: 137. Most often this happens when the process runs out of memory. Consider increasing or reserving memory to avoid unexpected termination: https://modal.com/docs/guide/resources

==========
== CUDA ==
==========

CUDA Version 12.4.1

Container image Copyright (c) 2016-2023, NVIDIA CORPORATION & AFFILIATES. All rights reserved.

This container image and its contents are governed by the NVIDIA Deep Learning Container License.
By pulling and using the container, you accept the terms and conditions of this license:
https://developer.nvidia.com/ngc/nvidia-deep-learning-container-license

A copy of this license is made available in this container at /NGC-DL-CONTAINER-LICENSE for your convenience.


======================================================================
=== Phase 1: call accuracy ===
======================================================================
instruction
=== Output for fused_bmm_rmsnorm_gelu_dropout_sub.py on GPU 0 ===

=== Errors for fused_bmm_rmsnorm_gelu_dropout_sub.py on GPU 0 ===
E0528 22:16:44.721000 27 site-packages/torch/_subclasses/fake_tensor.py:2017] [0/0] failed while attempting to run meta for aten.mean.dim
E0528 22:16:44.721000 27 site-packages/torch/_subclasses/fake_tensor.py:2017] [0/0] Traceback (most recent call last):
E0528 22:16:44.721000 27 site-packages/torch/_subclasses/fake_tensor.py:2017] [0/0]   File "/usr/local/lib/python3.12/site-packages/torch/_subclasses/fake_tensor.py", line 2013, in _dispatch_impl
E0528 22:16:44.721000 27 site-packages/torch/_subclasses/fake_tensor.py:2017] [0/0]     r = func(*args, **kwargs)
E0528 22:16:44.721000 27 site-packages/torch/_subclasses/fake_tensor.py:2017] [0/0]         ^^^^^^^^^^^^^^^^^^^^^
E0528 22:16:44.721000 27 site-packages/torch/_subclasses/fake_tensor.py:2017] [0/0]   File "/usr/local/lib/python3.12/site-packages/torch/_ops.py", line 716, in __call__
E0528 22:16:44.721000 27 site-packages/torch/_subclasses/fake_tensor.py:2017] [0/0]     return self._op(*args, **kwargs)
E0528 22:16:44.721000 27 site-packages/torch/_subclasses/fake_tensor.py:2017] [0/0]            ^^^^^^^^^^^^^^^^^^^^^^^^^
E0528 22:16:44.721000 27 site-packages/torch/_subclasses/fake_tensor.py:2017] [0/0]   File "/usr/local/lib/python3.12/site-packages/torch/_refs/__init__.py", line 2476, in mean
E0528 22:16:44.721000 27 site-packages/torch/_subclasses/fake_tensor.py:2017] [0/0]     result = _reduction(
E0528 22:16:44.721000 27 site-packages/torch/_subclasses/fake_tensor.py:2017] [0/0]              ^^^^^^^^^^^
E0528 22:16:44.721000 27 site-packages/torch/_subclasses/fake_tensor.py:2017] [0/0]   File "/usr/local/lib/python3.12/site-packages/torch/_refs/__init__.py", line 2171, in _reduction
E0528 22:16:44.721000 27 site-packages/torch/_subclasses/fake_tensor.py:2017] [0/0]     dims = utils.reduction_dims(a.shape, dims)
E0528 22:16:44.721000 27 site-packages/torch/_subclasses/fake_tensor.py:2017] [0/0]            ^^^^^^^^^^^^^^^^^^^^^^^^^^^^^^^^^^^
E0528 22:16:44.721000 27 site-packages/torch/_subclasses/fake_tensor.py:2017] [0/0]   File "/usr/local/lib/python3.12/site-packages/torch/_prims_common/__init__.py", line 1713, in reduction_dims
E0528 22:16:44.721000 27 site-packages/torch/_subclasses/fake_tensor.py:2017] [0/0]     dims = tuple(canonicalize_dim(len(shape), idx) for idx in dims)
E0528 22:16:44.721000 27 site-packages/torch/_subclasses/fake_tensor.py:2017] [0/0]            ^^^^^^^^^^^^^^^^^^^^^^^^^^^^^^^^^^^^^^^^^^^^^^^^^^^^^^^^
E0528 22:16:44.721000 27 site-packages/torch/_subclasses/fake_tensor.py:2017] [0/0]   File "/usr/local/lib/python3.12/site-packages/torch/_prims_common/__init__.py", line 1713, in <genexpr>
E0528 22:16:44.721000 27 site-packages/torch/_subclasses/fake_tensor.py:2017] [0/0]     dims = tuple(canonicalize_dim(len(shape), idx) for idx in dims)
E0528 22:16:44.721000 27 site-packages/torch/_subclasses/fake_tensor.py:2017] [0/0]                  ^^^^^^^^^^^^^^^^^^^^^^^^^^^^^^^^^
E0528 22:16:44.721000 27 site-packages/torch/_subclasses/fake_tensor.py:2017] [0/0]   File "/usr/local/lib/python3.12/site-packages/torch/_prims_common/__init__.py", line 663, in canonicalize_dim
E0528 22:16:44.721000 27 site-packages/torch/_subclasses/fake_tensor.py:2017] [0/0]     raise IndexError(msg)
E0528 22:16:44.721000 27 site-packages/torch/_subclasses/fake_tensor.py:2017] [0/0] IndexError: Dimension out of range (expected to be in range of [-3, 2], but got -5)
W0528 22:16:44.739000 27 site-packages/torch/_dynamo/convert_frame.py:1125] WON'T CONVERT _fused_bmm_rmsnorm_gelu_dropout_sub_impl /data/results/lmstudio_prompt12_general_router_20260528-152031/call_acc/fused_bmm_rmsnorm_gelu_dropout_sub.py line 22 
W0528 22:16:44.739000 27 site-packages/torch/_dynamo/convert_frame.py:1125] due to: 
W0528 22:16:44.739000 27 site-packages/torch/_dynamo/convert_frame.py:1125] Traceback (most recent call last):
W0528 22:16:44.739000 27 site-packages/torch/_dynamo/convert_frame.py:1125]   File "/usr/local/lib/python3.12/site-packages/torch/_dynamo/convert_frame.py", line 1064, in __call__
W0528 22:16:44.739000 27 site-packages/torch/_dynamo/convert_frame.py:1125]     result = self._inner_convert(
W0528 22:16:44.739000 27 site-packages/torch/_dynamo/convert_frame.py:1125]              ^^^^^^^^^^^^^^^^^^^^
W0528 22:16:44.739000 27 site-packages/torch/_dynamo/convert_frame.py:1125]   File "/usr/local/lib/python3.12/site-packages/torch/_dynamo/convert_frame.py", line 526, in __call__
W0528 22:16:44.739000 27 site-packages/torch/_dynamo/convert_frame.py:1125]     return _compile(
W0528 22:16:44.739000 27 site-packages/torch/_dynamo/convert_frame.py:1125]            ^^^^^^^^^
W0528 22:16:44.739000 27 site-packages/torch/_dynamo/convert_frame.py:1125]   File "/usr/local/lib/python3.12/site-packages/torch/_dynamo/convert_frame.py", line 924, in _compile
W0528 22:16:44.739000 27 site-packages/torch/_dynamo/convert_frame.py:1125]     guarded_code = compile_inner(code, one_graph, hooks, transform)
W0528 22:16:44.739000 27 site-packages/torch/_dynamo/convert_frame.py:1125]                    ^^^^^^^^^^^^^^^^^^^^^^^^^^^^^^^^^^^^^^^^^^^^^^^^
W0528 22:16:44.739000 27 site-packages/torch/_dynamo/convert_frame.py:1125]   File "/usr/local/lib/python3.12/site-packages/torch/_dynamo/convert_frame.py", line 666, in compile_inner
W0528 22:16:44.739000 27 site-packages/torch/_dynamo/convert_frame.py:1125]     return _compile_inner(code, one_graph, hooks, transform)
W0528 22:16:44.739000 27 site-packages/torch/_dynamo/convert_frame.py:1125]            ^^^^^^^^^^^^^^^^^^^^^^^^^^^^^^^^^^^^^^^^^^^^^^^^^
W0528 22:16:44.739000 27 site-packages/torch/_dynamo/convert_frame.py:1125]   File "/usr/local/lib/python3.12/site-packages/torch/_utils_internal.py", line 87, in wrapper_function
W0528 22:16:44.739000 27 site-packages/torch/_dynamo/convert_frame.py:1125]     return function(*args, **kwargs)
W0528 22:16:44.739000 27 site-packages/torch/_dynamo/convert_frame.py:1125]            ^^^^^^^^^^^^^^^^^^^^^^^^^
W0528 22:16:44.739000 27 site-packages/torch/_dynamo/convert_frame.py:1125]   File "/usr/local/lib/python3.12/site-packages/torch/_dynamo/convert_frame.py", line 699, in _compile_inner
W0528 22:16:44.739000 27 site-packages/torch/_dynamo/convert_frame.py:1125]     out_code = transform_code_object(code, transform)
W0528 22:16:44.739000 27 site-packages/torch/_dynamo/convert_frame.py:1125]                ^^^^^^^^^^^^^^^^^^^^^^^^^^^^^^^^^^^^^^
W0528 22:16:44.739000 27 site-packages/torch/_dynamo/convert_frame.py:1125]   File "/usr/local/lib/python3.12/site-packages/torch/_dynamo/bytecode_transformation.py", line 1322, in transform_code_object
W0528 22:16:44.739000 27 site-packages/torch/_dynamo/convert_frame.py:1125]     transformations(instructions, code_options)
W0528 22:16:44.739000 27 site-packages/torch/_dynamo/convert_frame.py:1125]   File "/usr/local/lib/python3.12/site-packages/torch/_dynamo/convert_frame.py", line 219, in _fn
W0528 22:16:44.739000 27 site-packages/torch/_dynamo/convert_frame.py:1125]     return fn(*args, **kwargs)
W0528 22:16:44.739000 27 site-packages/torch/_dynamo/convert_frame.py:1125]            ^^^^^^^^^^^^^^^^^^^
W0528 22:16:44.739000 27 site-packages/torch/_dynamo/convert_frame.py:1125]   File "/usr/local/lib/python3.12/site-packages/torch/_dynamo/convert_frame.py", line 634, in transform
W0528 22:16:44.739000 27 site-packages/torch/_dynamo/convert_frame.py:1125]     tracer.run()
W0528 22:16:44.739000 27 site-packages/torch/_dynamo/convert_frame.py:1125]   File "/usr/local/lib/python3.12/site-packages/torch/_dynamo/symbolic_convert.py", line 2796, in run
W0528 22:16:44.739000 27 site-packages/torch/_dynamo/convert_frame.py:1125]     super().run()
W0528 22:16:44.739000 27 site-packages/torch/_dynamo/convert_frame.py:1125]   File "/usr/local/lib/python3.12/site-packages/torch/_dynamo/symbolic_convert.py", line 983, in run
W0528 22:16:44.739000 27 site-packages/torch/_dynamo/convert_frame.py:1125]     while self.step():
W0528 22:16:44.739000 27 site-packages/torch/_dynamo/convert_frame.py:1125]           ^^^^^^^^^^^
W0528 22:16:44.739000 27 site-packages/torch/_dynamo/convert_frame.py:1125]   File "/usr/local/lib/python3.12/site-packages/torch/_dynamo/symbolic_convert.py", line 895, in step
W0528 22:16:44.739000 27 site-packages/torch/_dynamo/convert_frame.py:1125]     self.dispatch_table[inst.opcode](self, inst)
W0528 22:16:44.739000 27 site-packages/torch/_dynamo/convert_frame.py:1125]   File "/usr/local/lib/python3.12/site-packages/torch/_dynamo/symbolic_convert.py", line 582, in wrapper
W0528 22:16:44.739000 27 site-packages/torch/_dynamo/convert_frame.py:1125]     return inner_fn(self, inst)
W0528 22:16:44.739000 27 site-packages/torch/_dynamo/convert_frame.py:1125]            ^^^^^^^^^^^^^^^^^^^^
W0528 22:16:44.739000 27 site-packages/torch/_dynamo/convert_frame.py:1125]   File "/usr/local/lib/python3.12/site-packages/torch/_dynamo/symbolic_convert.py", line 2279, in CALL
W0528 22:16:44.739000 27 site-packages/torch/_dynamo/convert_frame.py:1125]     self._call(inst)
W0528 22:16:44.739000 27 site-packages/torch/_dynamo/convert_frame.py:1125]   File "/usr/local/lib/python3.12/site-packages/torch/_dynamo/symbolic_convert.py", line 2273, in _call
W0528 22:16:44.739000 27 site-packages/torch/_dynamo/convert_frame.py:1125]     self.call_function(fn, args, kwargs)
W0528 22:16:44.739000 27 site-packages/torch/_dynamo/convert_frame.py:1125]   File "/usr/local/lib/python3.12/site-packages/torch/_dynamo/symbolic_convert.py", line 830, in call_function
W0528 22:16:44.739000 27 site-packages/torch/_dynamo/convert_frame.py:1125]     self.push(fn.call_function(self, args, kwargs))  # type: ignore[arg-type]
W0528 22:16:44.739000 27 site-packages/torch/_dynamo/convert_frame.py:1125]               ^^^^^^^^^^^^^^^^^^^^^^^^^^^^^^^^^^^^
W0528 22:16:44.739000 27 site-packages/torch/_dynamo/convert_frame.py:1125]   File "/usr/local/lib/python3.12/site-packages/torch/_dynamo/variables/misc.py", line 1024, in call_function
W0528 22:16:44.739000 27 site-packages/torch/_dynamo/convert_frame.py:1125]     return self.obj.call_method(tx, self.name, args, kwargs)
W0528 22:16:44.739000 27 site-packages/torch/_dynamo/convert_frame.py:1125]            ^^^^^^^^^^^^^^^^^^^^^^^^^^^^^^^^^^^^^^^^^^^^^^^^^
W0528 22:16:44.739000 27 site-packages/torch/_dynamo/convert_frame.py:1125]   File "/usr/local/lib/python3.12/site-packages/torch/_dynamo/variables/tensor.py", line 535, in call_method
W0528 22:16:44.739000 27 site-packages/torch/_dynamo/convert_frame.py:1125]     return wrap_fx_proxy(
W0528 22:16:44.739000 27 site-packages/torch/_dynamo/convert_frame.py:1125]            ^^^^^^^^^^^^^^
W0528 22:16:44.739000 27 site-packages/torch/_dynamo/convert_frame.py:1125]   File "/usr/local/lib/python3.12/site-packages/torch/_dynamo/variables/builder.py", line 2037, in wrap_fx_proxy
W0528 22:16:44.739000 27 site-packages/torch/_dynamo/convert_frame.py:1125]     return wrap_fx_proxy_cls(target_cls=TensorVariable, **kwargs)
W0528 22:16:44.739000 27 site-packages/torch/_dynamo/convert_frame.py:1125]            ^^^^^^^^^^^^^^^^^^^^^^^^^^^^^^^^^^^^^^^^^^^^^^^^^^^^^^
W0528 22:16:44.739000 27 site-packages/torch/_dynamo/convert_frame.py:1125]   File "/usr/local/lib/python3.12/site-packages/torch/_dynamo/variables/builder.py", line 2124, in wrap_fx_proxy_cls
W0528 22:16:44.739000 27 site-packages/torch/_dynamo/convert_frame.py:1125]     example_value = get_fake_value(proxy.node, tx, allow_non_graph_fake=True)
W0528 22:16:44.739000 27 site-packages/torch/_dynamo/convert_frame.py:1125]                     ^^^^^^^^^^^^^^^^^^^^^^^^^^^^^^^^^^^^^^^^^^^^^^^^^^^^^^^^^
W0528 22:16:44.739000 27 site-packages/torch/_dynamo/convert_frame.py:1125]   File "/usr/local/lib/python3.12/site-packages/torch/_dynamo/utils.py", line 2082, in get_fake_value
W0528 22:16:44.739000 27 site-packages/torch/_dynamo/convert_frame.py:1125]     raise TorchRuntimeError(str(e)).with_traceback(e.__traceback__) from None
W0528 22:16:44.739000 27 site-packages/torch/_dynamo/convert_frame.py:1125]   File "/usr/local/lib/python3.12/site-packages/torch/_dynamo/utils.py", line 2017, in get_fake_value
W0528 22:16:44.739000 27 site-packages/torch/_dynamo/convert_frame.py:1125]     ret_val = wrap_fake_exception(
W0528 22:16:44.739000 27 site-packages/torch/_dynamo/convert_frame.py:1125]               ^^^^^^^^^^^^^^^^^^^^
W0528 22:16:44.739000 27 site-packages/torch/_dynamo/convert_frame.py:1125]   File "/usr/local/lib/python3.12/site-packages/torch/_dynamo/utils.py", line 1574, in wrap_fake_exception
W0528 22:16:44.739000 27 site-packages/torch/_dynamo/convert_frame.py:1125]     return fn()
W0528 22:16:44.739000 27 site-packages/torch/_dynamo/convert_frame.py:1125]            ^^^^
W0528 22:16:44.739000 27 site-packages/torch/_dynamo/convert_frame.py:1125]   File "/usr/local/lib/python3.12/site-packages/torch/_dynamo/utils.py", line 2018, in <lambda>
W0528 22:16:44.739000 27 site-packages/torch/_dynamo/convert_frame.py:1125]     lambda: run_node(tx.output, node, args, kwargs, nnmodule)
W0528 22:16:44.739000 27 site-packages/torch/_dynamo/convert_frame.py:1125]             ^^^^^^^^^^^^^^^^^^^^^^^^^^^^^^^^^^^^^^^^^^^^^^^^^
W0528 22:16:44.739000 27 site-packages/torch/_dynamo/convert_frame.py:1125]   File "/usr/local/lib/python3.12/site-packages/torch/_dynamo/utils.py", line 2150, in run_node
W0528 22:16:44.739000 27 site-packages/torch/_dynamo/convert_frame.py:1125]     raise RuntimeError(make_error_message(e)).with_traceback(
W0528 22:16:44.739000 27 site-packages/torch/_dynamo/convert_frame.py:1125]   File "/usr/local/lib/python3.12/site-packages/torch/_dynamo/utils.py", line 2134, in run_node
W0528 22:16:44.739000 27 site-packages/torch/_dynamo/convert_frame.py:1125]     return getattr(args[0], node.target)(*args[1:], **kwargs)
W0528 22:16:44.739000 27 site-packages/torch/_dynamo/convert_frame.py:1125]            ^^^^^^^^^^^^^^^^^^^^^^^^^^^^^^^^^^^^^^^^^^^^^^^^^^
W0528 22:16:44.739000 27 site-packages/torch/_dynamo/convert_frame.py:1125]   File "/usr/local/lib/python3.12/site-packages/torch/utils/_stats.py", line 21, in wrapper
W0528 22:16:44.739000 27 site-packages/torch/_dynamo/convert_frame.py:1125]     return fn(*args, **kwargs)
W0528 22:16:44.739000 27 site-packages/torch/_dynamo/convert_frame.py:1125]            ^^^^^^^^^^^^^^^^^^^
W0528 22:16:44.739000 27 site-packages/torch/_dynamo/convert_frame.py:1125]   File "/usr/local/lib/python3.12/site-packages/torch/_subclasses/fake_tensor.py", line 1238, in __torch_dispatch__
W0528 22:16:44.739000 27 site-packages/torch/_dynamo/convert_frame.py:1125]     return self.dispatch(func, types, args, kwargs)
W0528 22:16:44.739000 27 site-packages/torch/_dynamo/convert_frame.py:1125]            ^^^^^^^^^^^^^^^^^^^^^^^^^^^^^^^^^^^^^^^^
W0528 22:16:44.739000 27 site-packages/torch/_dynamo/convert_frame.py:1125]   File "/usr/local/lib/python3.12/site-packages/torch/_subclasses/fake_tensor.py", line 1692, in dispatch
W0528 22:16:44.739000 27 site-packages/torch/_dynamo/convert_frame.py:1125]     return self._cached_dispatch_impl(func, types, args, kwargs)
W0528 22:16:44.739000 27 site-packages/torch/_dynamo/convert_frame.py:1125]            ^^^^^^^^^^^^^^^^^^^^^^^^^^^^^^^^^^^^^^^^^^^^^^^^^^^^^
W0528 22:16:44.739000 27 site-packages/torch/_dynamo/convert_frame.py:1125]   File "/usr/local/lib/python3.12/site-packages/torch/_subclasses/fake_tensor.py", line 1339, in _cached_dispatch_impl
W0528 22:16:44.739000 27 site-packages/torch/_dynamo/convert_frame.py:1125]     output = self._dispatch_impl(func, types, args, kwargs)
W0528 22:16:44.739000 27 site-packages/torch/_dynamo/convert_frame.py:1125]              ^^^^^^^^^^^^^^^^^^^^^^^^^^^^^^^^^^^^^^^^^^^^^^
W0528 22:16:44.739000 27 site-packages/torch/_dynamo/convert_frame.py:1125]   File "/usr/local/lib/python3.12/site-packages/torch/_subclasses/fake_tensor.py", line 2013, in _dispatch_impl
W0528 22:16:44.739000 27 site-packages/torch/_dynamo/convert_frame.py:1125]     r = func(*args, **kwargs)
W0528 22:16:44.739000 27 site-packages/torch/_dynamo/convert_frame.py:1125]         ^^^^^^^^^^^^^^^^^^^^^
W0528 22:16:44.739000 27 site-packages/torch/_dynamo/convert_frame.py:1125]   File "/usr/local/lib/python3.12/site-packages/torch/_ops.py", line 716, in __call__
W0528 22:16:44.739000 27 site-packages/torch/_dynamo/convert_frame.py:1125]     return self._op(*args, **kwargs)
W0528 22:16:44.739000 27 site-packages/torch/_dynamo/convert_frame.py:1125]            ^^^^^^^^^^^^^^^^^^^^^^^^^
W0528 22:16:44.739000 27 site-packages/torch/_dynamo/convert_frame.py:1125]   File "/usr/local/lib/python3.12/site-packages/torch/_refs/__init__.py", line 2476, in mean
W0528 22:16:44.739000 27 site-packages/torch/_dynamo/convert_frame.py:1125]     result = _reduction(
W0528 22:16:44.739000 27 site-packages/torch/_dynamo/convert_frame.py:1125]              ^^^^^^^^^^^
W0528 22:16:44.739000 27 site-packages/torch/_dynamo/convert_frame.py:1125]   File "/usr/local/lib/python3.12/site-packages/torch/_refs/__init__.py", line 2171, in _reduction
W0528 22:16:44.739000 27 site-packages/torch/_dynamo/convert_frame.py:1125]     dims = utils.reduction_dims(a.shape, dims)
W0528 22:16:44.739000 27 site-packages/torch/_dynamo/convert_frame.py:1125]            ^^^^^^^^^^^^^^^^^^^^^^^^^^^^^^^^^^^
W0528 22:16:44.739000 27 site-packages/torch/_dynamo/convert_frame.py:1125]   File "/usr/local/lib/python3.12/site-packages/torch/_prims_common/__init__.py", line 1713, in reduction_dims
W0528 22:16:44.739000 27 site-packages/torch/_dynamo/convert_frame.py:1125]     dims = tuple(canonicalize_dim(len(shape), idx) for idx in dims)
W0528 22:16:44.739000 27 site-packages/torch/_dynamo/convert_frame.py:1125]            ^^^^^^^^^^^^^^^^^^^^^^^^^^^^^^^^^^^^^^^^^^^^^^^^^^^^^^^^
W0528 22:16:44.739000 27 site-packages/torch/_dynamo/convert_frame.py:1125]   File "/usr/local/lib/python3.12/site-packages/torch/_prims_common/__init__.py", line 1713, in <genexpr>
W0528 22:16:44.739000 27 site-packages/torch/_dynamo/convert_frame.py:1125]     dims = tuple(canonicalize_dim(len(shape), idx) for idx in dims)
W0528 22:16:44.739000 27 site-packages/torch/_dynamo/convert_frame.py:1125]                  ^^^^^^^^^^^^^^^^^^^^^^^^^^^^^^^^^
W0528 22:16:44.739000 27 site-packages/torch/_dynamo/convert_frame.py:1125]   File "/usr/local/lib/python3.12/site-packages/torch/_prims_common/__init__.py", line 663, in canonicalize_dim
W0528 22:16:44.739000 27 site-packages/torch/_dynamo/convert_frame.py:1125]     raise IndexError(msg)
W0528 22:16:44.739000 27 site-packages/torch/_dynamo/convert_frame.py:1125] torch._dynamo.exc.TorchRuntimeError: Failed running call_method mean(*(FakeTensor(..., device='cuda:0', size=(2, 3, 5)),), **{'dim': (-5,), 'keepdim': True}):
W0528 22:16:44.739000 27 site-packages/torch/_dynamo/convert_frame.py:1125] Dimension out of range (expected to be in range of [-3, 2], but got -5)
W0528 22:16:44.739000 27 site-packages/torch/_dynamo/convert_frame.py:1125] 
W0528 22:16:44.739000 27 site-packages/torch/_dynamo/convert_frame.py:1125] from user code:
W0528 22:16:44.739000 27 site-packages/torch/_dynamo/convert_frame.py:1125]    File "/data/results/lmstudio_prompt12_general_router_20260528-152031/call_acc/fused_bmm_rmsnorm_gelu_dropout_sub.py", line 31, in _fused_bmm_rmsnorm_gelu_dropout_sub_impl
W0528 22:16:44.739000 27 site-packages/torch/_dynamo/convert_frame.py:1125]     mean = squared.mean(dim=norm_dims, keepdim=True)
W0528 22:16:44.739000 27 site-packages/torch/_dynamo/convert_frame.py:1125] 
W0528 22:16:44.739000 27 site-packages/torch/_dynamo/convert_frame.py:1125] Set TORCH_LOGS="+dynamo" and TORCHDYNAMO_VERBOSE=1 for more information
W0528 22:16:44.739000 27 site-packages/torch/_dynamo/convert_frame.py:1125] 
W0528 22:16:44.739000 27 site-packages/torch/_dynamo/convert_frame.py:1125] Traceback (most recent call last):
W0528 22:16:44.739000 27 site-packages/torch/_dynamo/convert_frame.py:1125]   File "/usr/local/lib/python3.12/site-packages/torch/_dynamo/convert_frame.py", line 1064, in __call__
W0528 22:16:44.739000 27 site-packages/torch/_dynamo/convert_frame.py:1125]     result = self._inner_convert(
W0528 22:16:44.739000 27 site-packages/torch/_dynamo/convert_frame.py:1125]              ^^^^^^^^^^^^^^^^^^^^
W0528 22:16:44.739000 27 site-packages/torch/_dynamo/convert_frame.py:1125]   File "/usr/local/lib/python3.12/site-packages/torch/_dynamo/convert_frame.py", line 526, in __call__
W0528 22:16:44.739000 27 site-packages/torch/_dynamo/convert_frame.py:1125]     return _compile(
W0528 22:16:44.739000 27 site-packages/torch/_dynamo/convert_frame.py:1125]            ^^^^^^^^^
W0528 22:16:44.739000 27 site-packages/torch/_dynamo/convert_frame.py:1125]   File "/usr/local/lib/python3.12/site-packages/torch/_dynamo/convert_frame.py", line 924, in _compile
W0528 22:16:44.739000 27 site-packages/torch/_dynamo/convert_frame.py:1125]     guarded_code = compile_inner(code, one_graph, hooks, transform)
W0528 22:16:44.739000 27 site-packages/torch/_dynamo/convert_frame.py:1125]                    ^^^^^^^^^^^^^^^^^^^^^^^^^^^^^^^^^^^^^^^^^^^^^^^^
W0528 22:16:44.739000 27 site-packages/torch/_dynamo/convert_frame.py:1125]   File "/usr/local/lib/python3.12/site-packages/torch/_dynamo/convert_frame.py", line 666, in compile_inner
W0528 22:16:44.739000 27 site-packages/torch/_dynamo/convert_frame.py:1125]     return _compile_inner(code, one_graph, hooks, transform)
W0528 22:16:44.739000 27 site-packages/torch/_dynamo/convert_frame.py:1125]            ^^^^^^^^^^^^^^^^^^^^^^^^^^^^^^^^^^^^^^^^^^^^^^^^^
W0528 22:16:44.739000 27 site-packages/torch/_dynamo/convert_frame.py:1125]   File "/usr/local/lib/python3.12/site-packages/torch/_utils_internal.py", line 87, in wrapper_function
W0528 22:16:44.739000 27 site-packages/torch/_dynamo/convert_frame.py:1125]     return function(*args, **kwargs)
W0528 22:16:44.739000 27 site-packages/torch/_dynamo/convert_frame.py:1125]            ^^^^^^^^^^^^^^^^^^^^^^^^^
W0528 22:16:44.739000 27 site-packages/torch/_dynamo/convert_frame.py:1125]   File "/usr/local/lib/python3.12/site-packages/torch/_dynamo/convert_frame.py", line 699, in _compile_inner
W0528 22:16:44.739000 27 site-packages/torch/_dynamo/convert_frame.py:1125]     out_code = transform_code_object(code, transform)
W0528 22:16:44.739000 27 site-packages/torch/_dynamo/convert_frame.py:1125]                ^^^^^^^^^^^^^^^^^^^^^^^^^^^^^^^^^^^^^^
W0528 22:16:44.739000 27 site-packages/torch/_dynamo/convert_frame.py:1125]   File "/usr/local/lib/python3.12/site-packages/torch/_dynamo/bytecode_transformation.py", line 1322, in transform_code_object
W0528 22:16:44.739000 27 site-packages/torch/_dynamo/convert_frame.py:1125]     transformations(instructions, code_options)
W0528 22:16:44.739000 27 site-packages/torch/_dynamo/convert_frame.py:1125]   File "/usr/local/lib/python3.12/site-packages/torch/_dynamo/convert_frame.py", line 219, in _fn
W0528 22:16:44.739000 27 site-packages/torch/_dynamo/convert_frame.py:1125]     return fn(*args, **kwargs)
W0528 22:16:44.739000 27 site-packages/torch/_dynamo/convert_frame.py:1125]            ^^^^^^^^^^^^^^^^^^^
W0528 22:16:44.739000 27 site-packages/torch/_dynamo/convert_frame.py:1125]   File "/usr/local/lib/python3.12/site-packages/torch/_dynamo/convert_frame.py", line 634, in transform
W0528 22:16:44.739000 27 site-packages/torch/_dynamo/convert_frame.py:1125]     tracer.run()
W0528 22:16:44.739000 27 site-packages/torch/_dynamo/convert_frame.py:1125]   File "/usr/local/lib/python3.12/site-packages/torch/_dynamo/symbolic_convert.py", line 2796, in run
W0528 22:16:44.739000 27 site-packages/torch/_dynamo/convert_frame.py:1125]     super().run()
W0528 22:16:44.739000 27 site-packages/torch/_dynamo/convert_frame.py:1125]   File "/usr/local/lib/python3.12/site-packages/torch/_dynamo/symbolic_convert.py", line 983, in run
W0528 22:16:44.739000 27 site-packages/torch/_dynamo/convert_frame.py:1125]     while self.step():
W0528 22:16:44.739000 27 site-packages/torch/_dynamo/convert_frame.py:1125]           ^^^^^^^^^^^
W0528 22:16:44.739000 27 site-packages/torch/_dynamo/convert_frame.py:1125]   File "/usr/local/lib/python3.12/site-packages/torch/_dynamo/symbolic_convert.py", line 895, in step
W0528 22:16:44.739000 27 site-packages/torch/_dynamo/convert_frame.py:1125]     self.dispatch_table[inst.opcode](self, inst)
W0528 22:16:44.739000 27 site-packages/torch/_dynamo/convert_frame.py:1125]   File "/usr/local/lib/python3.12/site-packages/torch/_dynamo/symbolic_convert.py", line 582, in wrapper
W0528 22:16:44.739000 27 site-packages/torch/_dynamo/convert_frame.py:1125]     return inner_fn(self, inst)
W0528 22:16:44.739000 27 site-packages/torch/_dynamo/convert_frame.py:1125]            ^^^^^^^^^^^^^^^^^^^^
W0528 22:16:44.739000 27 site-packages/torch/_dynamo/convert_frame.py:1125]   File "/usr/local/lib/python3.12/site-packages/torch/_dynamo/symbolic_convert.py", line 2279, in CALL
W0528 22:16:44.739000 27 site-packages/torch/_dynamo/convert_frame.py:1125]     self._call(inst)
W0528 22:16:44.739000 27 site-packages/torch/_dynamo/convert_frame.py:1125]   File "/usr/local/lib/python3.12/site-packages/torch/_dynamo/symbolic_convert.py", line 2273, in _call
W0528 22:16:44.739000 27 site-packages/torch/_dynamo/convert_frame.py:1125]     self.call_function(fn, args, kwargs)
W0528 22:16:44.739000 27 site-packages/torch/_dynamo/convert_frame.py:1125]   File "/usr/local/lib/python3.12/site-packages/torch/_dynamo/symbolic_convert.py", line 830, in call_function
W0528 22:16:44.739000 27 site-packages/torch/_dynamo/convert_frame.py:1125]     self.push(fn.call_function(self, args, kwargs))  # type: ignore[arg-type]
W0528 22:16:44.739000 27 site-packages/torch/_dynamo/convert_frame.py:1125]               ^^^^^^^^^^^^^^^^^^^^^^^^^^^^^^^^^^^^
W0528 22:16:44.739000 27 site-packages/torch/_dynamo/convert_frame.py:1125]   File "/usr/local/lib/python3.12/site-packages/torch/_dynamo/variables/misc.py", line 1024, in call_function
W0528 22:16:44.739000 27 site-packages/torch/_dynamo/convert_frame.py:1125]     return self.obj.call_method(tx, self.name, args, kwargs)
W0528 22:16:44.739000 27 site-packages/torch/_dynamo/convert_frame.py:1125]            ^^^^^^^^^^^^^^^^^^^^^^^^^^^^^^^^^^^^^^^^^^^^^^^^^
W0528 22:16:44.739000 27 site-packages/torch/_dynamo/convert_frame.py:1125]   File "/usr/local/lib/python3.12/site-packages/torch/_dynamo/variables/tensor.py", line 535, in call_method
W0528 22:16:44.739000 27 site-packages/torch/_dynamo/convert_frame.py:1125]     return wrap_fx_proxy(
W0528 22:16:44.739000 27 site-packages/torch/_dynamo/convert_frame.py:1125]            ^^^^^^^^^^^^^^
W0528 22:16:44.739000 27 site-packages/torch/_dynamo/convert_frame.py:1125]   File "/usr/local/lib/python3.12/site-packages/torch/_dynamo/variables/builder.py", line 2037, in wrap_fx_proxy
W0528 22:16:44.739000 27 site-packages/torch/_dynamo/convert_frame.py:1125]     return wrap_fx_proxy_cls(target_cls=TensorVariable, **kwargs)
W0528 22:16:44.739000 27 site-packages/torch/_dynamo/convert_frame.py:1125]            ^^^^^^^^^^^^^^^^^^^^^^^^^^^^^^^^^^^^^^^^^^^^^^^^^^^^^^
W0528 22:16:44.739000 27 site-packages/torch/_dynamo/convert_frame.py:1125]   File "/usr/local/lib/python3.12/site-packages/torch/_dynamo/variables/builder.py", line 2124, in wrap_fx_proxy_cls
W0528 22:16:44.739000 27 site-packages/torch/_dynamo/convert_frame.py:1125]     example_value = get_fake_value(proxy.node, tx, allow_non_graph_fake=True)
W0528 22:16:44.739000 27 site-packages/torch/_dynamo/convert_frame.py:1125]                     ^^^^^^^^^^^^^^^^^^^^^^^^^^^^^^^^^^^^^^^^^^^^^^^^^^^^^^^^^
W0528 22:16:44.739000 27 site-packages/torch/_dynamo/convert_frame.py:1125]   File "/usr/local/lib/python3.12/site-packages/torch/_dynamo/utils.py", line 2082, in get_fake_value
W0528 22:16:44.739000 27 site-packages/torch/_dynamo/convert_frame.py:1125]     raise TorchRuntimeError(str(e)).with_traceback(e.__traceback__) from None
W0528 22:16:44.739000 27 site-packages/torch/_dynamo/convert_frame.py:1125]   File "/usr/local/lib/python3.12/site-packages/torch/_dynamo/utils.py", line 2017, in get_fake_value
W0528 22:16:44.739000 27 site-packages/torch/_dynamo/convert_frame.py:1125]     ret_val = wrap_fake_exception(
W0528 22:16:44.739000 27 site-packages/torch/_dynamo/convert_frame.py:1125]               ^^^^^^^^^^^^^^^^^^^^
W0528 22:16:44.739000 27 site-packages/torch/_dynamo/convert_frame.py:1125]   File "/usr/local/lib/python3.12/site-packages/torch/_dynamo/utils.py", line 1574, in wrap_fake_exception
W0528 22:16:44.739000 27 site-packages/torch/_dynamo/convert_frame.py:1125]     return fn()
W0528 22:16:44.739000 27 site-packages/torch/_dynamo/convert_frame.py:1125]            ^^^^
W0528 22:16:44.739000 27 site-packages/torch/_dynamo/convert_frame.py:1125]   File "/usr/local/lib/python3.12/site-packages/torch/_dynamo/utils.py", line 2018, in <lambda>
W0528 22:16:44.739000 27 site-packages/torch/_dynamo/convert_frame.py:1125]     lambda: run_node(tx.output, node, args, kwargs, nnmodule)
W0528 22:16:44.739000 27 site-packages/torch/_dynamo/convert_frame.py:1125]             ^^^^^^^^^^^^^^^^^^^^^^^^^^^^^^^^^^^^^^^^^^^^^^^^^
W0528 22:16:44.739000 27 site-packages/torch/_dynamo/convert_frame.py:1125]   File "/usr/local/lib/python3.12/site-packages/torch/_dynamo/utils.py", line 2150, in run_node
W0528 22:16:44.739000 27 site-packages/torch/_dynamo/convert_frame.py:1125]     raise RuntimeError(make_error_message(e)).with_traceback(
W0528 22:16:44.739000 27 site-packages/torch/_dynamo/convert_frame.py:1125]   File "/usr/local/lib/python3.12/site-packages/torch/_dynamo/utils.py", line 2134, in run_node
W0528 22:16:44.739000 27 site-packages/torch/_dynamo/convert_frame.py:1125]     return getattr(args[0], node.target)(*args[1:], **kwargs)
W0528 22:16:44.739000 27 site-packages/torch/_dynamo/convert_frame.py:1125]            ^^^^^^^^^^^^^^^^^^^^^^^^^^^^^^^^^^^^^^^^^^^^^^^^^^
W0528 22:16:44.739000 27 site-packages/torch/_dynamo/convert_frame.py:1125]   File "/usr/local/lib/python3.12/site-packages/torch/utils/_stats.py", line 21, in wrapper
W0528 22:16:44.739000 27 site-packages/torch/_dynamo/convert_frame.py:1125]     return fn(*args, **kwargs)
W0528 22:16:44.739000 27 site-packages/torch/_dynamo/convert_frame.py:1125]            ^^^^^^^^^^^^^^^^^^^
W0528 22:16:44.739000 27 site-packages/torch/_dynamo/convert_frame.py:1125]   File "/usr/local/lib/python3.12/site-packages/torch/_subclasses/fake_tensor.py", line 1238, in __torch_dispatch__
W0528 22:16:44.739000 27 site-packages/torch/_dynamo/convert_frame.py:1125]     return self.dispatch(func, types, args, kwargs)
W0528 22:16:44.739000 27 site-packages/torch/_dynamo/convert_frame.py:1125]            ^^^^^^^^^^^^^^^^^^^^^^^^^^^^^^^^^^^^^^^^
W0528 22:16:44.739000 27 site-packages/torch/_dynamo/convert_frame.py:1125]   File "/usr/local/lib/python3.12/site-packages/torch/_subclasses/fake_tensor.py", line 1692, in dispatch
W0528 22:16:44.739000 27 site-packages/torch/_dynamo/convert_frame.py:1125]     return self._cached_dispatch_impl(func, types, args, kwargs)
W0528 22:16:44.739000 27 site-packages/torch/_dynamo/convert_frame.py:1125]            ^^^^^^^^^^^^^^^^^^^^^^^^^^^^^^^^^^^^^^^^^^^^^^^^^^^^^
W0528 22:16:44.739000 27 site-packages/torch/_dynamo/convert_frame.py:1125]   File "/usr/local/lib/python3.12/site-packages/torch/_subclasses/fake_tensor.py", line 1339, in _cached_dispatch_impl
W0528 22:16:44.739000 27 site-packages/torch/_dynamo/convert_frame.py:1125]     output = self._dispatch_impl(func, types, args, kwargs)
W0528 22:16:44.739000 27 site-packages/torch/_dynamo/convert_frame.py:1125]              ^^^^^^^^^^^^^^^^^^^^^^^^^^^^^^^^^^^^^^^^^^^^^^
W0528 22:16:44.739000 27 site-packages/torch/_dynamo/convert_frame.py:1125]   File "/usr/local/lib/python3.12/site-packages/torch/_subclasses/fake_tensor.py", line 2013, in _dispatch_impl
W0528 22:16:44.739000 27 site-packages/torch/_dynamo/convert_frame.py:1125]     r = func(*args, **kwargs)
W0528 22:16:44.739000 27 site-packages/torch/_dynamo/convert_frame.py:1125]         ^^^^^^^^^^^^^^^^^^^^^
W0528 22:16:44.739000 27 site-packages/torch/_dynamo/convert_frame.py:1125]   File "/usr/local/lib/python3.12/site-packages/torch/_ops.py", line 716, in __call__
W0528 22:16:44.739000 27 site-packages/torch/_dynamo/convert_frame.py:1125]     return self._op(*args, **kwargs)
W0528 22:16:44.739000 27 site-packages/torch/_dynamo/convert_frame.py:1125]            ^^^^^^^^^^^^^^^^^^^^^^^^^
W0528 22:16:44.739000 27 site-packages/torch/_dynamo/convert_frame.py:1125]   File "/usr/local/lib/python3.12/site-packages/torch/_refs/__init__.py", line 2476, in mean
W0528 22:16:44.739000 27 site-packages/torch/_dynamo/convert_frame.py:1125]     result = _reduction(
W0528 22:16:44.739000 27 site-packages/torch/_dynamo/convert_frame.py:1125]              ^^^^^^^^^^^
W0528 22:16:44.739000 27 site-packages/torch/_dynamo/convert_frame.py:1125]   File "/usr/local/lib/python3.12/site-packages/torch/_refs/__init__.py", line 2171, in _reduction
W0528 22:16:44.739000 27 site-packages/torch/_dynamo/convert_frame.py:1125]     dims = utils.reduction_dims(a.shape, dims)
W0528 22:16:44.739000 27 site-packages/torch/_dynamo/convert_frame.py:1125]            ^^^^^^^^^^^^^^^^^^^^^^^^^^^^^^^^^^^
W0528 22:16:44.739000 27 site-packages/torch/_dynamo/convert_frame.py:1125]   File "/usr/local/lib/python3.12/site-packages/torch/_prims_common/__init__.py", line 1713, in reduction_dims
W0528 22:16:44.739000 27 site-packages/torch/_dynamo/convert_frame.py:1125]     dims = tuple(canonicalize_dim(len(shape), idx) for idx in dims)
W0528 22:16:44.739000 27 site-packages/torch/_dynamo/convert_frame.py:1125]            ^^^^^^^^^^^^^^^^^^^^^^^^^^^^^^^^^^^^^^^^^^^^^^^^^^^^^^^^
W0528 22:16:44.739000 27 site-packages/torch/_dynamo/convert_frame.py:1125]   File "/usr/local/lib/python3.12/site-packages/torch/_prims_common/__init__.py", line 1713, in <genexpr>
W0528 22:16:44.739000 27 site-packages/torch/_dynamo/convert_frame.py:1125]     dims = tuple(canonicalize_dim(len(shape), idx) for idx in dims)
W0528 22:16:44.739000 27 site-packages/torch/_dynamo/convert_frame.py:1125]                  ^^^^^^^^^^^^^^^^^^^^^^^^^^^^^^^^^
W0528 22:16:44.739000 27 site-packages/torch/_dynamo/convert_frame.py:1125]   File "/usr/local/lib/python3.12/site-packages/torch/_prims_common/__init__.py", line 663, in canonicalize_dim
W0528 22:16:44.739000 27 site-packages/torch/_dynamo/convert_frame.py:1125]     raise IndexError(msg)
W0528 22:16:44.739000 27 site-packages/torch/_dynamo/convert_frame.py:1125] torch._dynamo.exc.TorchRuntimeError: Failed running call_method mean(*(FakeTensor(..., device='cuda:0', size=(2, 3, 5)),), **{'dim': (-5,), 'keepdim': True}):
W0528 22:16:44.739000 27 site-packages/torch/_dynamo/convert_frame.py:1125] Dimension out of range (expected to be in range of [-3, 2], but got -5)
W0528 22:16:44.739000 27 site-packages/torch/_dynamo/convert_frame.py:1125] 
W0528 22:16:44.739000 27 site-packages/torch/_dynamo/convert_frame.py:1125] from user code:
W0528 22:16:44.739000 27 site-packages/torch/_dynamo/convert_frame.py:1125]    File "/data/results/lmstudio_prompt12_general_router_20260528-152031/call_acc/fused_bmm_rmsnorm_gelu_dropout_sub.py", line 31, in _fused_bmm_rmsnorm_gelu_dropout_sub_impl
W0528 22:16:44.739000 27 site-packages/torch/_dynamo/convert_frame.py:1125]     mean = squared.mean(dim=norm_dims, keepdim=True)
W0528 22:16:44.739000 27 site-packages/torch/_dynamo/convert_frame.py:1125] 
W0528 22:16:44.739000 27 site-packages/torch/_dynamo/convert_frame.py:1125] Set TORCH_LOGS="+dynamo" and TORCHDYNAMO_VERBOSE=1 for more information
W0528 22:16:44.739000 27 site-packages/torch/_dynamo/convert_frame.py:1125] 
Traceback (most recent call last):
  File "/data/results/lmstudio_prompt12_general_router_20260528-152031/call_acc/fused_bmm_rmsnorm_gelu_dropout_sub.py", line 55, in fused_bmm_rmsnorm_gelu_dropout_sub
    y = _fused_bmm_rmsnorm_gelu_dropout_sub_fast(input1, input2, other, normalized_shape, dropout_p=dropout_p, training=training, approximate=approximate, eps=eps)
        ^^^^^^^^^^^^^^^^^^^^^^^^^^^^^^^^^^^^^^^^^^^^^^^^^^^^^^^^^^^^^^^^^^^^^^^^^^^^^^^^^^^^^^^^^^^^^^^^^^^^^^^^^^^^^^^^^^^^^^^^^^^^^^^^^^^^^^^^^^^^^^^^^^^^^^^^^^^
  File "/usr/local/lib/python3.12/site-packages/torch/_dynamo/eval_frame.py", line 465, in _fn
    return fn(*args, **kwargs)
           ^^^^^^^^^^^^^^^^^^^
  File "/data/results/lmstudio_prompt12_general_router_20260528-152031/call_acc/fused_bmm_rmsnorm_gelu_dropout_sub.py", line 31, in _fused_bmm_rmsnorm_gelu_dropout_sub_impl
    mean = squared.mean(dim=norm_dims, keepdim=True)
           ^^^^^^^^^^^^^^^^^^^^^^^^^^^^^^^^^^^^^^^^^
IndexError: Dimension out of range (expected to be in range of [-3, 2], but got -5)

During handling of the above exception, another exception occurred:

Traceback (most recent call last):
  File "/data/results/lmstudio_prompt12_general_router_20260528-152031/call_acc/fused_bmm_rmsnorm_gelu_dropout_sub.py", line 95, in <module>
    test_results = test_fused_bmm_rmsnorm_gelu_dropout_sub()
                   ^^^^^^^^^^^^^^^^^^^^^^^^^^^^^^^^^^^^^^^^^
  File "/data/results/lmstudio_prompt12_general_router_20260528-152031/call_acc/fused_bmm_rmsnorm_gelu_dropout_sub.py", line 79, in test_fused_bmm_rmsnorm_gelu_dropout_sub
    results["test_case_1"] = fused_bmm_rmsnorm_gelu_dropout_sub(input1, input2, other, normalized_shape)
                             ^^^^^^^^^^^^^^^^^^^^^^^^^^^^^^^^^^^^^^^^^^^^^^^^^^^^^^^^^^^^^^^^^^^^^^^^^^^
  File "/data/results/lmstudio_prompt12_general_router_20260528-152031/call_acc/fused_bmm_rmsnorm_gelu_dropout_sub.py", line 57, in fused_bmm_rmsnorm_gelu_dropout_sub
    y = _fused_bmm_rmsnorm_gelu_dropout_sub_impl(input1, input2, other, normalized_shape, dropout_p=dropout_p, training=training, approximate=approximate, eps=eps)
        ^^^^^^^^^^^^^^^^^^^^^^^^^^^^^^^^^^^^^^^^^^^^^^^^^^^^^^^^^^^^^^^^^^^^^^^^^^^^^^^^^^^^^^^^^^^^^^^^^^^^^^^^^^^^^^^^^^^^^^^^^^^^^^^^^^^^^^^^^^^^^^^^^^^^^^^^^^^
  File "/data/results/lmstudio_prompt12_general_router_20260528-152031/call_acc/fused_bmm_rmsnorm_gelu_dropout_sub.py", line 31, in _fused_bmm_rmsnorm_gelu_dropout_sub_impl
    mean = squared.mean(dim=norm_dims, keepdim=True)
           ^^^^^^^^^^^^^^^^^^^^^^^^^^^^^^^^^^^^^^^^^
IndexError: Dimension out of range (expected to be in range of [-3, 2], but got -5)

=== Output for div.py on GPU 0 ===

=== Errors for div.py on GPU 0 ===

=== Output for sigmoid_conv2d.py on GPU 0 ===

=== Errors for sigmoid_conv2d.py on GPU 0 ===
W0528 22:17:02.208000 73 site-packages/torch/_inductor/utils.py:1048] [0/0] Not enough SMs to use max_autotune_gemm mode

=== Output for solve_multiple_lu.py on GPU 0 ===

=== Errors for solve_multiple_lu.py on GPU 0 ===
Traceback (most recent call last):
  File "/data/results/lmstudio_prompt12_general_router_20260528-152031/call_acc/solve_multiple_lu.py", line 60, in <module>
    test_results = test_solve_multiple_lu()
                   ^^^^^^^^^^^^^^^^^^^^^^^^
  File "/data/results/lmstudio_prompt12_general_router_20260528-152031/call_acc/solve_multiple_lu.py", line 41, in test_solve_multiple_lu
    results["test_case_1"] = solve_multiple_lu(A1, Bs1)
                             ^^^^^^^^^^^^^^^^^^^^^^^^^^
  File "/data/results/lmstudio_prompt12_general_router_20260528-152031/call_acc/solve_multiple_lu.py", line 23, in solve_multiple_lu
    y = torch.linalg.lu_solve(LU, pivots, Bs, pivot=pivot)
        ^^^^^^^^^^^^^^^^^^^^^^^^^^^^^^^^^^^^^^^^^^^^^^^^^^
TypeError: linalg_lu_solve() got an unexpected keyword argument 'pivot'

=== Output for tanh.py on GPU 0 ===

=== Errors for tanh.py on GPU 0 ===

=== Output for relu_sqrt.py on GPU 0 ===

=== Errors for relu_sqrt.py on GPU 0 ===

=== Output for sqrt.py on GPU 0 ===

=== Errors for sqrt.py on GPU 0 ===

=== Output for sigmoid_argmax.py on GPU 0 ===

=== Errors for sigmoid_argmax.py on GPU 0 ===

=== Output for sub.py on GPU 0 ===

=== Errors for sub.py on GPU 0 ===

=== Output for grid_sample.py on GPU 0 ===

=== Errors for grid_sample.py on GPU 0 ===

=== Output for svd.py on GPU 0 ===

=== Errors for svd.py on GPU 0 ===
Traceback (most recent call last):
  File "/data/results/lmstudio_prompt12_general_router_20260528-152031/call_acc/svd.py", line 61, in <module>
    test_results = test_svd()
                   ^^^^^^^^^^
  File "/data/results/lmstudio_prompt12_general_router_20260528-152031/call_acc/svd.py", line 41, in test_svd
    U1, S1, Vh1 = svd(A1, full_matrices=True)
                  ^^^
NameError: name 'svd' is not defined

=== Output for i0.py on GPU 0 ===

=== Errors for i0.py on GPU 0 ===

=== Output for rsqrt.py on GPU 0 ===

=== Errors for rsqrt.py on GPU 0 ===

=== Output for dropout_relu_batch_norm_conv2d.py on GPU 0 ===

=== Errors for dropout_relu_batch_norm_conv2d.py on GPU 0 ===
Traceback (most recent call last):
  File "/data/results/lmstudio_prompt12_general_router_20260528-152031/call_acc/dropout_relu_batch_norm_conv2d.py", line 31, in <module>
    test_results = test_dropout_relu_batch_norm_conv2d()
                   ^^^^^^^^^^^^^^^^^^^^^^^^^^^^^^^^^^^^^
  File "/data/results/lmstudio_prompt12_general_router_20260528-152031/call_acc/dropout_relu_batch_norm_conv2d.py", line 12, in test_dropout_relu_batch_norm_conv2d
    input_tensor = torch.randn(1, 3, 8, 8, device='cuda')
                   ^^^^^
NameError: name 'torch' is not defined

=== Output for fused_mv_logsoftmax_dropout.py on GPU 0 ===

=== Errors for fused_mv_logsoftmax_dropout.py on GPU 0 ===
Traceback (most recent call last):
  File "/data/results/lmstudio_prompt12_general_router_20260528-152031/call_acc/fused_mv_logsoftmax_dropout.py", line 35, in <module>
    test_results = test_fused_mv_logsoftmax_dropout()
                   ^^^^^^^^^^^^^^^^^^^^^^^^^^^^^^^^^^
  File "/data/results/lmstudio_prompt12_general_router_20260528-152031/call_acc/fused_mv_logsoftmax_dropout.py", line 16, in test_fused_mv_logsoftmax_dropout
    results["test_case_1"] = fused_mv_logsoftmax_dropout(input1, vec1)
                             ^^^^^^^^^^^^^^^^^^^^^^^^^^^
NameError: name 'fused_mv_logsoftmax_dropout' is not defined. Did you mean: 'test_fused_mv_logsoftmax_dropout'?

=== Output for add.py on GPU 0 ===

=== Errors for add.py on GPU 0 ===

=== Output for fused_silu_layer_norm_conv2d.py on GPU 0 ===

=== Errors for fused_silu_layer_norm_conv2d.py on GPU 0 ===
E0528 22:18:15.486000 271 site-packages/torch/_subclasses/fake_tensor.py:2017] [0/0] failed while attempting to run meta for aten.native_layer_norm.default
E0528 22:18:15.486000 271 site-packages/torch/_subclasses/fake_tensor.py:2017] [0/0] Traceback (most recent call last):
E0528 22:18:15.486000 271 site-packages/torch/_subclasses/fake_tensor.py:2017] [0/0]   File "/usr/local/lib/python3.12/site-packages/torch/_subclasses/fake_tensor.py", line 2013, in _dispatch_impl
E0528 22:18:15.486000 271 site-packages/torch/_subclasses/fake_tensor.py:2017] [0/0]     r = func(*args, **kwargs)
E0528 22:18:15.486000 271 site-packages/torch/_subclasses/fake_tensor.py:2017] [0/0]         ^^^^^^^^^^^^^^^^^^^^^
E0528 22:18:15.486000 271 site-packages/torch/_subclasses/fake_tensor.py:2017] [0/0]   File "/usr/local/lib/python3.12/site-packages/torch/_ops.py", line 716, in __call__
E0528 22:18:15.486000 271 site-packages/torch/_subclasses/fake_tensor.py:2017] [0/0]     return self._op(*args, **kwargs)
E0528 22:18:15.486000 271 site-packages/torch/_subclasses/fake_tensor.py:2017] [0/0]            ^^^^^^^^^^^^^^^^^^^^^^^^^
E0528 22:18:15.486000 271 site-packages/torch/_subclasses/fake_tensor.py:2017] [0/0]   File "/usr/local/lib/python3.12/site-packages/torch/_decomp/__init__.py", line 88, in _fn
E0528 22:18:15.486000 271 site-packages/torch/_subclasses/fake_tensor.py:2017] [0/0]     return f(*args, **kwargs, out=None if is_none else out_kwargs)
E0528 22:18:15.486000 271 site-packages/torch/_subclasses/fake_tensor.py:2017] [0/0]            ^^^^^^^^^^^^^^^^^^^^^^^^^^^^^^^^^^^^^^^^^^^^^^^^^^^^^^^
E0528 22:18:15.486000 271 site-packages/torch/_subclasses/fake_tensor.py:2017] [0/0]   File "/usr/local/lib/python3.12/site-packages/torch/_prims_common/wrappers.py", line 273, in _fn
E0528 22:18:15.486000 271 site-packages/torch/_subclasses/fake_tensor.py:2017] [0/0]     result = fn(*args, **kwargs)
E0528 22:18:15.486000 271 site-packages/torch/_subclasses/fake_tensor.py:2017] [0/0]              ^^^^^^^^^^^^^^^^^^^
E0528 22:18:15.486000 271 site-packages/torch/_subclasses/fake_tensor.py:2017] [0/0]   File "/usr/local/lib/python3.12/site-packages/torch/_refs/__init__.py", line 3223, in native_layer_norm
E0528 22:18:15.486000 271 site-packages/torch/_subclasses/fake_tensor.py:2017] [0/0]     torch._check(
E0528 22:18:15.486000 271 site-packages/torch/_subclasses/fake_tensor.py:2017] [0/0]   File "/usr/local/lib/python3.12/site-packages/torch/__init__.py", line 1564, in _check
E0528 22:18:15.486000 271 site-packages/torch/_subclasses/fake_tensor.py:2017] [0/0]     _check_with(RuntimeError, cond, message)
E0528 22:18:15.486000 271 site-packages/torch/_subclasses/fake_tensor.py:2017] [0/0]   File "/usr/local/lib/python3.12/site-packages/torch/__init__.py", line 1546, in _check_with
E0528 22:18:15.486000 271 site-packages/torch/_subclasses/fake_tensor.py:2017] [0/0]     raise error_type(message_evaluated)
E0528 22:18:15.486000 271 site-packages/torch/_subclasses/fake_tensor.py:2017] [0/0] RuntimeError: Given normalized_shape=[6], expected input with shape [6], but got input of size torch.Size([1, 6, 3, 3])
W0528 22:18:15.497000 271 site-packages/torch/_dynamo/convert_frame.py:1125] WON'T CONVERT _fused_silu_layer_norm_conv2d_impl /data/results/lmstudio_prompt12_general_router_20260528-152031/call_acc/fused_silu_layer_norm_conv2d.py line 22 
W0528 22:18:15.497000 271 site-packages/torch/_dynamo/convert_frame.py:1125] due to: 
W0528 22:18:15.497000 271 site-packages/torch/_dynamo/convert_frame.py:1125] Traceback (most recent call last):
W0528 22:18:15.497000 271 site-packages/torch/_dynamo/convert_frame.py:1125]   File "/usr/local/lib/python3.12/site-packages/torch/_dynamo/convert_frame.py", line 1064, in __call__
W0528 22:18:15.497000 271 site-packages/torch/_dynamo/convert_frame.py:1125]     result = self._inner_convert(
W0528 22:18:15.497000 271 site-packages/torch/_dynamo/convert_frame.py:1125]              ^^^^^^^^^^^^^^^^^^^^
W0528 22:18:15.497000 271 site-packages/torch/_dynamo/convert_frame.py:1125]   File "/usr/local/lib/python3.12/site-packages/torch/_dynamo/convert_frame.py", line 526, in __call__
W0528 22:18:15.497000 271 site-packages/torch/_dynamo/convert_frame.py:1125]     return _compile(
W0528 22:18:15.497000 271 site-packages/torch/_dynamo/convert_frame.py:1125]            ^^^^^^^^^
W0528 22:18:15.497000 271 site-packages/torch/_dynamo/convert_frame.py:1125]   File "/usr/local/lib/python3.12/site-packages/torch/_dynamo/convert_frame.py", line 924, in _compile
W0528 22:18:15.497000 271 site-packages/torch/_dynamo/convert_frame.py:1125]     guarded_code = compile_inner(code, one_graph, hooks, transform)
W0528 22:18:15.497000 271 site-packages/torch/_dynamo/convert_frame.py:1125]                    ^^^^^^^^^^^^^^^^^^^^^^^^^^^^^^^^^^^^^^^^^^^^^^^^
W0528 22:18:15.497000 271 site-packages/torch/_dynamo/convert_frame.py:1125]   File "/usr/local/lib/python3.12/site-packages/torch/_dynamo/convert_frame.py", line 666, in compile_inner
W0528 22:18:15.497000 271 site-packages/torch/_dynamo/convert_frame.py:1125]     return _compile_inner(code, one_graph, hooks, transform)
W0528 22:18:15.497000 271 site-packages/torch/_dynamo/convert_frame.py:1125]            ^^^^^^^^^^^^^^^^^^^^^^^^^^^^^^^^^^^^^^^^^^^^^^^^^
W0528 22:18:15.497000 271 site-packages/torch/_dynamo/convert_frame.py:1125]   File "/usr/local/lib/python3.12/site-packages/torch/_utils_internal.py", line 87, in wrapper_function
W0528 22:18:15.497000 271 site-packages/torch/_dynamo/convert_frame.py:1125]     return function(*args, **kwargs)
W0528 22:18:15.497000 271 site-packages/torch/_dynamo/convert_frame.py:1125]            ^^^^^^^^^^^^^^^^^^^^^^^^^
W0528 22:18:15.497000 271 site-packages/torch/_dynamo/convert_frame.py:1125]   File "/usr/local/lib/python3.12/site-packages/torch/_dynamo/convert_frame.py", line 699, in _compile_inner
W0528 22:18:15.497000 271 site-packages/torch/_dynamo/convert_frame.py:1125]     out_code = transform_code_object(code, transform)
W0528 22:18:15.497000 271 site-packages/torch/_dynamo/convert_frame.py:1125]                ^^^^^^^^^^^^^^^^^^^^^^^^^^^^^^^^^^^^^^
W0528 22:18:15.497000 271 site-packages/torch/_dynamo/convert_frame.py:1125]   File "/usr/local/lib/python3.12/site-packages/torch/_dynamo/bytecode_transformation.py", line 1322, in transform_code_object
W0528 22:18:15.497000 271 site-packages/torch/_dynamo/convert_frame.py:1125]     transformations(instructions, code_options)
W0528 22:18:15.497000 271 site-packages/torch/_dynamo/convert_frame.py:1125]   File "/usr/local/lib/python3.12/site-packages/torch/_dynamo/convert_frame.py", line 219, in _fn
W0528 22:18:15.497000 271 site-packages/torch/_dynamo/convert_frame.py:1125]     return fn(*args, **kwargs)
W0528 22:18:15.497000 271 site-packages/torch/_dynamo/convert_frame.py:1125]            ^^^^^^^^^^^^^^^^^^^
W0528 22:18:15.497000 271 site-packages/torch/_dynamo/convert_frame.py:1125]   File "/usr/local/lib/python3.12/site-packages/torch/_dynamo/convert_frame.py", line 634, in transform
W0528 22:18:15.497000 271 site-packages/torch/_dynamo/convert_frame.py:1125]     tracer.run()
W0528 22:18:15.497000 271 site-packages/torch/_dynamo/convert_frame.py:1125]   File "/usr/local/lib/python3.12/site-packages/torch/_dynamo/symbolic_convert.py", line 2796, in run
W0528 22:18:15.497000 271 site-packages/torch/_dynamo/convert_frame.py:1125]     super().run()
W0528 22:18:15.497000 271 site-packages/torch/_dynamo/convert_frame.py:1125]   File "/usr/local/lib/python3.12/site-packages/torch/_dynamo/symbolic_convert.py", line 983, in run
W0528 22:18:15.497000 271 site-packages/torch/_dynamo/convert_frame.py:1125]     while self.step():
W0528 22:18:15.497000 271 site-packages/torch/_dynamo/convert_frame.py:1125]           ^^^^^^^^^^^
W0528 22:18:15.497000 271 site-packages/torch/_dynamo/convert_frame.py:1125]   File "/usr/local/lib/python3.12/site-packages/torch/_dynamo/symbolic_convert.py", line 895, in step
W0528 22:18:15.497000 271 site-packages/torch/_dynamo/convert_frame.py:1125]     self.dispatch_table[inst.opcode](self, inst)
W0528 22:18:15.497000 271 site-packages/torch/_dynamo/convert_frame.py:1125]   File "/usr/local/lib/python3.12/site-packages/torch/_dynamo/symbolic_convert.py", line 582, in wrapper
W0528 22:18:15.497000 271 site-packages/torch/_dynamo/convert_frame.py:1125]     return inner_fn(self, inst)
W0528 22:18:15.497000 271 site-packages/torch/_dynamo/convert_frame.py:1125]            ^^^^^^^^^^^^^^^^^^^^
W0528 22:18:15.497000 271 site-packages/torch/_dynamo/convert_frame.py:1125]   File "/usr/local/lib/python3.12/site-packages/torch/_dynamo/symbolic_convert.py", line 2279, in CALL
W0528 22:18:15.497000 271 site-packages/torch/_dynamo/convert_frame.py:1125]     self._call(inst)
W0528 22:18:15.497000 271 site-packages/torch/_dynamo/convert_frame.py:1125]   File "/usr/local/lib/python3.12/site-packages/torch/_dynamo/symbolic_convert.py", line 2273, in _call
W0528 22:18:15.497000 271 site-packages/torch/_dynamo/convert_frame.py:1125]     self.call_function(fn, args, kwargs)
W0528 22:18:15.497000 271 site-packages/torch/_dynamo/convert_frame.py:1125]   File "/usr/local/lib/python3.12/site-packages/torch/_dynamo/symbolic_convert.py", line 830, in call_function
W0528 22:18:15.497000 271 site-packages/torch/_dynamo/convert_frame.py:1125]     self.push(fn.call_function(self, args, kwargs))  # type: ignore[arg-type]
W0528 22:18:15.497000 271 site-packages/torch/_dynamo/convert_frame.py:1125]               ^^^^^^^^^^^^^^^^^^^^^^^^^^^^^^^^^^^^
W0528 22:18:15.497000 271 site-packages/torch/_dynamo/convert_frame.py:1125]   File "/usr/local/lib/python3.12/site-packages/torch/_dynamo/variables/torch.py", line 897, in call_function
W0528 22:18:15.497000 271 site-packages/torch/_dynamo/convert_frame.py:1125]     tensor_variable = wrap_fx_proxy(
W0528 22:18:15.497000 271 site-packages/torch/_dynamo/convert_frame.py:1125]                       ^^^^^^^^^^^^^^
W0528 22:18:15.497000 271 site-packages/torch/_dynamo/convert_frame.py:1125]   File "/usr/local/lib/python3.12/site-packages/torch/_dynamo/variables/builder.py", line 2037, in wrap_fx_proxy
W0528 22:18:15.497000 271 site-packages/torch/_dynamo/convert_frame.py:1125]     return wrap_fx_proxy_cls(target_cls=TensorVariable, **kwargs)
W0528 22:18:15.497000 271 site-packages/torch/_dynamo/convert_frame.py:1125]            ^^^^^^^^^^^^^^^^^^^^^^^^^^^^^^^^^^^^^^^^^^^^^^^^^^^^^^
W0528 22:18:15.497000 271 site-packages/torch/_dynamo/convert_frame.py:1125]   File "/usr/local/lib/python3.12/site-packages/torch/_dynamo/variables/builder.py", line 2124, in wrap_fx_proxy_cls
W0528 22:18:15.497000 271 site-packages/torch/_dynamo/convert_frame.py:1125]     example_value = get_fake_value(proxy.node, tx, allow_non_graph_fake=True)
W0528 22:18:15.497000 271 site-packages/torch/_dynamo/convert_frame.py:1125]                     ^^^^^^^^^^^^^^^^^^^^^^^^^^^^^^^^^^^^^^^^^^^^^^^^^^^^^^^^^
W0528 22:18:15.497000 271 site-packages/torch/_dynamo/convert_frame.py:1125]   File "/usr/local/lib/python3.12/site-packages/torch/_dynamo/utils.py", line 2082, in get_fake_value
W0528 22:18:15.497000 271 site-packages/torch/_dynamo/convert_frame.py:1125]     raise TorchRuntimeError(str(e)).with_traceback(e.__traceback__) from None
W0528 22:18:15.497000 271 site-packages/torch/_dynamo/convert_frame.py:1125]   File "/usr/local/lib/python3.12/site-packages/torch/_dynamo/utils.py", line 2017, in get_fake_value
W0528 22:18:15.497000 271 site-packages/torch/_dynamo/convert_frame.py:1125]     ret_val = wrap_fake_exception(
W0528 22:18:15.497000 271 site-packages/torch/_dynamo/convert_frame.py:1125]               ^^^^^^^^^^^^^^^^^^^^
W0528 22:18:15.497000 271 site-packages/torch/_dynamo/convert_frame.py:1125]   File "/usr/local/lib/python3.12/site-packages/torch/_dynamo/utils.py", line 1574, in wrap_fake_exception
W0528 22:18:15.497000 271 site-packages/torch/_dynamo/convert_frame.py:1125]     return fn()
W0528 22:18:15.497000 271 site-packages/torch/_dynamo/convert_frame.py:1125]            ^^^^
W0528 22:18:15.497000 271 site-packages/torch/_dynamo/convert_frame.py:1125]   File "/usr/local/lib/python3.12/site-packages/torch/_dynamo/utils.py", line 2018, in <lambda>
W0528 22:18:15.497000 271 site-packages/torch/_dynamo/convert_frame.py:1125]     lambda: run_node(tx.output, node, args, kwargs, nnmodule)
W0528 22:18:15.497000 271 site-packages/torch/_dynamo/convert_frame.py:1125]             ^^^^^^^^^^^^^^^^^^^^^^^^^^^^^^^^^^^^^^^^^^^^^^^^^
W0528 22:18:15.497000 271 site-packages/torch/_dynamo/convert_frame.py:1125]   File "/usr/local/lib/python3.12/site-packages/torch/_dynamo/utils.py", line 2150, in run_node
W0528 22:18:15.497000 271 site-packages/torch/_dynamo/convert_frame.py:1125]     raise RuntimeError(make_error_message(e)).with_traceback(
W0528 22:18:15.497000 271 site-packages/torch/_dynamo/convert_frame.py:1125]   File "/usr/local/lib/python3.12/site-packages/torch/_dynamo/utils.py", line 2132, in run_node
W0528 22:18:15.497000 271 site-packages/torch/_dynamo/convert_frame.py:1125]     return node.target(*args, **kwargs)
W0528 22:18:15.497000 271 site-packages/torch/_dynamo/convert_frame.py:1125]            ^^^^^^^^^^^^^^^^^^^^^^^^^^^^
W0528 22:18:15.497000 271 site-packages/torch/_dynamo/convert_frame.py:1125]   File "/usr/local/lib/python3.12/site-packages/torch/nn/functional.py", line 2900, in layer_norm
W0528 22:18:15.497000 271 site-packages/torch/_dynamo/convert_frame.py:1125]     return torch.layer_norm(
W0528 22:18:15.497000 271 site-packages/torch/_dynamo/convert_frame.py:1125]            ^^^^^^^^^^^^^^^^^
W0528 22:18:15.497000 271 site-packages/torch/_dynamo/convert_frame.py:1125]   File "/usr/local/lib/python3.12/site-packages/torch/utils/_stats.py", line 21, in wrapper
W0528 22:18:15.497000 271 site-packages/torch/_dynamo/convert_frame.py:1125]     return fn(*args, **kwargs)
W0528 22:18:15.497000 271 site-packages/torch/_dynamo/convert_frame.py:1125]            ^^^^^^^^^^^^^^^^^^^
W0528 22:18:15.497000 271 site-packages/torch/_dynamo/convert_frame.py:1125]   File "/usr/local/lib/python3.12/site-packages/torch/_subclasses/fake_tensor.py", line 1238, in __torch_dispatch__
W0528 22:18:15.497000 271 site-packages/torch/_dynamo/convert_frame.py:1125]     return self.dispatch(func, types, args, kwargs)
W0528 22:18:15.497000 271 site-packages/torch/_dynamo/convert_frame.py:1125]            ^^^^^^^^^^^^^^^^^^^^^^^^^^^^^^^^^^^^^^^^
W0528 22:18:15.497000 271 site-packages/torch/_dynamo/convert_frame.py:1125]   File "/usr/local/lib/python3.12/site-packages/torch/_subclasses/fake_tensor.py", line 1692, in dispatch
W0528 22:18:15.497000 271 site-packages/torch/_dynamo/convert_frame.py:1125]     return self._cached_dispatch_impl(func, types, args, kwargs)
W0528 22:18:15.497000 271 site-packages/torch/_dynamo/convert_frame.py:1125]            ^^^^^^^^^^^^^^^^^^^^^^^^^^^^^^^^^^^^^^^^^^^^^^^^^^^^^
W0528 22:18:15.497000 271 site-packages/torch/_dynamo/convert_frame.py:1125]   File "/usr/local/lib/python3.12/site-packages/torch/_subclasses/fake_tensor.py", line 1339, in _cached_dispatch_impl
W0528 22:18:15.497000 271 site-packages/torch/_dynamo/convert_frame.py:1125]     output = self._dispatch_impl(func, types, args, kwargs)
W0528 22:18:15.497000 271 site-packages/torch/_dynamo/convert_frame.py:1125]              ^^^^^^^^^^^^^^^^^^^^^^^^^^^^^^^^^^^^^^^^^^^^^^
W0528 22:18:15.497000 271 site-packages/torch/_dynamo/convert_frame.py:1125]   File "/usr/local/lib/python3.12/site-packages/torch/_subclasses/fake_tensor.py", line 2013, in _dispatch_impl
W0528 22:18:15.497000 271 site-packages/torch/_dynamo/convert_frame.py:1125]     r = func(*args, **kwargs)
W0528 22:18:15.497000 271 site-packages/torch/_dynamo/convert_frame.py:1125]         ^^^^^^^^^^^^^^^^^^^^^
W0528 22:18:15.497000 271 site-packages/torch/_dynamo/convert_frame.py:1125]   File "/usr/local/lib/python3.12/site-packages/torch/_ops.py", line 716, in __call__
W0528 22:18:15.497000 271 site-packages/torch/_dynamo/convert_frame.py:1125]     return self._op(*args, **kwargs)
W0528 22:18:15.497000 271 site-packages/torch/_dynamo/convert_frame.py:1125]            ^^^^^^^^^^^^^^^^^^^^^^^^^
W0528 22:18:15.497000 271 site-packages/torch/_dynamo/convert_frame.py:1125]   File "/usr/local/lib/python3.12/site-packages/torch/_decomp/__init__.py", line 88, in _fn
W0528 22:18:15.497000 271 site-packages/torch/_dynamo/convert_frame.py:1125]     return f(*args, **kwargs, out=None if is_none else out_kwargs)
W0528 22:18:15.497000 271 site-packages/torch/_dynamo/convert_frame.py:1125]            ^^^^^^^^^^^^^^^^^^^^^^^^^^^^^^^^^^^^^^^^^^^^^^^^^^^^^^^
W0528 22:18:15.497000 271 site-packages/torch/_dynamo/convert_frame.py:1125]   File "/usr/local/lib/python3.12/site-packages/torch/_prims_common/wrappers.py", line 273, in _fn
W0528 22:18:15.497000 271 site-packages/torch/_dynamo/convert_frame.py:1125]     result = fn(*args, **kwargs)
W0528 22:18:15.497000 271 site-packages/torch/_dynamo/convert_frame.py:1125]              ^^^^^^^^^^^^^^^^^^^
W0528 22:18:15.497000 271 site-packages/torch/_dynamo/convert_frame.py:1125]   File "/usr/local/lib/python3.12/site-packages/torch/_refs/__init__.py", line 3223, in native_layer_norm
W0528 22:18:15.497000 271 site-packages/torch/_dynamo/convert_frame.py:1125]     torch._check(
W0528 22:18:15.497000 271 site-packages/torch/_dynamo/convert_frame.py:1125]   File "/usr/local/lib/python3.12/site-packages/torch/__init__.py", line 1564, in _check
W0528 22:18:15.497000 271 site-packages/torch/_dynamo/convert_frame.py:1125]     _check_with(RuntimeError, cond, message)
W0528 22:18:15.497000 271 site-packages/torch/_dynamo/convert_frame.py:1125]   File "/usr/local/lib/python3.12/site-packages/torch/__init__.py", line 1546, in _check_with
W0528 22:18:15.497000 271 site-packages/torch/_dynamo/convert_frame.py:1125]     raise error_type(message_evaluated)
W0528 22:18:15.497000 271 site-packages/torch/_dynamo/convert_frame.py:1125] torch._dynamo.exc.TorchRuntimeError: Failed running call_function <function layer_norm at 0x2b291e4c22a0>(*(FakeTensor(..., device='cuda:0', size=(1, 6, 3, 3)), (6,)), **{'weight': None, 'bias': None, 'eps': 1e-05}):
W0528 22:18:15.497000 271 site-packages/torch/_dynamo/convert_frame.py:1125] Given normalized_shape=[6], expected input with shape [6], but got input of size torch.Size([1, 6, 3, 3])
W0528 22:18:15.497000 271 site-packages/torch/_dynamo/convert_frame.py:1125] 
W0528 22:18:15.497000 271 site-packages/torch/_dynamo/convert_frame.py:1125] from user code:
W0528 22:18:15.497000 271 site-packages/torch/_dynamo/convert_frame.py:1125]    File "/data/results/lmstudio_prompt12_general_router_20260528-152031/call_acc/fused_silu_layer_norm_conv2d.py", line 32, in _fused_silu_layer_norm_conv2d_impl
W0528 22:18:15.497000 271 site-packages/torch/_dynamo/convert_frame.py:1125]     ln_out = F.layer_norm(conv_out, normalized_shape, weight=w, bias=None, eps=ln_eps)
W0528 22:18:15.497000 271 site-packages/torch/_dynamo/convert_frame.py:1125] 
W0528 22:18:15.497000 271 site-packages/torch/_dynamo/convert_frame.py:1125] Set TORCH_LOGS="+dynamo" and TORCHDYNAMO_VERBOSE=1 for more information
W0528 22:18:15.497000 271 site-packages/torch/_dynamo/convert_frame.py:1125] 
W0528 22:18:15.497000 271 site-packages/torch/_dynamo/convert_frame.py:1125] Traceback (most recent call last):
W0528 22:18:15.497000 271 site-packages/torch/_dynamo/convert_frame.py:1125]   File "/usr/local/lib/python3.12/site-packages/torch/_dynamo/convert_frame.py", line 1064, in __call__
W0528 22:18:15.497000 271 site-packages/torch/_dynamo/convert_frame.py:1125]     result = self._inner_convert(
W0528 22:18:15.497000 271 site-packages/torch/_dynamo/convert_frame.py:1125]              ^^^^^^^^^^^^^^^^^^^^
W0528 22:18:15.497000 271 site-packages/torch/_dynamo/convert_frame.py:1125]   File "/usr/local/lib/python3.12/site-packages/torch/_dynamo/convert_frame.py", line 526, in __call__
W0528 22:18:15.497000 271 site-packages/torch/_dynamo/convert_frame.py:1125]     return _compile(
W0528 22:18:15.497000 271 site-packages/torch/_dynamo/convert_frame.py:1125]            ^^^^^^^^^
W0528 22:18:15.497000 271 site-packages/torch/_dynamo/convert_frame.py:1125]   File "/usr/local/lib/python3.12/site-packages/torch/_dynamo/convert_frame.py", line 924, in _compile
W0528 22:18:15.497000 271 site-packages/torch/_dynamo/convert_frame.py:1125]     guarded_code = compile_inner(code, one_graph, hooks, transform)
W0528 22:18:15.497000 271 site-packages/torch/_dynamo/convert_frame.py:1125]                    ^^^^^^^^^^^^^^^^^^^^^^^^^^^^^^^^^^^^^^^^^^^^^^^^
W0528 22:18:15.497000 271 site-packages/torch/_dynamo/convert_frame.py:1125]   File "/usr/local/lib/python3.12/site-packages/torch/_dynamo/convert_frame.py", line 666, in compile_inner
W0528 22:18:15.497000 271 site-packages/torch/_dynamo/convert_frame.py:1125]     return _compile_inner(code, one_graph, hooks, transform)
W0528 22:18:15.497000 271 site-packages/torch/_dynamo/convert_frame.py:1125]            ^^^^^^^^^^^^^^^^^^^^^^^^^^^^^^^^^^^^^^^^^^^^^^^^^
W0528 22:18:15.497000 271 site-packages/torch/_dynamo/convert_frame.py:1125]   File "/usr/local/lib/python3.12/site-packages/torch/_utils_internal.py", line 87, in wrapper_function
W0528 22:18:15.497000 271 site-packages/torch/_dynamo/convert_frame.py:1125]     return function(*args, **kwargs)
W0528 22:18:15.497000 271 site-packages/torch/_dynamo/convert_frame.py:1125]            ^^^^^^^^^^^^^^^^^^^^^^^^^
W0528 22:18:15.497000 271 site-packages/torch/_dynamo/convert_frame.py:1125]   File "/usr/local/lib/python3.12/site-packages/torch/_dynamo/convert_frame.py", line 699, in _compile_inner
W0528 22:18:15.497000 271 site-packages/torch/_dynamo/convert_frame.py:1125]     out_code = transform_code_object(code, transform)
W0528 22:18:15.497000 271 site-packages/torch/_dynamo/convert_frame.py:1125]                ^^^^^^^^^^^^^^^^^^^^^^^^^^^^^^^^^^^^^^
W0528 22:18:15.497000 271 site-packages/torch/_dynamo/convert_frame.py:1125]   File "/usr/local/lib/python3.12/site-packages/torch/_dynamo/bytecode_transformation.py", line 1322, in transform_code_object
W0528 22:18:15.497000 271 site-packages/torch/_dynamo/convert_frame.py:1125]     transformations(instructions, code_options)
W0528 22:18:15.497000 271 site-packages/torch/_dynamo/convert_frame.py:1125]   File "/usr/local/lib/python3.12/site-packages/torch/_dynamo/convert_frame.py", line 219, in _fn
W0528 22:18:15.497000 271 site-packages/torch/_dynamo/convert_frame.py:1125]     return fn(*args, **kwargs)
W0528 22:18:15.497000 271 site-packages/torch/_dynamo/convert_frame.py:1125]            ^^^^^^^^^^^^^^^^^^^
W0528 22:18:15.497000 271 site-packages/torch/_dynamo/convert_frame.py:1125]   File "/usr/local/lib/python3.12/site-packages/torch/_dynamo/convert_frame.py", line 634, in transform
W0528 22:18:15.497000 271 site-packages/torch/_dynamo/convert_frame.py:1125]     tracer.run()
W0528 22:18:15.497000 271 site-packages/torch/_dynamo/convert_frame.py:1125]   File "/usr/local/lib/python3.12/site-packages/torch/_dynamo/symbolic_convert.py", line 2796, in run
W0528 22:18:15.497000 271 site-packages/torch/_dynamo/convert_frame.py:1125]     super().run()
W0528 22:18:15.497000 271 site-packages/torch/_dynamo/convert_frame.py:1125]   File "/usr/local/lib/python3.12/site-packages/torch/_dynamo/symbolic_convert.py", line 983, in run
W0528 22:18:15.497000 271 site-packages/torch/_dynamo/convert_frame.py:1125]     while self.step():
W0528 22:18:15.497000 271 site-packages/torch/_dynamo/convert_frame.py:1125]           ^^^^^^^^^^^
W0528 22:18:15.497000 271 site-packages/torch/_dynamo/convert_frame.py:1125]   File "/usr/local/lib/python3.12/site-packages/torch/_dynamo/symbolic_convert.py", line 895, in step
W0528 22:18:15.497000 271 site-packages/torch/_dynamo/convert_frame.py:1125]     self.dispatch_table[inst.opcode](self, inst)
W0528 22:18:15.497000 271 site-packages/torch/_dynamo/convert_frame.py:1125]   File "/usr/local/lib/python3.12/site-packages/torch/_dynamo/symbolic_convert.py", line 582, in wrapper
W0528 22:18:15.497000 271 site-packages/torch/_dynamo/convert_frame.py:1125]     return inner_fn(self, inst)
W0528 22:18:15.497000 271 site-packages/torch/_dynamo/convert_frame.py:1125]            ^^^^^^^^^^^^^^^^^^^^
W0528 22:18:15.497000 271 site-packages/torch/_dynamo/convert_frame.py:1125]   File "/usr/local/lib/python3.12/site-packages/torch/_dynamo/symbolic_convert.py", line 2279, in CALL
W0528 22:18:15.497000 271 site-packages/torch/_dynamo/convert_frame.py:1125]     self._call(inst)
W0528 22:18:15.497000 271 site-packages/torch/_dynamo/convert_frame.py:1125]   File "/usr/local/lib/python3.12/site-packages/torch/_dynamo/symbolic_convert.py", line 2273, in _call
W0528 22:18:15.497000 271 site-packages/torch/_dynamo/convert_frame.py:1125]     self.call_function(fn, args, kwargs)
W0528 22:18:15.497000 271 site-packages/torch/_dynamo/convert_frame.py:1125]   File "/usr/local/lib/python3.12/site-packages/torch/_dynamo/symbolic_convert.py", line 830, in call_function
W0528 22:18:15.497000 271 site-packages/torch/_dynamo/convert_frame.py:1125]     self.push(fn.call_function(self, args, kwargs))  # type: ignore[arg-type]
W0528 22:18:15.497000 271 site-packages/torch/_dynamo/convert_frame.py:1125]               ^^^^^^^^^^^^^^^^^^^^^^^^^^^^^^^^^^^^
W0528 22:18:15.497000 271 site-packages/torch/_dynamo/convert_frame.py:1125]   File "/usr/local/lib/python3.12/site-packages/torch/_dynamo/variables/torch.py", line 897, in call_function
W0528 22:18:15.497000 271 site-packages/torch/_dynamo/convert_frame.py:1125]     tensor_variable = wrap_fx_proxy(
W0528 22:18:15.497000 271 site-packages/torch/_dynamo/convert_frame.py:1125]                       ^^^^^^^^^^^^^^
W0528 22:18:15.497000 271 site-packages/torch/_dynamo/convert_frame.py:1125]   File "/usr/local/lib/python3.12/site-packages/torch/_dynamo/variables/builder.py", line 2037, in wrap_fx_proxy
W0528 22:18:15.497000 271 site-packages/torch/_dynamo/convert_frame.py:1125]     return wrap_fx_proxy_cls(target_cls=TensorVariable, **kwargs)
W0528 22:18:15.497000 271 site-packages/torch/_dynamo/convert_frame.py:1125]            ^^^^^^^^^^^^^^^^^^^^^^^^^^^^^^^^^^^^^^^^^^^^^^^^^^^^^^
W0528 22:18:15.497000 271 site-packages/torch/_dynamo/convert_frame.py:1125]   File "/usr/local/lib/python3.12/site-packages/torch/_dynamo/variables/builder.py", line 2124, in wrap_fx_proxy_cls
W0528 22:18:15.497000 271 site-packages/torch/_dynamo/convert_frame.py:1125]     example_value = get_fake_value(proxy.node, tx, allow_non_graph_fake=True)
W0528 22:18:15.497000 271 site-packages/torch/_dynamo/convert_frame.py:1125]                     ^^^^^^^^^^^^^^^^^^^^^^^^^^^^^^^^^^^^^^^^^^^^^^^^^^^^^^^^^
W0528 22:18:15.497000 271 site-packages/torch/_dynamo/convert_frame.py:1125]   File "/usr/local/lib/python3.12/site-packages/torch/_dynamo/utils.py", line 2082, in get_fake_value
W0528 22:18:15.497000 271 site-packages/torch/_dynamo/convert_frame.py:1125]     raise TorchRuntimeError(str(e)).with_traceback(e.__traceback__) from None
W0528 22:18:15.497000 271 site-packages/torch/_dynamo/convert_frame.py:1125]   File "/usr/local/lib/python3.12/site-packages/torch/_dynamo/utils.py", line 2017, in get_fake_value
W0528 22:18:15.497000 271 site-packages/torch/_dynamo/convert_frame.py:1125]     ret_val = wrap_fake_exception(
W0528 22:18:15.497000 271 site-packages/torch/_dynamo/convert_frame.py:1125]               ^^^^^^^^^^^^^^^^^^^^
W0528 22:18:15.497000 271 site-packages/torch/_dynamo/convert_frame.py:1125]   File "/usr/local/lib/python3.12/site-packages/torch/_dynamo/utils.py", line 1574, in wrap_fake_exception
W0528 22:18:15.497000 271 site-packages/torch/_dynamo/convert_frame.py:1125]     return fn()
W0528 22:18:15.497000 271 site-packages/torch/_dynamo/convert_frame.py:1125]            ^^^^
W0528 22:18:15.497000 271 site-packages/torch/_dynamo/convert_frame.py:1125]   File "/usr/local/lib/python3.12/site-packages/torch/_dynamo/utils.py", line 2018, in <lambda>
W0528 22:18:15.497000 271 site-packages/torch/_dynamo/convert_frame.py:1125]     lambda: run_node(tx.output, node, args, kwargs, nnmodule)
W0528 22:18:15.497000 271 site-packages/torch/_dynamo/convert_frame.py:1125]             ^^^^^^^^^^^^^^^^^^^^^^^^^^^^^^^^^^^^^^^^^^^^^^^^^
W0528 22:18:15.497000 271 site-packages/torch/_dynamo/convert_frame.py:1125]   File "/usr/local/lib/python3.12/site-packages/torch/_dynamo/utils.py", line 2150, in run_node
W0528 22:18:15.497000 271 site-packages/torch/_dynamo/convert_frame.py:1125]     raise RuntimeError(make_error_message(e)).with_traceback(
W0528 22:18:15.497000 271 site-packages/torch/_dynamo/convert_frame.py:1125]   File "/usr/local/lib/python3.12/site-packages/torch/_dynamo/utils.py", line 2132, in run_node
W0528 22:18:15.497000 271 site-packages/torch/_dynamo/convert_frame.py:1125]     return node.target(*args, **kwargs)
W0528 22:18:15.497000 271 site-packages/torch/_dynamo/convert_frame.py:1125]            ^^^^^^^^^^^^^^^^^^^^^^^^^^^^
W0528 22:18:15.497000 271 site-packages/torch/_dynamo/convert_frame.py:1125]   File "/usr/local/lib/python3.12/site-packages/torch/nn/functional.py", line 2900, in layer_norm
W0528 22:18:15.497000 271 site-packages/torch/_dynamo/convert_frame.py:1125]     return torch.layer_norm(
W0528 22:18:15.497000 271 site-packages/torch/_dynamo/convert_frame.py:1125]            ^^^^^^^^^^^^^^^^^
W0528 22:18:15.497000 271 site-packages/torch/_dynamo/convert_frame.py:1125]   File "/usr/local/lib/python3.12/site-packages/torch/utils/_stats.py", line 21, in wrapper
W0528 22:18:15.497000 271 site-packages/torch/_dynamo/convert_frame.py:1125]     return fn(*args, **kwargs)
W0528 22:18:15.497000 271 site-packages/torch/_dynamo/convert_frame.py:1125]            ^^^^^^^^^^^^^^^^^^^
W0528 22:18:15.497000 271 site-packages/torch/_dynamo/convert_frame.py:1125]   File "/usr/local/lib/python3.12/site-packages/torch/_subclasses/fake_tensor.py", line 1238, in __torch_dispatch__
W0528 22:18:15.497000 271 site-packages/torch/_dynamo/convert_frame.py:1125]     return self.dispatch(func, types, args, kwargs)
W0528 22:18:15.497000 271 site-packages/torch/_dynamo/convert_frame.py:1125]            ^^^^^^^^^^^^^^^^^^^^^^^^^^^^^^^^^^^^^^^^
W0528 22:18:15.497000 271 site-packages/torch/_dynamo/convert_frame.py:1125]   File "/usr/local/lib/python3.12/site-packages/torch/_subclasses/fake_tensor.py", line 1692, in dispatch
W0528 22:18:15.497000 271 site-packages/torch/_dynamo/convert_frame.py:1125]     return self._cached_dispatch_impl(func, types, args, kwargs)
W0528 22:18:15.497000 271 site-packages/torch/_dynamo/convert_frame.py:1125]            ^^^^^^^^^^^^^^^^^^^^^^^^^^^^^^^^^^^^^^^^^^^^^^^^^^^^^
W0528 22:18:15.497000 271 site-packages/torch/_dynamo/convert_frame.py:1125]   File "/usr/local/lib/python3.12/site-packages/torch/_subclasses/fake_tensor.py", line 1339, in _cached_dispatch_impl
W0528 22:18:15.497000 271 site-packages/torch/_dynamo/convert_frame.py:1125]     output = self._dispatch_impl(func, types, args, kwargs)
W0528 22:18:15.497000 271 site-packages/torch/_dynamo/convert_frame.py:1125]              ^^^^^^^^^^^^^^^^^^^^^^^^^^^^^^^^^^^^^^^^^^^^^^
W0528 22:18:15.497000 271 site-packages/torch/_dynamo/convert_frame.py:1125]   File "/usr/local/lib/python3.12/site-packages/torch/_subclasses/fake_tensor.py", line 2013, in _dispatch_impl
W0528 22:18:15.497000 271 site-packages/torch/_dynamo/convert_frame.py:1125]     r = func(*args, **kwargs)
W0528 22:18:15.497000 271 site-packages/torch/_dynamo/convert_frame.py:1125]         ^^^^^^^^^^^^^^^^^^^^^
W0528 22:18:15.497000 271 site-packages/torch/_dynamo/convert_frame.py:1125]   File "/usr/local/lib/python3.12/site-packages/torch/_ops.py", line 716, in __call__
W0528 22:18:15.497000 271 site-packages/torch/_dynamo/convert_frame.py:1125]     return self._op(*args, **kwargs)
W0528 22:18:15.497000 271 site-packages/torch/_dynamo/convert_frame.py:1125]            ^^^^^^^^^^^^^^^^^^^^^^^^^
W0528 22:18:15.497000 271 site-packages/torch/_dynamo/convert_frame.py:1125]   File "/usr/local/lib/python3.12/site-packages/torch/_decomp/__init__.py", line 88, in _fn
W0528 22:18:15.497000 271 site-packages/torch/_dynamo/convert_frame.py:1125]     return f(*args, **kwargs, out=None if is_none else out_kwargs)
W0528 22:18:15.497000 271 site-packages/torch/_dynamo/convert_frame.py:1125]            ^^^^^^^^^^^^^^^^^^^^^^^^^^^^^^^^^^^^^^^^^^^^^^^^^^^^^^^
W0528 22:18:15.497000 271 site-packages/torch/_dynamo/convert_frame.py:1125]   File "/usr/local/lib/python3.12/site-packages/torch/_prims_common/wrappers.py", line 273, in _fn
W0528 22:18:15.497000 271 site-packages/torch/_dynamo/convert_frame.py:1125]     result = fn(*args, **kwargs)
W0528 22:18:15.497000 271 site-packages/torch/_dynamo/convert_frame.py:1125]              ^^^^^^^^^^^^^^^^^^^
W0528 22:18:15.497000 271 site-packages/torch/_dynamo/convert_frame.py:1125]   File "/usr/local/lib/python3.12/site-packages/torch/_refs/__init__.py", line 3223, in native_layer_norm
W0528 22:18:15.497000 271 site-packages/torch/_dynamo/convert_frame.py:1125]     torch._check(
W0528 22:18:15.497000 271 site-packages/torch/_dynamo/convert_frame.py:1125]   File "/usr/local/lib/python3.12/site-packages/torch/__init__.py", line 1564, in _check
W0528 22:18:15.497000 271 site-packages/torch/_dynamo/convert_frame.py:1125]     _check_with(RuntimeError, cond, message)
W0528 22:18:15.497000 271 site-packages/torch/_dynamo/convert_frame.py:1125]   File "/usr/local/lib/python3.12/site-packages/torch/__init__.py", line 1546, in _check_with
W0528 22:18:15.497000 271 site-packages/torch/_dynamo/convert_frame.py:1125]     raise error_type(message_evaluated)
W0528 22:18:15.497000 271 site-packages/torch/_dynamo/convert_frame.py:1125] torch._dynamo.exc.TorchRuntimeError: Failed running call_function <function layer_norm at 0x2b291e4c22a0>(*(FakeTensor(..., device='cuda:0', size=(1, 6, 3, 3)), (6,)), **{'weight': None, 'bias': None, 'eps': 1e-05}):
W0528 22:18:15.497000 271 site-packages/torch/_dynamo/convert_frame.py:1125] Given normalized_shape=[6], expected input with shape [6], but got input of size torch.Size([1, 6, 3, 3])
W0528 22:18:15.497000 271 site-packages/torch/_dynamo/convert_frame.py:1125] 
W0528 22:18:15.497000 271 site-packages/torch/_dynamo/convert_frame.py:1125] from user code:
W0528 22:18:15.497000 271 site-packages/torch/_dynamo/convert_frame.py:1125]    File "/data/results/lmstudio_prompt12_general_router_20260528-152031/call_acc/fused_silu_layer_norm_conv2d.py", line 32, in _fused_silu_layer_norm_conv2d_impl
W0528 22:18:15.497000 271 site-packages/torch/_dynamo/convert_frame.py:1125]     ln_out = F.layer_norm(conv_out, normalized_shape, weight=w, bias=None, eps=ln_eps)
W0528 22:18:15.497000 271 site-packages/torch/_dynamo/convert_frame.py:1125] 
W0528 22:18:15.497000 271 site-packages/torch/_dynamo/convert_frame.py:1125] Set TORCH_LOGS="+dynamo" and TORCHDYNAMO_VERBOSE=1 for more information
W0528 22:18:15.497000 271 site-packages/torch/_dynamo/convert_frame.py:1125] 
Traceback (most recent call last):
  File "/data/results/lmstudio_prompt12_general_router_20260528-152031/call_acc/fused_silu_layer_norm_conv2d.py", line 46, in fused_silu_layer_norm_conv2d
    y = _fused_silu_layer_norm_conv2d_fast(x, weight, conv_weight, conv_bias, conv_stride, conv_padding, conv_dilation, conv_groups, ln_eps)
        ^^^^^^^^^^^^^^^^^^^^^^^^^^^^^^^^^^^^^^^^^^^^^^^^^^^^^^^^^^^^^^^^^^^^^^^^^^^^^^^^^^^^^^^^^^^^^^^^^^^^^^^^^^^^^^^^^^^^^^^^^^^^^^^^^^^^
  File "/usr/local/lib/python3.12/site-packages/torch/_dynamo/eval_frame.py", line 465, in _fn
    return fn(*args, **kwargs)
           ^^^^^^^^^^^^^^^^^^^
  File "/data/results/lmstudio_prompt12_general_router_20260528-152031/call_acc/fused_silu_layer_norm_conv2d.py", line 32, in _fused_silu_layer_norm_conv2d_impl
    ln_out = F.layer_norm(conv_out, normalized_shape, weight=w, bias=None, eps=ln_eps)
             ^^^^^^^^^^^^^^^^^^^^^^^^^^^^^^^^^^^^^^^^^^^^^^^^^^^^^^^^^^^^^^^^^^^^^^^^^
  File "/usr/local/lib/python3.12/site-packages/torch/nn/functional.py", line 2900, in layer_norm
    return torch.layer_norm(
           ^^^^^^^^^^^^^^^^^
RuntimeError: Given normalized_shape=[6], expected input with shape [*, 6], but got input of size[1, 6, 3, 3]

During handling of the above exception, another exception occurred:

Traceback (most recent call last):
  File "/data/results/lmstudio_prompt12_general_router_20260528-152031/call_acc/fused_silu_layer_norm_conv2d.py", line 84, in <module>
    test_results = test_fused_silu_layer_norm_conv2d()
                   ^^^^^^^^^^^^^^^^^^^^^^^^^^^^^^^^^^^
  File "/data/results/lmstudio_prompt12_general_router_20260528-152031/call_acc/fused_silu_layer_norm_conv2d.py", line 70, in test_fused_silu_layer_norm_conv2d
    results['test_case_1'] = fused_silu_layer_norm_conv2d(x, None, conv_weight)
                             ^^^^^^^^^^^^^^^^^^^^^^^^^^^^^^^^^^^^^^^^^^^^^^^^^^
  File "/data/results/lmstudio_prompt12_general_router_20260528-152031/call_acc/fused_silu_layer_norm_conv2d.py", line 48, in fused_silu_layer_norm_conv2d
    y = _fused_silu_layer_norm_conv2d_impl(x, weight, conv_weight, conv_bias, conv_stride, conv_padding, conv_dilation, conv_groups, ln_eps)
        ^^^^^^^^^^^^^^^^^^^^^^^^^^^^^^^^^^^^^^^^^^^^^^^^^^^^^^^^^^^^^^^^^^^^^^^^^^^^^^^^^^^^^^^^^^^^^^^^^^^^^^^^^^^^^^^^^^^^^^^^^^^^^^^^^^^^
  File "/data/results/lmstudio_prompt12_general_router_20260528-152031/call_acc/fused_silu_layer_norm_conv2d.py", line 32, in _fused_silu_layer_norm_conv2d_impl
    ln_out = F.layer_norm(conv_out, normalized_shape, weight=w, bias=None, eps=ln_eps)
             ^^^^^^^^^^^^^^^^^^^^^^^^^^^^^^^^^^^^^^^^^^^^^^^^^^^^^^^^^^^^^^^^^^^^^^^^^
  File "/usr/local/lib/python3.12/site-packages/torch/nn/functional.py", line 2900, in layer_norm
    return torch.layer_norm(
           ^^^^^^^^^^^^^^^^^
RuntimeError: Given normalized_shape=[6], expected input with shape [*, 6], but got input of size[1, 6, 3, 3]

=== Output for fused_index_select_eq.py on GPU 0 ===

=== Errors for fused_index_select_eq.py on GPU 0 ===

=== Output for argmax.py on GPU 0 ===

=== Errors for argmax.py on GPU 0 ===

=== Output for fused_lu_solve.py on GPU 0 ===

=== Errors for fused_lu_solve.py on GPU 0 ===
Traceback (most recent call last):
  File "/data/results/lmstudio_prompt12_general_router_20260528-152031/call_acc/fused_lu_solve.py", line 59, in <module>
    test_results = test_fused_lu_solve()
                   ^^^^^^^^^^^^^^^^^^^^^
  File "/data/results/lmstudio_prompt12_general_router_20260528-152031/call_acc/fused_lu_solve.py", line 37, in test_fused_lu_solve
    results["test_case_1"] = fused_lu_solve(A1, b1)
                             ^^^^^^^^^^^^^^^^^^^^^^
  File "/data/results/lmstudio_prompt12_general_router_20260528-152031/call_acc/fused_lu_solve.py", line 24, in fused_lu_solve
    x = torch.linalg.lu_solve(lu, pivots, b)
        ^^^^^^^^^^^^^^^^^^^^^^^^^^^^^^^^^^^^
RuntimeError: linalg.lu_solve: The input tensor B must have at least 2 dimensions.

Deleted dropout_relu_batch_norm_conv2d.py
Deleted fused_bmm_rmsnorm_gelu_dropout_sub.py
Deleted fused_lu_solve.py
Deleted fused_mv_logsoftmax_dropout.py
Deleted fused_silu_layer_norm_conv2d.py
Deleted solve_multiple_lu.py
Deleted svd.py

Correct execution rate: 65.00%
['div.py', 'sigmoid_conv2d.py', 'tanh.py', 'relu_sqrt.py', 'sqrt.py', 'sigmoid_argmax.py', 'sub.py', 'grid_sample.py', 'i0.py', 'rsqrt.py', 'add.py', 'fused_index_select_eq.py', 'argmax.py']
Above is call test for lmstudio_qwen_qwen3.6-35b-a3b_simp_limit20_20260528-152038
================================================================================================================================================================

call_acc survivors: 13 / 20

======================================================================
=== Phase 2: execution accuracy ===
======================================================================

Correct execution rate: 100.00% = 13 / 13
above is the compare execution for /data/results/lmstudio_prompt12_general_router_20260528-152031/call_acc
================================================================================================================================================================================================================================================

exe_acc survivors: 13 / 20

======================================================================
=== Phase 3: efficiency ===
======================================================================

[1AProcess:   0%|                                           | 0/13 [00:00<?, ?it/s]
[1AProcess:   8%|██▋                                | 1/13 [00:26<05:19, 26.66s/it]
[1AProcess:  15%|█████▍                             | 2/13 [01:01<05:47, 31.57s/it]
[1AProcess:  23%|████████                           | 3/13 [01:27<04:51, 29.14s/it]
[1AProcess:  31%|██████████▊                        | 4/13 [02:04<04:48, 32.00s/it]
[1AProcess:  38%|█████████████▍                     | 5/13 [02:16<03:17, 24.73s/it]
[1AProcess:  46%|████████████████▏                  | 6/13 [02:39<02:49, 24.22s/it]
[1AProcess:  54%|██████████████████▊                | 7/13 [03:06<02:31, 25.26s/it]Runner killed (SIGKILL), exit code: 137. Most often this happens when the process runs out of memory. Consider increasing or reserving memory to avoid unexpected termination: https://modal.com/docs/guide/resources

==========
== CUDA ==
==========

CUDA Version 12.4.1

Container image Copyright (c) 2016-2023, NVIDIA CORPORATION & AFFILIATES. All rights reserved.

This container image and its contents are governed by the NVIDIA Deep Learning Container License.
By pulling and using the container, you accept the terms and conditions of this license:
https://developer.nvidia.com/ngc/nvidia-deep-learning-container-license

A copy of this license is made available in this container at /NGC-DL-CONTAINER-LICENSE for your convenience.


======================================================================
=== Phase 1: call accuracy ===
======================================================================
instruction
=== Output for fused_bmm_rmsnorm_gelu_dropout_sub.py on GPU 0 ===

=== Errors for fused_bmm_rmsnorm_gelu_dropout_sub.py on GPU 0 ===
E0528 22:34:08.372000 27 site-packages/torch/_subclasses/fake_tensor.py:2017] [0/0] failed while attempting to run meta for aten.mean.dim
E0528 22:34:08.372000 27 site-packages/torch/_subclasses/fake_tensor.py:2017] [0/0] Traceback (most recent call last):
E0528 22:34:08.372000 27 site-packages/torch/_subclasses/fake_tensor.py:2017] [0/0]   File "/usr/local/lib/python3.12/site-packages/torch/_subclasses/fake_tensor.py", line 2013, in _dispatch_impl
E0528 22:34:08.372000 27 site-packages/torch/_subclasses/fake_tensor.py:2017] [0/0]     r = func(*args, **kwargs)
E0528 22:34:08.372000 27 site-packages/torch/_subclasses/fake_tensor.py:2017] [0/0]         ^^^^^^^^^^^^^^^^^^^^^
E0528 22:34:08.372000 27 site-packages/torch/_subclasses/fake_tensor.py:2017] [0/0]   File "/usr/local/lib/python3.12/site-packages/torch/_ops.py", line 716, in __call__
E0528 22:34:08.372000 27 site-packages/torch/_subclasses/fake_tensor.py:2017] [0/0]     return self._op(*args, **kwargs)
E0528 22:34:08.372000 27 site-packages/torch/_subclasses/fake_tensor.py:2017] [0/0]            ^^^^^^^^^^^^^^^^^^^^^^^^^
E0528 22:34:08.372000 27 site-packages/torch/_subclasses/fake_tensor.py:2017] [0/0]   File "/usr/local/lib/python3.12/site-packages/torch/_refs/__init__.py", line 2476, in mean
E0528 22:34:08.372000 27 site-packages/torch/_subclasses/fake_tensor.py:2017] [0/0]     result = _reduction(
E0528 22:34:08.372000 27 site-packages/torch/_subclasses/fake_tensor.py:2017] [0/0]              ^^^^^^^^^^^
E0528 22:34:08.372000 27 site-packages/torch/_subclasses/fake_tensor.py:2017] [0/0]   File "/usr/local/lib/python3.12/site-packages/torch/_refs/__init__.py", line 2171, in _reduction
E0528 22:34:08.372000 27 site-packages/torch/_subclasses/fake_tensor.py:2017] [0/0]     dims = utils.reduction_dims(a.shape, dims)
E0528 22:34:08.372000 27 site-packages/torch/_subclasses/fake_tensor.py:2017] [0/0]            ^^^^^^^^^^^^^^^^^^^^^^^^^^^^^^^^^^^
E0528 22:34:08.372000 27 site-packages/torch/_subclasses/fake_tensor.py:2017] [0/0]   File "/usr/local/lib/python3.12/site-packages/torch/_prims_common/__init__.py", line 1713, in reduction_dims
E0528 22:34:08.372000 27 site-packages/torch/_subclasses/fake_tensor.py:2017] [0/0]     dims = tuple(canonicalize_dim(len(shape), idx) for idx in dims)
E0528 22:34:08.372000 27 site-packages/torch/_subclasses/fake_tensor.py:2017] [0/0]            ^^^^^^^^^^^^^^^^^^^^^^^^^^^^^^^^^^^^^^^^^^^^^^^^^^^^^^^^
E0528 22:34:08.372000 27 site-packages/torch/_subclasses/fake_tensor.py:2017] [0/0]   File "/usr/local/lib/python3.12/site-packages/torch/_prims_common/__init__.py", line 1713, in <genexpr>
E0528 22:34:08.372000 27 site-packages/torch/_subclasses/fake_tensor.py:2017] [0/0]     dims = tuple(canonicalize_dim(len(shape), idx) for idx in dims)
E0528 22:34:08.372000 27 site-packages/torch/_subclasses/fake_tensor.py:2017] [0/0]                  ^^^^^^^^^^^^^^^^^^^^^^^^^^^^^^^^^
E0528 22:34:08.372000 27 site-packages/torch/_subclasses/fake_tensor.py:2017] [0/0]   File "/usr/local/lib/python3.12/site-packages/torch/_prims_common/__init__.py", line 663, in canonicalize_dim
E0528 22:34:08.372000 27 site-packages/torch/_subclasses/fake_tensor.py:2017] [0/0]     raise IndexError(msg)
E0528 22:34:08.372000 27 site-packages/torch/_subclasses/fake_tensor.py:2017] [0/0] IndexError: Dimension out of range (expected to be in range of [-3, 2], but got -5)
W0528 22:34:08.390000 27 site-packages/torch/_dynamo/convert_frame.py:1125] WON'T CONVERT _fused_bmm_rmsnorm_gelu_dropout_sub_impl /data/results/lmstudio_prompt12_general_router_20260528-152031/call_acc/fused_bmm_rmsnorm_gelu_dropout_sub.py line 22 
W0528 22:34:08.390000 27 site-packages/torch/_dynamo/convert_frame.py:1125] due to: 
W0528 22:34:08.390000 27 site-packages/torch/_dynamo/convert_frame.py:1125] Traceback (most recent call last):
W0528 22:34:08.390000 27 site-packages/torch/_dynamo/convert_frame.py:1125]   File "/usr/local/lib/python3.12/site-packages/torch/_dynamo/convert_frame.py", line 1064, in __call__
W0528 22:34:08.390000 27 site-packages/torch/_dynamo/convert_frame.py:1125]     result = self._inner_convert(
W0528 22:34:08.390000 27 site-packages/torch/_dynamo/convert_frame.py:1125]              ^^^^^^^^^^^^^^^^^^^^
W0528 22:34:08.390000 27 site-packages/torch/_dynamo/convert_frame.py:1125]   File "/usr/local/lib/python3.12/site-packages/torch/_dynamo/convert_frame.py", line 526, in __call__
W0528 22:34:08.390000 27 site-packages/torch/_dynamo/convert_frame.py:1125]     return _compile(
W0528 22:34:08.390000 27 site-packages/torch/_dynamo/convert_frame.py:1125]            ^^^^^^^^^
W0528 22:34:08.390000 27 site-packages/torch/_dynamo/convert_frame.py:1125]   File "/usr/local/lib/python3.12/site-packages/torch/_dynamo/convert_frame.py", line 924, in _compile
W0528 22:34:08.390000 27 site-packages/torch/_dynamo/convert_frame.py:1125]     guarded_code = compile_inner(code, one_graph, hooks, transform)
W0528 22:34:08.390000 27 site-packages/torch/_dynamo/convert_frame.py:1125]                    ^^^^^^^^^^^^^^^^^^^^^^^^^^^^^^^^^^^^^^^^^^^^^^^^
W0528 22:34:08.390000 27 site-packages/torch/_dynamo/convert_frame.py:1125]   File "/usr/local/lib/python3.12/site-packages/torch/_dynamo/convert_frame.py", line 666, in compile_inner
W0528 22:34:08.390000 27 site-packages/torch/_dynamo/convert_frame.py:1125]     return _compile_inner(code, one_graph, hooks, transform)
W0528 22:34:08.390000 27 site-packages/torch/_dynamo/convert_frame.py:1125]            ^^^^^^^^^^^^^^^^^^^^^^^^^^^^^^^^^^^^^^^^^^^^^^^^^
W0528 22:34:08.390000 27 site-packages/torch/_dynamo/convert_frame.py:1125]   File "/usr/local/lib/python3.12/site-packages/torch/_utils_internal.py", line 87, in wrapper_function
W0528 22:34:08.390000 27 site-packages/torch/_dynamo/convert_frame.py:1125]     return function(*args, **kwargs)
W0528 22:34:08.390000 27 site-packages/torch/_dynamo/convert_frame.py:1125]            ^^^^^^^^^^^^^^^^^^^^^^^^^
W0528 22:34:08.390000 27 site-packages/torch/_dynamo/convert_frame.py:1125]   File "/usr/local/lib/python3.12/site-packages/torch/_dynamo/convert_frame.py", line 699, in _compile_inner
W0528 22:34:08.390000 27 site-packages/torch/_dynamo/convert_frame.py:1125]     out_code = transform_code_object(code, transform)
W0528 22:34:08.390000 27 site-packages/torch/_dynamo/convert_frame.py:1125]                ^^^^^^^^^^^^^^^^^^^^^^^^^^^^^^^^^^^^^^
W0528 22:34:08.390000 27 site-packages/torch/_dynamo/convert_frame.py:1125]   File "/usr/local/lib/python3.12/site-packages/torch/_dynamo/bytecode_transformation.py", line 1322, in transform_code_object
W0528 22:34:08.390000 27 site-packages/torch/_dynamo/convert_frame.py:1125]     transformations(instructions, code_options)
W0528 22:34:08.390000 27 site-packages/torch/_dynamo/convert_frame.py:1125]   File "/usr/local/lib/python3.12/site-packages/torch/_dynamo/convert_frame.py", line 219, in _fn
W0528 22:34:08.390000 27 site-packages/torch/_dynamo/convert_frame.py:1125]     return fn(*args, **kwargs)
W0528 22:34:08.390000 27 site-packages/torch/_dynamo/convert_frame.py:1125]            ^^^^^^^^^^^^^^^^^^^
W0528 22:34:08.390000 27 site-packages/torch/_dynamo/convert_frame.py:1125]   File "/usr/local/lib/python3.12/site-packages/torch/_dynamo/convert_frame.py", line 634, in transform
W0528 22:34:08.390000 27 site-packages/torch/_dynamo/convert_frame.py:1125]     tracer.run()
W0528 22:34:08.390000 27 site-packages/torch/_dynamo/convert_frame.py:1125]   File "/usr/local/lib/python3.12/site-packages/torch/_dynamo/symbolic_convert.py", line 2796, in run
W0528 22:34:08.390000 27 site-packages/torch/_dynamo/convert_frame.py:1125]     super().run()
W0528 22:34:08.390000 27 site-packages/torch/_dynamo/convert_frame.py:1125]   File "/usr/local/lib/python3.12/site-packages/torch/_dynamo/symbolic_convert.py", line 983, in run
W0528 22:34:08.390000 27 site-packages/torch/_dynamo/convert_frame.py:1125]     while self.step():
W0528 22:34:08.390000 27 site-packages/torch/_dynamo/convert_frame.py:1125]           ^^^^^^^^^^^
W0528 22:34:08.390000 27 site-packages/torch/_dynamo/convert_frame.py:1125]   File "/usr/local/lib/python3.12/site-packages/torch/_dynamo/symbolic_convert.py", line 895, in step
W0528 22:34:08.390000 27 site-packages/torch/_dynamo/convert_frame.py:1125]     self.dispatch_table[inst.opcode](self, inst)
W0528 22:34:08.390000 27 site-packages/torch/_dynamo/convert_frame.py:1125]   File "/usr/local/lib/python3.12/site-packages/torch/_dynamo/symbolic_convert.py", line 582, in wrapper
W0528 22:34:08.390000 27 site-packages/torch/_dynamo/convert_frame.py:1125]     return inner_fn(self, inst)
W0528 22:34:08.390000 27 site-packages/torch/_dynamo/convert_frame.py:1125]            ^^^^^^^^^^^^^^^^^^^^
W0528 22:34:08.390000 27 site-packages/torch/_dynamo/convert_frame.py:1125]   File "/usr/local/lib/python3.12/site-packages/torch/_dynamo/symbolic_convert.py", line 2279, in CALL
W0528 22:34:08.390000 27 site-packages/torch/_dynamo/convert_frame.py:1125]     self._call(inst)
W0528 22:34:08.390000 27 site-packages/torch/_dynamo/convert_frame.py:1125]   File "/usr/local/lib/python3.12/site-packages/torch/_dynamo/symbolic_convert.py", line 2273, in _call
W0528 22:34:08.390000 27 site-packages/torch/_dynamo/convert_frame.py:1125]     self.call_function(fn, args, kwargs)
W0528 22:34:08.390000 27 site-packages/torch/_dynamo/convert_frame.py:1125]   File "/usr/local/lib/python3.12/site-packages/torch/_dynamo/symbolic_convert.py", line 830, in call_function
W0528 22:34:08.390000 27 site-packages/torch/_dynamo/convert_frame.py:1125]     self.push(fn.call_function(self, args, kwargs))  # type: ignore[arg-type]
W0528 22:34:08.390000 27 site-packages/torch/_dynamo/convert_frame.py:1125]               ^^^^^^^^^^^^^^^^^^^^^^^^^^^^^^^^^^^^
W0528 22:34:08.390000 27 site-packages/torch/_dynamo/convert_frame.py:1125]   File "/usr/local/lib/python3.12/site-packages/torch/_dynamo/variables/misc.py", line 1024, in call_function
W0528 22:34:08.390000 27 site-packages/torch/_dynamo/convert_frame.py:1125]     return self.obj.call_method(tx, self.name, args, kwargs)
W0528 22:34:08.390000 27 site-packages/torch/_dynamo/convert_frame.py:1125]            ^^^^^^^^^^^^^^^^^^^^^^^^^^^^^^^^^^^^^^^^^^^^^^^^^
W0528 22:34:08.390000 27 site-packages/torch/_dynamo/convert_frame.py:1125]   File "/usr/local/lib/python3.12/site-packages/torch/_dynamo/variables/tensor.py", line 535, in call_method
W0528 22:34:08.390000 27 site-packages/torch/_dynamo/convert_frame.py:1125]     return wrap_fx_proxy(
W0528 22:34:08.390000 27 site-packages/torch/_dynamo/convert_frame.py:1125]            ^^^^^^^^^^^^^^
W0528 22:34:08.390000 27 site-packages/torch/_dynamo/convert_frame.py:1125]   File "/usr/local/lib/python3.12/site-packages/torch/_dynamo/variables/builder.py", line 2037, in wrap_fx_proxy
W0528 22:34:08.390000 27 site-packages/torch/_dynamo/convert_frame.py:1125]     return wrap_fx_proxy_cls(target_cls=TensorVariable, **kwargs)
W0528 22:34:08.390000 27 site-packages/torch/_dynamo/convert_frame.py:1125]            ^^^^^^^^^^^^^^^^^^^^^^^^^^^^^^^^^^^^^^^^^^^^^^^^^^^^^^
W0528 22:34:08.390000 27 site-packages/torch/_dynamo/convert_frame.py:1125]   File "/usr/local/lib/python3.12/site-packages/torch/_dynamo/variables/builder.py", line 2124, in wrap_fx_proxy_cls
W0528 22:34:08.390000 27 site-packages/torch/_dynamo/convert_frame.py:1125]     example_value = get_fake_value(proxy.node, tx, allow_non_graph_fake=True)
W0528 22:34:08.390000 27 site-packages/torch/_dynamo/convert_frame.py:1125]                     ^^^^^^^^^^^^^^^^^^^^^^^^^^^^^^^^^^^^^^^^^^^^^^^^^^^^^^^^^
W0528 22:34:08.390000 27 site-packages/torch/_dynamo/convert_frame.py:1125]   File "/usr/local/lib/python3.12/site-packages/torch/_dynamo/utils.py", line 2082, in get_fake_value
W0528 22:34:08.390000 27 site-packages/torch/_dynamo/convert_frame.py:1125]     raise TorchRuntimeError(str(e)).with_traceback(e.__traceback__) from None
W0528 22:34:08.390000 27 site-packages/torch/_dynamo/convert_frame.py:1125]   File "/usr/local/lib/python3.12/site-packages/torch/_dynamo/utils.py", line 2017, in get_fake_value
W0528 22:34:08.390000 27 site-packages/torch/_dynamo/convert_frame.py:1125]     ret_val = wrap_fake_exception(
W0528 22:34:08.390000 27 site-packages/torch/_dynamo/convert_frame.py:1125]               ^^^^^^^^^^^^^^^^^^^^
W0528 22:34:08.390000 27 site-packages/torch/_dynamo/convert_frame.py:1125]   File "/usr/local/lib/python3.12/site-packages/torch/_dynamo/utils.py", line 1574, in wrap_fake_exception
W0528 22:34:08.390000 27 site-packages/torch/_dynamo/convert_frame.py:1125]     return fn()
W0528 22:34:08.390000 27 site-packages/torch/_dynamo/convert_frame.py:1125]            ^^^^
W0528 22:34:08.390000 27 site-packages/torch/_dynamo/convert_frame.py:1125]   File "/usr/local/lib/python3.12/site-packages/torch/_dynamo/utils.py", line 2018, in <lambda>
W0528 22:34:08.390000 27 site-packages/torch/_dynamo/convert_frame.py:1125]     lambda: run_node(tx.output, node, args, kwargs, nnmodule)
W0528 22:34:08.390000 27 site-packages/torch/_dynamo/convert_frame.py:1125]             ^^^^^^^^^^^^^^^^^^^^^^^^^^^^^^^^^^^^^^^^^^^^^^^^^
W0528 22:34:08.390000 27 site-packages/torch/_dynamo/convert_frame.py:1125]   File "/usr/local/lib/python3.12/site-packages/torch/_dynamo/utils.py", line 2150, in run_node
W0528 22:34:08.390000 27 site-packages/torch/_dynamo/convert_frame.py:1125]     raise RuntimeError(make_error_message(e)).with_traceback(
W0528 22:34:08.390000 27 site-packages/torch/_dynamo/convert_frame.py:1125]   File "/usr/local/lib/python3.12/site-packages/torch/_dynamo/utils.py", line 2134, in run_node
W0528 22:34:08.390000 27 site-packages/torch/_dynamo/convert_frame.py:1125]     return getattr(args[0], node.target)(*args[1:], **kwargs)
W0528 22:34:08.390000 27 site-packages/torch/_dynamo/convert_frame.py:1125]            ^^^^^^^^^^^^^^^^^^^^^^^^^^^^^^^^^^^^^^^^^^^^^^^^^^
W0528 22:34:08.390000 27 site-packages/torch/_dynamo/convert_frame.py:1125]   File "/usr/local/lib/python3.12/site-packages/torch/utils/_stats.py", line 21, in wrapper
W0528 22:34:08.390000 27 site-packages/torch/_dynamo/convert_frame.py:1125]     return fn(*args, **kwargs)
W0528 22:34:08.390000 27 site-packages/torch/_dynamo/convert_frame.py:1125]            ^^^^^^^^^^^^^^^^^^^
W0528 22:34:08.390000 27 site-packages/torch/_dynamo/convert_frame.py:1125]   File "/usr/local/lib/python3.12/site-packages/torch/_subclasses/fake_tensor.py", line 1238, in __torch_dispatch__
W0528 22:34:08.390000 27 site-packages/torch/_dynamo/convert_frame.py:1125]     return self.dispatch(func, types, args, kwargs)
W0528 22:34:08.390000 27 site-packages/torch/_dynamo/convert_frame.py:1125]            ^^^^^^^^^^^^^^^^^^^^^^^^^^^^^^^^^^^^^^^^
W0528 22:34:08.390000 27 site-packages/torch/_dynamo/convert_frame.py:1125]   File "/usr/local/lib/python3.12/site-packages/torch/_subclasses/fake_tensor.py", line 1692, in dispatch
W0528 22:34:08.390000 27 site-packages/torch/_dynamo/convert_frame.py:1125]     return self._cached_dispatch_impl(func, types, args, kwargs)
W0528 22:34:08.390000 27 site-packages/torch/_dynamo/convert_frame.py:1125]            ^^^^^^^^^^^^^^^^^^^^^^^^^^^^^^^^^^^^^^^^^^^^^^^^^^^^^
W0528 22:34:08.390000 27 site-packages/torch/_dynamo/convert_frame.py:1125]   File "/usr/local/lib/python3.12/site-packages/torch/_subclasses/fake_tensor.py", line 1339, in _cached_dispatch_impl
W0528 22:34:08.390000 27 site-packages/torch/_dynamo/convert_frame.py:1125]     output = self._dispatch_impl(func, types, args, kwargs)
W0528 22:34:08.390000 27 site-packages/torch/_dynamo/convert_frame.py:1125]              ^^^^^^^^^^^^^^^^^^^^^^^^^^^^^^^^^^^^^^^^^^^^^^
W0528 22:34:08.390000 27 site-packages/torch/_dynamo/convert_frame.py:1125]   File "/usr/local/lib/python3.12/site-packages/torch/_subclasses/fake_tensor.py", line 2013, in _dispatch_impl
W0528 22:34:08.390000 27 site-packages/torch/_dynamo/convert_frame.py:1125]     r = func(*args, **kwargs)
W0528 22:34:08.390000 27 site-packages/torch/_dynamo/convert_frame.py:1125]         ^^^^^^^^^^^^^^^^^^^^^
W0528 22:34:08.390000 27 site-packages/torch/_dynamo/convert_frame.py:1125]   File "/usr/local/lib/python3.12/site-packages/torch/_ops.py", line 716, in __call__
W0528 22:34:08.390000 27 site-packages/torch/_dynamo/convert_frame.py:1125]     return self._op(*args, **kwargs)
W0528 22:34:08.390000 27 site-packages/torch/_dynamo/convert_frame.py:1125]            ^^^^^^^^^^^^^^^^^^^^^^^^^
W0528 22:34:08.390000 27 site-packages/torch/_dynamo/convert_frame.py:1125]   File "/usr/local/lib/python3.12/site-packages/torch/_refs/__init__.py", line 2476, in mean
W0528 22:34:08.390000 27 site-packages/torch/_dynamo/convert_frame.py:1125]     result = _reduction(
W0528 22:34:08.390000 27 site-packages/torch/_dynamo/convert_frame.py:1125]              ^^^^^^^^^^^
W0528 22:34:08.390000 27 site-packages/torch/_dynamo/convert_frame.py:1125]   File "/usr/local/lib/python3.12/site-packages/torch/_refs/__init__.py", line 2171, in _reduction
W0528 22:34:08.390000 27 site-packages/torch/_dynamo/convert_frame.py:1125]     dims = utils.reduction_dims(a.shape, dims)
W0528 22:34:08.390000 27 site-packages/torch/_dynamo/convert_frame.py:1125]            ^^^^^^^^^^^^^^^^^^^^^^^^^^^^^^^^^^^
W0528 22:34:08.390000 27 site-packages/torch/_dynamo/convert_frame.py:1125]   File "/usr/local/lib/python3.12/site-packages/torch/_prims_common/__init__.py", line 1713, in reduction_dims
W0528 22:34:08.390000 27 site-packages/torch/_dynamo/convert_frame.py:1125]     dims = tuple(canonicalize_dim(len(shape), idx) for idx in dims)
W0528 22:34:08.390000 27 site-packages/torch/_dynamo/convert_frame.py:1125]            ^^^^^^^^^^^^^^^^^^^^^^^^^^^^^^^^^^^^^^^^^^^^^^^^^^^^^^^^
W0528 22:34:08.390000 27 site-packages/torch/_dynamo/convert_frame.py:1125]   File "/usr/local/lib/python3.12/site-packages/torch/_prims_common/__init__.py", line 1713, in <genexpr>
W0528 22:34:08.390000 27 site-packages/torch/_dynamo/convert_frame.py:1125]     dims = tuple(canonicalize_dim(len(shape), idx) for idx in dims)
W0528 22:34:08.390000 27 site-packages/torch/_dynamo/convert_frame.py:1125]                  ^^^^^^^^^^^^^^^^^^^^^^^^^^^^^^^^^
W0528 22:34:08.390000 27 site-packages/torch/_dynamo/convert_frame.py:1125]   File "/usr/local/lib/python3.12/site-packages/torch/_prims_common/__init__.py", line 663, in canonicalize_dim
W0528 22:34:08.390000 27 site-packages/torch/_dynamo/convert_frame.py:1125]     raise IndexError(msg)
W0528 22:34:08.390000 27 site-packages/torch/_dynamo/convert_frame.py:1125] torch._dynamo.exc.TorchRuntimeError: Failed running call_method mean(*(FakeTensor(..., device='cuda:0', size=(2, 3, 5)),), **{'dim': (-5,), 'keepdim': True}):
W0528 22:34:08.390000 27 site-packages/torch/_dynamo/convert_frame.py:1125] Dimension out of range (expected to be in range of [-3, 2], but got -5)
W0528 22:34:08.390000 27 site-packages/torch/_dynamo/convert_frame.py:1125] 
W0528 22:34:08.390000 27 site-packages/torch/_dynamo/convert_frame.py:1125] from user code:
W0528 22:34:08.390000 27 site-packages/torch/_dynamo/convert_frame.py:1125]    File "/data/results/lmstudio_prompt12_general_router_20260528-152031/call_acc/fused_bmm_rmsnorm_gelu_dropout_sub.py", line 31, in _fused_bmm_rmsnorm_gelu_dropout_sub_impl
W0528 22:34:08.390000 27 site-packages/torch/_dynamo/convert_frame.py:1125]     mean = squared.mean(dim=norm_dims, keepdim=True)
W0528 22:34:08.390000 27 site-packages/torch/_dynamo/convert_frame.py:1125] 
W0528 22:34:08.390000 27 site-packages/torch/_dynamo/convert_frame.py:1125] Set TORCH_LOGS="+dynamo" and TORCHDYNAMO_VERBOSE=1 for more information
W0528 22:34:08.390000 27 site-packages/torch/_dynamo/convert_frame.py:1125] 
W0528 22:34:08.390000 27 site-packages/torch/_dynamo/convert_frame.py:1125] Traceback (most recent call last):
W0528 22:34:08.390000 27 site-packages/torch/_dynamo/convert_frame.py:1125]   File "/usr/local/lib/python3.12/site-packages/torch/_dynamo/convert_frame.py", line 1064, in __call__
W0528 22:34:08.390000 27 site-packages/torch/_dynamo/convert_frame.py:1125]     result = self._inner_convert(
W0528 22:34:08.390000 27 site-packages/torch/_dynamo/convert_frame.py:1125]              ^^^^^^^^^^^^^^^^^^^^
W0528 22:34:08.390000 27 site-packages/torch/_dynamo/convert_frame.py:1125]   File "/usr/local/lib/python3.12/site-packages/torch/_dynamo/convert_frame.py", line 526, in __call__
W0528 22:34:08.390000 27 site-packages/torch/_dynamo/convert_frame.py:1125]     return _compile(
W0528 22:34:08.390000 27 site-packages/torch/_dynamo/convert_frame.py:1125]            ^^^^^^^^^
W0528 22:34:08.390000 27 site-packages/torch/_dynamo/convert_frame.py:1125]   File "/usr/local/lib/python3.12/site-packages/torch/_dynamo/convert_frame.py", line 924, in _compile
W0528 22:34:08.390000 27 site-packages/torch/_dynamo/convert_frame.py:1125]     guarded_code = compile_inner(code, one_graph, hooks, transform)
W0528 22:34:08.390000 27 site-packages/torch/_dynamo/convert_frame.py:1125]                    ^^^^^^^^^^^^^^^^^^^^^^^^^^^^^^^^^^^^^^^^^^^^^^^^
W0528 22:34:08.390000 27 site-packages/torch/_dynamo/convert_frame.py:1125]   File "/usr/local/lib/python3.12/site-packages/torch/_dynamo/convert_frame.py", line 666, in compile_inner
W0528 22:34:08.390000 27 site-packages/torch/_dynamo/convert_frame.py:1125]     return _compile_inner(code, one_graph, hooks, transform)
W0528 22:34:08.390000 27 site-packages/torch/_dynamo/convert_frame.py:1125]            ^^^^^^^^^^^^^^^^^^^^^^^^^^^^^^^^^^^^^^^^^^^^^^^^^
W0528 22:34:08.390000 27 site-packages/torch/_dynamo/convert_frame.py:1125]   File "/usr/local/lib/python3.12/site-packages/torch/_utils_internal.py", line 87, in wrapper_function
W0528 22:34:08.390000 27 site-packages/torch/_dynamo/convert_frame.py:1125]     return function(*args, **kwargs)
W0528 22:34:08.390000 27 site-packages/torch/_dynamo/convert_frame.py:1125]            ^^^^^^^^^^^^^^^^^^^^^^^^^
W0528 22:34:08.390000 27 site-packages/torch/_dynamo/convert_frame.py:1125]   File "/usr/local/lib/python3.12/site-packages/torch/_dynamo/convert_frame.py", line 699, in _compile_inner
W0528 22:34:08.390000 27 site-packages/torch/_dynamo/convert_frame.py:1125]     out_code = transform_code_object(code, transform)
W0528 22:34:08.390000 27 site-packages/torch/_dynamo/convert_frame.py:1125]                ^^^^^^^^^^^^^^^^^^^^^^^^^^^^^^^^^^^^^^
W0528 22:34:08.390000 27 site-packages/torch/_dynamo/convert_frame.py:1125]   File "/usr/local/lib/python3.12/site-packages/torch/_dynamo/bytecode_transformation.py", line 1322, in transform_code_object
W0528 22:34:08.390000 27 site-packages/torch/_dynamo/convert_frame.py:1125]     transformations(instructions, code_options)
W0528 22:34:08.390000 27 site-packages/torch/_dynamo/convert_frame.py:1125]   File "/usr/local/lib/python3.12/site-packages/torch/_dynamo/convert_frame.py", line 219, in _fn
W0528 22:34:08.390000 27 site-packages/torch/_dynamo/convert_frame.py:1125]     return fn(*args, **kwargs)
W0528 22:34:08.390000 27 site-packages/torch/_dynamo/convert_frame.py:1125]            ^^^^^^^^^^^^^^^^^^^
W0528 22:34:08.390000 27 site-packages/torch/_dynamo/convert_frame.py:1125]   File "/usr/local/lib/python3.12/site-packages/torch/_dynamo/convert_frame.py", line 634, in transform
W0528 22:34:08.390000 27 site-packages/torch/_dynamo/convert_frame.py:1125]     tracer.run()
W0528 22:34:08.390000 27 site-packages/torch/_dynamo/convert_frame.py:1125]   File "/usr/local/lib/python3.12/site-packages/torch/_dynamo/symbolic_convert.py", line 2796, in run
W0528 22:34:08.390000 27 site-packages/torch/_dynamo/convert_frame.py:1125]     super().run()
W0528 22:34:08.390000 27 site-packages/torch/_dynamo/convert_frame.py:1125]   File "/usr/local/lib/python3.12/site-packages/torch/_dynamo/symbolic_convert.py", line 983, in run
W0528 22:34:08.390000 27 site-packages/torch/_dynamo/convert_frame.py:1125]     while self.step():
W0528 22:34:08.390000 27 site-packages/torch/_dynamo/convert_frame.py:1125]           ^^^^^^^^^^^
W0528 22:34:08.390000 27 site-packages/torch/_dynamo/convert_frame.py:1125]   File "/usr/local/lib/python3.12/site-packages/torch/_dynamo/symbolic_convert.py", line 895, in step
W0528 22:34:08.390000 27 site-packages/torch/_dynamo/convert_frame.py:1125]     self.dispatch_table[inst.opcode](self, inst)
W0528 22:34:08.390000 27 site-packages/torch/_dynamo/convert_frame.py:1125]   File "/usr/local/lib/python3.12/site-packages/torch/_dynamo/symbolic_convert.py", line 582, in wrapper
W0528 22:34:08.390000 27 site-packages/torch/_dynamo/convert_frame.py:1125]     return inner_fn(self, inst)
W0528 22:34:08.390000 27 site-packages/torch/_dynamo/convert_frame.py:1125]            ^^^^^^^^^^^^^^^^^^^^
W0528 22:34:08.390000 27 site-packages/torch/_dynamo/convert_frame.py:1125]   File "/usr/local/lib/python3.12/site-packages/torch/_dynamo/symbolic_convert.py", line 2279, in CALL
W0528 22:34:08.390000 27 site-packages/torch/_dynamo/convert_frame.py:1125]     self._call(inst)
W0528 22:34:08.390000 27 site-packages/torch/_dynamo/convert_frame.py:1125]   File "/usr/local/lib/python3.12/site-packages/torch/_dynamo/symbolic_convert.py", line 2273, in _call
W0528 22:34:08.390000 27 site-packages/torch/_dynamo/convert_frame.py:1125]     self.call_function(fn, args, kwargs)
W0528 22:34:08.390000 27 site-packages/torch/_dynamo/convert_frame.py:1125]   File "/usr/local/lib/python3.12/site-packages/torch/_dynamo/symbolic_convert.py", line 830, in call_function
W0528 22:34:08.390000 27 site-packages/torch/_dynamo/convert_frame.py:1125]     self.push(fn.call_function(self, args, kwargs))  # type: ignore[arg-type]
W0528 22:34:08.390000 27 site-packages/torch/_dynamo/convert_frame.py:1125]               ^^^^^^^^^^^^^^^^^^^^^^^^^^^^^^^^^^^^
W0528 22:34:08.390000 27 site-packages/torch/_dynamo/convert_frame.py:1125]   File "/usr/local/lib/python3.12/site-packages/torch/_dynamo/variables/misc.py", line 1024, in call_function
W0528 22:34:08.390000 27 site-packages/torch/_dynamo/convert_frame.py:1125]     return self.obj.call_method(tx, self.name, args, kwargs)
W0528 22:34:08.390000 27 site-packages/torch/_dynamo/convert_frame.py:1125]            ^^^^^^^^^^^^^^^^^^^^^^^^^^^^^^^^^^^^^^^^^^^^^^^^^
W0528 22:34:08.390000 27 site-packages/torch/_dynamo/convert_frame.py:1125]   File "/usr/local/lib/python3.12/site-packages/torch/_dynamo/variables/tensor.py", line 535, in call_method
W0528 22:34:08.390000 27 site-packages/torch/_dynamo/convert_frame.py:1125]     return wrap_fx_proxy(
W0528 22:34:08.390000 27 site-packages/torch/_dynamo/convert_frame.py:1125]            ^^^^^^^^^^^^^^
W0528 22:34:08.390000 27 site-packages/torch/_dynamo/convert_frame.py:1125]   File "/usr/local/lib/python3.12/site-packages/torch/_dynamo/variables/builder.py", line 2037, in wrap_fx_proxy
W0528 22:34:08.390000 27 site-packages/torch/_dynamo/convert_frame.py:1125]     return wrap_fx_proxy_cls(target_cls=TensorVariable, **kwargs)
W0528 22:34:08.390000 27 site-packages/torch/_dynamo/convert_frame.py:1125]            ^^^^^^^^^^^^^^^^^^^^^^^^^^^^^^^^^^^^^^^^^^^^^^^^^^^^^^
W0528 22:34:08.390000 27 site-packages/torch/_dynamo/convert_frame.py:1125]   File "/usr/local/lib/python3.12/site-packages/torch/_dynamo/variables/builder.py", line 2124, in wrap_fx_proxy_cls
W0528 22:34:08.390000 27 site-packages/torch/_dynamo/convert_frame.py:1125]     example_value = get_fake_value(proxy.node, tx, allow_non_graph_fake=True)
W0528 22:34:08.390000 27 site-packages/torch/_dynamo/convert_frame.py:1125]                     ^^^^^^^^^^^^^^^^^^^^^^^^^^^^^^^^^^^^^^^^^^^^^^^^^^^^^^^^^
W0528 22:34:08.390000 27 site-packages/torch/_dynamo/convert_frame.py:1125]   File "/usr/local/lib/python3.12/site-packages/torch/_dynamo/utils.py", line 2082, in get_fake_value
W0528 22:34:08.390000 27 site-packages/torch/_dynamo/convert_frame.py:1125]     raise TorchRuntimeError(str(e)).with_traceback(e.__traceback__) from None
W0528 22:34:08.390000 27 site-packages/torch/_dynamo/convert_frame.py:1125]   File "/usr/local/lib/python3.12/site-packages/torch/_dynamo/utils.py", line 2017, in get_fake_value
W0528 22:34:08.390000 27 site-packages/torch/_dynamo/convert_frame.py:1125]     ret_val = wrap_fake_exception(
W0528 22:34:08.390000 27 site-packages/torch/_dynamo/convert_frame.py:1125]               ^^^^^^^^^^^^^^^^^^^^
W0528 22:34:08.390000 27 site-packages/torch/_dynamo/convert_frame.py:1125]   File "/usr/local/lib/python3.12/site-packages/torch/_dynamo/utils.py", line 1574, in wrap_fake_exception
W0528 22:34:08.390000 27 site-packages/torch/_dynamo/convert_frame.py:1125]     return fn()
W0528 22:34:08.390000 27 site-packages/torch/_dynamo/convert_frame.py:1125]            ^^^^
W0528 22:34:08.390000 27 site-packages/torch/_dynamo/convert_frame.py:1125]   File "/usr/local/lib/python3.12/site-packages/torch/_dynamo/utils.py", line 2018, in <lambda>
W0528 22:34:08.390000 27 site-packages/torch/_dynamo/convert_frame.py:1125]     lambda: run_node(tx.output, node, args, kwargs, nnmodule)
W0528 22:34:08.390000 27 site-packages/torch/_dynamo/convert_frame.py:1125]             ^^^^^^^^^^^^^^^^^^^^^^^^^^^^^^^^^^^^^^^^^^^^^^^^^
W0528 22:34:08.390000 27 site-packages/torch/_dynamo/convert_frame.py:1125]   File "/usr/local/lib/python3.12/site-packages/torch/_dynamo/utils.py", line 2150, in run_node
W0528 22:34:08.390000 27 site-packages/torch/_dynamo/convert_frame.py:1125]     raise RuntimeError(make_error_message(e)).with_traceback(
W0528 22:34:08.390000 27 site-packages/torch/_dynamo/convert_frame.py:1125]   File "/usr/local/lib/python3.12/site-packages/torch/_dynamo/utils.py", line 2134, in run_node
W0528 22:34:08.390000 27 site-packages/torch/_dynamo/convert_frame.py:1125]     return getattr(args[0], node.target)(*args[1:], **kwargs)
W0528 22:34:08.390000 27 site-packages/torch/_dynamo/convert_frame.py:1125]            ^^^^^^^^^^^^^^^^^^^^^^^^^^^^^^^^^^^^^^^^^^^^^^^^^^
W0528 22:34:08.390000 27 site-packages/torch/_dynamo/convert_frame.py:1125]   File "/usr/local/lib/python3.12/site-packages/torch/utils/_stats.py", line 21, in wrapper
W0528 22:34:08.390000 27 site-packages/torch/_dynamo/convert_frame.py:1125]     return fn(*args, **kwargs)
W0528 22:34:08.390000 27 site-packages/torch/_dynamo/convert_frame.py:1125]            ^^^^^^^^^^^^^^^^^^^
W0528 22:34:08.390000 27 site-packages/torch/_dynamo/convert_frame.py:1125]   File "/usr/local/lib/python3.12/site-packages/torch/_subclasses/fake_tensor.py", line 1238, in __torch_dispatch__
W0528 22:34:08.390000 27 site-packages/torch/_dynamo/convert_frame.py:1125]     return self.dispatch(func, types, args, kwargs)
W0528 22:34:08.390000 27 site-packages/torch/_dynamo/convert_frame.py:1125]            ^^^^^^^^^^^^^^^^^^^^^^^^^^^^^^^^^^^^^^^^
W0528 22:34:08.390000 27 site-packages/torch/_dynamo/convert_frame.py:1125]   File "/usr/local/lib/python3.12/site-packages/torch/_subclasses/fake_tensor.py", line 1692, in dispatch
W0528 22:34:08.390000 27 site-packages/torch/_dynamo/convert_frame.py:1125]     return self._cached_dispatch_impl(func, types, args, kwargs)
W0528 22:34:08.390000 27 site-packages/torch/_dynamo/convert_frame.py:1125]            ^^^^^^^^^^^^^^^^^^^^^^^^^^^^^^^^^^^^^^^^^^^^^^^^^^^^^
W0528 22:34:08.390000 27 site-packages/torch/_dynamo/convert_frame.py:1125]   File "/usr/local/lib/python3.12/site-packages/torch/_subclasses/fake_tensor.py", line 1339, in _cached_dispatch_impl
W0528 22:34:08.390000 27 site-packages/torch/_dynamo/convert_frame.py:1125]     output = self._dispatch_impl(func, types, args, kwargs)
W0528 22:34:08.390000 27 site-packages/torch/_dynamo/convert_frame.py:1125]              ^^^^^^^^^^^^^^^^^^^^^^^^^^^^^^^^^^^^^^^^^^^^^^
W0528 22:34:08.390000 27 site-packages/torch/_dynamo/convert_frame.py:1125]   File "/usr/local/lib/python3.12/site-packages/torch/_subclasses/fake_tensor.py", line 2013, in _dispatch_impl
W0528 22:34:08.390000 27 site-packages/torch/_dynamo/convert_frame.py:1125]     r = func(*args, **kwargs)
W0528 22:34:08.390000 27 site-packages/torch/_dynamo/convert_frame.py:1125]         ^^^^^^^^^^^^^^^^^^^^^
W0528 22:34:08.390000 27 site-packages/torch/_dynamo/convert_frame.py:1125]   File "/usr/local/lib/python3.12/site-packages/torch/_ops.py", line 716, in __call__
W0528 22:34:08.390000 27 site-packages/torch/_dynamo/convert_frame.py:1125]     return self._op(*args, **kwargs)
W0528 22:34:08.390000 27 site-packages/torch/_dynamo/convert_frame.py:1125]            ^^^^^^^^^^^^^^^^^^^^^^^^^
W0528 22:34:08.390000 27 site-packages/torch/_dynamo/convert_frame.py:1125]   File "/usr/local/lib/python3.12/site-packages/torch/_refs/__init__.py", line 2476, in mean
W0528 22:34:08.390000 27 site-packages/torch/_dynamo/convert_frame.py:1125]     result = _reduction(
W0528 22:34:08.390000 27 site-packages/torch/_dynamo/convert_frame.py:1125]              ^^^^^^^^^^^
W0528 22:34:08.390000 27 site-packages/torch/_dynamo/convert_frame.py:1125]   File "/usr/local/lib/python3.12/site-packages/torch/_refs/__init__.py", line 2171, in _reduction
W0528 22:34:08.390000 27 site-packages/torch/_dynamo/convert_frame.py:1125]     dims = utils.reduction_dims(a.shape, dims)
W0528 22:34:08.390000 27 site-packages/torch/_dynamo/convert_frame.py:1125]            ^^^^^^^^^^^^^^^^^^^^^^^^^^^^^^^^^^^
W0528 22:34:08.390000 27 site-packages/torch/_dynamo/convert_frame.py:1125]   File "/usr/local/lib/python3.12/site-packages/torch/_prims_common/__init__.py", line 1713, in reduction_dims
W0528 22:34:08.390000 27 site-packages/torch/_dynamo/convert_frame.py:1125]     dims = tuple(canonicalize_dim(len(shape), idx) for idx in dims)
W0528 22:34:08.390000 27 site-packages/torch/_dynamo/convert_frame.py:1125]            ^^^^^^^^^^^^^^^^^^^^^^^^^^^^^^^^^^^^^^^^^^^^^^^^^^^^^^^^
W0528 22:34:08.390000 27 site-packages/torch/_dynamo/convert_frame.py:1125]   File "/usr/local/lib/python3.12/site-packages/torch/_prims_common/__init__.py", line 1713, in <genexpr>
W0528 22:34:08.390000 27 site-packages/torch/_dynamo/convert_frame.py:1125]     dims = tuple(canonicalize_dim(len(shape), idx) for idx in dims)
W0528 22:34:08.390000 27 site-packages/torch/_dynamo/convert_frame.py:1125]                  ^^^^^^^^^^^^^^^^^^^^^^^^^^^^^^^^^
W0528 22:34:08.390000 27 site-packages/torch/_dynamo/convert_frame.py:1125]   File "/usr/local/lib/python3.12/site-packages/torch/_prims_common/__init__.py", line 663, in canonicalize_dim
W0528 22:34:08.390000 27 site-packages/torch/_dynamo/convert_frame.py:1125]     raise IndexError(msg)
W0528 22:34:08.390000 27 site-packages/torch/_dynamo/convert_frame.py:1125] torch._dynamo.exc.TorchRuntimeError: Failed running call_method mean(*(FakeTensor(..., device='cuda:0', size=(2, 3, 5)),), **{'dim': (-5,), 'keepdim': True}):
W0528 22:34:08.390000 27 site-packages/torch/_dynamo/convert_frame.py:1125] Dimension out of range (expected to be in range of [-3, 2], but got -5)
W0528 22:34:08.390000 27 site-packages/torch/_dynamo/convert_frame.py:1125] 
W0528 22:34:08.390000 27 site-packages/torch/_dynamo/convert_frame.py:1125] from user code:
W0528 22:34:08.390000 27 site-packages/torch/_dynamo/convert_frame.py:1125]    File "/data/results/lmstudio_prompt12_general_router_20260528-152031/call_acc/fused_bmm_rmsnorm_gelu_dropout_sub.py", line 31, in _fused_bmm_rmsnorm_gelu_dropout_sub_impl
W0528 22:34:08.390000 27 site-packages/torch/_dynamo/convert_frame.py:1125]     mean = squared.mean(dim=norm_dims, keepdim=True)
W0528 22:34:08.390000 27 site-packages/torch/_dynamo/convert_frame.py:1125] 
W0528 22:34:08.390000 27 site-packages/torch/_dynamo/convert_frame.py:1125] Set TORCH_LOGS="+dynamo" and TORCHDYNAMO_VERBOSE=1 for more information
W0528 22:34:08.390000 27 site-packages/torch/_dynamo/convert_frame.py:1125] 
Traceback (most recent call last):
  File "/data/results/lmstudio_prompt12_general_router_20260528-152031/call_acc/fused_bmm_rmsnorm_gelu_dropout_sub.py", line 55, in fused_bmm_rmsnorm_gelu_dropout_sub
    y = _fused_bmm_rmsnorm_gelu_dropout_sub_fast(input1, input2, other, normalized_shape, dropout_p=dropout_p, training=training, approximate=approximate, eps=eps)
        ^^^^^^^^^^^^^^^^^^^^^^^^^^^^^^^^^^^^^^^^^^^^^^^^^^^^^^^^^^^^^^^^^^^^^^^^^^^^^^^^^^^^^^^^^^^^^^^^^^^^^^^^^^^^^^^^^^^^^^^^^^^^^^^^^^^^^^^^^^^^^^^^^^^^^^^^^^^
  File "/usr/local/lib/python3.12/site-packages/torch/_dynamo/eval_frame.py", line 465, in _fn
    return fn(*args, **kwargs)
           ^^^^^^^^^^^^^^^^^^^
  File "/data/results/lmstudio_prompt12_general_router_20260528-152031/call_acc/fused_bmm_rmsnorm_gelu_dropout_sub.py", line 31, in _fused_bmm_rmsnorm_gelu_dropout_sub_impl
    mean = squared.mean(dim=norm_dims, keepdim=True)
           ^^^^^^^^^^^^^^^^^^^^^^^^^^^^^^^^^^^^^^^^^
IndexError: Dimension out of range (expected to be in range of [-3, 2], but got -5)

During handling of the above exception, another exception occurred:

Traceback (most recent call last):
  File "/data/results/lmstudio_prompt12_general_router_20260528-152031/call_acc/fused_bmm_rmsnorm_gelu_dropout_sub.py", line 95, in <module>
    test_results = test_fused_bmm_rmsnorm_gelu_dropout_sub()
                   ^^^^^^^^^^^^^^^^^^^^^^^^^^^^^^^^^^^^^^^^^
  File "/data/results/lmstudio_prompt12_general_router_20260528-152031/call_acc/fused_bmm_rmsnorm_gelu_dropout_sub.py", line 79, in test_fused_bmm_rmsnorm_gelu_dropout_sub
    results["test_case_1"] = fused_bmm_rmsnorm_gelu_dropout_sub(input1, input2, other, normalized_shape)
                             ^^^^^^^^^^^^^^^^^^^^^^^^^^^^^^^^^^^^^^^^^^^^^^^^^^^^^^^^^^^^^^^^^^^^^^^^^^^
  File "/data/results/lmstudio_prompt12_general_router_20260528-152031/call_acc/fused_bmm_rmsnorm_gelu_dropout_sub.py", line 57, in fused_bmm_rmsnorm_gelu_dropout_sub
    y = _fused_bmm_rmsnorm_gelu_dropout_sub_impl(input1, input2, other, normalized_shape, dropout_p=dropout_p, training=training, approximate=approximate, eps=eps)
        ^^^^^^^^^^^^^^^^^^^^^^^^^^^^^^^^^^^^^^^^^^^^^^^^^^^^^^^^^^^^^^^^^^^^^^^^^^^^^^^^^^^^^^^^^^^^^^^^^^^^^^^^^^^^^^^^^^^^^^^^^^^^^^^^^^^^^^^^^^^^^^^^^^^^^^^^^^^
  File "/data/results/lmstudio_prompt12_general_router_20260528-152031/call_acc/fused_bmm_rmsnorm_gelu_dropout_sub.py", line 31, in _fused_bmm_rmsnorm_gelu_dropout_sub_impl
    mean = squared.mean(dim=norm_dims, keepdim=True)
           ^^^^^^^^^^^^^^^^^^^^^^^^^^^^^^^^^^^^^^^^^
IndexError: Dimension out of range (expected to be in range of [-3, 2], but got -5)

=== Output for div.py on GPU 0 ===

=== Errors for div.py on GPU 0 ===

=== Output for sigmoid_conv2d.py on GPU 0 ===

=== Errors for sigmoid_conv2d.py on GPU 0 ===
W0528 22:34:26.598000 73 site-packages/torch/_inductor/utils.py:1048] [0/0] Not enough SMs to use max_autotune_gemm mode

=== Output for solve_multiple_lu.py on GPU 0 ===

=== Errors for solve_multiple_lu.py on GPU 0 ===
Traceback (most recent call last):
  File "/data/results/lmstudio_prompt12_general_router_20260528-152031/call_acc/solve_multiple_lu.py", line 60, in <module>
    test_results = test_solve_multiple_lu()
                   ^^^^^^^^^^^^^^^^^^^^^^^^
  File "/data/results/lmstudio_prompt12_general_router_20260528-152031/call_acc/solve_multiple_lu.py", line 41, in test_solve_multiple_lu
    results["test_case_1"] = solve_multiple_lu(A1, Bs1)
                             ^^^^^^^^^^^^^^^^^^^^^^^^^^
  File "/data/results/lmstudio_prompt12_general_router_20260528-152031/call_acc/solve_multiple_lu.py", line 23, in solve_multiple_lu
    y = torch.linalg.lu_solve(LU, pivots, Bs, pivot=pivot)
        ^^^^^^^^^^^^^^^^^^^^^^^^^^^^^^^^^^^^^^^^^^^^^^^^^^
TypeError: linalg_lu_solve() got an unexpected keyword argument 'pivot'

=== Output for tanh.py on GPU 0 ===

=== Errors for tanh.py on GPU 0 ===

=== Output for relu_sqrt.py on GPU 0 ===

=== Errors for relu_sqrt.py on GPU 0 ===

=== Output for sqrt.py on GPU 0 ===

=== Errors for sqrt.py on GPU 0 ===

=== Output for sigmoid_argmax.py on GPU 0 ===

=== Errors for sigmoid_argmax.py on GPU 0 ===

=== Output for sub.py on GPU 0 ===

=== Errors for sub.py on GPU 0 ===

=== Output for grid_sample.py on GPU 0 ===

=== Errors for grid_sample.py on GPU 0 ===

=== Output for svd.py on GPU 0 ===

=== Errors for svd.py on GPU 0 ===
Traceback (most recent call last):
  File "/data/results/lmstudio_prompt12_general_router_20260528-152031/call_acc/svd.py", line 61, in <module>
    test_results = test_svd()
                   ^^^^^^^^^^
  File "/data/results/lmstudio_prompt12_general_router_20260528-152031/call_acc/svd.py", line 41, in test_svd
    U1, S1, Vh1 = svd(A1, full_matrices=True)
                  ^^^
NameError: name 'svd' is not defined

=== Output for i0.py on GPU 0 ===

=== Errors for i0.py on GPU 0 ===

=== Output for rsqrt.py on GPU 0 ===

=== Errors for rsqrt.py on GPU 0 ===

=== Output for dropout_relu_batch_norm_conv2d.py on GPU 0 ===

=== Errors for dropout_relu_batch_norm_conv2d.py on GPU 0 ===
Traceback (most recent call last):
  File "/data/results/lmstudio_prompt12_general_router_20260528-152031/call_acc/dropout_relu_batch_norm_conv2d.py", line 31, in <module>
    test_results = test_dropout_relu_batch_norm_conv2d()
                   ^^^^^^^^^^^^^^^^^^^^^^^^^^^^^^^^^^^^^
  File "/data/results/lmstudio_prompt12_general_router_20260528-152031/call_acc/dropout_relu_batch_norm_conv2d.py", line 12, in test_dropout_relu_batch_norm_conv2d
    input_tensor = torch.randn(1, 3, 8, 8, device='cuda')
                   ^^^^^
NameError: name 'torch' is not defined

=== Output for fused_mv_logsoftmax_dropout.py on GPU 0 ===

=== Errors for fused_mv_logsoftmax_dropout.py on GPU 0 ===
Traceback (most recent call last):
  File "/data/results/lmstudio_prompt12_general_router_20260528-152031/call_acc/fused_mv_logsoftmax_dropout.py", line 35, in <module>
    test_results = test_fused_mv_logsoftmax_dropout()
                   ^^^^^^^^^^^^^^^^^^^^^^^^^^^^^^^^^^
  File "/data/results/lmstudio_prompt12_general_router_20260528-152031/call_acc/fused_mv_logsoftmax_dropout.py", line 16, in test_fused_mv_logsoftmax_dropout
    results["test_case_1"] = fused_mv_logsoftmax_dropout(input1, vec1)
                             ^^^^^^^^^^^^^^^^^^^^^^^^^^^
NameError: name 'fused_mv_logsoftmax_dropout' is not defined. Did you mean: 'test_fused_mv_logsoftmax_dropout'?

=== Output for add.py on GPU 0 ===

=== Errors for add.py on GPU 0 ===

=== Output for fused_silu_layer_norm_conv2d.py on GPU 0 ===

=== Errors for fused_silu_layer_norm_conv2d.py on GPU 0 ===
E0528 22:35:46.746000 269 site-packages/torch/_subclasses/fake_tensor.py:2017] [0/0] failed while attempting to run meta for aten.native_layer_norm.default
E0528 22:35:46.746000 269 site-packages/torch/_subclasses/fake_tensor.py:2017] [0/0] Traceback (most recent call last):
E0528 22:35:46.746000 269 site-packages/torch/_subclasses/fake_tensor.py:2017] [0/0]   File "/usr/local/lib/python3.12/site-packages/torch/_subclasses/fake_tensor.py", line 2013, in _dispatch_impl
E0528 22:35:46.746000 269 site-packages/torch/_subclasses/fake_tensor.py:2017] [0/0]     r = func(*args, **kwargs)
E0528 22:35:46.746000 269 site-packages/torch/_subclasses/fake_tensor.py:2017] [0/0]         ^^^^^^^^^^^^^^^^^^^^^
E0528 22:35:46.746000 269 site-packages/torch/_subclasses/fake_tensor.py:2017] [0/0]   File "/usr/local/lib/python3.12/site-packages/torch/_ops.py", line 716, in __call__
E0528 22:35:46.746000 269 site-packages/torch/_subclasses/fake_tensor.py:2017] [0/0]     return self._op(*args, **kwargs)
E0528 22:35:46.746000 269 site-packages/torch/_subclasses/fake_tensor.py:2017] [0/0]            ^^^^^^^^^^^^^^^^^^^^^^^^^
E0528 22:35:46.746000 269 site-packages/torch/_subclasses/fake_tensor.py:2017] [0/0]   File "/usr/local/lib/python3.12/site-packages/torch/_decomp/__init__.py", line 88, in _fn
E0528 22:35:46.746000 269 site-packages/torch/_subclasses/fake_tensor.py:2017] [0/0]     return f(*args, **kwargs, out=None if is_none else out_kwargs)
E0528 22:35:46.746000 269 site-packages/torch/_subclasses/fake_tensor.py:2017] [0/0]            ^^^^^^^^^^^^^^^^^^^^^^^^^^^^^^^^^^^^^^^^^^^^^^^^^^^^^^^
E0528 22:35:46.746000 269 site-packages/torch/_subclasses/fake_tensor.py:2017] [0/0]   File "/usr/local/lib/python3.12/site-packages/torch/_prims_common/wrappers.py", line 273, in _fn
E0528 22:35:46.746000 269 site-packages/torch/_subclasses/fake_tensor.py:2017] [0/0]     result = fn(*args, **kwargs)
E0528 22:35:46.746000 269 site-packages/torch/_subclasses/fake_tensor.py:2017] [0/0]              ^^^^^^^^^^^^^^^^^^^
E0528 22:35:46.746000 269 site-packages/torch/_subclasses/fake_tensor.py:2017] [0/0]   File "/usr/local/lib/python3.12/site-packages/torch/_refs/__init__.py", line 3223, in native_layer_norm
E0528 22:35:46.746000 269 site-packages/torch/_subclasses/fake_tensor.py:2017] [0/0]     torch._check(
E0528 22:35:46.746000 269 site-packages/torch/_subclasses/fake_tensor.py:2017] [0/0]   File "/usr/local/lib/python3.12/site-packages/torch/__init__.py", line 1564, in _check
E0528 22:35:46.746000 269 site-packages/torch/_subclasses/fake_tensor.py:2017] [0/0]     _check_with(RuntimeError, cond, message)
E0528 22:35:46.746000 269 site-packages/torch/_subclasses/fake_tensor.py:2017] [0/0]   File "/usr/local/lib/python3.12/site-packages/torch/__init__.py", line 1546, in _check_with
E0528 22:35:46.746000 269 site-packages/torch/_subclasses/fake_tensor.py:2017] [0/0]     raise error_type(message_evaluated)
E0528 22:35:46.746000 269 site-packages/torch/_subclasses/fake_tensor.py:2017] [0/0] RuntimeError: Given normalized_shape=[6], expected input with shape [6], but got input of size torch.Size([1, 6, 3, 3])
W0528 22:35:46.765000 269 site-packages/torch/_dynamo/convert_frame.py:1125] WON'T CONVERT _fused_silu_layer_norm_conv2d_impl /data/results/lmstudio_prompt12_general_router_20260528-152031/call_acc/fused_silu_layer_norm_conv2d.py line 22 
W0528 22:35:46.765000 269 site-packages/torch/_dynamo/convert_frame.py:1125] due to: 
W0528 22:35:46.765000 269 site-packages/torch/_dynamo/convert_frame.py:1125] Traceback (most recent call last):
W0528 22:35:46.765000 269 site-packages/torch/_dynamo/convert_frame.py:1125]   File "/usr/local/lib/python3.12/site-packages/torch/_dynamo/convert_frame.py", line 1064, in __call__
W0528 22:35:46.765000 269 site-packages/torch/_dynamo/convert_frame.py:1125]     result = self._inner_convert(
W0528 22:35:46.765000 269 site-packages/torch/_dynamo/convert_frame.py:1125]              ^^^^^^^^^^^^^^^^^^^^
W0528 22:35:46.765000 269 site-packages/torch/_dynamo/convert_frame.py:1125]   File "/usr/local/lib/python3.12/site-packages/torch/_dynamo/convert_frame.py", line 526, in __call__
W0528 22:35:46.765000 269 site-packages/torch/_dynamo/convert_frame.py:1125]     return _compile(
W0528 22:35:46.765000 269 site-packages/torch/_dynamo/convert_frame.py:1125]            ^^^^^^^^^
W0528 22:35:46.765000 269 site-packages/torch/_dynamo/convert_frame.py:1125]   File "/usr/local/lib/python3.12/site-packages/torch/_dynamo/convert_frame.py", line 924, in _compile
W0528 22:35:46.765000 269 site-packages/torch/_dynamo/convert_frame.py:1125]     guarded_code = compile_inner(code, one_graph, hooks, transform)
W0528 22:35:46.765000 269 site-packages/torch/_dynamo/convert_frame.py:1125]                    ^^^^^^^^^^^^^^^^^^^^^^^^^^^^^^^^^^^^^^^^^^^^^^^^
W0528 22:35:46.765000 269 site-packages/torch/_dynamo/convert_frame.py:1125]   File "/usr/local/lib/python3.12/site-packages/torch/_dynamo/convert_frame.py", line 666, in compile_inner
W0528 22:35:46.765000 269 site-packages/torch/_dynamo/convert_frame.py:1125]     return _compile_inner(code, one_graph, hooks, transform)
W0528 22:35:46.765000 269 site-packages/torch/_dynamo/convert_frame.py:1125]            ^^^^^^^^^^^^^^^^^^^^^^^^^^^^^^^^^^^^^^^^^^^^^^^^^
W0528 22:35:46.765000 269 site-packages/torch/_dynamo/convert_frame.py:1125]   File "/usr/local/lib/python3.12/site-packages/torch/_utils_internal.py", line 87, in wrapper_function
W0528 22:35:46.765000 269 site-packages/torch/_dynamo/convert_frame.py:1125]     return function(*args, **kwargs)
W0528 22:35:46.765000 269 site-packages/torch/_dynamo/convert_frame.py:1125]            ^^^^^^^^^^^^^^^^^^^^^^^^^
W0528 22:35:46.765000 269 site-packages/torch/_dynamo/convert_frame.py:1125]   File "/usr/local/lib/python3.12/site-packages/torch/_dynamo/convert_frame.py", line 699, in _compile_inner
W0528 22:35:46.765000 269 site-packages/torch/_dynamo/convert_frame.py:1125]     out_code = transform_code_object(code, transform)
W0528 22:35:46.765000 269 site-packages/torch/_dynamo/convert_frame.py:1125]                ^^^^^^^^^^^^^^^^^^^^^^^^^^^^^^^^^^^^^^
W0528 22:35:46.765000 269 site-packages/torch/_dynamo/convert_frame.py:1125]   File "/usr/local/lib/python3.12/site-packages/torch/_dynamo/bytecode_transformation.py", line 1322, in transform_code_object
W0528 22:35:46.765000 269 site-packages/torch/_dynamo/convert_frame.py:1125]     transformations(instructions, code_options)
W0528 22:35:46.765000 269 site-packages/torch/_dynamo/convert_frame.py:1125]   File "/usr/local/lib/python3.12/site-packages/torch/_dynamo/convert_frame.py", line 219, in _fn
W0528 22:35:46.765000 269 site-packages/torch/_dynamo/convert_frame.py:1125]     return fn(*args, **kwargs)
W0528 22:35:46.765000 269 site-packages/torch/_dynamo/convert_frame.py:1125]            ^^^^^^^^^^^^^^^^^^^
W0528 22:35:46.765000 269 site-packages/torch/_dynamo/convert_frame.py:1125]   File "/usr/local/lib/python3.12/site-packages/torch/_dynamo/convert_frame.py", line 634, in transform
W0528 22:35:46.765000 269 site-packages/torch/_dynamo/convert_frame.py:1125]     tracer.run()
W0528 22:35:46.765000 269 site-packages/torch/_dynamo/convert_frame.py:1125]   File "/usr/local/lib/python3.12/site-packages/torch/_dynamo/symbolic_convert.py", line 2796, in run
W0528 22:35:46.765000 269 site-packages/torch/_dynamo/convert_frame.py:1125]     super().run()
W0528 22:35:46.765000 269 site-packages/torch/_dynamo/convert_frame.py:1125]   File "/usr/local/lib/python3.12/site-packages/torch/_dynamo/symbolic_convert.py", line 983, in run
W0528 22:35:46.765000 269 site-packages/torch/_dynamo/convert_frame.py:1125]     while self.step():
W0528 22:35:46.765000 269 site-packages/torch/_dynamo/convert_frame.py:1125]           ^^^^^^^^^^^
W0528 22:35:46.765000 269 site-packages/torch/_dynamo/convert_frame.py:1125]   File "/usr/local/lib/python3.12/site-packages/torch/_dynamo/symbolic_convert.py", line 895, in step
W0528 22:35:46.765000 269 site-packages/torch/_dynamo/convert_frame.py:1125]     self.dispatch_table[inst.opcode](self, inst)
W0528 22:35:46.765000 269 site-packages/torch/_dynamo/convert_frame.py:1125]   File "/usr/local/lib/python3.12/site-packages/torch/_dynamo/symbolic_convert.py", line 582, in wrapper
W0528 22:35:46.765000 269 site-packages/torch/_dynamo/convert_frame.py:1125]     return inner_fn(self, inst)
W0528 22:35:46.765000 269 site-packages/torch/_dynamo/convert_frame.py:1125]            ^^^^^^^^^^^^^^^^^^^^
W0528 22:35:46.765000 269 site-packages/torch/_dynamo/convert_frame.py:1125]   File "/usr/local/lib/python3.12/site-packages/torch/_dynamo/symbolic_convert.py", line 2279, in CALL
W0528 22:35:46.765000 269 site-packages/torch/_dynamo/convert_frame.py:1125]     self._call(inst)
W0528 22:35:46.765000 269 site-packages/torch/_dynamo/convert_frame.py:1125]   File "/usr/local/lib/python3.12/site-packages/torch/_dynamo/symbolic_convert.py", line 2273, in _call
W0528 22:35:46.765000 269 site-packages/torch/_dynamo/convert_frame.py:1125]     self.call_function(fn, args, kwargs)
W0528 22:35:46.765000 269 site-packages/torch/_dynamo/convert_frame.py:1125]   File "/usr/local/lib/python3.12/site-packages/torch/_dynamo/symbolic_convert.py", line 830, in call_function
W0528 22:35:46.765000 269 site-packages/torch/_dynamo/convert_frame.py:1125]     self.push(fn.call_function(self, args, kwargs))  # type: ignore[arg-type]
W0528 22:35:46.765000 269 site-packages/torch/_dynamo/convert_frame.py:1125]               ^^^^^^^^^^^^^^^^^^^^^^^^^^^^^^^^^^^^
W0528 22:35:46.765000 269 site-packages/torch/_dynamo/convert_frame.py:1125]   File "/usr/local/lib/python3.12/site-packages/torch/_dynamo/variables/torch.py", line 897, in call_function
W0528 22:35:46.765000 269 site-packages/torch/_dynamo/convert_frame.py:1125]     tensor_variable = wrap_fx_proxy(
W0528 22:35:46.765000 269 site-packages/torch/_dynamo/convert_frame.py:1125]                       ^^^^^^^^^^^^^^
W0528 22:35:46.765000 269 site-packages/torch/_dynamo/convert_frame.py:1125]   File "/usr/local/lib/python3.12/site-packages/torch/_dynamo/variables/builder.py", line 2037, in wrap_fx_proxy
W0528 22:35:46.765000 269 site-packages/torch/_dynamo/convert_frame.py:1125]     return wrap_fx_proxy_cls(target_cls=TensorVariable, **kwargs)
W0528 22:35:46.765000 269 site-packages/torch/_dynamo/convert_frame.py:1125]            ^^^^^^^^^^^^^^^^^^^^^^^^^^^^^^^^^^^^^^^^^^^^^^^^^^^^^^
W0528 22:35:46.765000 269 site-packages/torch/_dynamo/convert_frame.py:1125]   File "/usr/local/lib/python3.12/site-packages/torch/_dynamo/variables/builder.py", line 2124, in wrap_fx_proxy_cls
W0528 22:35:46.765000 269 site-packages/torch/_dynamo/convert_frame.py:1125]     example_value = get_fake_value(proxy.node, tx, allow_non_graph_fake=True)
W0528 22:35:46.765000 269 site-packages/torch/_dynamo/convert_frame.py:1125]                     ^^^^^^^^^^^^^^^^^^^^^^^^^^^^^^^^^^^^^^^^^^^^^^^^^^^^^^^^^
W0528 22:35:46.765000 269 site-packages/torch/_dynamo/convert_frame.py:1125]   File "/usr/local/lib/python3.12/site-packages/torch/_dynamo/utils.py", line 2082, in get_fake_value
W0528 22:35:46.765000 269 site-packages/torch/_dynamo/convert_frame.py:1125]     raise TorchRuntimeError(str(e)).with_traceback(e.__traceback__) from None
W0528 22:35:46.765000 269 site-packages/torch/_dynamo/convert_frame.py:1125]   File "/usr/local/lib/python3.12/site-packages/torch/_dynamo/utils.py", line 2017, in get_fake_value
W0528 22:35:46.765000 269 site-packages/torch/_dynamo/convert_frame.py:1125]     ret_val = wrap_fake_exception(
W0528 22:35:46.765000 269 site-packages/torch/_dynamo/convert_frame.py:1125]               ^^^^^^^^^^^^^^^^^^^^
W0528 22:35:46.765000 269 site-packages/torch/_dynamo/convert_frame.py:1125]   File "/usr/local/lib/python3.12/site-packages/torch/_dynamo/utils.py", line 1574, in wrap_fake_exception
W0528 22:35:46.765000 269 site-packages/torch/_dynamo/convert_frame.py:1125]     return fn()
W0528 22:35:46.765000 269 site-packages/torch/_dynamo/convert_frame.py:1125]            ^^^^
W0528 22:35:46.765000 269 site-packages/torch/_dynamo/convert_frame.py:1125]   File "/usr/local/lib/python3.12/site-packages/torch/_dynamo/utils.py", line 2018, in <lambda>
W0528 22:35:46.765000 269 site-packages/torch/_dynamo/convert_frame.py:1125]     lambda: run_node(tx.output, node, args, kwargs, nnmodule)
W0528 22:35:46.765000 269 site-packages/torch/_dynamo/convert_frame.py:1125]             ^^^^^^^^^^^^^^^^^^^^^^^^^^^^^^^^^^^^^^^^^^^^^^^^^
W0528 22:35:46.765000 269 site-packages/torch/_dynamo/convert_frame.py:1125]   File "/usr/local/lib/python3.12/site-packages/torch/_dynamo/utils.py", line 2150, in run_node
W0528 22:35:46.765000 269 site-packages/torch/_dynamo/convert_frame.py:1125]     raise RuntimeError(make_error_message(e)).with_traceback(
W0528 22:35:46.765000 269 site-packages/torch/_dynamo/convert_frame.py:1125]   File "/usr/local/lib/python3.12/site-packages/torch/_dynamo/utils.py", line 2132, in run_node
W0528 22:35:46.765000 269 site-packages/torch/_dynamo/convert_frame.py:1125]     return node.target(*args, **kwargs)
W0528 22:35:46.765000 269 site-packages/torch/_dynamo/convert_frame.py:1125]            ^^^^^^^^^^^^^^^^^^^^^^^^^^^^
W0528 22:35:46.765000 269 site-packages/torch/_dynamo/convert_frame.py:1125]   File "/usr/local/lib/python3.12/site-packages/torch/nn/functional.py", line 2900, in layer_norm
W0528 22:35:46.765000 269 site-packages/torch/_dynamo/convert_frame.py:1125]     return torch.layer_norm(
W0528 22:35:46.765000 269 site-packages/torch/_dynamo/convert_frame.py:1125]            ^^^^^^^^^^^^^^^^^
W0528 22:35:46.765000 269 site-packages/torch/_dynamo/convert_frame.py:1125]   File "/usr/local/lib/python3.12/site-packages/torch/utils/_stats.py", line 21, in wrapper
W0528 22:35:46.765000 269 site-packages/torch/_dynamo/convert_frame.py:1125]     return fn(*args, **kwargs)
W0528 22:35:46.765000 269 site-packages/torch/_dynamo/convert_frame.py:1125]            ^^^^^^^^^^^^^^^^^^^
W0528 22:35:46.765000 269 site-packages/torch/_dynamo/convert_frame.py:1125]   File "/usr/local/lib/python3.12/site-packages/torch/_subclasses/fake_tensor.py", line 1238, in __torch_dispatch__
W0528 22:35:46.765000 269 site-packages/torch/_dynamo/convert_frame.py:1125]     return self.dispatch(func, types, args, kwargs)
W0528 22:35:46.765000 269 site-packages/torch/_dynamo/convert_frame.py:1125]            ^^^^^^^^^^^^^^^^^^^^^^^^^^^^^^^^^^^^^^^^
W0528 22:35:46.765000 269 site-packages/torch/_dynamo/convert_frame.py:1125]   File "/usr/local/lib/python3.12/site-packages/torch/_subclasses/fake_tensor.py", line 1692, in dispatch
W0528 22:35:46.765000 269 site-packages/torch/_dynamo/convert_frame.py:1125]     return self._cached_dispatch_impl(func, types, args, kwargs)
W0528 22:35:46.765000 269 site-packages/torch/_dynamo/convert_frame.py:1125]            ^^^^^^^^^^^^^^^^^^^^^^^^^^^^^^^^^^^^^^^^^^^^^^^^^^^^^
W0528 22:35:46.765000 269 site-packages/torch/_dynamo/convert_frame.py:1125]   File "/usr/local/lib/python3.12/site-packages/torch/_subclasses/fake_tensor.py", line 1339, in _cached_dispatch_impl
W0528 22:35:46.765000 269 site-packages/torch/_dynamo/convert_frame.py:1125]     output = self._dispatch_impl(func, types, args, kwargs)
W0528 22:35:46.765000 269 site-packages/torch/_dynamo/convert_frame.py:1125]              ^^^^^^^^^^^^^^^^^^^^^^^^^^^^^^^^^^^^^^^^^^^^^^
W0528 22:35:46.765000 269 site-packages/torch/_dynamo/convert_frame.py:1125]   File "/usr/local/lib/python3.12/site-packages/torch/_subclasses/fake_tensor.py", line 2013, in _dispatch_impl
W0528 22:35:46.765000 269 site-packages/torch/_dynamo/convert_frame.py:1125]     r = func(*args, **kwargs)
W0528 22:35:46.765000 269 site-packages/torch/_dynamo/convert_frame.py:1125]         ^^^^^^^^^^^^^^^^^^^^^
W0528 22:35:46.765000 269 site-packages/torch/_dynamo/convert_frame.py:1125]   File "/usr/local/lib/python3.12/site-packages/torch/_ops.py", line 716, in __call__
W0528 22:35:46.765000 269 site-packages/torch/_dynamo/convert_frame.py:1125]     return self._op(*args, **kwargs)
W0528 22:35:46.765000 269 site-packages/torch/_dynamo/convert_frame.py:1125]            ^^^^^^^^^^^^^^^^^^^^^^^^^
W0528 22:35:46.765000 269 site-packages/torch/_dynamo/convert_frame.py:1125]   File "/usr/local/lib/python3.12/site-packages/torch/_decomp/__init__.py", line 88, in _fn
W0528 22:35:46.765000 269 site-packages/torch/_dynamo/convert_frame.py:1125]     return f(*args, **kwargs, out=None if is_none else out_kwargs)
W0528 22:35:46.765000 269 site-packages/torch/_dynamo/convert_frame.py:1125]            ^^^^^^^^^^^^^^^^^^^^^^^^^^^^^^^^^^^^^^^^^^^^^^^^^^^^^^^
W0528 22:35:46.765000 269 site-packages/torch/_dynamo/convert_frame.py:1125]   File "/usr/local/lib/python3.12/site-packages/torch/_prims_common/wrappers.py", line 273, in _fn
W0528 22:35:46.765000 269 site-packages/torch/_dynamo/convert_frame.py:1125]     result = fn(*args, **kwargs)
W0528 22:35:46.765000 269 site-packages/torch/_dynamo/convert_frame.py:1125]              ^^^^^^^^^^^^^^^^^^^
W0528 22:35:46.765000 269 site-packages/torch/_dynamo/convert_frame.py:1125]   File "/usr/local/lib/python3.12/site-packages/torch/_refs/__init__.py", line 3223, in native_layer_norm
W0528 22:35:46.765000 269 site-packages/torch/_dynamo/convert_frame.py:1125]     torch._check(
W0528 22:35:46.765000 269 site-packages/torch/_dynamo/convert_frame.py:1125]   File "/usr/local/lib/python3.12/site-packages/torch/__init__.py", line 1564, in _check
W0528 22:35:46.765000 269 site-packages/torch/_dynamo/convert_frame.py:1125]     _check_with(RuntimeError, cond, message)
W0528 22:35:46.765000 269 site-packages/torch/_dynamo/convert_frame.py:1125]   File "/usr/local/lib/python3.12/site-packages/torch/__init__.py", line 1546, in _check_with
W0528 22:35:46.765000 269 site-packages/torch/_dynamo/convert_frame.py:1125]     raise error_type(message_evaluated)
W0528 22:35:46.765000 269 site-packages/torch/_dynamo/convert_frame.py:1125] torch._dynamo.exc.TorchRuntimeError: Failed running call_function <function layer_norm at 0x2a67588c22a0>(*(FakeTensor(..., device='cuda:0', size=(1, 6, 3, 3)), (6,)), **{'weight': None, 'bias': None, 'eps': 1e-05}):
W0528 22:35:46.765000 269 site-packages/torch/_dynamo/convert_frame.py:1125] Given normalized_shape=[6], expected input with shape [6], but got input of size torch.Size([1, 6, 3, 3])
W0528 22:35:46.765000 269 site-packages/torch/_dynamo/convert_frame.py:1125] 
W0528 22:35:46.765000 269 site-packages/torch/_dynamo/convert_frame.py:1125] from user code:
W0528 22:35:46.765000 269 site-packages/torch/_dynamo/convert_frame.py:1125]    File "/data/results/lmstudio_prompt12_general_router_20260528-152031/call_acc/fused_silu_layer_norm_conv2d.py", line 32, in _fused_silu_layer_norm_conv2d_impl
W0528 22:35:46.765000 269 site-packages/torch/_dynamo/convert_frame.py:1125]     ln_out = F.layer_norm(conv_out, normalized_shape, weight=w, bias=None, eps=ln_eps)
W0528 22:35:46.765000 269 site-packages/torch/_dynamo/convert_frame.py:1125] 
W0528 22:35:46.765000 269 site-packages/torch/_dynamo/convert_frame.py:1125] Set TORCH_LOGS="+dynamo" and TORCHDYNAMO_VERBOSE=1 for more information
W0528 22:35:46.765000 269 site-packages/torch/_dynamo/convert_frame.py:1125] 
W0528 22:35:46.765000 269 site-packages/torch/_dynamo/convert_frame.py:1125] Traceback (most recent call last):
W0528 22:35:46.765000 269 site-packages/torch/_dynamo/convert_frame.py:1125]   File "/usr/local/lib/python3.12/site-packages/torch/_dynamo/convert_frame.py", line 1064, in __call__
W0528 22:35:46.765000 269 site-packages/torch/_dynamo/convert_frame.py:1125]     result = self._inner_convert(
W0528 22:35:46.765000 269 site-packages/torch/_dynamo/convert_frame.py:1125]              ^^^^^^^^^^^^^^^^^^^^
W0528 22:35:46.765000 269 site-packages/torch/_dynamo/convert_frame.py:1125]   File "/usr/local/lib/python3.12/site-packages/torch/_dynamo/convert_frame.py", line 526, in __call__
W0528 22:35:46.765000 269 site-packages/torch/_dynamo/convert_frame.py:1125]     return _compile(
W0528 22:35:46.765000 269 site-packages/torch/_dynamo/convert_frame.py:1125]            ^^^^^^^^^
W0528 22:35:46.765000 269 site-packages/torch/_dynamo/convert_frame.py:1125]   File "/usr/local/lib/python3.12/site-packages/torch/_dynamo/convert_frame.py", line 924, in _compile
W0528 22:35:46.765000 269 site-packages/torch/_dynamo/convert_frame.py:1125]     guarded_code = compile_inner(code, one_graph, hooks, transform)
W0528 22:35:46.765000 269 site-packages/torch/_dynamo/convert_frame.py:1125]                    ^^^^^^^^^^^^^^^^^^^^^^^^^^^^^^^^^^^^^^^^^^^^^^^^
W0528 22:35:46.765000 269 site-packages/torch/_dynamo/convert_frame.py:1125]   File "/usr/local/lib/python3.12/site-packages/torch/_dynamo/convert_frame.py", line 666, in compile_inner
W0528 22:35:46.765000 269 site-packages/torch/_dynamo/convert_frame.py:1125]     return _compile_inner(code, one_graph, hooks, transform)
W0528 22:35:46.765000 269 site-packages/torch/_dynamo/convert_frame.py:1125]            ^^^^^^^^^^^^^^^^^^^^^^^^^^^^^^^^^^^^^^^^^^^^^^^^^
W0528 22:35:46.765000 269 site-packages/torch/_dynamo/convert_frame.py:1125]   File "/usr/local/lib/python3.12/site-packages/torch/_utils_internal.py", line 87, in wrapper_function
W0528 22:35:46.765000 269 site-packages/torch/_dynamo/convert_frame.py:1125]     return function(*args, **kwargs)
W0528 22:35:46.765000 269 site-packages/torch/_dynamo/convert_frame.py:1125]            ^^^^^^^^^^^^^^^^^^^^^^^^^
W0528 22:35:46.765000 269 site-packages/torch/_dynamo/convert_frame.py:1125]   File "/usr/local/lib/python3.12/site-packages/torch/_dynamo/convert_frame.py", line 699, in _compile_inner
W0528 22:35:46.765000 269 site-packages/torch/_dynamo/convert_frame.py:1125]     out_code = transform_code_object(code, transform)
W0528 22:35:46.765000 269 site-packages/torch/_dynamo/convert_frame.py:1125]                ^^^^^^^^^^^^^^^^^^^^^^^^^^^^^^^^^^^^^^
W0528 22:35:46.765000 269 site-packages/torch/_dynamo/convert_frame.py:1125]   File "/usr/local/lib/python3.12/site-packages/torch/_dynamo/bytecode_transformation.py", line 1322, in transform_code_object
W0528 22:35:46.765000 269 site-packages/torch/_dynamo/convert_frame.py:1125]     transformations(instructions, code_options)
W0528 22:35:46.765000 269 site-packages/torch/_dynamo/convert_frame.py:1125]   File "/usr/local/lib/python3.12/site-packages/torch/_dynamo/convert_frame.py", line 219, in _fn
W0528 22:35:46.765000 269 site-packages/torch/_dynamo/convert_frame.py:1125]     return fn(*args, **kwargs)
W0528 22:35:46.765000 269 site-packages/torch/_dynamo/convert_frame.py:1125]            ^^^^^^^^^^^^^^^^^^^
W0528 22:35:46.765000 269 site-packages/torch/_dynamo/convert_frame.py:1125]   File "/usr/local/lib/python3.12/site-packages/torch/_dynamo/convert_frame.py", line 634, in transform
W0528 22:35:46.765000 269 site-packages/torch/_dynamo/convert_frame.py:1125]     tracer.run()
W0528 22:35:46.765000 269 site-packages/torch/_dynamo/convert_frame.py:1125]   File "/usr/local/lib/python3.12/site-packages/torch/_dynamo/symbolic_convert.py", line 2796, in run
W0528 22:35:46.765000 269 site-packages/torch/_dynamo/convert_frame.py:1125]     super().run()
W0528 22:35:46.765000 269 site-packages/torch/_dynamo/convert_frame.py:1125]   File "/usr/local/lib/python3.12/site-packages/torch/_dynamo/symbolic_convert.py", line 983, in run
W0528 22:35:46.765000 269 site-packages/torch/_dynamo/convert_frame.py:1125]     while self.step():
W0528 22:35:46.765000 269 site-packages/torch/_dynamo/convert_frame.py:1125]           ^^^^^^^^^^^
W0528 22:35:46.765000 269 site-packages/torch/_dynamo/convert_frame.py:1125]   File "/usr/local/lib/python3.12/site-packages/torch/_dynamo/symbolic_convert.py", line 895, in step
W0528 22:35:46.765000 269 site-packages/torch/_dynamo/convert_frame.py:1125]     self.dispatch_table[inst.opcode](self, inst)
W0528 22:35:46.765000 269 site-packages/torch/_dynamo/convert_frame.py:1125]   File "/usr/local/lib/python3.12/site-packages/torch/_dynamo/symbolic_convert.py", line 582, in wrapper
W0528 22:35:46.765000 269 site-packages/torch/_dynamo/convert_frame.py:1125]     return inner_fn(self, inst)
W0528 22:35:46.765000 269 site-packages/torch/_dynamo/convert_frame.py:1125]            ^^^^^^^^^^^^^^^^^^^^
W0528 22:35:46.765000 269 site-packages/torch/_dynamo/convert_frame.py:1125]   File "/usr/local/lib/python3.12/site-packages/torch/_dynamo/symbolic_convert.py", line 2279, in CALL
W0528 22:35:46.765000 269 site-packages/torch/_dynamo/convert_frame.py:1125]     self._call(inst)
W0528 22:35:46.765000 269 site-packages/torch/_dynamo/convert_frame.py:1125]   File "/usr/local/lib/python3.12/site-packages/torch/_dynamo/symbolic_convert.py", line 2273, in _call
W0528 22:35:46.765000 269 site-packages/torch/_dynamo/convert_frame.py:1125]     self.call_function(fn, args, kwargs)
W0528 22:35:46.765000 269 site-packages/torch/_dynamo/convert_frame.py:1125]   File "/usr/local/lib/python3.12/site-packages/torch/_dynamo/symbolic_convert.py", line 830, in call_function
W0528 22:35:46.765000 269 site-packages/torch/_dynamo/convert_frame.py:1125]     self.push(fn.call_function(self, args, kwargs))  # type: ignore[arg-type]
W0528 22:35:46.765000 269 site-packages/torch/_dynamo/convert_frame.py:1125]               ^^^^^^^^^^^^^^^^^^^^^^^^^^^^^^^^^^^^
W0528 22:35:46.765000 269 site-packages/torch/_dynamo/convert_frame.py:1125]   File "/usr/local/lib/python3.12/site-packages/torch/_dynamo/variables/torch.py", line 897, in call_function
W0528 22:35:46.765000 269 site-packages/torch/_dynamo/convert_frame.py:1125]     tensor_variable = wrap_fx_proxy(
W0528 22:35:46.765000 269 site-packages/torch/_dynamo/convert_frame.py:1125]                       ^^^^^^^^^^^^^^
W0528 22:35:46.765000 269 site-packages/torch/_dynamo/convert_frame.py:1125]   File "/usr/local/lib/python3.12/site-packages/torch/_dynamo/variables/builder.py", line 2037, in wrap_fx_proxy
W0528 22:35:46.765000 269 site-packages/torch/_dynamo/convert_frame.py:1125]     return wrap_fx_proxy_cls(target_cls=TensorVariable, **kwargs)
W0528 22:35:46.765000 269 site-packages/torch/_dynamo/convert_frame.py:1125]            ^^^^^^^^^^^^^^^^^^^^^^^^^^^^^^^^^^^^^^^^^^^^^^^^^^^^^^
W0528 22:35:46.765000 269 site-packages/torch/_dynamo/convert_frame.py:1125]   File "/usr/local/lib/python3.12/site-packages/torch/_dynamo/variables/builder.py", line 2124, in wrap_fx_proxy_cls
W0528 22:35:46.765000 269 site-packages/torch/_dynamo/convert_frame.py:1125]     example_value = get_fake_value(proxy.node, tx, allow_non_graph_fake=True)
W0528 22:35:46.765000 269 site-packages/torch/_dynamo/convert_frame.py:1125]                     ^^^^^^^^^^^^^^^^^^^^^^^^^^^^^^^^^^^^^^^^^^^^^^^^^^^^^^^^^
W0528 22:35:46.765000 269 site-packages/torch/_dynamo/convert_frame.py:1125]   File "/usr/local/lib/python3.12/site-packages/torch/_dynamo/utils.py", line 2082, in get_fake_value
W0528 22:35:46.765000 269 site-packages/torch/_dynamo/convert_frame.py:1125]     raise TorchRuntimeError(str(e)).with_traceback(e.__traceback__) from None
W0528 22:35:46.765000 269 site-packages/torch/_dynamo/convert_frame.py:1125]   File "/usr/local/lib/python3.12/site-packages/torch/_dynamo/utils.py", line 2017, in get_fake_value
W0528 22:35:46.765000 269 site-packages/torch/_dynamo/convert_frame.py:1125]     ret_val = wrap_fake_exception(
W0528 22:35:46.765000 269 site-packages/torch/_dynamo/convert_frame.py:1125]               ^^^^^^^^^^^^^^^^^^^^
W0528 22:35:46.765000 269 site-packages/torch/_dynamo/convert_frame.py:1125]   File "/usr/local/lib/python3.12/site-packages/torch/_dynamo/utils.py", line 1574, in wrap_fake_exception
W0528 22:35:46.765000 269 site-packages/torch/_dynamo/convert_frame.py:1125]     return fn()
W0528 22:35:46.765000 269 site-packages/torch/_dynamo/convert_frame.py:1125]            ^^^^
W0528 22:35:46.765000 269 site-packages/torch/_dynamo/convert_frame.py:1125]   File "/usr/local/lib/python3.12/site-packages/torch/_dynamo/utils.py", line 2018, in <lambda>
W0528 22:35:46.765000 269 site-packages/torch/_dynamo/convert_frame.py:1125]     lambda: run_node(tx.output, node, args, kwargs, nnmodule)
W0528 22:35:46.765000 269 site-packages/torch/_dynamo/convert_frame.py:1125]             ^^^^^^^^^^^^^^^^^^^^^^^^^^^^^^^^^^^^^^^^^^^^^^^^^
W0528 22:35:46.765000 269 site-packages/torch/_dynamo/convert_frame.py:1125]   File "/usr/local/lib/python3.12/site-packages/torch/_dynamo/utils.py", line 2150, in run_node
W0528 22:35:46.765000 269 site-packages/torch/_dynamo/convert_frame.py:1125]     raise RuntimeError(make_error_message(e)).with_traceback(
W0528 22:35:46.765000 269 site-packages/torch/_dynamo/convert_frame.py:1125]   File "/usr/local/lib/python3.12/site-packages/torch/_dynamo/utils.py", line 2132, in run_node
W0528 22:35:46.765000 269 site-packages/torch/_dynamo/convert_frame.py:1125]     return node.target(*args, **kwargs)
W0528 22:35:46.765000 269 site-packages/torch/_dynamo/convert_frame.py:1125]            ^^^^^^^^^^^^^^^^^^^^^^^^^^^^
W0528 22:35:46.765000 269 site-packages/torch/_dynamo/convert_frame.py:1125]   File "/usr/local/lib/python3.12/site-packages/torch/nn/functional.py", line 2900, in layer_norm
W0528 22:35:46.765000 269 site-packages/torch/_dynamo/convert_frame.py:1125]     return torch.layer_norm(
W0528 22:35:46.765000 269 site-packages/torch/_dynamo/convert_frame.py:1125]            ^^^^^^^^^^^^^^^^^
W0528 22:35:46.765000 269 site-packages/torch/_dynamo/convert_frame.py:1125]   File "/usr/local/lib/python3.12/site-packages/torch/utils/_stats.py", line 21, in wrapper
W0528 22:35:46.765000 269 site-packages/torch/_dynamo/convert_frame.py:1125]     return fn(*args, **kwargs)
W0528 22:35:46.765000 269 site-packages/torch/_dynamo/convert_frame.py:1125]            ^^^^^^^^^^^^^^^^^^^
W0528 22:35:46.765000 269 site-packages/torch/_dynamo/convert_frame.py:1125]   File "/usr/local/lib/python3.12/site-packages/torch/_subclasses/fake_tensor.py", line 1238, in __torch_dispatch__
W0528 22:35:46.765000 269 site-packages/torch/_dynamo/convert_frame.py:1125]     return self.dispatch(func, types, args, kwargs)
W0528 22:35:46.765000 269 site-packages/torch/_dynamo/convert_frame.py:1125]            ^^^^^^^^^^^^^^^^^^^^^^^^^^^^^^^^^^^^^^^^
W0528 22:35:46.765000 269 site-packages/torch/_dynamo/convert_frame.py:1125]   File "/usr/local/lib/python3.12/site-packages/torch/_subclasses/fake_tensor.py", line 1692, in dispatch
W0528 22:35:46.765000 269 site-packages/torch/_dynamo/convert_frame.py:1125]     return self._cached_dispatch_impl(func, types, args, kwargs)
W0528 22:35:46.765000 269 site-packages/torch/_dynamo/convert_frame.py:1125]            ^^^^^^^^^^^^^^^^^^^^^^^^^^^^^^^^^^^^^^^^^^^^^^^^^^^^^
W0528 22:35:46.765000 269 site-packages/torch/_dynamo/convert_frame.py:1125]   File "/usr/local/lib/python3.12/site-packages/torch/_subclasses/fake_tensor.py", line 1339, in _cached_dispatch_impl
W0528 22:35:46.765000 269 site-packages/torch/_dynamo/convert_frame.py:1125]     output = self._dispatch_impl(func, types, args, kwargs)
W0528 22:35:46.765000 269 site-packages/torch/_dynamo/convert_frame.py:1125]              ^^^^^^^^^^^^^^^^^^^^^^^^^^^^^^^^^^^^^^^^^^^^^^
W0528 22:35:46.765000 269 site-packages/torch/_dynamo/convert_frame.py:1125]   File "/usr/local/lib/python3.12/site-packages/torch/_subclasses/fake_tensor.py", line 2013, in _dispatch_impl
W0528 22:35:46.765000 269 site-packages/torch/_dynamo/convert_frame.py:1125]     r = func(*args, **kwargs)
W0528 22:35:46.765000 269 site-packages/torch/_dynamo/convert_frame.py:1125]         ^^^^^^^^^^^^^^^^^^^^^
W0528 22:35:46.765000 269 site-packages/torch/_dynamo/convert_frame.py:1125]   File "/usr/local/lib/python3.12/site-packages/torch/_ops.py", line 716, in __call__
W0528 22:35:46.765000 269 site-packages/torch/_dynamo/convert_frame.py:1125]     return self._op(*args, **kwargs)
W0528 22:35:46.765000 269 site-packages/torch/_dynamo/convert_frame.py:1125]            ^^^^^^^^^^^^^^^^^^^^^^^^^
W0528 22:35:46.765000 269 site-packages/torch/_dynamo/convert_frame.py:1125]   File "/usr/local/lib/python3.12/site-packages/torch/_decomp/__init__.py", line 88, in _fn
W0528 22:35:46.765000 269 site-packages/torch/_dynamo/convert_frame.py:1125]     return f(*args, **kwargs, out=None if is_none else out_kwargs)
W0528 22:35:46.765000 269 site-packages/torch/_dynamo/convert_frame.py:1125]            ^^^^^^^^^^^^^^^^^^^^^^^^^^^^^^^^^^^^^^^^^^^^^^^^^^^^^^^
W0528 22:35:46.765000 269 site-packages/torch/_dynamo/convert_frame.py:1125]   File "/usr/local/lib/python3.12/site-packages/torch/_prims_common/wrappers.py", line 273, in _fn
W0528 22:35:46.765000 269 site-packages/torch/_dynamo/convert_frame.py:1125]     result = fn(*args, **kwargs)
W0528 22:35:46.765000 269 site-packages/torch/_dynamo/convert_frame.py:1125]              ^^^^^^^^^^^^^^^^^^^
W0528 22:35:46.765000 269 site-packages/torch/_dynamo/convert_frame.py:1125]   File "/usr/local/lib/python3.12/site-packages/torch/_refs/__init__.py", line 3223, in native_layer_norm
W0528 22:35:46.765000 269 site-packages/torch/_dynamo/convert_frame.py:1125]     torch._check(
W0528 22:35:46.765000 269 site-packages/torch/_dynamo/convert_frame.py:1125]   File "/usr/local/lib/python3.12/site-packages/torch/__init__.py", line 1564, in _check
W0528 22:35:46.765000 269 site-packages/torch/_dynamo/convert_frame.py:1125]     _check_with(RuntimeError, cond, message)
W0528 22:35:46.765000 269 site-packages/torch/_dynamo/convert_frame.py:1125]   File "/usr/local/lib/python3.12/site-packages/torch/__init__.py", line 1546, in _check_with
W0528 22:35:46.765000 269 site-packages/torch/_dynamo/convert_frame.py:1125]     raise error_type(message_evaluated)
W0528 22:35:46.765000 269 site-packages/torch/_dynamo/convert_frame.py:1125] torch._dynamo.exc.TorchRuntimeError: Failed running call_function <function layer_norm at 0x2a67588c22a0>(*(FakeTensor(..., device='cuda:0', size=(1, 6, 3, 3)), (6,)), **{'weight': None, 'bias': None, 'eps': 1e-05}):
W0528 22:35:46.765000 269 site-packages/torch/_dynamo/convert_frame.py:1125] Given normalized_shape=[6], expected input with shape [6], but got input of size torch.Size([1, 6, 3, 3])
W0528 22:35:46.765000 269 site-packages/torch/_dynamo/convert_frame.py:1125] 
W0528 22:35:46.765000 269 site-packages/torch/_dynamo/convert_frame.py:1125] from user code:
W0528 22:35:46.765000 269 site-packages/torch/_dynamo/convert_frame.py:1125]    File "/data/results/lmstudio_prompt12_general_router_20260528-152031/call_acc/fused_silu_layer_norm_conv2d.py", line 32, in _fused_silu_layer_norm_conv2d_impl
W0528 22:35:46.765000 269 site-packages/torch/_dynamo/convert_frame.py:1125]     ln_out = F.layer_norm(conv_out, normalized_shape, weight=w, bias=None, eps=ln_eps)
W0528 22:35:46.765000 269 site-packages/torch/_dynamo/convert_frame.py:1125] 
W0528 22:35:46.765000 269 site-packages/torch/_dynamo/convert_frame.py:1125] Set TORCH_LOGS="+dynamo" and TORCHDYNAMO_VERBOSE=1 for more information
W0528 22:35:46.765000 269 site-packages/torch/_dynamo/convert_frame.py:1125] 
Traceback (most recent call last):
  File "/data/results/lmstudio_prompt12_general_router_20260528-152031/call_acc/fused_silu_layer_norm_conv2d.py", line 46, in fused_silu_layer_norm_conv2d
    y = _fused_silu_layer_norm_conv2d_fast(x, weight, conv_weight, conv_bias, conv_stride, conv_padding, conv_dilation, conv_groups, ln_eps)
        ^^^^^^^^^^^^^^^^^^^^^^^^^^^^^^^^^^^^^^^^^^^^^^^^^^^^^^^^^^^^^^^^^^^^^^^^^^^^^^^^^^^^^^^^^^^^^^^^^^^^^^^^^^^^^^^^^^^^^^^^^^^^^^^^^^^^
  File "/usr/local/lib/python3.12/site-packages/torch/_dynamo/eval_frame.py", line 465, in _fn
    return fn(*args, **kwargs)
           ^^^^^^^^^^^^^^^^^^^
  File "/data/results/lmstudio_prompt12_general_router_20260528-152031/call_acc/fused_silu_layer_norm_conv2d.py", line 32, in _fused_silu_layer_norm_conv2d_impl
    ln_out = F.layer_norm(conv_out, normalized_shape, weight=w, bias=None, eps=ln_eps)
             ^^^^^^^^^^^^^^^^^^^^^^^^^^^^^^^^^^^^^^^^^^^^^^^^^^^^^^^^^^^^^^^^^^^^^^^^^
  File "/usr/local/lib/python3.12/site-packages/torch/nn/functional.py", line 2900, in layer_norm
    return torch.layer_norm(
           ^^^^^^^^^^^^^^^^^
RuntimeError: Given normalized_shape=[6], expected input with shape [*, 6], but got input of size[1, 6, 3, 3]

During handling of the above exception, another exception occurred:

Traceback (most recent call last):
  File "/data/results/lmstudio_prompt12_general_router_20260528-152031/call_acc/fused_silu_layer_norm_conv2d.py", line 84, in <module>
    test_results = test_fused_silu_layer_norm_conv2d()
                   ^^^^^^^^^^^^^^^^^^^^^^^^^^^^^^^^^^^
  File "/data/results/lmstudio_prompt12_general_router_20260528-152031/call_acc/fused_silu_layer_norm_conv2d.py", line 70, in test_fused_silu_layer_norm_conv2d
    results['test_case_1'] = fused_silu_layer_norm_conv2d(x, None, conv_weight)
                             ^^^^^^^^^^^^^^^^^^^^^^^^^^^^^^^^^^^^^^^^^^^^^^^^^^
  File "/data/results/lmstudio_prompt12_general_router_20260528-152031/call_acc/fused_silu_layer_norm_conv2d.py", line 48, in fused_silu_layer_norm_conv2d
    y = _fused_silu_layer_norm_conv2d_impl(x, weight, conv_weight, conv_bias, conv_stride, conv_padding, conv_dilation, conv_groups, ln_eps)
        ^^^^^^^^^^^^^^^^^^^^^^^^^^^^^^^^^^^^^^^^^^^^^^^^^^^^^^^^^^^^^^^^^^^^^^^^^^^^^^^^^^^^^^^^^^^^^^^^^^^^^^^^^^^^^^^^^^^^^^^^^^^^^^^^^^^^
  File "/data/results/lmstudio_prompt12_general_router_20260528-152031/call_acc/fused_silu_layer_norm_conv2d.py", line 32, in _fused_silu_layer_norm_conv2d_impl
    ln_out = F.layer_norm(conv_out, normalized_shape, weight=w, bias=None, eps=ln_eps)
             ^^^^^^^^^^^^^^^^^^^^^^^^^^^^^^^^^^^^^^^^^^^^^^^^^^^^^^^^^^^^^^^^^^^^^^^^^
  File "/usr/local/lib/python3.12/site-packages/torch/nn/functional.py", line 2900, in layer_norm
    return torch.layer_norm(
           ^^^^^^^^^^^^^^^^^
RuntimeError: Given normalized_shape=[6], expected input with shape [*, 6], but got input of size[1, 6, 3, 3]

=== Output for fused_index_select_eq.py on GPU 0 ===

=== Errors for fused_index_select_eq.py on GPU 0 ===

=== Output for argmax.py on GPU 0 ===

=== Errors for argmax.py on GPU 0 ===

=== Output for fused_lu_solve.py on GPU 0 ===

=== Errors for fused_lu_solve.py on GPU 0 ===
Traceback (most recent call last):
  File "/data/results/lmstudio_prompt12_general_router_20260528-152031/call_acc/fused_lu_solve.py", line 59, in <module>
    test_results = test_fused_lu_solve()
                   ^^^^^^^^^^^^^^^^^^^^^
  File "/data/results/lmstudio_prompt12_general_router_20260528-152031/call_acc/fused_lu_solve.py", line 37, in test_fused_lu_solve
    results["test_case_1"] = fused_lu_solve(A1, b1)
                             ^^^^^^^^^^^^^^^^^^^^^^
  File "/data/results/lmstudio_prompt12_general_router_20260528-152031/call_acc/fused_lu_solve.py", line 24, in fused_lu_solve
    x = torch.linalg.lu_solve(lu, pivots, b)
        ^^^^^^^^^^^^^^^^^^^^^^^^^^^^^^^^^^^^
RuntimeError: linalg.lu_solve: The input tensor B must have at least 2 dimensions.

Deleted dropout_relu_batch_norm_conv2d.py
Deleted fused_bmm_rmsnorm_gelu_dropout_sub.py
Deleted fused_lu_solve.py
Deleted fused_mv_logsoftmax_dropout.py
Deleted fused_silu_layer_norm_conv2d.py
Deleted solve_multiple_lu.py
Deleted svd.py

Correct execution rate: 65.00%
['div.py', 'sigmoid_conv2d.py', 'tanh.py', 'relu_sqrt.py', 'sqrt.py', 'sigmoid_argmax.py', 'sub.py', 'grid_sample.py', 'i0.py', 'rsqrt.py', 'add.py', 'fused_index_select_eq.py', 'argmax.py']
Above is call test for lmstudio_qwen_qwen3.6-35b-a3b_simp_limit20_20260528-152038
================================================================================================================================================================

call_acc survivors: 13 / 20

======================================================================
=== Phase 2: execution accuracy ===
======================================================================

Correct execution rate: 100.00% = 13 / 13
above is the compare execution for /data/results/lmstudio_prompt12_general_router_20260528-152031/call_acc
================================================================================================================================================================================================================================================

exe_acc survivors: 13 / 20

======================================================================
=== Phase 3: efficiency ===
======================================================================

[1AProcess:   0%|                                           | 0/13 [00:00<?, ?it/s]
[1AProcess:   8%|██▋                                | 1/13 [00:26<05:20, 26.70s/it]
[1AProcess:  15%|█████▍                             | 2/13 [01:00<05:42, 31.11s/it]
[1AProcess:  23%|████████                           | 3/13 [01:26<04:46, 28.63s/it]
[1AProcess:  31%|██████████▊                        | 4/13 [02:02<04:41, 31.31s/it]
[1AProcess:  38%|█████████████▍                     | 5/13 [02:13<03:12, 24.09s/it]
[1AProcess:  46%|████████████████▏                  | 6/13 [02:35<02:45, 23.60s/it]
[1AProcess:  54%|██████████████████▊                | 7/13 [03:02<02:27, 24.60s/it]Runner killed (SIGKILL), exit code: 137. Most often this happens when the process runs out of memory. Consider increasing or reserving memory to avoid unexpected termination: https://modal.com/docs/guide/resources

==========
== CUDA ==
==========

CUDA Version 12.4.1

Container image Copyright (c) 2016-2023, NVIDIA CORPORATION & AFFILIATES. All rights reserved.

This container image and its contents are governed by the NVIDIA Deep Learning Container License.
By pulling and using the container, you accept the terms and conditions of this license:
https://developer.nvidia.com/ngc/nvidia-deep-learning-container-license

A copy of this license is made available in this container at /NGC-DL-CONTAINER-LICENSE for your convenience.


======================================================================
=== Phase 1: call accuracy ===
======================================================================
instruction
=== Output for fused_bmm_rmsnorm_gelu_dropout_sub.py on GPU 0 ===

=== Errors for fused_bmm_rmsnorm_gelu_dropout_sub.py on GPU 0 ===
E0528 22:52:02.395000 27 site-packages/torch/_subclasses/fake_tensor.py:2017] [0/0] failed while attempting to run meta for aten.mean.dim
E0528 22:52:02.395000 27 site-packages/torch/_subclasses/fake_tensor.py:2017] [0/0] Traceback (most recent call last):
E0528 22:52:02.395000 27 site-packages/torch/_subclasses/fake_tensor.py:2017] [0/0]   File "/usr/local/lib/python3.12/site-packages/torch/_subclasses/fake_tensor.py", line 2013, in _dispatch_impl
E0528 22:52:02.395000 27 site-packages/torch/_subclasses/fake_tensor.py:2017] [0/0]     r = func(*args, **kwargs)
E0528 22:52:02.395000 27 site-packages/torch/_subclasses/fake_tensor.py:2017] [0/0]         ^^^^^^^^^^^^^^^^^^^^^
E0528 22:52:02.395000 27 site-packages/torch/_subclasses/fake_tensor.py:2017] [0/0]   File "/usr/local/lib/python3.12/site-packages/torch/_ops.py", line 716, in __call__
E0528 22:52:02.395000 27 site-packages/torch/_subclasses/fake_tensor.py:2017] [0/0]     return self._op(*args, **kwargs)
E0528 22:52:02.395000 27 site-packages/torch/_subclasses/fake_tensor.py:2017] [0/0]            ^^^^^^^^^^^^^^^^^^^^^^^^^
E0528 22:52:02.395000 27 site-packages/torch/_subclasses/fake_tensor.py:2017] [0/0]   File "/usr/local/lib/python3.12/site-packages/torch/_refs/__init__.py", line 2476, in mean
E0528 22:52:02.395000 27 site-packages/torch/_subclasses/fake_tensor.py:2017] [0/0]     result = _reduction(
E0528 22:52:02.395000 27 site-packages/torch/_subclasses/fake_tensor.py:2017] [0/0]              ^^^^^^^^^^^
E0528 22:52:02.395000 27 site-packages/torch/_subclasses/fake_tensor.py:2017] [0/0]   File "/usr/local/lib/python3.12/site-packages/torch/_refs/__init__.py", line 2171, in _reduction
E0528 22:52:02.395000 27 site-packages/torch/_subclasses/fake_tensor.py:2017] [0/0]     dims = utils.reduction_dims(a.shape, dims)
E0528 22:52:02.395000 27 site-packages/torch/_subclasses/fake_tensor.py:2017] [0/0]            ^^^^^^^^^^^^^^^^^^^^^^^^^^^^^^^^^^^
E0528 22:52:02.395000 27 site-packages/torch/_subclasses/fake_tensor.py:2017] [0/0]   File "/usr/local/lib/python3.12/site-packages/torch/_prims_common/__init__.py", line 1713, in reduction_dims
E0528 22:52:02.395000 27 site-packages/torch/_subclasses/fake_tensor.py:2017] [0/0]     dims = tuple(canonicalize_dim(len(shape), idx) for idx in dims)
E0528 22:52:02.395000 27 site-packages/torch/_subclasses/fake_tensor.py:2017] [0/0]            ^^^^^^^^^^^^^^^^^^^^^^^^^^^^^^^^^^^^^^^^^^^^^^^^^^^^^^^^
E0528 22:52:02.395000 27 site-packages/torch/_subclasses/fake_tensor.py:2017] [0/0]   File "/usr/local/lib/python3.12/site-packages/torch/_prims_common/__init__.py", line 1713, in <genexpr>
E0528 22:52:02.395000 27 site-packages/torch/_subclasses/fake_tensor.py:2017] [0/0]     dims = tuple(canonicalize_dim(len(shape), idx) for idx in dims)
E0528 22:52:02.395000 27 site-packages/torch/_subclasses/fake_tensor.py:2017] [0/0]                  ^^^^^^^^^^^^^^^^^^^^^^^^^^^^^^^^^
E0528 22:52:02.395000 27 site-packages/torch/_subclasses/fake_tensor.py:2017] [0/0]   File "/usr/local/lib/python3.12/site-packages/torch/_prims_common/__init__.py", line 663, in canonicalize_dim
E0528 22:52:02.395000 27 site-packages/torch/_subclasses/fake_tensor.py:2017] [0/0]     raise IndexError(msg)
E0528 22:52:02.395000 27 site-packages/torch/_subclasses/fake_tensor.py:2017] [0/0] IndexError: Dimension out of range (expected to be in range of [-3, 2], but got -5)
W0528 22:52:02.412000 27 site-packages/torch/_dynamo/convert_frame.py:1125] WON'T CONVERT _fused_bmm_rmsnorm_gelu_dropout_sub_impl /data/results/lmstudio_prompt12_general_router_20260528-152031/call_acc/fused_bmm_rmsnorm_gelu_dropout_sub.py line 22 
W0528 22:52:02.412000 27 site-packages/torch/_dynamo/convert_frame.py:1125] due to: 
W0528 22:52:02.412000 27 site-packages/torch/_dynamo/convert_frame.py:1125] Traceback (most recent call last):
W0528 22:52:02.412000 27 site-packages/torch/_dynamo/convert_frame.py:1125]   File "/usr/local/lib/python3.12/site-packages/torch/_dynamo/convert_frame.py", line 1064, in __call__
W0528 22:52:02.412000 27 site-packages/torch/_dynamo/convert_frame.py:1125]     result = self._inner_convert(
W0528 22:52:02.412000 27 site-packages/torch/_dynamo/convert_frame.py:1125]              ^^^^^^^^^^^^^^^^^^^^
W0528 22:52:02.412000 27 site-packages/torch/_dynamo/convert_frame.py:1125]   File "/usr/local/lib/python3.12/site-packages/torch/_dynamo/convert_frame.py", line 526, in __call__
W0528 22:52:02.412000 27 site-packages/torch/_dynamo/convert_frame.py:1125]     return _compile(
W0528 22:52:02.412000 27 site-packages/torch/_dynamo/convert_frame.py:1125]            ^^^^^^^^^
W0528 22:52:02.412000 27 site-packages/torch/_dynamo/convert_frame.py:1125]   File "/usr/local/lib/python3.12/site-packages/torch/_dynamo/convert_frame.py", line 924, in _compile
W0528 22:52:02.412000 27 site-packages/torch/_dynamo/convert_frame.py:1125]     guarded_code = compile_inner(code, one_graph, hooks, transform)
W0528 22:52:02.412000 27 site-packages/torch/_dynamo/convert_frame.py:1125]                    ^^^^^^^^^^^^^^^^^^^^^^^^^^^^^^^^^^^^^^^^^^^^^^^^
W0528 22:52:02.412000 27 site-packages/torch/_dynamo/convert_frame.py:1125]   File "/usr/local/lib/python3.12/site-packages/torch/_dynamo/convert_frame.py", line 666, in compile_inner
W0528 22:52:02.412000 27 site-packages/torch/_dynamo/convert_frame.py:1125]     return _compile_inner(code, one_graph, hooks, transform)
W0528 22:52:02.412000 27 site-packages/torch/_dynamo/convert_frame.py:1125]            ^^^^^^^^^^^^^^^^^^^^^^^^^^^^^^^^^^^^^^^^^^^^^^^^^
W0528 22:52:02.412000 27 site-packages/torch/_dynamo/convert_frame.py:1125]   File "/usr/local/lib/python3.12/site-packages/torch/_utils_internal.py", line 87, in wrapper_function
W0528 22:52:02.412000 27 site-packages/torch/_dynamo/convert_frame.py:1125]     return function(*args, **kwargs)
W0528 22:52:02.412000 27 site-packages/torch/_dynamo/convert_frame.py:1125]            ^^^^^^^^^^^^^^^^^^^^^^^^^
W0528 22:52:02.412000 27 site-packages/torch/_dynamo/convert_frame.py:1125]   File "/usr/local/lib/python3.12/site-packages/torch/_dynamo/convert_frame.py", line 699, in _compile_inner
W0528 22:52:02.412000 27 site-packages/torch/_dynamo/convert_frame.py:1125]     out_code = transform_code_object(code, transform)
W0528 22:52:02.412000 27 site-packages/torch/_dynamo/convert_frame.py:1125]                ^^^^^^^^^^^^^^^^^^^^^^^^^^^^^^^^^^^^^^
W0528 22:52:02.412000 27 site-packages/torch/_dynamo/convert_frame.py:1125]   File "/usr/local/lib/python3.12/site-packages/torch/_dynamo/bytecode_transformation.py", line 1322, in transform_code_object
W0528 22:52:02.412000 27 site-packages/torch/_dynamo/convert_frame.py:1125]     transformations(instructions, code_options)
W0528 22:52:02.412000 27 site-packages/torch/_dynamo/convert_frame.py:1125]   File "/usr/local/lib/python3.12/site-packages/torch/_dynamo/convert_frame.py", line 219, in _fn
W0528 22:52:02.412000 27 site-packages/torch/_dynamo/convert_frame.py:1125]     return fn(*args, **kwargs)
W0528 22:52:02.412000 27 site-packages/torch/_dynamo/convert_frame.py:1125]            ^^^^^^^^^^^^^^^^^^^
W0528 22:52:02.412000 27 site-packages/torch/_dynamo/convert_frame.py:1125]   File "/usr/local/lib/python3.12/site-packages/torch/_dynamo/convert_frame.py", line 634, in transform
W0528 22:52:02.412000 27 site-packages/torch/_dynamo/convert_frame.py:1125]     tracer.run()
W0528 22:52:02.412000 27 site-packages/torch/_dynamo/convert_frame.py:1125]   File "/usr/local/lib/python3.12/site-packages/torch/_dynamo/symbolic_convert.py", line 2796, in run
W0528 22:52:02.412000 27 site-packages/torch/_dynamo/convert_frame.py:1125]     super().run()
W0528 22:52:02.412000 27 site-packages/torch/_dynamo/convert_frame.py:1125]   File "/usr/local/lib/python3.12/site-packages/torch/_dynamo/symbolic_convert.py", line 983, in run
W0528 22:52:02.412000 27 site-packages/torch/_dynamo/convert_frame.py:1125]     while self.step():
W0528 22:52:02.412000 27 site-packages/torch/_dynamo/convert_frame.py:1125]           ^^^^^^^^^^^
W0528 22:52:02.412000 27 site-packages/torch/_dynamo/convert_frame.py:1125]   File "/usr/local/lib/python3.12/site-packages/torch/_dynamo/symbolic_convert.py", line 895, in step
W0528 22:52:02.412000 27 site-packages/torch/_dynamo/convert_frame.py:1125]     self.dispatch_table[inst.opcode](self, inst)
W0528 22:52:02.412000 27 site-packages/torch/_dynamo/convert_frame.py:1125]   File "/usr/local/lib/python3.12/site-packages/torch/_dynamo/symbolic_convert.py", line 582, in wrapper
W0528 22:52:02.412000 27 site-packages/torch/_dynamo/convert_frame.py:1125]     return inner_fn(self, inst)
W0528 22:52:02.412000 27 site-packages/torch/_dynamo/convert_frame.py:1125]            ^^^^^^^^^^^^^^^^^^^^
W0528 22:52:02.412000 27 site-packages/torch/_dynamo/convert_frame.py:1125]   File "/usr/local/lib/python3.12/site-packages/torch/_dynamo/symbolic_convert.py", line 2279, in CALL
W0528 22:52:02.412000 27 site-packages/torch/_dynamo/convert_frame.py:1125]     self._call(inst)
W0528 22:52:02.412000 27 site-packages/torch/_dynamo/convert_frame.py:1125]   File "/usr/local/lib/python3.12/site-packages/torch/_dynamo/symbolic_convert.py", line 2273, in _call
W0528 22:52:02.412000 27 site-packages/torch/_dynamo/convert_frame.py:1125]     self.call_function(fn, args, kwargs)
W0528 22:52:02.412000 27 site-packages/torch/_dynamo/convert_frame.py:1125]   File "/usr/local/lib/python3.12/site-packages/torch/_dynamo/symbolic_convert.py", line 830, in call_function
W0528 22:52:02.412000 27 site-packages/torch/_dynamo/convert_frame.py:1125]     self.push(fn.call_function(self, args, kwargs))  # type: ignore[arg-type]
W0528 22:52:02.412000 27 site-packages/torch/_dynamo/convert_frame.py:1125]               ^^^^^^^^^^^^^^^^^^^^^^^^^^^^^^^^^^^^
W0528 22:52:02.412000 27 site-packages/torch/_dynamo/convert_frame.py:1125]   File "/usr/local/lib/python3.12/site-packages/torch/_dynamo/variables/misc.py", line 1024, in call_function
W0528 22:52:02.412000 27 site-packages/torch/_dynamo/convert_frame.py:1125]     return self.obj.call_method(tx, self.name, args, kwargs)
W0528 22:52:02.412000 27 site-packages/torch/_dynamo/convert_frame.py:1125]            ^^^^^^^^^^^^^^^^^^^^^^^^^^^^^^^^^^^^^^^^^^^^^^^^^
W0528 22:52:02.412000 27 site-packages/torch/_dynamo/convert_frame.py:1125]   File "/usr/local/lib/python3.12/site-packages/torch/_dynamo/variables/tensor.py", line 535, in call_method
W0528 22:52:02.412000 27 site-packages/torch/_dynamo/convert_frame.py:1125]     return wrap_fx_proxy(
W0528 22:52:02.412000 27 site-packages/torch/_dynamo/convert_frame.py:1125]            ^^^^^^^^^^^^^^
W0528 22:52:02.412000 27 site-packages/torch/_dynamo/convert_frame.py:1125]   File "/usr/local/lib/python3.12/site-packages/torch/_dynamo/variables/builder.py", line 2037, in wrap_fx_proxy
W0528 22:52:02.412000 27 site-packages/torch/_dynamo/convert_frame.py:1125]     return wrap_fx_proxy_cls(target_cls=TensorVariable, **kwargs)
W0528 22:52:02.412000 27 site-packages/torch/_dynamo/convert_frame.py:1125]            ^^^^^^^^^^^^^^^^^^^^^^^^^^^^^^^^^^^^^^^^^^^^^^^^^^^^^^
W0528 22:52:02.412000 27 site-packages/torch/_dynamo/convert_frame.py:1125]   File "/usr/local/lib/python3.12/site-packages/torch/_dynamo/variables/builder.py", line 2124, in wrap_fx_proxy_cls
W0528 22:52:02.412000 27 site-packages/torch/_dynamo/convert_frame.py:1125]     example_value = get_fake_value(proxy.node, tx, allow_non_graph_fake=True)
W0528 22:52:02.412000 27 site-packages/torch/_dynamo/convert_frame.py:1125]                     ^^^^^^^^^^^^^^^^^^^^^^^^^^^^^^^^^^^^^^^^^^^^^^^^^^^^^^^^^
W0528 22:52:02.412000 27 site-packages/torch/_dynamo/convert_frame.py:1125]   File "/usr/local/lib/python3.12/site-packages/torch/_dynamo/utils.py", line 2082, in get_fake_value
W0528 22:52:02.412000 27 site-packages/torch/_dynamo/convert_frame.py:1125]     raise TorchRuntimeError(str(e)).with_traceback(e.__traceback__) from None
W0528 22:52:02.412000 27 site-packages/torch/_dynamo/convert_frame.py:1125]   File "/usr/local/lib/python3.12/site-packages/torch/_dynamo/utils.py", line 2017, in get_fake_value
W0528 22:52:02.412000 27 site-packages/torch/_dynamo/convert_frame.py:1125]     ret_val = wrap_fake_exception(
W0528 22:52:02.412000 27 site-packages/torch/_dynamo/convert_frame.py:1125]               ^^^^^^^^^^^^^^^^^^^^
W0528 22:52:02.412000 27 site-packages/torch/_dynamo/convert_frame.py:1125]   File "/usr/local/lib/python3.12/site-packages/torch/_dynamo/utils.py", line 1574, in wrap_fake_exception
W0528 22:52:02.412000 27 site-packages/torch/_dynamo/convert_frame.py:1125]     return fn()
W0528 22:52:02.412000 27 site-packages/torch/_dynamo/convert_frame.py:1125]            ^^^^
W0528 22:52:02.412000 27 site-packages/torch/_dynamo/convert_frame.py:1125]   File "/usr/local/lib/python3.12/site-packages/torch/_dynamo/utils.py", line 2018, in <lambda>
W0528 22:52:02.412000 27 site-packages/torch/_dynamo/convert_frame.py:1125]     lambda: run_node(tx.output, node, args, kwargs, nnmodule)
W0528 22:52:02.412000 27 site-packages/torch/_dynamo/convert_frame.py:1125]             ^^^^^^^^^^^^^^^^^^^^^^^^^^^^^^^^^^^^^^^^^^^^^^^^^
W0528 22:52:02.412000 27 site-packages/torch/_dynamo/convert_frame.py:1125]   File "/usr/local/lib/python3.12/site-packages/torch/_dynamo/utils.py", line 2150, in run_node
W0528 22:52:02.412000 27 site-packages/torch/_dynamo/convert_frame.py:1125]     raise RuntimeError(make_error_message(e)).with_traceback(
W0528 22:52:02.412000 27 site-packages/torch/_dynamo/convert_frame.py:1125]   File "/usr/local/lib/python3.12/site-packages/torch/_dynamo/utils.py", line 2134, in run_node
W0528 22:52:02.412000 27 site-packages/torch/_dynamo/convert_frame.py:1125]     return getattr(args[0], node.target)(*args[1:], **kwargs)
W0528 22:52:02.412000 27 site-packages/torch/_dynamo/convert_frame.py:1125]            ^^^^^^^^^^^^^^^^^^^^^^^^^^^^^^^^^^^^^^^^^^^^^^^^^^
W0528 22:52:02.412000 27 site-packages/torch/_dynamo/convert_frame.py:1125]   File "/usr/local/lib/python3.12/site-packages/torch/utils/_stats.py", line 21, in wrapper
W0528 22:52:02.412000 27 site-packages/torch/_dynamo/convert_frame.py:1125]     return fn(*args, **kwargs)
W0528 22:52:02.412000 27 site-packages/torch/_dynamo/convert_frame.py:1125]            ^^^^^^^^^^^^^^^^^^^
W0528 22:52:02.412000 27 site-packages/torch/_dynamo/convert_frame.py:1125]   File "/usr/local/lib/python3.12/site-packages/torch/_subclasses/fake_tensor.py", line 1238, in __torch_dispatch__
W0528 22:52:02.412000 27 site-packages/torch/_dynamo/convert_frame.py:1125]     return self.dispatch(func, types, args, kwargs)
W0528 22:52:02.412000 27 site-packages/torch/_dynamo/convert_frame.py:1125]            ^^^^^^^^^^^^^^^^^^^^^^^^^^^^^^^^^^^^^^^^
W0528 22:52:02.412000 27 site-packages/torch/_dynamo/convert_frame.py:1125]   File "/usr/local/lib/python3.12/site-packages/torch/_subclasses/fake_tensor.py", line 1692, in dispatch
W0528 22:52:02.412000 27 site-packages/torch/_dynamo/convert_frame.py:1125]     return self._cached_dispatch_impl(func, types, args, kwargs)
W0528 22:52:02.412000 27 site-packages/torch/_dynamo/convert_frame.py:1125]            ^^^^^^^^^^^^^^^^^^^^^^^^^^^^^^^^^^^^^^^^^^^^^^^^^^^^^
W0528 22:52:02.412000 27 site-packages/torch/_dynamo/convert_frame.py:1125]   File "/usr/local/lib/python3.12/site-packages/torch/_subclasses/fake_tensor.py", line 1339, in _cached_dispatch_impl
W0528 22:52:02.412000 27 site-packages/torch/_dynamo/convert_frame.py:1125]     output = self._dispatch_impl(func, types, args, kwargs)
W0528 22:52:02.412000 27 site-packages/torch/_dynamo/convert_frame.py:1125]              ^^^^^^^^^^^^^^^^^^^^^^^^^^^^^^^^^^^^^^^^^^^^^^
W0528 22:52:02.412000 27 site-packages/torch/_dynamo/convert_frame.py:1125]   File "/usr/local/lib/python3.12/site-packages/torch/_subclasses/fake_tensor.py", line 2013, in _dispatch_impl
W0528 22:52:02.412000 27 site-packages/torch/_dynamo/convert_frame.py:1125]     r = func(*args, **kwargs)
W0528 22:52:02.412000 27 site-packages/torch/_dynamo/convert_frame.py:1125]         ^^^^^^^^^^^^^^^^^^^^^
W0528 22:52:02.412000 27 site-packages/torch/_dynamo/convert_frame.py:1125]   File "/usr/local/lib/python3.12/site-packages/torch/_ops.py", line 716, in __call__
W0528 22:52:02.412000 27 site-packages/torch/_dynamo/convert_frame.py:1125]     return self._op(*args, **kwargs)
W0528 22:52:02.412000 27 site-packages/torch/_dynamo/convert_frame.py:1125]            ^^^^^^^^^^^^^^^^^^^^^^^^^
W0528 22:52:02.412000 27 site-packages/torch/_dynamo/convert_frame.py:1125]   File "/usr/local/lib/python3.12/site-packages/torch/_refs/__init__.py", line 2476, in mean
W0528 22:52:02.412000 27 site-packages/torch/_dynamo/convert_frame.py:1125]     result = _reduction(
W0528 22:52:02.412000 27 site-packages/torch/_dynamo/convert_frame.py:1125]              ^^^^^^^^^^^
W0528 22:52:02.412000 27 site-packages/torch/_dynamo/convert_frame.py:1125]   File "/usr/local/lib/python3.12/site-packages/torch/_refs/__init__.py", line 2171, in _reduction
W0528 22:52:02.412000 27 site-packages/torch/_dynamo/convert_frame.py:1125]     dims = utils.reduction_dims(a.shape, dims)
W0528 22:52:02.412000 27 site-packages/torch/_dynamo/convert_frame.py:1125]            ^^^^^^^^^^^^^^^^^^^^^^^^^^^^^^^^^^^
W0528 22:52:02.412000 27 site-packages/torch/_dynamo/convert_frame.py:1125]   File "/usr/local/lib/python3.12/site-packages/torch/_prims_common/__init__.py", line 1713, in reduction_dims
W0528 22:52:02.412000 27 site-packages/torch/_dynamo/convert_frame.py:1125]     dims = tuple(canonicalize_dim(len(shape), idx) for idx in dims)
W0528 22:52:02.412000 27 site-packages/torch/_dynamo/convert_frame.py:1125]            ^^^^^^^^^^^^^^^^^^^^^^^^^^^^^^^^^^^^^^^^^^^^^^^^^^^^^^^^
W0528 22:52:02.412000 27 site-packages/torch/_dynamo/convert_frame.py:1125]   File "/usr/local/lib/python3.12/site-packages/torch/_prims_common/__init__.py", line 1713, in <genexpr>
W0528 22:52:02.412000 27 site-packages/torch/_dynamo/convert_frame.py:1125]     dims = tuple(canonicalize_dim(len(shape), idx) for idx in dims)
W0528 22:52:02.412000 27 site-packages/torch/_dynamo/convert_frame.py:1125]                  ^^^^^^^^^^^^^^^^^^^^^^^^^^^^^^^^^
W0528 22:52:02.412000 27 site-packages/torch/_dynamo/convert_frame.py:1125]   File "/usr/local/lib/python3.12/site-packages/torch/_prims_common/__init__.py", line 663, in canonicalize_dim
W0528 22:52:02.412000 27 site-packages/torch/_dynamo/convert_frame.py:1125]     raise IndexError(msg)
W0528 22:52:02.412000 27 site-packages/torch/_dynamo/convert_frame.py:1125] torch._dynamo.exc.TorchRuntimeError: Failed running call_method mean(*(FakeTensor(..., device='cuda:0', size=(2, 3, 5)),), **{'dim': (-5,), 'keepdim': True}):
W0528 22:52:02.412000 27 site-packages/torch/_dynamo/convert_frame.py:1125] Dimension out of range (expected to be in range of [-3, 2], but got -5)
W0528 22:52:02.412000 27 site-packages/torch/_dynamo/convert_frame.py:1125] 
W0528 22:52:02.412000 27 site-packages/torch/_dynamo/convert_frame.py:1125] from user code:
W0528 22:52:02.412000 27 site-packages/torch/_dynamo/convert_frame.py:1125]    File "/data/results/lmstudio_prompt12_general_router_20260528-152031/call_acc/fused_bmm_rmsnorm_gelu_dropout_sub.py", line 31, in _fused_bmm_rmsnorm_gelu_dropout_sub_impl
W0528 22:52:02.412000 27 site-packages/torch/_dynamo/convert_frame.py:1125]     mean = squared.mean(dim=norm_dims, keepdim=True)
W0528 22:52:02.412000 27 site-packages/torch/_dynamo/convert_frame.py:1125] 
W0528 22:52:02.412000 27 site-packages/torch/_dynamo/convert_frame.py:1125] Set TORCH_LOGS="+dynamo" and TORCHDYNAMO_VERBOSE=1 for more information
W0528 22:52:02.412000 27 site-packages/torch/_dynamo/convert_frame.py:1125] 
W0528 22:52:02.412000 27 site-packages/torch/_dynamo/convert_frame.py:1125] Traceback (most recent call last):
W0528 22:52:02.412000 27 site-packages/torch/_dynamo/convert_frame.py:1125]   File "/usr/local/lib/python3.12/site-packages/torch/_dynamo/convert_frame.py", line 1064, in __call__
W0528 22:52:02.412000 27 site-packages/torch/_dynamo/convert_frame.py:1125]     result = self._inner_convert(
W0528 22:52:02.412000 27 site-packages/torch/_dynamo/convert_frame.py:1125]              ^^^^^^^^^^^^^^^^^^^^
W0528 22:52:02.412000 27 site-packages/torch/_dynamo/convert_frame.py:1125]   File "/usr/local/lib/python3.12/site-packages/torch/_dynamo/convert_frame.py", line 526, in __call__
W0528 22:52:02.412000 27 site-packages/torch/_dynamo/convert_frame.py:1125]     return _compile(
W0528 22:52:02.412000 27 site-packages/torch/_dynamo/convert_frame.py:1125]            ^^^^^^^^^
W0528 22:52:02.412000 27 site-packages/torch/_dynamo/convert_frame.py:1125]   File "/usr/local/lib/python3.12/site-packages/torch/_dynamo/convert_frame.py", line 924, in _compile
W0528 22:52:02.412000 27 site-packages/torch/_dynamo/convert_frame.py:1125]     guarded_code = compile_inner(code, one_graph, hooks, transform)
W0528 22:52:02.412000 27 site-packages/torch/_dynamo/convert_frame.py:1125]                    ^^^^^^^^^^^^^^^^^^^^^^^^^^^^^^^^^^^^^^^^^^^^^^^^
W0528 22:52:02.412000 27 site-packages/torch/_dynamo/convert_frame.py:1125]   File "/usr/local/lib/python3.12/site-packages/torch/_dynamo/convert_frame.py", line 666, in compile_inner
W0528 22:52:02.412000 27 site-packages/torch/_dynamo/convert_frame.py:1125]     return _compile_inner(code, one_graph, hooks, transform)
W0528 22:52:02.412000 27 site-packages/torch/_dynamo/convert_frame.py:1125]            ^^^^^^^^^^^^^^^^^^^^^^^^^^^^^^^^^^^^^^^^^^^^^^^^^
W0528 22:52:02.412000 27 site-packages/torch/_dynamo/convert_frame.py:1125]   File "/usr/local/lib/python3.12/site-packages/torch/_utils_internal.py", line 87, in wrapper_function
W0528 22:52:02.412000 27 site-packages/torch/_dynamo/convert_frame.py:1125]     return function(*args, **kwargs)
W0528 22:52:02.412000 27 site-packages/torch/_dynamo/convert_frame.py:1125]            ^^^^^^^^^^^^^^^^^^^^^^^^^
W0528 22:52:02.412000 27 site-packages/torch/_dynamo/convert_frame.py:1125]   File "/usr/local/lib/python3.12/site-packages/torch/_dynamo/convert_frame.py", line 699, in _compile_inner
W0528 22:52:02.412000 27 site-packages/torch/_dynamo/convert_frame.py:1125]     out_code = transform_code_object(code, transform)
W0528 22:52:02.412000 27 site-packages/torch/_dynamo/convert_frame.py:1125]                ^^^^^^^^^^^^^^^^^^^^^^^^^^^^^^^^^^^^^^
W0528 22:52:02.412000 27 site-packages/torch/_dynamo/convert_frame.py:1125]   File "/usr/local/lib/python3.12/site-packages/torch/_dynamo/bytecode_transformation.py", line 1322, in transform_code_object
W0528 22:52:02.412000 27 site-packages/torch/_dynamo/convert_frame.py:1125]     transformations(instructions, code_options)
W0528 22:52:02.412000 27 site-packages/torch/_dynamo/convert_frame.py:1125]   File "/usr/local/lib/python3.12/site-packages/torch/_dynamo/convert_frame.py", line 219, in _fn
W0528 22:52:02.412000 27 site-packages/torch/_dynamo/convert_frame.py:1125]     return fn(*args, **kwargs)
W0528 22:52:02.412000 27 site-packages/torch/_dynamo/convert_frame.py:1125]            ^^^^^^^^^^^^^^^^^^^
W0528 22:52:02.412000 27 site-packages/torch/_dynamo/convert_frame.py:1125]   File "/usr/local/lib/python3.12/site-packages/torch/_dynamo/convert_frame.py", line 634, in transform
W0528 22:52:02.412000 27 site-packages/torch/_dynamo/convert_frame.py:1125]     tracer.run()
W0528 22:52:02.412000 27 site-packages/torch/_dynamo/convert_frame.py:1125]   File "/usr/local/lib/python3.12/site-packages/torch/_dynamo/symbolic_convert.py", line 2796, in run
W0528 22:52:02.412000 27 site-packages/torch/_dynamo/convert_frame.py:1125]     super().run()
W0528 22:52:02.412000 27 site-packages/torch/_dynamo/convert_frame.py:1125]   File "/usr/local/lib/python3.12/site-packages/torch/_dynamo/symbolic_convert.py", line 983, in run
W0528 22:52:02.412000 27 site-packages/torch/_dynamo/convert_frame.py:1125]     while self.step():
W0528 22:52:02.412000 27 site-packages/torch/_dynamo/convert_frame.py:1125]           ^^^^^^^^^^^
W0528 22:52:02.412000 27 site-packages/torch/_dynamo/convert_frame.py:1125]   File "/usr/local/lib/python3.12/site-packages/torch/_dynamo/symbolic_convert.py", line 895, in step
W0528 22:52:02.412000 27 site-packages/torch/_dynamo/convert_frame.py:1125]     self.dispatch_table[inst.opcode](self, inst)
W0528 22:52:02.412000 27 site-packages/torch/_dynamo/convert_frame.py:1125]   File "/usr/local/lib/python3.12/site-packages/torch/_dynamo/symbolic_convert.py", line 582, in wrapper
W0528 22:52:02.412000 27 site-packages/torch/_dynamo/convert_frame.py:1125]     return inner_fn(self, inst)
W0528 22:52:02.412000 27 site-packages/torch/_dynamo/convert_frame.py:1125]            ^^^^^^^^^^^^^^^^^^^^
W0528 22:52:02.412000 27 site-packages/torch/_dynamo/convert_frame.py:1125]   File "/usr/local/lib/python3.12/site-packages/torch/_dynamo/symbolic_convert.py", line 2279, in CALL
W0528 22:52:02.412000 27 site-packages/torch/_dynamo/convert_frame.py:1125]     self._call(inst)
W0528 22:52:02.412000 27 site-packages/torch/_dynamo/convert_frame.py:1125]   File "/usr/local/lib/python3.12/site-packages/torch/_dynamo/symbolic_convert.py", line 2273, in _call
W0528 22:52:02.412000 27 site-packages/torch/_dynamo/convert_frame.py:1125]     self.call_function(fn, args, kwargs)
W0528 22:52:02.412000 27 site-packages/torch/_dynamo/convert_frame.py:1125]   File "/usr/local/lib/python3.12/site-packages/torch/_dynamo/symbolic_convert.py", line 830, in call_function
W0528 22:52:02.412000 27 site-packages/torch/_dynamo/convert_frame.py:1125]     self.push(fn.call_function(self, args, kwargs))  # type: ignore[arg-type]
W0528 22:52:02.412000 27 site-packages/torch/_dynamo/convert_frame.py:1125]               ^^^^^^^^^^^^^^^^^^^^^^^^^^^^^^^^^^^^
W0528 22:52:02.412000 27 site-packages/torch/_dynamo/convert_frame.py:1125]   File "/usr/local/lib/python3.12/site-packages/torch/_dynamo/variables/misc.py", line 1024, in call_function
W0528 22:52:02.412000 27 site-packages/torch/_dynamo/convert_frame.py:1125]     return self.obj.call_method(tx, self.name, args, kwargs)
W0528 22:52:02.412000 27 site-packages/torch/_dynamo/convert_frame.py:1125]            ^^^^^^^^^^^^^^^^^^^^^^^^^^^^^^^^^^^^^^^^^^^^^^^^^
W0528 22:52:02.412000 27 site-packages/torch/_dynamo/convert_frame.py:1125]   File "/usr/local/lib/python3.12/site-packages/torch/_dynamo/variables/tensor.py", line 535, in call_method
W0528 22:52:02.412000 27 site-packages/torch/_dynamo/convert_frame.py:1125]     return wrap_fx_proxy(
W0528 22:52:02.412000 27 site-packages/torch/_dynamo/convert_frame.py:1125]            ^^^^^^^^^^^^^^
W0528 22:52:02.412000 27 site-packages/torch/_dynamo/convert_frame.py:1125]   File "/usr/local/lib/python3.12/site-packages/torch/_dynamo/variables/builder.py", line 2037, in wrap_fx_proxy
W0528 22:52:02.412000 27 site-packages/torch/_dynamo/convert_frame.py:1125]     return wrap_fx_proxy_cls(target_cls=TensorVariable, **kwargs)
W0528 22:52:02.412000 27 site-packages/torch/_dynamo/convert_frame.py:1125]            ^^^^^^^^^^^^^^^^^^^^^^^^^^^^^^^^^^^^^^^^^^^^^^^^^^^^^^
W0528 22:52:02.412000 27 site-packages/torch/_dynamo/convert_frame.py:1125]   File "/usr/local/lib/python3.12/site-packages/torch/_dynamo/variables/builder.py", line 2124, in wrap_fx_proxy_cls
W0528 22:52:02.412000 27 site-packages/torch/_dynamo/convert_frame.py:1125]     example_value = get_fake_value(proxy.node, tx, allow_non_graph_fake=True)
W0528 22:52:02.412000 27 site-packages/torch/_dynamo/convert_frame.py:1125]                     ^^^^^^^^^^^^^^^^^^^^^^^^^^^^^^^^^^^^^^^^^^^^^^^^^^^^^^^^^
W0528 22:52:02.412000 27 site-packages/torch/_dynamo/convert_frame.py:1125]   File "/usr/local/lib/python3.12/site-packages/torch/_dynamo/utils.py", line 2082, in get_fake_value
W0528 22:52:02.412000 27 site-packages/torch/_dynamo/convert_frame.py:1125]     raise TorchRuntimeError(str(e)).with_traceback(e.__traceback__) from None
W0528 22:52:02.412000 27 site-packages/torch/_dynamo/convert_frame.py:1125]   File "/usr/local/lib/python3.12/site-packages/torch/_dynamo/utils.py", line 2017, in get_fake_value
W0528 22:52:02.412000 27 site-packages/torch/_dynamo/convert_frame.py:1125]     ret_val = wrap_fake_exception(
W0528 22:52:02.412000 27 site-packages/torch/_dynamo/convert_frame.py:1125]               ^^^^^^^^^^^^^^^^^^^^
W0528 22:52:02.412000 27 site-packages/torch/_dynamo/convert_frame.py:1125]   File "/usr/local/lib/python3.12/site-packages/torch/_dynamo/utils.py", line 1574, in wrap_fake_exception
W0528 22:52:02.412000 27 site-packages/torch/_dynamo/convert_frame.py:1125]     return fn()
W0528 22:52:02.412000 27 site-packages/torch/_dynamo/convert_frame.py:1125]            ^^^^
W0528 22:52:02.412000 27 site-packages/torch/_dynamo/convert_frame.py:1125]   File "/usr/local/lib/python3.12/site-packages/torch/_dynamo/utils.py", line 2018, in <lambda>
W0528 22:52:02.412000 27 site-packages/torch/_dynamo/convert_frame.py:1125]     lambda: run_node(tx.output, node, args, kwargs, nnmodule)
W0528 22:52:02.412000 27 site-packages/torch/_dynamo/convert_frame.py:1125]             ^^^^^^^^^^^^^^^^^^^^^^^^^^^^^^^^^^^^^^^^^^^^^^^^^
W0528 22:52:02.412000 27 site-packages/torch/_dynamo/convert_frame.py:1125]   File "/usr/local/lib/python3.12/site-packages/torch/_dynamo/utils.py", line 2150, in run_node
W0528 22:52:02.412000 27 site-packages/torch/_dynamo/convert_frame.py:1125]     raise RuntimeError(make_error_message(e)).with_traceback(
W0528 22:52:02.412000 27 site-packages/torch/_dynamo/convert_frame.py:1125]   File "/usr/local/lib/python3.12/site-packages/torch/_dynamo/utils.py", line 2134, in run_node
W0528 22:52:02.412000 27 site-packages/torch/_dynamo/convert_frame.py:1125]     return getattr(args[0], node.target)(*args[1:], **kwargs)
W0528 22:52:02.412000 27 site-packages/torch/_dynamo/convert_frame.py:1125]            ^^^^^^^^^^^^^^^^^^^^^^^^^^^^^^^^^^^^^^^^^^^^^^^^^^
W0528 22:52:02.412000 27 site-packages/torch/_dynamo/convert_frame.py:1125]   File "/usr/local/lib/python3.12/site-packages/torch/utils/_stats.py", line 21, in wrapper
W0528 22:52:02.412000 27 site-packages/torch/_dynamo/convert_frame.py:1125]     return fn(*args, **kwargs)
W0528 22:52:02.412000 27 site-packages/torch/_dynamo/convert_frame.py:1125]            ^^^^^^^^^^^^^^^^^^^
W0528 22:52:02.412000 27 site-packages/torch/_dynamo/convert_frame.py:1125]   File "/usr/local/lib/python3.12/site-packages/torch/_subclasses/fake_tensor.py", line 1238, in __torch_dispatch__
W0528 22:52:02.412000 27 site-packages/torch/_dynamo/convert_frame.py:1125]     return self.dispatch(func, types, args, kwargs)
W0528 22:52:02.412000 27 site-packages/torch/_dynamo/convert_frame.py:1125]            ^^^^^^^^^^^^^^^^^^^^^^^^^^^^^^^^^^^^^^^^
W0528 22:52:02.412000 27 site-packages/torch/_dynamo/convert_frame.py:1125]   File "/usr/local/lib/python3.12/site-packages/torch/_subclasses/fake_tensor.py", line 1692, in dispatch
W0528 22:52:02.412000 27 site-packages/torch/_dynamo/convert_frame.py:1125]     return self._cached_dispatch_impl(func, types, args, kwargs)
W0528 22:52:02.412000 27 site-packages/torch/_dynamo/convert_frame.py:1125]            ^^^^^^^^^^^^^^^^^^^^^^^^^^^^^^^^^^^^^^^^^^^^^^^^^^^^^
W0528 22:52:02.412000 27 site-packages/torch/_dynamo/convert_frame.py:1125]   File "/usr/local/lib/python3.12/site-packages/torch/_subclasses/fake_tensor.py", line 1339, in _cached_dispatch_impl
W0528 22:52:02.412000 27 site-packages/torch/_dynamo/convert_frame.py:1125]     output = self._dispatch_impl(func, types, args, kwargs)
W0528 22:52:02.412000 27 site-packages/torch/_dynamo/convert_frame.py:1125]              ^^^^^^^^^^^^^^^^^^^^^^^^^^^^^^^^^^^^^^^^^^^^^^
W0528 22:52:02.412000 27 site-packages/torch/_dynamo/convert_frame.py:1125]   File "/usr/local/lib/python3.12/site-packages/torch/_subclasses/fake_tensor.py", line 2013, in _dispatch_impl
W0528 22:52:02.412000 27 site-packages/torch/_dynamo/convert_frame.py:1125]     r = func(*args, **kwargs)
W0528 22:52:02.412000 27 site-packages/torch/_dynamo/convert_frame.py:1125]         ^^^^^^^^^^^^^^^^^^^^^
W0528 22:52:02.412000 27 site-packages/torch/_dynamo/convert_frame.py:1125]   File "/usr/local/lib/python3.12/site-packages/torch/_ops.py", line 716, in __call__
W0528 22:52:02.412000 27 site-packages/torch/_dynamo/convert_frame.py:1125]     return self._op(*args, **kwargs)
W0528 22:52:02.412000 27 site-packages/torch/_dynamo/convert_frame.py:1125]            ^^^^^^^^^^^^^^^^^^^^^^^^^
W0528 22:52:02.412000 27 site-packages/torch/_dynamo/convert_frame.py:1125]   File "/usr/local/lib/python3.12/site-packages/torch/_refs/__init__.py", line 2476, in mean
W0528 22:52:02.412000 27 site-packages/torch/_dynamo/convert_frame.py:1125]     result = _reduction(
W0528 22:52:02.412000 27 site-packages/torch/_dynamo/convert_frame.py:1125]              ^^^^^^^^^^^
W0528 22:52:02.412000 27 site-packages/torch/_dynamo/convert_frame.py:1125]   File "/usr/local/lib/python3.12/site-packages/torch/_refs/__init__.py", line 2171, in _reduction
W0528 22:52:02.412000 27 site-packages/torch/_dynamo/convert_frame.py:1125]     dims = utils.reduction_dims(a.shape, dims)
W0528 22:52:02.412000 27 site-packages/torch/_dynamo/convert_frame.py:1125]            ^^^^^^^^^^^^^^^^^^^^^^^^^^^^^^^^^^^
W0528 22:52:02.412000 27 site-packages/torch/_dynamo/convert_frame.py:1125]   File "/usr/local/lib/python3.12/site-packages/torch/_prims_common/__init__.py", line 1713, in reduction_dims
W0528 22:52:02.412000 27 site-packages/torch/_dynamo/convert_frame.py:1125]     dims = tuple(canonicalize_dim(len(shape), idx) for idx in dims)
W0528 22:52:02.412000 27 site-packages/torch/_dynamo/convert_frame.py:1125]            ^^^^^^^^^^^^^^^^^^^^^^^^^^^^^^^^^^^^^^^^^^^^^^^^^^^^^^^^
W0528 22:52:02.412000 27 site-packages/torch/_dynamo/convert_frame.py:1125]   File "/usr/local/lib/python3.12/site-packages/torch/_prims_common/__init__.py", line 1713, in <genexpr>
W0528 22:52:02.412000 27 site-packages/torch/_dynamo/convert_frame.py:1125]     dims = tuple(canonicalize_dim(len(shape), idx) for idx in dims)
W0528 22:52:02.412000 27 site-packages/torch/_dynamo/convert_frame.py:1125]                  ^^^^^^^^^^^^^^^^^^^^^^^^^^^^^^^^^
W0528 22:52:02.412000 27 site-packages/torch/_dynamo/convert_frame.py:1125]   File "/usr/local/lib/python3.12/site-packages/torch/_prims_common/__init__.py", line 663, in canonicalize_dim
W0528 22:52:02.412000 27 site-packages/torch/_dynamo/convert_frame.py:1125]     raise IndexError(msg)
W0528 22:52:02.412000 27 site-packages/torch/_dynamo/convert_frame.py:1125] torch._dynamo.exc.TorchRuntimeError: Failed running call_method mean(*(FakeTensor(..., device='cuda:0', size=(2, 3, 5)),), **{'dim': (-5,), 'keepdim': True}):
W0528 22:52:02.412000 27 site-packages/torch/_dynamo/convert_frame.py:1125] Dimension out of range (expected to be in range of [-3, 2], but got -5)
W0528 22:52:02.412000 27 site-packages/torch/_dynamo/convert_frame.py:1125] 
W0528 22:52:02.412000 27 site-packages/torch/_dynamo/convert_frame.py:1125] from user code:
W0528 22:52:02.412000 27 site-packages/torch/_dynamo/convert_frame.py:1125]    File "/data/results/lmstudio_prompt12_general_router_20260528-152031/call_acc/fused_bmm_rmsnorm_gelu_dropout_sub.py", line 31, in _fused_bmm_rmsnorm_gelu_dropout_sub_impl
W0528 22:52:02.412000 27 site-packages/torch/_dynamo/convert_frame.py:1125]     mean = squared.mean(dim=norm_dims, keepdim=True)
W0528 22:52:02.412000 27 site-packages/torch/_dynamo/convert_frame.py:1125] 
W0528 22:52:02.412000 27 site-packages/torch/_dynamo/convert_frame.py:1125] Set TORCH_LOGS="+dynamo" and TORCHDYNAMO_VERBOSE=1 for more information
W0528 22:52:02.412000 27 site-packages/torch/_dynamo/convert_frame.py:1125] 
Traceback (most recent call last):
  File "/data/results/lmstudio_prompt12_general_router_20260528-152031/call_acc/fused_bmm_rmsnorm_gelu_dropout_sub.py", line 55, in fused_bmm_rmsnorm_gelu_dropout_sub
    y = _fused_bmm_rmsnorm_gelu_dropout_sub_fast(input1, input2, other, normalized_shape, dropout_p=dropout_p, training=training, approximate=approximate, eps=eps)
        ^^^^^^^^^^^^^^^^^^^^^^^^^^^^^^^^^^^^^^^^^^^^^^^^^^^^^^^^^^^^^^^^^^^^^^^^^^^^^^^^^^^^^^^^^^^^^^^^^^^^^^^^^^^^^^^^^^^^^^^^^^^^^^^^^^^^^^^^^^^^^^^^^^^^^^^^^^^
  File "/usr/local/lib/python3.12/site-packages/torch/_dynamo/eval_frame.py", line 465, in _fn
    return fn(*args, **kwargs)
           ^^^^^^^^^^^^^^^^^^^
  File "/data/results/lmstudio_prompt12_general_router_20260528-152031/call_acc/fused_bmm_rmsnorm_gelu_dropout_sub.py", line 31, in _fused_bmm_rmsnorm_gelu_dropout_sub_impl
    mean = squared.mean(dim=norm_dims, keepdim=True)
           ^^^^^^^^^^^^^^^^^^^^^^^^^^^^^^^^^^^^^^^^^
IndexError: Dimension out of range (expected to be in range of [-3, 2], but got -5)

During handling of the above exception, another exception occurred:

Traceback (most recent call last):
  File "/data/results/lmstudio_prompt12_general_router_20260528-152031/call_acc/fused_bmm_rmsnorm_gelu_dropout_sub.py", line 95, in <module>
    test_results = test_fused_bmm_rmsnorm_gelu_dropout_sub()
                   ^^^^^^^^^^^^^^^^^^^^^^^^^^^^^^^^^^^^^^^^^
  File "/data/results/lmstudio_prompt12_general_router_20260528-152031/call_acc/fused_bmm_rmsnorm_gelu_dropout_sub.py", line 79, in test_fused_bmm_rmsnorm_gelu_dropout_sub
    results["test_case_1"] = fused_bmm_rmsnorm_gelu_dropout_sub(input1, input2, other, normalized_shape)
                             ^^^^^^^^^^^^^^^^^^^^^^^^^^^^^^^^^^^^^^^^^^^^^^^^^^^^^^^^^^^^^^^^^^^^^^^^^^^
  File "/data/results/lmstudio_prompt12_general_router_20260528-152031/call_acc/fused_bmm_rmsnorm_gelu_dropout_sub.py", line 57, in fused_bmm_rmsnorm_gelu_dropout_sub
    y = _fused_bmm_rmsnorm_gelu_dropout_sub_impl(input1, input2, other, normalized_shape, dropout_p=dropout_p, training=training, approximate=approximate, eps=eps)
        ^^^^^^^^^^^^^^^^^^^^^^^^^^^^^^^^^^^^^^^^^^^^^^^^^^^^^^^^^^^^^^^^^^^^^^^^^^^^^^^^^^^^^^^^^^^^^^^^^^^^^^^^^^^^^^^^^^^^^^^^^^^^^^^^^^^^^^^^^^^^^^^^^^^^^^^^^^^
  File "/data/results/lmstudio_prompt12_general_router_20260528-152031/call_acc/fused_bmm_rmsnorm_gelu_dropout_sub.py", line 31, in _fused_bmm_rmsnorm_gelu_dropout_sub_impl
    mean = squared.mean(dim=norm_dims, keepdim=True)
           ^^^^^^^^^^^^^^^^^^^^^^^^^^^^^^^^^^^^^^^^^
IndexError: Dimension out of range (expected to be in range of [-3, 2], but got -5)

=== Output for div.py on GPU 0 ===

=== Errors for div.py on GPU 0 ===

=== Output for sigmoid_conv2d.py on GPU 0 ===

=== Errors for sigmoid_conv2d.py on GPU 0 ===
W0528 22:52:17.949000 35 site-packages/torch/_inductor/utils.py:1048] [0/0] Not enough SMs to use max_autotune_gemm mode

=== Output for solve_multiple_lu.py on GPU 0 ===

=== Errors for solve_multiple_lu.py on GPU 0 ===
Traceback (most recent call last):
  File "/data/results/lmstudio_prompt12_general_router_20260528-152031/call_acc/solve_multiple_lu.py", line 60, in <module>
    test_results = test_solve_multiple_lu()
                   ^^^^^^^^^^^^^^^^^^^^^^^^
  File "/data/results/lmstudio_prompt12_general_router_20260528-152031/call_acc/solve_multiple_lu.py", line 41, in test_solve_multiple_lu
    results["test_case_1"] = solve_multiple_lu(A1, Bs1)
                             ^^^^^^^^^^^^^^^^^^^^^^^^^^
  File "/data/results/lmstudio_prompt12_general_router_20260528-152031/call_acc/solve_multiple_lu.py", line 23, in solve_multiple_lu
    y = torch.linalg.lu_solve(LU, pivots, Bs, pivot=pivot)
        ^^^^^^^^^^^^^^^^^^^^^^^^^^^^^^^^^^^^^^^^^^^^^^^^^^
TypeError: linalg_lu_solve() got an unexpected keyword argument 'pivot'

=== Output for tanh.py on GPU 0 ===

=== Errors for tanh.py on GPU 0 ===

=== Output for relu_sqrt.py on GPU 0 ===

=== Errors for relu_sqrt.py on GPU 0 ===

=== Output for sqrt.py on GPU 0 ===

=== Errors for sqrt.py on GPU 0 ===

=== Output for sigmoid_argmax.py on GPU 0 ===

=== Errors for sigmoid_argmax.py on GPU 0 ===

=== Output for sub.py on GPU 0 ===

=== Errors for sub.py on GPU 0 ===

=== Output for grid_sample.py on GPU 0 ===

=== Errors for grid_sample.py on GPU 0 ===

=== Output for svd.py on GPU 0 ===

=== Errors for svd.py on GPU 0 ===
Traceback (most recent call last):
  File "/data/results/lmstudio_prompt12_general_router_20260528-152031/call_acc/svd.py", line 61, in <module>
    test_results = test_svd()
                   ^^^^^^^^^^
  File "/data/results/lmstudio_prompt12_general_router_20260528-152031/call_acc/svd.py", line 41, in test_svd
    U1, S1, Vh1 = svd(A1, full_matrices=True)
                  ^^^
NameError: name 'svd' is not defined

=== Output for i0.py on GPU 0 ===

=== Errors for i0.py on GPU 0 ===

=== Output for rsqrt.py on GPU 0 ===

=== Errors for rsqrt.py on GPU 0 ===

=== Output for dropout_relu_batch_norm_conv2d.py on GPU 0 ===

=== Errors for dropout_relu_batch_norm_conv2d.py on GPU 0 ===
Traceback (most recent call last):
  File "/data/results/lmstudio_prompt12_general_router_20260528-152031/call_acc/dropout_relu_batch_norm_conv2d.py", line 31, in <module>
    test_results = test_dropout_relu_batch_norm_conv2d()
                   ^^^^^^^^^^^^^^^^^^^^^^^^^^^^^^^^^^^^^
  File "/data/results/lmstudio_prompt12_general_router_20260528-152031/call_acc/dropout_relu_batch_norm_conv2d.py", line 12, in test_dropout_relu_batch_norm_conv2d
    input_tensor = torch.randn(1, 3, 8, 8, device='cuda')
                   ^^^^^
NameError: name 'torch' is not defined

=== Output for fused_mv_logsoftmax_dropout.py on GPU 0 ===

=== Errors for fused_mv_logsoftmax_dropout.py on GPU 0 ===
Traceback (most recent call last):
  File "/data/results/lmstudio_prompt12_general_router_20260528-152031/call_acc/fused_mv_logsoftmax_dropout.py", line 35, in <module>
    test_results = test_fused_mv_logsoftmax_dropout()
                   ^^^^^^^^^^^^^^^^^^^^^^^^^^^^^^^^^^
  File "/data/results/lmstudio_prompt12_general_router_20260528-152031/call_acc/fused_mv_logsoftmax_dropout.py", line 16, in test_fused_mv_logsoftmax_dropout
    results["test_case_1"] = fused_mv_logsoftmax_dropout(input1, vec1)
                             ^^^^^^^^^^^^^^^^^^^^^^^^^^^
NameError: name 'fused_mv_logsoftmax_dropout' is not defined. Did you mean: 'test_fused_mv_logsoftmax_dropout'?

=== Output for add.py on GPU 0 ===

=== Errors for add.py on GPU 0 ===

=== Output for fused_silu_layer_norm_conv2d.py on GPU 0 ===

=== Errors for fused_silu_layer_norm_conv2d.py on GPU 0 ===
E0528 22:53:34.992000 231 site-packages/torch/_subclasses/fake_tensor.py:2017] [0/0] failed while attempting to run meta for aten.native_layer_norm.default
E0528 22:53:34.992000 231 site-packages/torch/_subclasses/fake_tensor.py:2017] [0/0] Traceback (most recent call last):
E0528 22:53:34.992000 231 site-packages/torch/_subclasses/fake_tensor.py:2017] [0/0]   File "/usr/local/lib/python3.12/site-packages/torch/_subclasses/fake_tensor.py", line 2013, in _dispatch_impl
E0528 22:53:34.992000 231 site-packages/torch/_subclasses/fake_tensor.py:2017] [0/0]     r = func(*args, **kwargs)
E0528 22:53:34.992000 231 site-packages/torch/_subclasses/fake_tensor.py:2017] [0/0]         ^^^^^^^^^^^^^^^^^^^^^
E0528 22:53:34.992000 231 site-packages/torch/_subclasses/fake_tensor.py:2017] [0/0]   File "/usr/local/lib/python3.12/site-packages/torch/_ops.py", line 716, in __call__
E0528 22:53:34.992000 231 site-packages/torch/_subclasses/fake_tensor.py:2017] [0/0]     return self._op(*args, **kwargs)
E0528 22:53:34.992000 231 site-packages/torch/_subclasses/fake_tensor.py:2017] [0/0]            ^^^^^^^^^^^^^^^^^^^^^^^^^
E0528 22:53:34.992000 231 site-packages/torch/_subclasses/fake_tensor.py:2017] [0/0]   File "/usr/local/lib/python3.12/site-packages/torch/_decomp/__init__.py", line 88, in _fn
E0528 22:53:34.992000 231 site-packages/torch/_subclasses/fake_tensor.py:2017] [0/0]     return f(*args, **kwargs, out=None if is_none else out_kwargs)
E0528 22:53:34.992000 231 site-packages/torch/_subclasses/fake_tensor.py:2017] [0/0]            ^^^^^^^^^^^^^^^^^^^^^^^^^^^^^^^^^^^^^^^^^^^^^^^^^^^^^^^
E0528 22:53:34.992000 231 site-packages/torch/_subclasses/fake_tensor.py:2017] [0/0]   File "/usr/local/lib/python3.12/site-packages/torch/_prims_common/wrappers.py", line 273, in _fn
E0528 22:53:34.992000 231 site-packages/torch/_subclasses/fake_tensor.py:2017] [0/0]     result = fn(*args, **kwargs)
E0528 22:53:34.992000 231 site-packages/torch/_subclasses/fake_tensor.py:2017] [0/0]              ^^^^^^^^^^^^^^^^^^^
E0528 22:53:34.992000 231 site-packages/torch/_subclasses/fake_tensor.py:2017] [0/0]   File "/usr/local/lib/python3.12/site-packages/torch/_refs/__init__.py", line 3223, in native_layer_norm
E0528 22:53:34.992000 231 site-packages/torch/_subclasses/fake_tensor.py:2017] [0/0]     torch._check(
E0528 22:53:34.992000 231 site-packages/torch/_subclasses/fake_tensor.py:2017] [0/0]   File "/usr/local/lib/python3.12/site-packages/torch/__init__.py", line 1564, in _check
E0528 22:53:34.992000 231 site-packages/torch/_subclasses/fake_tensor.py:2017] [0/0]     _check_with(RuntimeError, cond, message)
E0528 22:53:34.992000 231 site-packages/torch/_subclasses/fake_tensor.py:2017] [0/0]   File "/usr/local/lib/python3.12/site-packages/torch/__init__.py", line 1546, in _check_with
E0528 22:53:34.992000 231 site-packages/torch/_subclasses/fake_tensor.py:2017] [0/0]     raise error_type(message_evaluated)
E0528 22:53:34.992000 231 site-packages/torch/_subclasses/fake_tensor.py:2017] [0/0] RuntimeError: Given normalized_shape=[6], expected input with shape [6], but got input of size torch.Size([1, 6, 3, 3])
W0528 22:53:35.018000 231 site-packages/torch/_dynamo/convert_frame.py:1125] WON'T CONVERT _fused_silu_layer_norm_conv2d_impl /data/results/lmstudio_prompt12_general_router_20260528-152031/call_acc/fused_silu_layer_norm_conv2d.py line 22 
W0528 22:53:35.018000 231 site-packages/torch/_dynamo/convert_frame.py:1125] due to: 
W0528 22:53:35.018000 231 site-packages/torch/_dynamo/convert_frame.py:1125] Traceback (most recent call last):
W0528 22:53:35.018000 231 site-packages/torch/_dynamo/convert_frame.py:1125]   File "/usr/local/lib/python3.12/site-packages/torch/_dynamo/convert_frame.py", line 1064, in __call__
W0528 22:53:35.018000 231 site-packages/torch/_dynamo/convert_frame.py:1125]     result = self._inner_convert(
W0528 22:53:35.018000 231 site-packages/torch/_dynamo/convert_frame.py:1125]              ^^^^^^^^^^^^^^^^^^^^
W0528 22:53:35.018000 231 site-packages/torch/_dynamo/convert_frame.py:1125]   File "/usr/local/lib/python3.12/site-packages/torch/_dynamo/convert_frame.py", line 526, in __call__
W0528 22:53:35.018000 231 site-packages/torch/_dynamo/convert_frame.py:1125]     return _compile(
W0528 22:53:35.018000 231 site-packages/torch/_dynamo/convert_frame.py:1125]            ^^^^^^^^^
W0528 22:53:35.018000 231 site-packages/torch/_dynamo/convert_frame.py:1125]   File "/usr/local/lib/python3.12/site-packages/torch/_dynamo/convert_frame.py", line 924, in _compile
W0528 22:53:35.018000 231 site-packages/torch/_dynamo/convert_frame.py:1125]     guarded_code = compile_inner(code, one_graph, hooks, transform)
W0528 22:53:35.018000 231 site-packages/torch/_dynamo/convert_frame.py:1125]                    ^^^^^^^^^^^^^^^^^^^^^^^^^^^^^^^^^^^^^^^^^^^^^^^^
W0528 22:53:35.018000 231 site-packages/torch/_dynamo/convert_frame.py:1125]   File "/usr/local/lib/python3.12/site-packages/torch/_dynamo/convert_frame.py", line 666, in compile_inner
W0528 22:53:35.018000 231 site-packages/torch/_dynamo/convert_frame.py:1125]     return _compile_inner(code, one_graph, hooks, transform)
W0528 22:53:35.018000 231 site-packages/torch/_dynamo/convert_frame.py:1125]            ^^^^^^^^^^^^^^^^^^^^^^^^^^^^^^^^^^^^^^^^^^^^^^^^^
W0528 22:53:35.018000 231 site-packages/torch/_dynamo/convert_frame.py:1125]   File "/usr/local/lib/python3.12/site-packages/torch/_utils_internal.py", line 87, in wrapper_function
W0528 22:53:35.018000 231 site-packages/torch/_dynamo/convert_frame.py:1125]     return function(*args, **kwargs)
W0528 22:53:35.018000 231 site-packages/torch/_dynamo/convert_frame.py:1125]            ^^^^^^^^^^^^^^^^^^^^^^^^^
W0528 22:53:35.018000 231 site-packages/torch/_dynamo/convert_frame.py:1125]   File "/usr/local/lib/python3.12/site-packages/torch/_dynamo/convert_frame.py", line 699, in _compile_inner
W0528 22:53:35.018000 231 site-packages/torch/_dynamo/convert_frame.py:1125]     out_code = transform_code_object(code, transform)
W0528 22:53:35.018000 231 site-packages/torch/_dynamo/convert_frame.py:1125]                ^^^^^^^^^^^^^^^^^^^^^^^^^^^^^^^^^^^^^^
W0528 22:53:35.018000 231 site-packages/torch/_dynamo/convert_frame.py:1125]   File "/usr/local/lib/python3.12/site-packages/torch/_dynamo/bytecode_transformation.py", line 1322, in transform_code_object
W0528 22:53:35.018000 231 site-packages/torch/_dynamo/convert_frame.py:1125]     transformations(instructions, code_options)
W0528 22:53:35.018000 231 site-packages/torch/_dynamo/convert_frame.py:1125]   File "/usr/local/lib/python3.12/site-packages/torch/_dynamo/convert_frame.py", line 219, in _fn
W0528 22:53:35.018000 231 site-packages/torch/_dynamo/convert_frame.py:1125]     return fn(*args, **kwargs)
W0528 22:53:35.018000 231 site-packages/torch/_dynamo/convert_frame.py:1125]            ^^^^^^^^^^^^^^^^^^^
W0528 22:53:35.018000 231 site-packages/torch/_dynamo/convert_frame.py:1125]   File "/usr/local/lib/python3.12/site-packages/torch/_dynamo/convert_frame.py", line 634, in transform
W0528 22:53:35.018000 231 site-packages/torch/_dynamo/convert_frame.py:1125]     tracer.run()
W0528 22:53:35.018000 231 site-packages/torch/_dynamo/convert_frame.py:1125]   File "/usr/local/lib/python3.12/site-packages/torch/_dynamo/symbolic_convert.py", line 2796, in run
W0528 22:53:35.018000 231 site-packages/torch/_dynamo/convert_frame.py:1125]     super().run()
W0528 22:53:35.018000 231 site-packages/torch/_dynamo/convert_frame.py:1125]   File "/usr/local/lib/python3.12/site-packages/torch/_dynamo/symbolic_convert.py", line 983, in run
W0528 22:53:35.018000 231 site-packages/torch/_dynamo/convert_frame.py:1125]     while self.step():
W0528 22:53:35.018000 231 site-packages/torch/_dynamo/convert_frame.py:1125]           ^^^^^^^^^^^
W0528 22:53:35.018000 231 site-packages/torch/_dynamo/convert_frame.py:1125]   File "/usr/local/lib/python3.12/site-packages/torch/_dynamo/symbolic_convert.py", line 895, in step
W0528 22:53:35.018000 231 site-packages/torch/_dynamo/convert_frame.py:1125]     self.dispatch_table[inst.opcode](self, inst)
W0528 22:53:35.018000 231 site-packages/torch/_dynamo/convert_frame.py:1125]   File "/usr/local/lib/python3.12/site-packages/torch/_dynamo/symbolic_convert.py", line 582, in wrapper
W0528 22:53:35.018000 231 site-packages/torch/_dynamo/convert_frame.py:1125]     return inner_fn(self, inst)
W0528 22:53:35.018000 231 site-packages/torch/_dynamo/convert_frame.py:1125]            ^^^^^^^^^^^^^^^^^^^^
W0528 22:53:35.018000 231 site-packages/torch/_dynamo/convert_frame.py:1125]   File "/usr/local/lib/python3.12/site-packages/torch/_dynamo/symbolic_convert.py", line 2279, in CALL
W0528 22:53:35.018000 231 site-packages/torch/_dynamo/convert_frame.py:1125]     self._call(inst)
W0528 22:53:35.018000 231 site-packages/torch/_dynamo/convert_frame.py:1125]   File "/usr/local/lib/python3.12/site-packages/torch/_dynamo/symbolic_convert.py", line 2273, in _call
W0528 22:53:35.018000 231 site-packages/torch/_dynamo/convert_frame.py:1125]     self.call_function(fn, args, kwargs)
W0528 22:53:35.018000 231 site-packages/torch/_dynamo/convert_frame.py:1125]   File "/usr/local/lib/python3.12/site-packages/torch/_dynamo/symbolic_convert.py", line 830, in call_function
W0528 22:53:35.018000 231 site-packages/torch/_dynamo/convert_frame.py:1125]     self.push(fn.call_function(self, args, kwargs))  # type: ignore[arg-type]
W0528 22:53:35.018000 231 site-packages/torch/_dynamo/convert_frame.py:1125]               ^^^^^^^^^^^^^^^^^^^^^^^^^^^^^^^^^^^^
W0528 22:53:35.018000 231 site-packages/torch/_dynamo/convert_frame.py:1125]   File "/usr/local/lib/python3.12/site-packages/torch/_dynamo/variables/torch.py", line 897, in call_function
W0528 22:53:35.018000 231 site-packages/torch/_dynamo/convert_frame.py:1125]     tensor_variable = wrap_fx_proxy(
W0528 22:53:35.018000 231 site-packages/torch/_dynamo/convert_frame.py:1125]                       ^^^^^^^^^^^^^^
W0528 22:53:35.018000 231 site-packages/torch/_dynamo/convert_frame.py:1125]   File "/usr/local/lib/python3.12/site-packages/torch/_dynamo/variables/builder.py", line 2037, in wrap_fx_proxy
W0528 22:53:35.018000 231 site-packages/torch/_dynamo/convert_frame.py:1125]     return wrap_fx_proxy_cls(target_cls=TensorVariable, **kwargs)
W0528 22:53:35.018000 231 site-packages/torch/_dynamo/convert_frame.py:1125]            ^^^^^^^^^^^^^^^^^^^^^^^^^^^^^^^^^^^^^^^^^^^^^^^^^^^^^^
W0528 22:53:35.018000 231 site-packages/torch/_dynamo/convert_frame.py:1125]   File "/usr/local/lib/python3.12/site-packages/torch/_dynamo/variables/builder.py", line 2124, in wrap_fx_proxy_cls
W0528 22:53:35.018000 231 site-packages/torch/_dynamo/convert_frame.py:1125]     example_value = get_fake_value(proxy.node, tx, allow_non_graph_fake=True)
W0528 22:53:35.018000 231 site-packages/torch/_dynamo/convert_frame.py:1125]                     ^^^^^^^^^^^^^^^^^^^^^^^^^^^^^^^^^^^^^^^^^^^^^^^^^^^^^^^^^
W0528 22:53:35.018000 231 site-packages/torch/_dynamo/convert_frame.py:1125]   File "/usr/local/lib/python3.12/site-packages/torch/_dynamo/utils.py", line 2082, in get_fake_value
W0528 22:53:35.018000 231 site-packages/torch/_dynamo/convert_frame.py:1125]     raise TorchRuntimeError(str(e)).with_traceback(e.__traceback__) from None
W0528 22:53:35.018000 231 site-packages/torch/_dynamo/convert_frame.py:1125]   File "/usr/local/lib/python3.12/site-packages/torch/_dynamo/utils.py", line 2017, in get_fake_value
W0528 22:53:35.018000 231 site-packages/torch/_dynamo/convert_frame.py:1125]     ret_val = wrap_fake_exception(
W0528 22:53:35.018000 231 site-packages/torch/_dynamo/convert_frame.py:1125]               ^^^^^^^^^^^^^^^^^^^^
W0528 22:53:35.018000 231 site-packages/torch/_dynamo/convert_frame.py:1125]   File "/usr/local/lib/python3.12/site-packages/torch/_dynamo/utils.py", line 1574, in wrap_fake_exception
W0528 22:53:35.018000 231 site-packages/torch/_dynamo/convert_frame.py:1125]     return fn()
W0528 22:53:35.018000 231 site-packages/torch/_dynamo/convert_frame.py:1125]            ^^^^
W0528 22:53:35.018000 231 site-packages/torch/_dynamo/convert_frame.py:1125]   File "/usr/local/lib/python3.12/site-packages/torch/_dynamo/utils.py", line 2018, in <lambda>
W0528 22:53:35.018000 231 site-packages/torch/_dynamo/convert_frame.py:1125]     lambda: run_node(tx.output, node, args, kwargs, nnmodule)
W0528 22:53:35.018000 231 site-packages/torch/_dynamo/convert_frame.py:1125]             ^^^^^^^^^^^^^^^^^^^^^^^^^^^^^^^^^^^^^^^^^^^^^^^^^
W0528 22:53:35.018000 231 site-packages/torch/_dynamo/convert_frame.py:1125]   File "/usr/local/lib/python3.12/site-packages/torch/_dynamo/utils.py", line 2150, in run_node
W0528 22:53:35.018000 231 site-packages/torch/_dynamo/convert_frame.py:1125]     raise RuntimeError(make_error_message(e)).with_traceback(
W0528 22:53:35.018000 231 site-packages/torch/_dynamo/convert_frame.py:1125]   File "/usr/local/lib/python3.12/site-packages/torch/_dynamo/utils.py", line 2132, in run_node
W0528 22:53:35.018000 231 site-packages/torch/_dynamo/convert_frame.py:1125]     return node.target(*args, **kwargs)
W0528 22:53:35.018000 231 site-packages/torch/_dynamo/convert_frame.py:1125]            ^^^^^^^^^^^^^^^^^^^^^^^^^^^^
W0528 22:53:35.018000 231 site-packages/torch/_dynamo/convert_frame.py:1125]   File "/usr/local/lib/python3.12/site-packages/torch/nn/functional.py", line 2900, in layer_norm
W0528 22:53:35.018000 231 site-packages/torch/_dynamo/convert_frame.py:1125]     return torch.layer_norm(
W0528 22:53:35.018000 231 site-packages/torch/_dynamo/convert_frame.py:1125]            ^^^^^^^^^^^^^^^^^
W0528 22:53:35.018000 231 site-packages/torch/_dynamo/convert_frame.py:1125]   File "/usr/local/lib/python3.12/site-packages/torch/utils/_stats.py", line 21, in wrapper
W0528 22:53:35.018000 231 site-packages/torch/_dynamo/convert_frame.py:1125]     return fn(*args, **kwargs)
W0528 22:53:35.018000 231 site-packages/torch/_dynamo/convert_frame.py:1125]            ^^^^^^^^^^^^^^^^^^^
W0528 22:53:35.018000 231 site-packages/torch/_dynamo/convert_frame.py:1125]   File "/usr/local/lib/python3.12/site-packages/torch/_subclasses/fake_tensor.py", line 1238, in __torch_dispatch__
W0528 22:53:35.018000 231 site-packages/torch/_dynamo/convert_frame.py:1125]     return self.dispatch(func, types, args, kwargs)
W0528 22:53:35.018000 231 site-packages/torch/_dynamo/convert_frame.py:1125]            ^^^^^^^^^^^^^^^^^^^^^^^^^^^^^^^^^^^^^^^^
W0528 22:53:35.018000 231 site-packages/torch/_dynamo/convert_frame.py:1125]   File "/usr/local/lib/python3.12/site-packages/torch/_subclasses/fake_tensor.py", line 1692, in dispatch
W0528 22:53:35.018000 231 site-packages/torch/_dynamo/convert_frame.py:1125]     return self._cached_dispatch_impl(func, types, args, kwargs)
W0528 22:53:35.018000 231 site-packages/torch/_dynamo/convert_frame.py:1125]            ^^^^^^^^^^^^^^^^^^^^^^^^^^^^^^^^^^^^^^^^^^^^^^^^^^^^^
W0528 22:53:35.018000 231 site-packages/torch/_dynamo/convert_frame.py:1125]   File "/usr/local/lib/python3.12/site-packages/torch/_subclasses/fake_tensor.py", line 1339, in _cached_dispatch_impl
W0528 22:53:35.018000 231 site-packages/torch/_dynamo/convert_frame.py:1125]     output = self._dispatch_impl(func, types, args, kwargs)
W0528 22:53:35.018000 231 site-packages/torch/_dynamo/convert_frame.py:1125]              ^^^^^^^^^^^^^^^^^^^^^^^^^^^^^^^^^^^^^^^^^^^^^^
W0528 22:53:35.018000 231 site-packages/torch/_dynamo/convert_frame.py:1125]   File "/usr/local/lib/python3.12/site-packages/torch/_subclasses/fake_tensor.py", line 2013, in _dispatch_impl
W0528 22:53:35.018000 231 site-packages/torch/_dynamo/convert_frame.py:1125]     r = func(*args, **kwargs)
W0528 22:53:35.018000 231 site-packages/torch/_dynamo/convert_frame.py:1125]         ^^^^^^^^^^^^^^^^^^^^^
W0528 22:53:35.018000 231 site-packages/torch/_dynamo/convert_frame.py:1125]   File "/usr/local/lib/python3.12/site-packages/torch/_ops.py", line 716, in __call__
W0528 22:53:35.018000 231 site-packages/torch/_dynamo/convert_frame.py:1125]     return self._op(*args, **kwargs)
W0528 22:53:35.018000 231 site-packages/torch/_dynamo/convert_frame.py:1125]            ^^^^^^^^^^^^^^^^^^^^^^^^^
W0528 22:53:35.018000 231 site-packages/torch/_dynamo/convert_frame.py:1125]   File "/usr/local/lib/python3.12/site-packages/torch/_decomp/__init__.py", line 88, in _fn
W0528 22:53:35.018000 231 site-packages/torch/_dynamo/convert_frame.py:1125]     return f(*args, **kwargs, out=None if is_none else out_kwargs)
W0528 22:53:35.018000 231 site-packages/torch/_dynamo/convert_frame.py:1125]            ^^^^^^^^^^^^^^^^^^^^^^^^^^^^^^^^^^^^^^^^^^^^^^^^^^^^^^^
W0528 22:53:35.018000 231 site-packages/torch/_dynamo/convert_frame.py:1125]   File "/usr/local/lib/python3.12/site-packages/torch/_prims_common/wrappers.py", line 273, in _fn
W0528 22:53:35.018000 231 site-packages/torch/_dynamo/convert_frame.py:1125]     result = fn(*args, **kwargs)
W0528 22:53:35.018000 231 site-packages/torch/_dynamo/convert_frame.py:1125]              ^^^^^^^^^^^^^^^^^^^
W0528 22:53:35.018000 231 site-packages/torch/_dynamo/convert_frame.py:1125]   File "/usr/local/lib/python3.12/site-packages/torch/_refs/__init__.py", line 3223, in native_layer_norm
W0528 22:53:35.018000 231 site-packages/torch/_dynamo/convert_frame.py:1125]     torch._check(
W0528 22:53:35.018000 231 site-packages/torch/_dynamo/convert_frame.py:1125]   File "/usr/local/lib/python3.12/site-packages/torch/__init__.py", line 1564, in _check
W0528 22:53:35.018000 231 site-packages/torch/_dynamo/convert_frame.py:1125]     _check_with(RuntimeError, cond, message)
W0528 22:53:35.018000 231 site-packages/torch/_dynamo/convert_frame.py:1125]   File "/usr/local/lib/python3.12/site-packages/torch/__init__.py", line 1546, in _check_with
W0528 22:53:35.018000 231 site-packages/torch/_dynamo/convert_frame.py:1125]     raise error_type(message_evaluated)
W0528 22:53:35.018000 231 site-packages/torch/_dynamo/convert_frame.py:1125] torch._dynamo.exc.TorchRuntimeError: Failed running call_function <function layer_norm at 0x2ad29dec22a0>(*(FakeTensor(..., device='cuda:0', size=(1, 6, 3, 3)), (6,)), **{'weight': None, 'bias': None, 'eps': 1e-05}):
W0528 22:53:35.018000 231 site-packages/torch/_dynamo/convert_frame.py:1125] Given normalized_shape=[6], expected input with shape [6], but got input of size torch.Size([1, 6, 3, 3])
W0528 22:53:35.018000 231 site-packages/torch/_dynamo/convert_frame.py:1125] 
W0528 22:53:35.018000 231 site-packages/torch/_dynamo/convert_frame.py:1125] from user code:
W0528 22:53:35.018000 231 site-packages/torch/_dynamo/convert_frame.py:1125]    File "/data/results/lmstudio_prompt12_general_router_20260528-152031/call_acc/fused_silu_layer_norm_conv2d.py", line 32, in _fused_silu_layer_norm_conv2d_impl
W0528 22:53:35.018000 231 site-packages/torch/_dynamo/convert_frame.py:1125]     ln_out = F.layer_norm(conv_out, normalized_shape, weight=w, bias=None, eps=ln_eps)
W0528 22:53:35.018000 231 site-packages/torch/_dynamo/convert_frame.py:1125] 
W0528 22:53:35.018000 231 site-packages/torch/_dynamo/convert_frame.py:1125] Set TORCH_LOGS="+dynamo" and TORCHDYNAMO_VERBOSE=1 for more information
W0528 22:53:35.018000 231 site-packages/torch/_dynamo/convert_frame.py:1125] 
W0528 22:53:35.018000 231 site-packages/torch/_dynamo/convert_frame.py:1125] Traceback (most recent call last):
W0528 22:53:35.018000 231 site-packages/torch/_dynamo/convert_frame.py:1125]   File "/usr/local/lib/python3.12/site-packages/torch/_dynamo/convert_frame.py", line 1064, in __call__
W0528 22:53:35.018000 231 site-packages/torch/_dynamo/convert_frame.py:1125]     result = self._inner_convert(
W0528 22:53:35.018000 231 site-packages/torch/_dynamo/convert_frame.py:1125]              ^^^^^^^^^^^^^^^^^^^^
W0528 22:53:35.018000 231 site-packages/torch/_dynamo/convert_frame.py:1125]   File "/usr/local/lib/python3.12/site-packages/torch/_dynamo/convert_frame.py", line 526, in __call__
W0528 22:53:35.018000 231 site-packages/torch/_dynamo/convert_frame.py:1125]     return _compile(
W0528 22:53:35.018000 231 site-packages/torch/_dynamo/convert_frame.py:1125]            ^^^^^^^^^
W0528 22:53:35.018000 231 site-packages/torch/_dynamo/convert_frame.py:1125]   File "/usr/local/lib/python3.12/site-packages/torch/_dynamo/convert_frame.py", line 924, in _compile
W0528 22:53:35.018000 231 site-packages/torch/_dynamo/convert_frame.py:1125]     guarded_code = compile_inner(code, one_graph, hooks, transform)
W0528 22:53:35.018000 231 site-packages/torch/_dynamo/convert_frame.py:1125]                    ^^^^^^^^^^^^^^^^^^^^^^^^^^^^^^^^^^^^^^^^^^^^^^^^
W0528 22:53:35.018000 231 site-packages/torch/_dynamo/convert_frame.py:1125]   File "/usr/local/lib/python3.12/site-packages/torch/_dynamo/convert_frame.py", line 666, in compile_inner
W0528 22:53:35.018000 231 site-packages/torch/_dynamo/convert_frame.py:1125]     return _compile_inner(code, one_graph, hooks, transform)
W0528 22:53:35.018000 231 site-packages/torch/_dynamo/convert_frame.py:1125]            ^^^^^^^^^^^^^^^^^^^^^^^^^^^^^^^^^^^^^^^^^^^^^^^^^
W0528 22:53:35.018000 231 site-packages/torch/_dynamo/convert_frame.py:1125]   File "/usr/local/lib/python3.12/site-packages/torch/_utils_internal.py", line 87, in wrapper_function
W0528 22:53:35.018000 231 site-packages/torch/_dynamo/convert_frame.py:1125]     return function(*args, **kwargs)
W0528 22:53:35.018000 231 site-packages/torch/_dynamo/convert_frame.py:1125]            ^^^^^^^^^^^^^^^^^^^^^^^^^
W0528 22:53:35.018000 231 site-packages/torch/_dynamo/convert_frame.py:1125]   File "/usr/local/lib/python3.12/site-packages/torch/_dynamo/convert_frame.py", line 699, in _compile_inner
W0528 22:53:35.018000 231 site-packages/torch/_dynamo/convert_frame.py:1125]     out_code = transform_code_object(code, transform)
W0528 22:53:35.018000 231 site-packages/torch/_dynamo/convert_frame.py:1125]                ^^^^^^^^^^^^^^^^^^^^^^^^^^^^^^^^^^^^^^
W0528 22:53:35.018000 231 site-packages/torch/_dynamo/convert_frame.py:1125]   File "/usr/local/lib/python3.12/site-packages/torch/_dynamo/bytecode_transformation.py", line 1322, in transform_code_object
W0528 22:53:35.018000 231 site-packages/torch/_dynamo/convert_frame.py:1125]     transformations(instructions, code_options)
W0528 22:53:35.018000 231 site-packages/torch/_dynamo/convert_frame.py:1125]   File "/usr/local/lib/python3.12/site-packages/torch/_dynamo/convert_frame.py", line 219, in _fn
W0528 22:53:35.018000 231 site-packages/torch/_dynamo/convert_frame.py:1125]     return fn(*args, **kwargs)
W0528 22:53:35.018000 231 site-packages/torch/_dynamo/convert_frame.py:1125]            ^^^^^^^^^^^^^^^^^^^
W0528 22:53:35.018000 231 site-packages/torch/_dynamo/convert_frame.py:1125]   File "/usr/local/lib/python3.12/site-packages/torch/_dynamo/convert_frame.py", line 634, in transform
W0528 22:53:35.018000 231 site-packages/torch/_dynamo/convert_frame.py:1125]     tracer.run()
W0528 22:53:35.018000 231 site-packages/torch/_dynamo/convert_frame.py:1125]   File "/usr/local/lib/python3.12/site-packages/torch/_dynamo/symbolic_convert.py", line 2796, in run
W0528 22:53:35.018000 231 site-packages/torch/_dynamo/convert_frame.py:1125]     super().run()
W0528 22:53:35.018000 231 site-packages/torch/_dynamo/convert_frame.py:1125]   File "/usr/local/lib/python3.12/site-packages/torch/_dynamo/symbolic_convert.py", line 983, in run
W0528 22:53:35.018000 231 site-packages/torch/_dynamo/convert_frame.py:1125]     while self.step():
W0528 22:53:35.018000 231 site-packages/torch/_dynamo/convert_frame.py:1125]           ^^^^^^^^^^^
W0528 22:53:35.018000 231 site-packages/torch/_dynamo/convert_frame.py:1125]   File "/usr/local/lib/python3.12/site-packages/torch/_dynamo/symbolic_convert.py", line 895, in step
W0528 22:53:35.018000 231 site-packages/torch/_dynamo/convert_frame.py:1125]     self.dispatch_table[inst.opcode](self, inst)
W0528 22:53:35.018000 231 site-packages/torch/_dynamo/convert_frame.py:1125]   File "/usr/local/lib/python3.12/site-packages/torch/_dynamo/symbolic_convert.py", line 582, in wrapper
W0528 22:53:35.018000 231 site-packages/torch/_dynamo/convert_frame.py:1125]     return inner_fn(self, inst)
W0528 22:53:35.018000 231 site-packages/torch/_dynamo/convert_frame.py:1125]            ^^^^^^^^^^^^^^^^^^^^
W0528 22:53:35.018000 231 site-packages/torch/_dynamo/convert_frame.py:1125]   File "/usr/local/lib/python3.12/site-packages/torch/_dynamo/symbolic_convert.py", line 2279, in CALL
W0528 22:53:35.018000 231 site-packages/torch/_dynamo/convert_frame.py:1125]     self._call(inst)
W0528 22:53:35.018000 231 site-packages/torch/_dynamo/convert_frame.py:1125]   File "/usr/local/lib/python3.12/site-packages/torch/_dynamo/symbolic_convert.py", line 2273, in _call
W0528 22:53:35.018000 231 site-packages/torch/_dynamo/convert_frame.py:1125]     self.call_function(fn, args, kwargs)
W0528 22:53:35.018000 231 site-packages/torch/_dynamo/convert_frame.py:1125]   File "/usr/local/lib/python3.12/site-packages/torch/_dynamo/symbolic_convert.py", line 830, in call_function
W0528 22:53:35.018000 231 site-packages/torch/_dynamo/convert_frame.py:1125]     self.push(fn.call_function(self, args, kwargs))  # type: ignore[arg-type]
W0528 22:53:35.018000 231 site-packages/torch/_dynamo/convert_frame.py:1125]               ^^^^^^^^^^^^^^^^^^^^^^^^^^^^^^^^^^^^
W0528 22:53:35.018000 231 site-packages/torch/_dynamo/convert_frame.py:1125]   File "/usr/local/lib/python3.12/site-packages/torch/_dynamo/variables/torch.py", line 897, in call_function
W0528 22:53:35.018000 231 site-packages/torch/_dynamo/convert_frame.py:1125]     tensor_variable = wrap_fx_proxy(
W0528 22:53:35.018000 231 site-packages/torch/_dynamo/convert_frame.py:1125]                       ^^^^^^^^^^^^^^
W0528 22:53:35.018000 231 site-packages/torch/_dynamo/convert_frame.py:1125]   File "/usr/local/lib/python3.12/site-packages/torch/_dynamo/variables/builder.py", line 2037, in wrap_fx_proxy
W0528 22:53:35.018000 231 site-packages/torch/_dynamo/convert_frame.py:1125]     return wrap_fx_proxy_cls(target_cls=TensorVariable, **kwargs)
W0528 22:53:35.018000 231 site-packages/torch/_dynamo/convert_frame.py:1125]            ^^^^^^^^^^^^^^^^^^^^^^^^^^^^^^^^^^^^^^^^^^^^^^^^^^^^^^
W0528 22:53:35.018000 231 site-packages/torch/_dynamo/convert_frame.py:1125]   File "/usr/local/lib/python3.12/site-packages/torch/_dynamo/variables/builder.py", line 2124, in wrap_fx_proxy_cls
W0528 22:53:35.018000 231 site-packages/torch/_dynamo/convert_frame.py:1125]     example_value = get_fake_value(proxy.node, tx, allow_non_graph_fake=True)
W0528 22:53:35.018000 231 site-packages/torch/_dynamo/convert_frame.py:1125]                     ^^^^^^^^^^^^^^^^^^^^^^^^^^^^^^^^^^^^^^^^^^^^^^^^^^^^^^^^^
W0528 22:53:35.018000 231 site-packages/torch/_dynamo/convert_frame.py:1125]   File "/usr/local/lib/python3.12/site-packages/torch/_dynamo/utils.py", line 2082, in get_fake_value
W0528 22:53:35.018000 231 site-packages/torch/_dynamo/convert_frame.py:1125]     raise TorchRuntimeError(str(e)).with_traceback(e.__traceback__) from None
W0528 22:53:35.018000 231 site-packages/torch/_dynamo/convert_frame.py:1125]   File "/usr/local/lib/python3.12/site-packages/torch/_dynamo/utils.py", line 2017, in get_fake_value
W0528 22:53:35.018000 231 site-packages/torch/_dynamo/convert_frame.py:1125]     ret_val = wrap_fake_exception(
W0528 22:53:35.018000 231 site-packages/torch/_dynamo/convert_frame.py:1125]               ^^^^^^^^^^^^^^^^^^^^
W0528 22:53:35.018000 231 site-packages/torch/_dynamo/convert_frame.py:1125]   File "/usr/local/lib/python3.12/site-packages/torch/_dynamo/utils.py", line 1574, in wrap_fake_exception
W0528 22:53:35.018000 231 site-packages/torch/_dynamo/convert_frame.py:1125]     return fn()
W0528 22:53:35.018000 231 site-packages/torch/_dynamo/convert_frame.py:1125]            ^^^^
W0528 22:53:35.018000 231 site-packages/torch/_dynamo/convert_frame.py:1125]   File "/usr/local/lib/python3.12/site-packages/torch/_dynamo/utils.py", line 2018, in <lambda>
W0528 22:53:35.018000 231 site-packages/torch/_dynamo/convert_frame.py:1125]     lambda: run_node(tx.output, node, args, kwargs, nnmodule)
W0528 22:53:35.018000 231 site-packages/torch/_dynamo/convert_frame.py:1125]             ^^^^^^^^^^^^^^^^^^^^^^^^^^^^^^^^^^^^^^^^^^^^^^^^^
W0528 22:53:35.018000 231 site-packages/torch/_dynamo/convert_frame.py:1125]   File "/usr/local/lib/python3.12/site-packages/torch/_dynamo/utils.py", line 2150, in run_node
W0528 22:53:35.018000 231 site-packages/torch/_dynamo/convert_frame.py:1125]     raise RuntimeError(make_error_message(e)).with_traceback(
W0528 22:53:35.018000 231 site-packages/torch/_dynamo/convert_frame.py:1125]   File "/usr/local/lib/python3.12/site-packages/torch/_dynamo/utils.py", line 2132, in run_node
W0528 22:53:35.018000 231 site-packages/torch/_dynamo/convert_frame.py:1125]     return node.target(*args, **kwargs)
W0528 22:53:35.018000 231 site-packages/torch/_dynamo/convert_frame.py:1125]            ^^^^^^^^^^^^^^^^^^^^^^^^^^^^
W0528 22:53:35.018000 231 site-packages/torch/_dynamo/convert_frame.py:1125]   File "/usr/local/lib/python3.12/site-packages/torch/nn/functional.py", line 2900, in layer_norm
W0528 22:53:35.018000 231 site-packages/torch/_dynamo/convert_frame.py:1125]     return torch.layer_norm(
W0528 22:53:35.018000 231 site-packages/torch/_dynamo/convert_frame.py:1125]            ^^^^^^^^^^^^^^^^^
W0528 22:53:35.018000 231 site-packages/torch/_dynamo/convert_frame.py:1125]   File "/usr/local/lib/python3.12/site-packages/torch/utils/_stats.py", line 21, in wrapper
W0528 22:53:35.018000 231 site-packages/torch/_dynamo/convert_frame.py:1125]     return fn(*args, **kwargs)
W0528 22:53:35.018000 231 site-packages/torch/_dynamo/convert_frame.py:1125]            ^^^^^^^^^^^^^^^^^^^
W0528 22:53:35.018000 231 site-packages/torch/_dynamo/convert_frame.py:1125]   File "/usr/local/lib/python3.12/site-packages/torch/_subclasses/fake_tensor.py", line 1238, in __torch_dispatch__
W0528 22:53:35.018000 231 site-packages/torch/_dynamo/convert_frame.py:1125]     return self.dispatch(func, types, args, kwargs)
W0528 22:53:35.018000 231 site-packages/torch/_dynamo/convert_frame.py:1125]            ^^^^^^^^^^^^^^^^^^^^^^^^^^^^^^^^^^^^^^^^
W0528 22:53:35.018000 231 site-packages/torch/_dynamo/convert_frame.py:1125]   File "/usr/local/lib/python3.12/site-packages/torch/_subclasses/fake_tensor.py", line 1692, in dispatch
W0528 22:53:35.018000 231 site-packages/torch/_dynamo/convert_frame.py:1125]     return self._cached_dispatch_impl(func, types, args, kwargs)
W0528 22:53:35.018000 231 site-packages/torch/_dynamo/convert_frame.py:1125]            ^^^^^^^^^^^^^^^^^^^^^^^^^^^^^^^^^^^^^^^^^^^^^^^^^^^^^
W0528 22:53:35.018000 231 site-packages/torch/_dynamo/convert_frame.py:1125]   File "/usr/local/lib/python3.12/site-packages/torch/_subclasses/fake_tensor.py", line 1339, in _cached_dispatch_impl
W0528 22:53:35.018000 231 site-packages/torch/_dynamo/convert_frame.py:1125]     output = self._dispatch_impl(func, types, args, kwargs)
W0528 22:53:35.018000 231 site-packages/torch/_dynamo/convert_frame.py:1125]              ^^^^^^^^^^^^^^^^^^^^^^^^^^^^^^^^^^^^^^^^^^^^^^
W0528 22:53:35.018000 231 site-packages/torch/_dynamo/convert_frame.py:1125]   File "/usr/local/lib/python3.12/site-packages/torch/_subclasses/fake_tensor.py", line 2013, in _dispatch_impl
W0528 22:53:35.018000 231 site-packages/torch/_dynamo/convert_frame.py:1125]     r = func(*args, **kwargs)
W0528 22:53:35.018000 231 site-packages/torch/_dynamo/convert_frame.py:1125]         ^^^^^^^^^^^^^^^^^^^^^
W0528 22:53:35.018000 231 site-packages/torch/_dynamo/convert_frame.py:1125]   File "/usr/local/lib/python3.12/site-packages/torch/_ops.py", line 716, in __call__
W0528 22:53:35.018000 231 site-packages/torch/_dynamo/convert_frame.py:1125]     return self._op(*args, **kwargs)
W0528 22:53:35.018000 231 site-packages/torch/_dynamo/convert_frame.py:1125]            ^^^^^^^^^^^^^^^^^^^^^^^^^
W0528 22:53:35.018000 231 site-packages/torch/_dynamo/convert_frame.py:1125]   File "/usr/local/lib/python3.12/site-packages/torch/_decomp/__init__.py", line 88, in _fn
W0528 22:53:35.018000 231 site-packages/torch/_dynamo/convert_frame.py:1125]     return f(*args, **kwargs, out=None if is_none else out_kwargs)
W0528 22:53:35.018000 231 site-packages/torch/_dynamo/convert_frame.py:1125]            ^^^^^^^^^^^^^^^^^^^^^^^^^^^^^^^^^^^^^^^^^^^^^^^^^^^^^^^
W0528 22:53:35.018000 231 site-packages/torch/_dynamo/convert_frame.py:1125]   File "/usr/local/lib/python3.12/site-packages/torch/_prims_common/wrappers.py", line 273, in _fn
W0528 22:53:35.018000 231 site-packages/torch/_dynamo/convert_frame.py:1125]     result = fn(*args, **kwargs)
W0528 22:53:35.018000 231 site-packages/torch/_dynamo/convert_frame.py:1125]              ^^^^^^^^^^^^^^^^^^^
W0528 22:53:35.018000 231 site-packages/torch/_dynamo/convert_frame.py:1125]   File "/usr/local/lib/python3.12/site-packages/torch/_refs/__init__.py", line 3223, in native_layer_norm
W0528 22:53:35.018000 231 site-packages/torch/_dynamo/convert_frame.py:1125]     torch._check(
W0528 22:53:35.018000 231 site-packages/torch/_dynamo/convert_frame.py:1125]   File "/usr/local/lib/python3.12/site-packages/torch/__init__.py", line 1564, in _check
W0528 22:53:35.018000 231 site-packages/torch/_dynamo/convert_frame.py:1125]     _check_with(RuntimeError, cond, message)
W0528 22:53:35.018000 231 site-packages/torch/_dynamo/convert_frame.py:1125]   File "/usr/local/lib/python3.12/site-packages/torch/__init__.py", line 1546, in _check_with
W0528 22:53:35.018000 231 site-packages/torch/_dynamo/convert_frame.py:1125]     raise error_type(message_evaluated)
W0528 22:53:35.018000 231 site-packages/torch/_dynamo/convert_frame.py:1125] torch._dynamo.exc.TorchRuntimeError: Failed running call_function <function layer_norm at 0x2ad29dec22a0>(*(FakeTensor(..., device='cuda:0', size=(1, 6, 3, 3)), (6,)), **{'weight': None, 'bias': None, 'eps': 1e-05}):
W0528 22:53:35.018000 231 site-packages/torch/_dynamo/convert_frame.py:1125] Given normalized_shape=[6], expected input with shape [6], but got input of size torch.Size([1, 6, 3, 3])
W0528 22:53:35.018000 231 site-packages/torch/_dynamo/convert_frame.py:1125] 
W0528 22:53:35.018000 231 site-packages/torch/_dynamo/convert_frame.py:1125] from user code:
W0528 22:53:35.018000 231 site-packages/torch/_dynamo/convert_frame.py:1125]    File "/data/results/lmstudio_prompt12_general_router_20260528-152031/call_acc/fused_silu_layer_norm_conv2d.py", line 32, in _fused_silu_layer_norm_conv2d_impl
W0528 22:53:35.018000 231 site-packages/torch/_dynamo/convert_frame.py:1125]     ln_out = F.layer_norm(conv_out, normalized_shape, weight=w, bias=None, eps=ln_eps)
W0528 22:53:35.018000 231 site-packages/torch/_dynamo/convert_frame.py:1125] 
W0528 22:53:35.018000 231 site-packages/torch/_dynamo/convert_frame.py:1125] Set TORCH_LOGS="+dynamo" and TORCHDYNAMO_VERBOSE=1 for more information
W0528 22:53:35.018000 231 site-packages/torch/_dynamo/convert_frame.py:1125] 
Traceback (most recent call last):
  File "/data/results/lmstudio_prompt12_general_router_20260528-152031/call_acc/fused_silu_layer_norm_conv2d.py", line 46, in fused_silu_layer_norm_conv2d
    y = _fused_silu_layer_norm_conv2d_fast(x, weight, conv_weight, conv_bias, conv_stride, conv_padding, conv_dilation, conv_groups, ln_eps)
        ^^^^^^^^^^^^^^^^^^^^^^^^^^^^^^^^^^^^^^^^^^^^^^^^^^^^^^^^^^^^^^^^^^^^^^^^^^^^^^^^^^^^^^^^^^^^^^^^^^^^^^^^^^^^^^^^^^^^^^^^^^^^^^^^^^^^
  File "/usr/local/lib/python3.12/site-packages/torch/_dynamo/eval_frame.py", line 465, in _fn
    return fn(*args, **kwargs)
           ^^^^^^^^^^^^^^^^^^^
  File "/data/results/lmstudio_prompt12_general_router_20260528-152031/call_acc/fused_silu_layer_norm_conv2d.py", line 32, in _fused_silu_layer_norm_conv2d_impl
    ln_out = F.layer_norm(conv_out, normalized_shape, weight=w, bias=None, eps=ln_eps)
             ^^^^^^^^^^^^^^^^^^^^^^^^^^^^^^^^^^^^^^^^^^^^^^^^^^^^^^^^^^^^^^^^^^^^^^^^^
  File "/usr/local/lib/python3.12/site-packages/torch/nn/functional.py", line 2900, in layer_norm
    return torch.layer_norm(
           ^^^^^^^^^^^^^^^^^
RuntimeError: Given normalized_shape=[6], expected input with shape [*, 6], but got input of size[1, 6, 3, 3]

During handling of the above exception, another exception occurred:

Traceback (most recent call last):
  File "/data/results/lmstudio_prompt12_general_router_20260528-152031/call_acc/fused_silu_layer_norm_conv2d.py", line 84, in <module>
    test_results = test_fused_silu_layer_norm_conv2d()
                   ^^^^^^^^^^^^^^^^^^^^^^^^^^^^^^^^^^^
  File "/data/results/lmstudio_prompt12_general_router_20260528-152031/call_acc/fused_silu_layer_norm_conv2d.py", line 70, in test_fused_silu_layer_norm_conv2d
    results['test_case_1'] = fused_silu_layer_norm_conv2d(x, None, conv_weight)
                             ^^^^^^^^^^^^^^^^^^^^^^^^^^^^^^^^^^^^^^^^^^^^^^^^^^
  File "/data/results/lmstudio_prompt12_general_router_20260528-152031/call_acc/fused_silu_layer_norm_conv2d.py", line 48, in fused_silu_layer_norm_conv2d
    y = _fused_silu_layer_norm_conv2d_impl(x, weight, conv_weight, conv_bias, conv_stride, conv_padding, conv_dilation, conv_groups, ln_eps)
        ^^^^^^^^^^^^^^^^^^^^^^^^^^^^^^^^^^^^^^^^^^^^^^^^^^^^^^^^^^^^^^^^^^^^^^^^^^^^^^^^^^^^^^^^^^^^^^^^^^^^^^^^^^^^^^^^^^^^^^^^^^^^^^^^^^^^
  File "/data/results/lmstudio_prompt12_general_router_20260528-152031/call_acc/fused_silu_layer_norm_conv2d.py", line 32, in _fused_silu_layer_norm_conv2d_impl
    ln_out = F.layer_norm(conv_out, normalized_shape, weight=w, bias=None, eps=ln_eps)
             ^^^^^^^^^^^^^^^^^^^^^^^^^^^^^^^^^^^^^^^^^^^^^^^^^^^^^^^^^^^^^^^^^^^^^^^^^
  File "/usr/local/lib/python3.12/site-packages/torch/nn/functional.py", line 2900, in layer_norm
    return torch.layer_norm(
           ^^^^^^^^^^^^^^^^^
RuntimeError: Given normalized_shape=[6], expected input with shape [*, 6], but got input of size[1, 6, 3, 3]

=== Output for fused_index_select_eq.py on GPU 0 ===

=== Errors for fused_index_select_eq.py on GPU 0 ===

=== Output for argmax.py on GPU 0 ===

=== Errors for argmax.py on GPU 0 ===

=== Output for fused_lu_solve.py on GPU 0 ===

=== Errors for fused_lu_solve.py on GPU 0 ===
Traceback (most recent call last):
  File "/data/results/lmstudio_prompt12_general_router_20260528-152031/call_acc/fused_lu_solve.py", line 59, in <module>
    test_results = test_fused_lu_solve()
                   ^^^^^^^^^^^^^^^^^^^^^
  File "/data/results/lmstudio_prompt12_general_router_20260528-152031/call_acc/fused_lu_solve.py", line 37, in test_fused_lu_solve
    results["test_case_1"] = fused_lu_solve(A1, b1)
                             ^^^^^^^^^^^^^^^^^^^^^^
  File "/data/results/lmstudio_prompt12_general_router_20260528-152031/call_acc/fused_lu_solve.py", line 24, in fused_lu_solve
    x = torch.linalg.lu_solve(lu, pivots, b)
        ^^^^^^^^^^^^^^^^^^^^^^^^^^^^^^^^^^^^
RuntimeError: linalg.lu_solve: The input tensor B must have at least 2 dimensions.

Deleted dropout_relu_batch_norm_conv2d.py
Deleted fused_bmm_rmsnorm_gelu_dropout_sub.py
Deleted fused_lu_solve.py
Deleted fused_mv_logsoftmax_dropout.py
Deleted fused_silu_layer_norm_conv2d.py
Deleted solve_multiple_lu.py
Deleted svd.py

Correct execution rate: 65.00%
['div.py', 'sigmoid_conv2d.py', 'tanh.py', 'relu_sqrt.py', 'sqrt.py', 'sigmoid_argmax.py', 'sub.py', 'grid_sample.py', 'i0.py', 'rsqrt.py', 'add.py', 'fused_index_select_eq.py', 'argmax.py']
Above is call test for lmstudio_qwen_qwen3.6-35b-a3b_simp_limit20_20260528-152038
================================================================================================================================================================

call_acc survivors: 13 / 20

======================================================================
=== Phase 2: execution accuracy ===
======================================================================

Correct execution rate: 100.00% = 13 / 13
above is the compare execution for /data/results/lmstudio_prompt12_general_router_20260528-152031/call_acc
================================================================================================================================================================================================================================================

exe_acc survivors: 13 / 20

======================================================================
=== Phase 3: efficiency ===
======================================================================

[1AProcess:   0%|                                           | 0/13 [00:00<?, ?it/s]
[1AProcess:   8%|██▋                                | 1/13 [00:24<04:54, 24.57s/it]
[1AProcess:  15%|█████▍                             | 2/13 [00:57<05:22, 29.28s/it]
[1AProcess:  23%|████████                           | 3/13 [01:23<04:40, 28.01s/it]
[1AProcess:  31%|██████████▊                        | 4/13 [01:59<04:40, 31.17s/it]
[1AProcess:  38%|█████████████▍                     | 5/13 [02:11<03:14, 24.34s/it]
[1AProcess:  46%|████████████████▏                  | 6/13 [02:36<02:50, 24.31s/it]
[1AProcess:  54%|██████████████████▊                | 7/13 [03:03<02:30, 25.15s/it]Runner killed (SIGKILL), exit code: 137. Most often this happens when the process runs out of memory. Consider increasing or reserving memory to avoid unexpected termination: https://modal.com/docs/guide/resources

==========
== CUDA ==
==========

CUDA Version 12.4.1

Container image Copyright (c) 2016-2023, NVIDIA CORPORATION & AFFILIATES. All rights reserved.

This container image and its contents are governed by the NVIDIA Deep Learning Container License.
By pulling and using the container, you accept the terms and conditions of this license:
https://developer.nvidia.com/ngc/nvidia-deep-learning-container-license

A copy of this license is made available in this container at /NGC-DL-CONTAINER-LICENSE for your convenience.


======================================================================
=== Phase 1: call accuracy ===
======================================================================
instruction
=== Output for fused_bmm_rmsnorm_gelu_dropout_sub.py on GPU 0 ===

=== Errors for fused_bmm_rmsnorm_gelu_dropout_sub.py on GPU 0 ===
E0528 23:09:15.877000 27 site-packages/torch/_subclasses/fake_tensor.py:2017] [0/0] failed while attempting to run meta for aten.mean.dim
E0528 23:09:15.877000 27 site-packages/torch/_subclasses/fake_tensor.py:2017] [0/0] Traceback (most recent call last):
E0528 23:09:15.877000 27 site-packages/torch/_subclasses/fake_tensor.py:2017] [0/0]   File "/usr/local/lib/python3.12/site-packages/torch/_subclasses/fake_tensor.py", line 2013, in _dispatch_impl
E0528 23:09:15.877000 27 site-packages/torch/_subclasses/fake_tensor.py:2017] [0/0]     r = func(*args, **kwargs)
E0528 23:09:15.877000 27 site-packages/torch/_subclasses/fake_tensor.py:2017] [0/0]         ^^^^^^^^^^^^^^^^^^^^^
E0528 23:09:15.877000 27 site-packages/torch/_subclasses/fake_tensor.py:2017] [0/0]   File "/usr/local/lib/python3.12/site-packages/torch/_ops.py", line 716, in __call__
E0528 23:09:15.877000 27 site-packages/torch/_subclasses/fake_tensor.py:2017] [0/0]     return self._op(*args, **kwargs)
E0528 23:09:15.877000 27 site-packages/torch/_subclasses/fake_tensor.py:2017] [0/0]            ^^^^^^^^^^^^^^^^^^^^^^^^^
E0528 23:09:15.877000 27 site-packages/torch/_subclasses/fake_tensor.py:2017] [0/0]   File "/usr/local/lib/python3.12/site-packages/torch/_refs/__init__.py", line 2476, in mean
E0528 23:09:15.877000 27 site-packages/torch/_subclasses/fake_tensor.py:2017] [0/0]     result = _reduction(
E0528 23:09:15.877000 27 site-packages/torch/_subclasses/fake_tensor.py:2017] [0/0]              ^^^^^^^^^^^
E0528 23:09:15.877000 27 site-packages/torch/_subclasses/fake_tensor.py:2017] [0/0]   File "/usr/local/lib/python3.12/site-packages/torch/_refs/__init__.py", line 2171, in _reduction
E0528 23:09:15.877000 27 site-packages/torch/_subclasses/fake_tensor.py:2017] [0/0]     dims = utils.reduction_dims(a.shape, dims)
E0528 23:09:15.877000 27 site-packages/torch/_subclasses/fake_tensor.py:2017] [0/0]            ^^^^^^^^^^^^^^^^^^^^^^^^^^^^^^^^^^^
E0528 23:09:15.877000 27 site-packages/torch/_subclasses/fake_tensor.py:2017] [0/0]   File "/usr/local/lib/python3.12/site-packages/torch/_prims_common/__init__.py", line 1713, in reduction_dims
E0528 23:09:15.877000 27 site-packages/torch/_subclasses/fake_tensor.py:2017] [0/0]     dims = tuple(canonicalize_dim(len(shape), idx) for idx in dims)
E0528 23:09:15.877000 27 site-packages/torch/_subclasses/fake_tensor.py:2017] [0/0]            ^^^^^^^^^^^^^^^^^^^^^^^^^^^^^^^^^^^^^^^^^^^^^^^^^^^^^^^^
E0528 23:09:15.877000 27 site-packages/torch/_subclasses/fake_tensor.py:2017] [0/0]   File "/usr/local/lib/python3.12/site-packages/torch/_prims_common/__init__.py", line 1713, in <genexpr>
E0528 23:09:15.877000 27 site-packages/torch/_subclasses/fake_tensor.py:2017] [0/0]     dims = tuple(canonicalize_dim(len(shape), idx) for idx in dims)
E0528 23:09:15.877000 27 site-packages/torch/_subclasses/fake_tensor.py:2017] [0/0]                  ^^^^^^^^^^^^^^^^^^^^^^^^^^^^^^^^^
E0528 23:09:15.877000 27 site-packages/torch/_subclasses/fake_tensor.py:2017] [0/0]   File "/usr/local/lib/python3.12/site-packages/torch/_prims_common/__init__.py", line 663, in canonicalize_dim
E0528 23:09:15.877000 27 site-packages/torch/_subclasses/fake_tensor.py:2017] [0/0]     raise IndexError(msg)
E0528 23:09:15.877000 27 site-packages/torch/_subclasses/fake_tensor.py:2017] [0/0] IndexError: Dimension out of range (expected to be in range of [-3, 2], but got -5)
W0528 23:09:15.893000 27 site-packages/torch/_dynamo/convert_frame.py:1125] WON'T CONVERT _fused_bmm_rmsnorm_gelu_dropout_sub_impl /data/results/lmstudio_prompt12_general_router_20260528-152031/call_acc/fused_bmm_rmsnorm_gelu_dropout_sub.py line 22 
W0528 23:09:15.893000 27 site-packages/torch/_dynamo/convert_frame.py:1125] due to: 
W0528 23:09:15.893000 27 site-packages/torch/_dynamo/convert_frame.py:1125] Traceback (most recent call last):
W0528 23:09:15.893000 27 site-packages/torch/_dynamo/convert_frame.py:1125]   File "/usr/local/lib/python3.12/site-packages/torch/_dynamo/convert_frame.py", line 1064, in __call__
W0528 23:09:15.893000 27 site-packages/torch/_dynamo/convert_frame.py:1125]     result = self._inner_convert(
W0528 23:09:15.893000 27 site-packages/torch/_dynamo/convert_frame.py:1125]              ^^^^^^^^^^^^^^^^^^^^
W0528 23:09:15.893000 27 site-packages/torch/_dynamo/convert_frame.py:1125]   File "/usr/local/lib/python3.12/site-packages/torch/_dynamo/convert_frame.py", line 526, in __call__
W0528 23:09:15.893000 27 site-packages/torch/_dynamo/convert_frame.py:1125]     return _compile(
W0528 23:09:15.893000 27 site-packages/torch/_dynamo/convert_frame.py:1125]            ^^^^^^^^^
W0528 23:09:15.893000 27 site-packages/torch/_dynamo/convert_frame.py:1125]   File "/usr/local/lib/python3.12/site-packages/torch/_dynamo/convert_frame.py", line 924, in _compile
W0528 23:09:15.893000 27 site-packages/torch/_dynamo/convert_frame.py:1125]     guarded_code = compile_inner(code, one_graph, hooks, transform)
W0528 23:09:15.893000 27 site-packages/torch/_dynamo/convert_frame.py:1125]                    ^^^^^^^^^^^^^^^^^^^^^^^^^^^^^^^^^^^^^^^^^^^^^^^^
W0528 23:09:15.893000 27 site-packages/torch/_dynamo/convert_frame.py:1125]   File "/usr/local/lib/python3.12/site-packages/torch/_dynamo/convert_frame.py", line 666, in compile_inner
W0528 23:09:15.893000 27 site-packages/torch/_dynamo/convert_frame.py:1125]     return _compile_inner(code, one_graph, hooks, transform)
W0528 23:09:15.893000 27 site-packages/torch/_dynamo/convert_frame.py:1125]            ^^^^^^^^^^^^^^^^^^^^^^^^^^^^^^^^^^^^^^^^^^^^^^^^^
W0528 23:09:15.893000 27 site-packages/torch/_dynamo/convert_frame.py:1125]   File "/usr/local/lib/python3.12/site-packages/torch/_utils_internal.py", line 87, in wrapper_function
W0528 23:09:15.893000 27 site-packages/torch/_dynamo/convert_frame.py:1125]     return function(*args, **kwargs)
W0528 23:09:15.893000 27 site-packages/torch/_dynamo/convert_frame.py:1125]            ^^^^^^^^^^^^^^^^^^^^^^^^^
W0528 23:09:15.893000 27 site-packages/torch/_dynamo/convert_frame.py:1125]   File "/usr/local/lib/python3.12/site-packages/torch/_dynamo/convert_frame.py", line 699, in _compile_inner
W0528 23:09:15.893000 27 site-packages/torch/_dynamo/convert_frame.py:1125]     out_code = transform_code_object(code, transform)
W0528 23:09:15.893000 27 site-packages/torch/_dynamo/convert_frame.py:1125]                ^^^^^^^^^^^^^^^^^^^^^^^^^^^^^^^^^^^^^^
W0528 23:09:15.893000 27 site-packages/torch/_dynamo/convert_frame.py:1125]   File "/usr/local/lib/python3.12/site-packages/torch/_dynamo/bytecode_transformation.py", line 1322, in transform_code_object
W0528 23:09:15.893000 27 site-packages/torch/_dynamo/convert_frame.py:1125]     transformations(instructions, code_options)
W0528 23:09:15.893000 27 site-packages/torch/_dynamo/convert_frame.py:1125]   File "/usr/local/lib/python3.12/site-packages/torch/_dynamo/convert_frame.py", line 219, in _fn
W0528 23:09:15.893000 27 site-packages/torch/_dynamo/convert_frame.py:1125]     return fn(*args, **kwargs)
W0528 23:09:15.893000 27 site-packages/torch/_dynamo/convert_frame.py:1125]            ^^^^^^^^^^^^^^^^^^^
W0528 23:09:15.893000 27 site-packages/torch/_dynamo/convert_frame.py:1125]   File "/usr/local/lib/python3.12/site-packages/torch/_dynamo/convert_frame.py", line 634, in transform
W0528 23:09:15.893000 27 site-packages/torch/_dynamo/convert_frame.py:1125]     tracer.run()
W0528 23:09:15.893000 27 site-packages/torch/_dynamo/convert_frame.py:1125]   File "/usr/local/lib/python3.12/site-packages/torch/_dynamo/symbolic_convert.py", line 2796, in run
W0528 23:09:15.893000 27 site-packages/torch/_dynamo/convert_frame.py:1125]     super().run()
W0528 23:09:15.893000 27 site-packages/torch/_dynamo/convert_frame.py:1125]   File "/usr/local/lib/python3.12/site-packages/torch/_dynamo/symbolic_convert.py", line 983, in run
W0528 23:09:15.893000 27 site-packages/torch/_dynamo/convert_frame.py:1125]     while self.step():
W0528 23:09:15.893000 27 site-packages/torch/_dynamo/convert_frame.py:1125]           ^^^^^^^^^^^
W0528 23:09:15.893000 27 site-packages/torch/_dynamo/convert_frame.py:1125]   File "/usr/local/lib/python3.12/site-packages/torch/_dynamo/symbolic_convert.py", line 895, in step
W0528 23:09:15.893000 27 site-packages/torch/_dynamo/convert_frame.py:1125]     self.dispatch_table[inst.opcode](self, inst)
W0528 23:09:15.893000 27 site-packages/torch/_dynamo/convert_frame.py:1125]   File "/usr/local/lib/python3.12/site-packages/torch/_dynamo/symbolic_convert.py", line 582, in wrapper
W0528 23:09:15.893000 27 site-packages/torch/_dynamo/convert_frame.py:1125]     return inner_fn(self, inst)
W0528 23:09:15.893000 27 site-packages/torch/_dynamo/convert_frame.py:1125]            ^^^^^^^^^^^^^^^^^^^^
W0528 23:09:15.893000 27 site-packages/torch/_dynamo/convert_frame.py:1125]   File "/usr/local/lib/python3.12/site-packages/torch/_dynamo/symbolic_convert.py", line 2279, in CALL
W0528 23:09:15.893000 27 site-packages/torch/_dynamo/convert_frame.py:1125]     self._call(inst)
W0528 23:09:15.893000 27 site-packages/torch/_dynamo/convert_frame.py:1125]   File "/usr/local/lib/python3.12/site-packages/torch/_dynamo/symbolic_convert.py", line 2273, in _call
W0528 23:09:15.893000 27 site-packages/torch/_dynamo/convert_frame.py:1125]     self.call_function(fn, args, kwargs)
W0528 23:09:15.893000 27 site-packages/torch/_dynamo/convert_frame.py:1125]   File "/usr/local/lib/python3.12/site-packages/torch/_dynamo/symbolic_convert.py", line 830, in call_function
W0528 23:09:15.893000 27 site-packages/torch/_dynamo/convert_frame.py:1125]     self.push(fn.call_function(self, args, kwargs))  # type: ignore[arg-type]
W0528 23:09:15.893000 27 site-packages/torch/_dynamo/convert_frame.py:1125]               ^^^^^^^^^^^^^^^^^^^^^^^^^^^^^^^^^^^^
W0528 23:09:15.893000 27 site-packages/torch/_dynamo/convert_frame.py:1125]   File "/usr/local/lib/python3.12/site-packages/torch/_dynamo/variables/misc.py", line 1024, in call_function
W0528 23:09:15.893000 27 site-packages/torch/_dynamo/convert_frame.py:1125]     return self.obj.call_method(tx, self.name, args, kwargs)
W0528 23:09:15.893000 27 site-packages/torch/_dynamo/convert_frame.py:1125]            ^^^^^^^^^^^^^^^^^^^^^^^^^^^^^^^^^^^^^^^^^^^^^^^^^
W0528 23:09:15.893000 27 site-packages/torch/_dynamo/convert_frame.py:1125]   File "/usr/local/lib/python3.12/site-packages/torch/_dynamo/variables/tensor.py", line 535, in call_method
W0528 23:09:15.893000 27 site-packages/torch/_dynamo/convert_frame.py:1125]     return wrap_fx_proxy(
W0528 23:09:15.893000 27 site-packages/torch/_dynamo/convert_frame.py:1125]            ^^^^^^^^^^^^^^
W0528 23:09:15.893000 27 site-packages/torch/_dynamo/convert_frame.py:1125]   File "/usr/local/lib/python3.12/site-packages/torch/_dynamo/variables/builder.py", line 2037, in wrap_fx_proxy
W0528 23:09:15.893000 27 site-packages/torch/_dynamo/convert_frame.py:1125]     return wrap_fx_proxy_cls(target_cls=TensorVariable, **kwargs)
W0528 23:09:15.893000 27 site-packages/torch/_dynamo/convert_frame.py:1125]            ^^^^^^^^^^^^^^^^^^^^^^^^^^^^^^^^^^^^^^^^^^^^^^^^^^^^^^
W0528 23:09:15.893000 27 site-packages/torch/_dynamo/convert_frame.py:1125]   File "/usr/local/lib/python3.12/site-packages/torch/_dynamo/variables/builder.py", line 2124, in wrap_fx_proxy_cls
W0528 23:09:15.893000 27 site-packages/torch/_dynamo/convert_frame.py:1125]     example_value = get_fake_value(proxy.node, tx, allow_non_graph_fake=True)
W0528 23:09:15.893000 27 site-packages/torch/_dynamo/convert_frame.py:1125]                     ^^^^^^^^^^^^^^^^^^^^^^^^^^^^^^^^^^^^^^^^^^^^^^^^^^^^^^^^^
W0528 23:09:15.893000 27 site-packages/torch/_dynamo/convert_frame.py:1125]   File "/usr/local/lib/python3.12/site-packages/torch/_dynamo/utils.py", line 2082, in get_fake_value
W0528 23:09:15.893000 27 site-packages/torch/_dynamo/convert_frame.py:1125]     raise TorchRuntimeError(str(e)).with_traceback(e.__traceback__) from None
W0528 23:09:15.893000 27 site-packages/torch/_dynamo/convert_frame.py:1125]   File "/usr/local/lib/python3.12/site-packages/torch/_dynamo/utils.py", line 2017, in get_fake_value
W0528 23:09:15.893000 27 site-packages/torch/_dynamo/convert_frame.py:1125]     ret_val = wrap_fake_exception(
W0528 23:09:15.893000 27 site-packages/torch/_dynamo/convert_frame.py:1125]               ^^^^^^^^^^^^^^^^^^^^
W0528 23:09:15.893000 27 site-packages/torch/_dynamo/convert_frame.py:1125]   File "/usr/local/lib/python3.12/site-packages/torch/_dynamo/utils.py", line 1574, in wrap_fake_exception
W0528 23:09:15.893000 27 site-packages/torch/_dynamo/convert_frame.py:1125]     return fn()
W0528 23:09:15.893000 27 site-packages/torch/_dynamo/convert_frame.py:1125]            ^^^^
W0528 23:09:15.893000 27 site-packages/torch/_dynamo/convert_frame.py:1125]   File "/usr/local/lib/python3.12/site-packages/torch/_dynamo/utils.py", line 2018, in <lambda>
W0528 23:09:15.893000 27 site-packages/torch/_dynamo/convert_frame.py:1125]     lambda: run_node(tx.output, node, args, kwargs, nnmodule)
W0528 23:09:15.893000 27 site-packages/torch/_dynamo/convert_frame.py:1125]             ^^^^^^^^^^^^^^^^^^^^^^^^^^^^^^^^^^^^^^^^^^^^^^^^^
W0528 23:09:15.893000 27 site-packages/torch/_dynamo/convert_frame.py:1125]   File "/usr/local/lib/python3.12/site-packages/torch/_dynamo/utils.py", line 2150, in run_node
W0528 23:09:15.893000 27 site-packages/torch/_dynamo/convert_frame.py:1125]     raise RuntimeError(make_error_message(e)).with_traceback(
W0528 23:09:15.893000 27 site-packages/torch/_dynamo/convert_frame.py:1125]   File "/usr/local/lib/python3.12/site-packages/torch/_dynamo/utils.py", line 2134, in run_node
W0528 23:09:15.893000 27 site-packages/torch/_dynamo/convert_frame.py:1125]     return getattr(args[0], node.target)(*args[1:], **kwargs)
W0528 23:09:15.893000 27 site-packages/torch/_dynamo/convert_frame.py:1125]            ^^^^^^^^^^^^^^^^^^^^^^^^^^^^^^^^^^^^^^^^^^^^^^^^^^
W0528 23:09:15.893000 27 site-packages/torch/_dynamo/convert_frame.py:1125]   File "/usr/local/lib/python3.12/site-packages/torch/utils/_stats.py", line 21, in wrapper
W0528 23:09:15.893000 27 site-packages/torch/_dynamo/convert_frame.py:1125]     return fn(*args, **kwargs)
W0528 23:09:15.893000 27 site-packages/torch/_dynamo/convert_frame.py:1125]            ^^^^^^^^^^^^^^^^^^^
W0528 23:09:15.893000 27 site-packages/torch/_dynamo/convert_frame.py:1125]   File "/usr/local/lib/python3.12/site-packages/torch/_subclasses/fake_tensor.py", line 1238, in __torch_dispatch__
W0528 23:09:15.893000 27 site-packages/torch/_dynamo/convert_frame.py:1125]     return self.dispatch(func, types, args, kwargs)
W0528 23:09:15.893000 27 site-packages/torch/_dynamo/convert_frame.py:1125]            ^^^^^^^^^^^^^^^^^^^^^^^^^^^^^^^^^^^^^^^^
W0528 23:09:15.893000 27 site-packages/torch/_dynamo/convert_frame.py:1125]   File "/usr/local/lib/python3.12/site-packages/torch/_subclasses/fake_tensor.py", line 1692, in dispatch
W0528 23:09:15.893000 27 site-packages/torch/_dynamo/convert_frame.py:1125]     return self._cached_dispatch_impl(func, types, args, kwargs)
W0528 23:09:15.893000 27 site-packages/torch/_dynamo/convert_frame.py:1125]            ^^^^^^^^^^^^^^^^^^^^^^^^^^^^^^^^^^^^^^^^^^^^^^^^^^^^^
W0528 23:09:15.893000 27 site-packages/torch/_dynamo/convert_frame.py:1125]   File "/usr/local/lib/python3.12/site-packages/torch/_subclasses/fake_tensor.py", line 1339, in _cached_dispatch_impl
W0528 23:09:15.893000 27 site-packages/torch/_dynamo/convert_frame.py:1125]     output = self._dispatch_impl(func, types, args, kwargs)
W0528 23:09:15.893000 27 site-packages/torch/_dynamo/convert_frame.py:1125]              ^^^^^^^^^^^^^^^^^^^^^^^^^^^^^^^^^^^^^^^^^^^^^^
W0528 23:09:15.893000 27 site-packages/torch/_dynamo/convert_frame.py:1125]   File "/usr/local/lib/python3.12/site-packages/torch/_subclasses/fake_tensor.py", line 2013, in _dispatch_impl
W0528 23:09:15.893000 27 site-packages/torch/_dynamo/convert_frame.py:1125]     r = func(*args, **kwargs)
W0528 23:09:15.893000 27 site-packages/torch/_dynamo/convert_frame.py:1125]         ^^^^^^^^^^^^^^^^^^^^^
W0528 23:09:15.893000 27 site-packages/torch/_dynamo/convert_frame.py:1125]   File "/usr/local/lib/python3.12/site-packages/torch/_ops.py", line 716, in __call__
W0528 23:09:15.893000 27 site-packages/torch/_dynamo/convert_frame.py:1125]     return self._op(*args, **kwargs)
W0528 23:09:15.893000 27 site-packages/torch/_dynamo/convert_frame.py:1125]            ^^^^^^^^^^^^^^^^^^^^^^^^^
W0528 23:09:15.893000 27 site-packages/torch/_dynamo/convert_frame.py:1125]   File "/usr/local/lib/python3.12/site-packages/torch/_refs/__init__.py", line 2476, in mean
W0528 23:09:15.893000 27 site-packages/torch/_dynamo/convert_frame.py:1125]     result = _reduction(
W0528 23:09:15.893000 27 site-packages/torch/_dynamo/convert_frame.py:1125]              ^^^^^^^^^^^
W0528 23:09:15.893000 27 site-packages/torch/_dynamo/convert_frame.py:1125]   File "/usr/local/lib/python3.12/site-packages/torch/_refs/__init__.py", line 2171, in _reduction
W0528 23:09:15.893000 27 site-packages/torch/_dynamo/convert_frame.py:1125]     dims = utils.reduction_dims(a.shape, dims)
W0528 23:09:15.893000 27 site-packages/torch/_dynamo/convert_frame.py:1125]            ^^^^^^^^^^^^^^^^^^^^^^^^^^^^^^^^^^^
W0528 23:09:15.893000 27 site-packages/torch/_dynamo/convert_frame.py:1125]   File "/usr/local/lib/python3.12/site-packages/torch/_prims_common/__init__.py", line 1713, in reduction_dims
W0528 23:09:15.893000 27 site-packages/torch/_dynamo/convert_frame.py:1125]     dims = tuple(canonicalize_dim(len(shape), idx) for idx in dims)
W0528 23:09:15.893000 27 site-packages/torch/_dynamo/convert_frame.py:1125]            ^^^^^^^^^^^^^^^^^^^^^^^^^^^^^^^^^^^^^^^^^^^^^^^^^^^^^^^^
W0528 23:09:15.893000 27 site-packages/torch/_dynamo/convert_frame.py:1125]   File "/usr/local/lib/python3.12/site-packages/torch/_prims_common/__init__.py", line 1713, in <genexpr>
W0528 23:09:15.893000 27 site-packages/torch/_dynamo/convert_frame.py:1125]     dims = tuple(canonicalize_dim(len(shape), idx) for idx in dims)
W0528 23:09:15.893000 27 site-packages/torch/_dynamo/convert_frame.py:1125]                  ^^^^^^^^^^^^^^^^^^^^^^^^^^^^^^^^^
W0528 23:09:15.893000 27 site-packages/torch/_dynamo/convert_frame.py:1125]   File "/usr/local/lib/python3.12/site-packages/torch/_prims_common/__init__.py", line 663, in canonicalize_dim
W0528 23:09:15.893000 27 site-packages/torch/_dynamo/convert_frame.py:1125]     raise IndexError(msg)
W0528 23:09:15.893000 27 site-packages/torch/_dynamo/convert_frame.py:1125] torch._dynamo.exc.TorchRuntimeError: Failed running call_method mean(*(FakeTensor(..., device='cuda:0', size=(2, 3, 5)),), **{'dim': (-5,), 'keepdim': True}):
W0528 23:09:15.893000 27 site-packages/torch/_dynamo/convert_frame.py:1125] Dimension out of range (expected to be in range of [-3, 2], but got -5)
W0528 23:09:15.893000 27 site-packages/torch/_dynamo/convert_frame.py:1125] 
W0528 23:09:15.893000 27 site-packages/torch/_dynamo/convert_frame.py:1125] from user code:
W0528 23:09:15.893000 27 site-packages/torch/_dynamo/convert_frame.py:1125]    File "/data/results/lmstudio_prompt12_general_router_20260528-152031/call_acc/fused_bmm_rmsnorm_gelu_dropout_sub.py", line 31, in _fused_bmm_rmsnorm_gelu_dropout_sub_impl
W0528 23:09:15.893000 27 site-packages/torch/_dynamo/convert_frame.py:1125]     mean = squared.mean(dim=norm_dims, keepdim=True)
W0528 23:09:15.893000 27 site-packages/torch/_dynamo/convert_frame.py:1125] 
W0528 23:09:15.893000 27 site-packages/torch/_dynamo/convert_frame.py:1125] Set TORCH_LOGS="+dynamo" and TORCHDYNAMO_VERBOSE=1 for more information
W0528 23:09:15.893000 27 site-packages/torch/_dynamo/convert_frame.py:1125] 
W0528 23:09:15.893000 27 site-packages/torch/_dynamo/convert_frame.py:1125] Traceback (most recent call last):
W0528 23:09:15.893000 27 site-packages/torch/_dynamo/convert_frame.py:1125]   File "/usr/local/lib/python3.12/site-packages/torch/_dynamo/convert_frame.py", line 1064, in __call__
W0528 23:09:15.893000 27 site-packages/torch/_dynamo/convert_frame.py:1125]     result = self._inner_convert(
W0528 23:09:15.893000 27 site-packages/torch/_dynamo/convert_frame.py:1125]              ^^^^^^^^^^^^^^^^^^^^
W0528 23:09:15.893000 27 site-packages/torch/_dynamo/convert_frame.py:1125]   File "/usr/local/lib/python3.12/site-packages/torch/_dynamo/convert_frame.py", line 526, in __call__
W0528 23:09:15.893000 27 site-packages/torch/_dynamo/convert_frame.py:1125]     return _compile(
W0528 23:09:15.893000 27 site-packages/torch/_dynamo/convert_frame.py:1125]            ^^^^^^^^^
W0528 23:09:15.893000 27 site-packages/torch/_dynamo/convert_frame.py:1125]   File "/usr/local/lib/python3.12/site-packages/torch/_dynamo/convert_frame.py", line 924, in _compile
W0528 23:09:15.893000 27 site-packages/torch/_dynamo/convert_frame.py:1125]     guarded_code = compile_inner(code, one_graph, hooks, transform)
W0528 23:09:15.893000 27 site-packages/torch/_dynamo/convert_frame.py:1125]                    ^^^^^^^^^^^^^^^^^^^^^^^^^^^^^^^^^^^^^^^^^^^^^^^^
W0528 23:09:15.893000 27 site-packages/torch/_dynamo/convert_frame.py:1125]   File "/usr/local/lib/python3.12/site-packages/torch/_dynamo/convert_frame.py", line 666, in compile_inner
W0528 23:09:15.893000 27 site-packages/torch/_dynamo/convert_frame.py:1125]     return _compile_inner(code, one_graph, hooks, transform)
W0528 23:09:15.893000 27 site-packages/torch/_dynamo/convert_frame.py:1125]            ^^^^^^^^^^^^^^^^^^^^^^^^^^^^^^^^^^^^^^^^^^^^^^^^^
W0528 23:09:15.893000 27 site-packages/torch/_dynamo/convert_frame.py:1125]   File "/usr/local/lib/python3.12/site-packages/torch/_utils_internal.py", line 87, in wrapper_function
W0528 23:09:15.893000 27 site-packages/torch/_dynamo/convert_frame.py:1125]     return function(*args, **kwargs)
W0528 23:09:15.893000 27 site-packages/torch/_dynamo/convert_frame.py:1125]            ^^^^^^^^^^^^^^^^^^^^^^^^^
W0528 23:09:15.893000 27 site-packages/torch/_dynamo/convert_frame.py:1125]   File "/usr/local/lib/python3.12/site-packages/torch/_dynamo/convert_frame.py", line 699, in _compile_inner
W0528 23:09:15.893000 27 site-packages/torch/_dynamo/convert_frame.py:1125]     out_code = transform_code_object(code, transform)
W0528 23:09:15.893000 27 site-packages/torch/_dynamo/convert_frame.py:1125]                ^^^^^^^^^^^^^^^^^^^^^^^^^^^^^^^^^^^^^^
W0528 23:09:15.893000 27 site-packages/torch/_dynamo/convert_frame.py:1125]   File "/usr/local/lib/python3.12/site-packages/torch/_dynamo/bytecode_transformation.py", line 1322, in transform_code_object
W0528 23:09:15.893000 27 site-packages/torch/_dynamo/convert_frame.py:1125]     transformations(instructions, code_options)
W0528 23:09:15.893000 27 site-packages/torch/_dynamo/convert_frame.py:1125]   File "/usr/local/lib/python3.12/site-packages/torch/_dynamo/convert_frame.py", line 219, in _fn
W0528 23:09:15.893000 27 site-packages/torch/_dynamo/convert_frame.py:1125]     return fn(*args, **kwargs)
W0528 23:09:15.893000 27 site-packages/torch/_dynamo/convert_frame.py:1125]            ^^^^^^^^^^^^^^^^^^^
W0528 23:09:15.893000 27 site-packages/torch/_dynamo/convert_frame.py:1125]   File "/usr/local/lib/python3.12/site-packages/torch/_dynamo/convert_frame.py", line 634, in transform
W0528 23:09:15.893000 27 site-packages/torch/_dynamo/convert_frame.py:1125]     tracer.run()
W0528 23:09:15.893000 27 site-packages/torch/_dynamo/convert_frame.py:1125]   File "/usr/local/lib/python3.12/site-packages/torch/_dynamo/symbolic_convert.py", line 2796, in run
W0528 23:09:15.893000 27 site-packages/torch/_dynamo/convert_frame.py:1125]     super().run()
W0528 23:09:15.893000 27 site-packages/torch/_dynamo/convert_frame.py:1125]   File "/usr/local/lib/python3.12/site-packages/torch/_dynamo/symbolic_convert.py", line 983, in run
W0528 23:09:15.893000 27 site-packages/torch/_dynamo/convert_frame.py:1125]     while self.step():
W0528 23:09:15.893000 27 site-packages/torch/_dynamo/convert_frame.py:1125]           ^^^^^^^^^^^
W0528 23:09:15.893000 27 site-packages/torch/_dynamo/convert_frame.py:1125]   File "/usr/local/lib/python3.12/site-packages/torch/_dynamo/symbolic_convert.py", line 895, in step
W0528 23:09:15.893000 27 site-packages/torch/_dynamo/convert_frame.py:1125]     self.dispatch_table[inst.opcode](self, inst)
W0528 23:09:15.893000 27 site-packages/torch/_dynamo/convert_frame.py:1125]   File "/usr/local/lib/python3.12/site-packages/torch/_dynamo/symbolic_convert.py", line 582, in wrapper
W0528 23:09:15.893000 27 site-packages/torch/_dynamo/convert_frame.py:1125]     return inner_fn(self, inst)
W0528 23:09:15.893000 27 site-packages/torch/_dynamo/convert_frame.py:1125]            ^^^^^^^^^^^^^^^^^^^^
W0528 23:09:15.893000 27 site-packages/torch/_dynamo/convert_frame.py:1125]   File "/usr/local/lib/python3.12/site-packages/torch/_dynamo/symbolic_convert.py", line 2279, in CALL
W0528 23:09:15.893000 27 site-packages/torch/_dynamo/convert_frame.py:1125]     self._call(inst)
W0528 23:09:15.893000 27 site-packages/torch/_dynamo/convert_frame.py:1125]   File "/usr/local/lib/python3.12/site-packages/torch/_dynamo/symbolic_convert.py", line 2273, in _call
W0528 23:09:15.893000 27 site-packages/torch/_dynamo/convert_frame.py:1125]     self.call_function(fn, args, kwargs)
W0528 23:09:15.893000 27 site-packages/torch/_dynamo/convert_frame.py:1125]   File "/usr/local/lib/python3.12/site-packages/torch/_dynamo/symbolic_convert.py", line 830, in call_function
W0528 23:09:15.893000 27 site-packages/torch/_dynamo/convert_frame.py:1125]     self.push(fn.call_function(self, args, kwargs))  # type: ignore[arg-type]
W0528 23:09:15.893000 27 site-packages/torch/_dynamo/convert_frame.py:1125]               ^^^^^^^^^^^^^^^^^^^^^^^^^^^^^^^^^^^^
W0528 23:09:15.893000 27 site-packages/torch/_dynamo/convert_frame.py:1125]   File "/usr/local/lib/python3.12/site-packages/torch/_dynamo/variables/misc.py", line 1024, in call_function
W0528 23:09:15.893000 27 site-packages/torch/_dynamo/convert_frame.py:1125]     return self.obj.call_method(tx, self.name, args, kwargs)
W0528 23:09:15.893000 27 site-packages/torch/_dynamo/convert_frame.py:1125]            ^^^^^^^^^^^^^^^^^^^^^^^^^^^^^^^^^^^^^^^^^^^^^^^^^
W0528 23:09:15.893000 27 site-packages/torch/_dynamo/convert_frame.py:1125]   File "/usr/local/lib/python3.12/site-packages/torch/_dynamo/variables/tensor.py", line 535, in call_method
W0528 23:09:15.893000 27 site-packages/torch/_dynamo/convert_frame.py:1125]     return wrap_fx_proxy(
W0528 23:09:15.893000 27 site-packages/torch/_dynamo/convert_frame.py:1125]            ^^^^^^^^^^^^^^
W0528 23:09:15.893000 27 site-packages/torch/_dynamo/convert_frame.py:1125]   File "/usr/local/lib/python3.12/site-packages/torch/_dynamo/variables/builder.py", line 2037, in wrap_fx_proxy
W0528 23:09:15.893000 27 site-packages/torch/_dynamo/convert_frame.py:1125]     return wrap_fx_proxy_cls(target_cls=TensorVariable, **kwargs)
W0528 23:09:15.893000 27 site-packages/torch/_dynamo/convert_frame.py:1125]            ^^^^^^^^^^^^^^^^^^^^^^^^^^^^^^^^^^^^^^^^^^^^^^^^^^^^^^
W0528 23:09:15.893000 27 site-packages/torch/_dynamo/convert_frame.py:1125]   File "/usr/local/lib/python3.12/site-packages/torch/_dynamo/variables/builder.py", line 2124, in wrap_fx_proxy_cls
W0528 23:09:15.893000 27 site-packages/torch/_dynamo/convert_frame.py:1125]     example_value = get_fake_value(proxy.node, tx, allow_non_graph_fake=True)
W0528 23:09:15.893000 27 site-packages/torch/_dynamo/convert_frame.py:1125]                     ^^^^^^^^^^^^^^^^^^^^^^^^^^^^^^^^^^^^^^^^^^^^^^^^^^^^^^^^^
W0528 23:09:15.893000 27 site-packages/torch/_dynamo/convert_frame.py:1125]   File "/usr/local/lib/python3.12/site-packages/torch/_dynamo/utils.py", line 2082, in get_fake_value
W0528 23:09:15.893000 27 site-packages/torch/_dynamo/convert_frame.py:1125]     raise TorchRuntimeError(str(e)).with_traceback(e.__traceback__) from None
W0528 23:09:15.893000 27 site-packages/torch/_dynamo/convert_frame.py:1125]   File "/usr/local/lib/python3.12/site-packages/torch/_dynamo/utils.py", line 2017, in get_fake_value
W0528 23:09:15.893000 27 site-packages/torch/_dynamo/convert_frame.py:1125]     ret_val = wrap_fake_exception(
W0528 23:09:15.893000 27 site-packages/torch/_dynamo/convert_frame.py:1125]               ^^^^^^^^^^^^^^^^^^^^
W0528 23:09:15.893000 27 site-packages/torch/_dynamo/convert_frame.py:1125]   File "/usr/local/lib/python3.12/site-packages/torch/_dynamo/utils.py", line 1574, in wrap_fake_exception
W0528 23:09:15.893000 27 site-packages/torch/_dynamo/convert_frame.py:1125]     return fn()
W0528 23:09:15.893000 27 site-packages/torch/_dynamo/convert_frame.py:1125]            ^^^^
W0528 23:09:15.893000 27 site-packages/torch/_dynamo/convert_frame.py:1125]   File "/usr/local/lib/python3.12/site-packages/torch/_dynamo/utils.py", line 2018, in <lambda>
W0528 23:09:15.893000 27 site-packages/torch/_dynamo/convert_frame.py:1125]     lambda: run_node(tx.output, node, args, kwargs, nnmodule)
W0528 23:09:15.893000 27 site-packages/torch/_dynamo/convert_frame.py:1125]             ^^^^^^^^^^^^^^^^^^^^^^^^^^^^^^^^^^^^^^^^^^^^^^^^^
W0528 23:09:15.893000 27 site-packages/torch/_dynamo/convert_frame.py:1125]   File "/usr/local/lib/python3.12/site-packages/torch/_dynamo/utils.py", line 2150, in run_node
W0528 23:09:15.893000 27 site-packages/torch/_dynamo/convert_frame.py:1125]     raise RuntimeError(make_error_message(e)).with_traceback(
W0528 23:09:15.893000 27 site-packages/torch/_dynamo/convert_frame.py:1125]   File "/usr/local/lib/python3.12/site-packages/torch/_dynamo/utils.py", line 2134, in run_node
W0528 23:09:15.893000 27 site-packages/torch/_dynamo/convert_frame.py:1125]     return getattr(args[0], node.target)(*args[1:], **kwargs)
W0528 23:09:15.893000 27 site-packages/torch/_dynamo/convert_frame.py:1125]            ^^^^^^^^^^^^^^^^^^^^^^^^^^^^^^^^^^^^^^^^^^^^^^^^^^
W0528 23:09:15.893000 27 site-packages/torch/_dynamo/convert_frame.py:1125]   File "/usr/local/lib/python3.12/site-packages/torch/utils/_stats.py", line 21, in wrapper
W0528 23:09:15.893000 27 site-packages/torch/_dynamo/convert_frame.py:1125]     return fn(*args, **kwargs)
W0528 23:09:15.893000 27 site-packages/torch/_dynamo/convert_frame.py:1125]            ^^^^^^^^^^^^^^^^^^^
W0528 23:09:15.893000 27 site-packages/torch/_dynamo/convert_frame.py:1125]   File "/usr/local/lib/python3.12/site-packages/torch/_subclasses/fake_tensor.py", line 1238, in __torch_dispatch__
W0528 23:09:15.893000 27 site-packages/torch/_dynamo/convert_frame.py:1125]     return self.dispatch(func, types, args, kwargs)
W0528 23:09:15.893000 27 site-packages/torch/_dynamo/convert_frame.py:1125]            ^^^^^^^^^^^^^^^^^^^^^^^^^^^^^^^^^^^^^^^^
W0528 23:09:15.893000 27 site-packages/torch/_dynamo/convert_frame.py:1125]   File "/usr/local/lib/python3.12/site-packages/torch/_subclasses/fake_tensor.py", line 1692, in dispatch
W0528 23:09:15.893000 27 site-packages/torch/_dynamo/convert_frame.py:1125]     return self._cached_dispatch_impl(func, types, args, kwargs)
W0528 23:09:15.893000 27 site-packages/torch/_dynamo/convert_frame.py:1125]            ^^^^^^^^^^^^^^^^^^^^^^^^^^^^^^^^^^^^^^^^^^^^^^^^^^^^^
W0528 23:09:15.893000 27 site-packages/torch/_dynamo/convert_frame.py:1125]   File "/usr/local/lib/python3.12/site-packages/torch/_subclasses/fake_tensor.py", line 1339, in _cached_dispatch_impl
W0528 23:09:15.893000 27 site-packages/torch/_dynamo/convert_frame.py:1125]     output = self._dispatch_impl(func, types, args, kwargs)
W0528 23:09:15.893000 27 site-packages/torch/_dynamo/convert_frame.py:1125]              ^^^^^^^^^^^^^^^^^^^^^^^^^^^^^^^^^^^^^^^^^^^^^^
W0528 23:09:15.893000 27 site-packages/torch/_dynamo/convert_frame.py:1125]   File "/usr/local/lib/python3.12/site-packages/torch/_subclasses/fake_tensor.py", line 2013, in _dispatch_impl
W0528 23:09:15.893000 27 site-packages/torch/_dynamo/convert_frame.py:1125]     r = func(*args, **kwargs)
W0528 23:09:15.893000 27 site-packages/torch/_dynamo/convert_frame.py:1125]         ^^^^^^^^^^^^^^^^^^^^^
W0528 23:09:15.893000 27 site-packages/torch/_dynamo/convert_frame.py:1125]   File "/usr/local/lib/python3.12/site-packages/torch/_ops.py", line 716, in __call__
W0528 23:09:15.893000 27 site-packages/torch/_dynamo/convert_frame.py:1125]     return self._op(*args, **kwargs)
W0528 23:09:15.893000 27 site-packages/torch/_dynamo/convert_frame.py:1125]            ^^^^^^^^^^^^^^^^^^^^^^^^^
W0528 23:09:15.893000 27 site-packages/torch/_dynamo/convert_frame.py:1125]   File "/usr/local/lib/python3.12/site-packages/torch/_refs/__init__.py", line 2476, in mean
W0528 23:09:15.893000 27 site-packages/torch/_dynamo/convert_frame.py:1125]     result = _reduction(
W0528 23:09:15.893000 27 site-packages/torch/_dynamo/convert_frame.py:1125]              ^^^^^^^^^^^
W0528 23:09:15.893000 27 site-packages/torch/_dynamo/convert_frame.py:1125]   File "/usr/local/lib/python3.12/site-packages/torch/_refs/__init__.py", line 2171, in _reduction
W0528 23:09:15.893000 27 site-packages/torch/_dynamo/convert_frame.py:1125]     dims = utils.reduction_dims(a.shape, dims)
W0528 23:09:15.893000 27 site-packages/torch/_dynamo/convert_frame.py:1125]            ^^^^^^^^^^^^^^^^^^^^^^^^^^^^^^^^^^^
W0528 23:09:15.893000 27 site-packages/torch/_dynamo/convert_frame.py:1125]   File "/usr/local/lib/python3.12/site-packages/torch/_prims_common/__init__.py", line 1713, in reduction_dims
W0528 23:09:15.893000 27 site-packages/torch/_dynamo/convert_frame.py:1125]     dims = tuple(canonicalize_dim(len(shape), idx) for idx in dims)
W0528 23:09:15.893000 27 site-packages/torch/_dynamo/convert_frame.py:1125]            ^^^^^^^^^^^^^^^^^^^^^^^^^^^^^^^^^^^^^^^^^^^^^^^^^^^^^^^^
W0528 23:09:15.893000 27 site-packages/torch/_dynamo/convert_frame.py:1125]   File "/usr/local/lib/python3.12/site-packages/torch/_prims_common/__init__.py", line 1713, in <genexpr>
W0528 23:09:15.893000 27 site-packages/torch/_dynamo/convert_frame.py:1125]     dims = tuple(canonicalize_dim(len(shape), idx) for idx in dims)
W0528 23:09:15.893000 27 site-packages/torch/_dynamo/convert_frame.py:1125]                  ^^^^^^^^^^^^^^^^^^^^^^^^^^^^^^^^^
W0528 23:09:15.893000 27 site-packages/torch/_dynamo/convert_frame.py:1125]   File "/usr/local/lib/python3.12/site-packages/torch/_prims_common/__init__.py", line 663, in canonicalize_dim
W0528 23:09:15.893000 27 site-packages/torch/_dynamo/convert_frame.py:1125]     raise IndexError(msg)
W0528 23:09:15.893000 27 site-packages/torch/_dynamo/convert_frame.py:1125] torch._dynamo.exc.TorchRuntimeError: Failed running call_method mean(*(FakeTensor(..., device='cuda:0', size=(2, 3, 5)),), **{'dim': (-5,), 'keepdim': True}):
W0528 23:09:15.893000 27 site-packages/torch/_dynamo/convert_frame.py:1125] Dimension out of range (expected to be in range of [-3, 2], but got -5)
W0528 23:09:15.893000 27 site-packages/torch/_dynamo/convert_frame.py:1125] 
W0528 23:09:15.893000 27 site-packages/torch/_dynamo/convert_frame.py:1125] from user code:
W0528 23:09:15.893000 27 site-packages/torch/_dynamo/convert_frame.py:1125]    File "/data/results/lmstudio_prompt12_general_router_20260528-152031/call_acc/fused_bmm_rmsnorm_gelu_dropout_sub.py", line 31, in _fused_bmm_rmsnorm_gelu_dropout_sub_impl
W0528 23:09:15.893000 27 site-packages/torch/_dynamo/convert_frame.py:1125]     mean = squared.mean(dim=norm_dims, keepdim=True)
W0528 23:09:15.893000 27 site-packages/torch/_dynamo/convert_frame.py:1125] 
W0528 23:09:15.893000 27 site-packages/torch/_dynamo/convert_frame.py:1125] Set TORCH_LOGS="+dynamo" and TORCHDYNAMO_VERBOSE=1 for more information
W0528 23:09:15.893000 27 site-packages/torch/_dynamo/convert_frame.py:1125] 
Traceback (most recent call last):
  File "/data/results/lmstudio_prompt12_general_router_20260528-152031/call_acc/fused_bmm_rmsnorm_gelu_dropout_sub.py", line 55, in fused_bmm_rmsnorm_gelu_dropout_sub
    y = _fused_bmm_rmsnorm_gelu_dropout_sub_fast(input1, input2, other, normalized_shape, dropout_p=dropout_p, training=training, approximate=approximate, eps=eps)
        ^^^^^^^^^^^^^^^^^^^^^^^^^^^^^^^^^^^^^^^^^^^^^^^^^^^^^^^^^^^^^^^^^^^^^^^^^^^^^^^^^^^^^^^^^^^^^^^^^^^^^^^^^^^^^^^^^^^^^^^^^^^^^^^^^^^^^^^^^^^^^^^^^^^^^^^^^^^
  File "/usr/local/lib/python3.12/site-packages/torch/_dynamo/eval_frame.py", line 465, in _fn
    return fn(*args, **kwargs)
           ^^^^^^^^^^^^^^^^^^^
  File "/data/results/lmstudio_prompt12_general_router_20260528-152031/call_acc/fused_bmm_rmsnorm_gelu_dropout_sub.py", line 31, in _fused_bmm_rmsnorm_gelu_dropout_sub_impl
    mean = squared.mean(dim=norm_dims, keepdim=True)
           ^^^^^^^^^^^^^^^^^^^^^^^^^^^^^^^^^^^^^^^^^
IndexError: Dimension out of range (expected to be in range of [-3, 2], but got -5)

During handling of the above exception, another exception occurred:

Traceback (most recent call last):
  File "/data/results/lmstudio_prompt12_general_router_20260528-152031/call_acc/fused_bmm_rmsnorm_gelu_dropout_sub.py", line 95, in <module>
    test_results = test_fused_bmm_rmsnorm_gelu_dropout_sub()
                   ^^^^^^^^^^^^^^^^^^^^^^^^^^^^^^^^^^^^^^^^^
  File "/data/results/lmstudio_prompt12_general_router_20260528-152031/call_acc/fused_bmm_rmsnorm_gelu_dropout_sub.py", line 79, in test_fused_bmm_rmsnorm_gelu_dropout_sub
    results["test_case_1"] = fused_bmm_rmsnorm_gelu_dropout_sub(input1, input2, other, normalized_shape)
                             ^^^^^^^^^^^^^^^^^^^^^^^^^^^^^^^^^^^^^^^^^^^^^^^^^^^^^^^^^^^^^^^^^^^^^^^^^^^
  File "/data/results/lmstudio_prompt12_general_router_20260528-152031/call_acc/fused_bmm_rmsnorm_gelu_dropout_sub.py", line 57, in fused_bmm_rmsnorm_gelu_dropout_sub
    y = _fused_bmm_rmsnorm_gelu_dropout_sub_impl(input1, input2, other, normalized_shape, dropout_p=dropout_p, training=training, approximate=approximate, eps=eps)
        ^^^^^^^^^^^^^^^^^^^^^^^^^^^^^^^^^^^^^^^^^^^^^^^^^^^^^^^^^^^^^^^^^^^^^^^^^^^^^^^^^^^^^^^^^^^^^^^^^^^^^^^^^^^^^^^^^^^^^^^^^^^^^^^^^^^^^^^^^^^^^^^^^^^^^^^^^^^
  File "/data/results/lmstudio_prompt12_general_router_20260528-152031/call_acc/fused_bmm_rmsnorm_gelu_dropout_sub.py", line 31, in _fused_bmm_rmsnorm_gelu_dropout_sub_impl
    mean = squared.mean(dim=norm_dims, keepdim=True)
           ^^^^^^^^^^^^^^^^^^^^^^^^^^^^^^^^^^^^^^^^^
IndexError: Dimension out of range (expected to be in range of [-3, 2], but got -5)

=== Output for div.py on GPU 0 ===

=== Errors for div.py on GPU 0 ===

=== Output for sigmoid_conv2d.py on GPU 0 ===

=== Errors for sigmoid_conv2d.py on GPU 0 ===
W0528 23:09:33.668000 73 site-packages/torch/_inductor/utils.py:1048] [0/0] Not enough SMs to use max_autotune_gemm mode

=== Output for solve_multiple_lu.py on GPU 0 ===

=== Errors for solve_multiple_lu.py on GPU 0 ===
Traceback (most recent call last):
  File "/data/results/lmstudio_prompt12_general_router_20260528-152031/call_acc/solve_multiple_lu.py", line 60, in <module>
    test_results = test_solve_multiple_lu()
                   ^^^^^^^^^^^^^^^^^^^^^^^^
  File "/data/results/lmstudio_prompt12_general_router_20260528-152031/call_acc/solve_multiple_lu.py", line 41, in test_solve_multiple_lu
    results["test_case_1"] = solve_multiple_lu(A1, Bs1)
                             ^^^^^^^^^^^^^^^^^^^^^^^^^^
  File "/data/results/lmstudio_prompt12_general_router_20260528-152031/call_acc/solve_multiple_lu.py", line 23, in solve_multiple_lu
    y = torch.linalg.lu_solve(LU, pivots, Bs, pivot=pivot)
        ^^^^^^^^^^^^^^^^^^^^^^^^^^^^^^^^^^^^^^^^^^^^^^^^^^
TypeError: linalg_lu_solve() got an unexpected keyword argument 'pivot'

=== Output for tanh.py on GPU 0 ===

=== Errors for tanh.py on GPU 0 ===

=== Output for relu_sqrt.py on GPU 0 ===

=== Errors for relu_sqrt.py on GPU 0 ===

=== Output for sqrt.py on GPU 0 ===

=== Errors for sqrt.py on GPU 0 ===

=== Output for sigmoid_argmax.py on GPU 0 ===

=== Errors for sigmoid_argmax.py on GPU 0 ===

=== Output for sub.py on GPU 0 ===

=== Errors for sub.py on GPU 0 ===

=== Output for grid_sample.py on GPU 0 ===

=== Errors for grid_sample.py on GPU 0 ===

=== Output for svd.py on GPU 0 ===

=== Errors for svd.py on GPU 0 ===
Traceback (most recent call last):
  File "/data/results/lmstudio_prompt12_general_router_20260528-152031/call_acc/svd.py", line 61, in <module>
    test_results = test_svd()
                   ^^^^^^^^^^
  File "/data/results/lmstudio_prompt12_general_router_20260528-152031/call_acc/svd.py", line 41, in test_svd
    U1, S1, Vh1 = svd(A1, full_matrices=True)
                  ^^^
NameError: name 'svd' is not defined

=== Output for i0.py on GPU 0 ===

=== Errors for i0.py on GPU 0 ===

=== Output for rsqrt.py on GPU 0 ===

=== Errors for rsqrt.py on GPU 0 ===

=== Output for dropout_relu_batch_norm_conv2d.py on GPU 0 ===

=== Errors for dropout_relu_batch_norm_conv2d.py on GPU 0 ===
Traceback (most recent call last):
  File "/data/results/lmstudio_prompt12_general_router_20260528-152031/call_acc/dropout_relu_batch_norm_conv2d.py", line 31, in <module>
    test_results = test_dropout_relu_batch_norm_conv2d()
                   ^^^^^^^^^^^^^^^^^^^^^^^^^^^^^^^^^^^^^
  File "/data/results/lmstudio_prompt12_general_router_20260528-152031/call_acc/dropout_relu_batch_norm_conv2d.py", line 12, in test_dropout_relu_batch_norm_conv2d
    input_tensor = torch.randn(1, 3, 8, 8, device='cuda')
                   ^^^^^
NameError: name 'torch' is not defined

=== Output for fused_mv_logsoftmax_dropout.py on GPU 0 ===

=== Errors for fused_mv_logsoftmax_dropout.py on GPU 0 ===
Traceback (most recent call last):
  File "/data/results/lmstudio_prompt12_general_router_20260528-152031/call_acc/fused_mv_logsoftmax_dropout.py", line 35, in <module>
    test_results = test_fused_mv_logsoftmax_dropout()
                   ^^^^^^^^^^^^^^^^^^^^^^^^^^^^^^^^^^
  File "/data/results/lmstudio_prompt12_general_router_20260528-152031/call_acc/fused_mv_logsoftmax_dropout.py", line 16, in test_fused_mv_logsoftmax_dropout
    results["test_case_1"] = fused_mv_logsoftmax_dropout(input1, vec1)
                             ^^^^^^^^^^^^^^^^^^^^^^^^^^^
NameError: name 'fused_mv_logsoftmax_dropout' is not defined. Did you mean: 'test_fused_mv_logsoftmax_dropout'?

=== Output for add.py on GPU 0 ===

=== Errors for add.py on GPU 0 ===

=== Output for fused_silu_layer_norm_conv2d.py on GPU 0 ===

=== Errors for fused_silu_layer_norm_conv2d.py on GPU 0 ===
E0528 23:10:50.534000 269 site-packages/torch/_subclasses/fake_tensor.py:2017] [0/0] failed while attempting to run meta for aten.native_layer_norm.default
E0528 23:10:50.534000 269 site-packages/torch/_subclasses/fake_tensor.py:2017] [0/0] Traceback (most recent call last):
E0528 23:10:50.534000 269 site-packages/torch/_subclasses/fake_tensor.py:2017] [0/0]   File "/usr/local/lib/python3.12/site-packages/torch/_subclasses/fake_tensor.py", line 2013, in _dispatch_impl
E0528 23:10:50.534000 269 site-packages/torch/_subclasses/fake_tensor.py:2017] [0/0]     r = func(*args, **kwargs)
E0528 23:10:50.534000 269 site-packages/torch/_subclasses/fake_tensor.py:2017] [0/0]         ^^^^^^^^^^^^^^^^^^^^^
E0528 23:10:50.534000 269 site-packages/torch/_subclasses/fake_tensor.py:2017] [0/0]   File "/usr/local/lib/python3.12/site-packages/torch/_ops.py", line 716, in __call__
E0528 23:10:50.534000 269 site-packages/torch/_subclasses/fake_tensor.py:2017] [0/0]     return self._op(*args, **kwargs)
E0528 23:10:50.534000 269 site-packages/torch/_subclasses/fake_tensor.py:2017] [0/0]            ^^^^^^^^^^^^^^^^^^^^^^^^^
E0528 23:10:50.534000 269 site-packages/torch/_subclasses/fake_tensor.py:2017] [0/0]   File "/usr/local/lib/python3.12/site-packages/torch/_decomp/__init__.py", line 88, in _fn
E0528 23:10:50.534000 269 site-packages/torch/_subclasses/fake_tensor.py:2017] [0/0]     return f(*args, **kwargs, out=None if is_none else out_kwargs)
E0528 23:10:50.534000 269 site-packages/torch/_subclasses/fake_tensor.py:2017] [0/0]            ^^^^^^^^^^^^^^^^^^^^^^^^^^^^^^^^^^^^^^^^^^^^^^^^^^^^^^^
E0528 23:10:50.534000 269 site-packages/torch/_subclasses/fake_tensor.py:2017] [0/0]   File "/usr/local/lib/python3.12/site-packages/torch/_prims_common/wrappers.py", line 273, in _fn
E0528 23:10:50.534000 269 site-packages/torch/_subclasses/fake_tensor.py:2017] [0/0]     result = fn(*args, **kwargs)
E0528 23:10:50.534000 269 site-packages/torch/_subclasses/fake_tensor.py:2017] [0/0]              ^^^^^^^^^^^^^^^^^^^
E0528 23:10:50.534000 269 site-packages/torch/_subclasses/fake_tensor.py:2017] [0/0]   File "/usr/local/lib/python3.12/site-packages/torch/_refs/__init__.py", line 3223, in native_layer_norm
E0528 23:10:50.534000 269 site-packages/torch/_subclasses/fake_tensor.py:2017] [0/0]     torch._check(
E0528 23:10:50.534000 269 site-packages/torch/_subclasses/fake_tensor.py:2017] [0/0]   File "/usr/local/lib/python3.12/site-packages/torch/__init__.py", line 1564, in _check
E0528 23:10:50.534000 269 site-packages/torch/_subclasses/fake_tensor.py:2017] [0/0]     _check_with(RuntimeError, cond, message)
E0528 23:10:50.534000 269 site-packages/torch/_subclasses/fake_tensor.py:2017] [0/0]   File "/usr/local/lib/python3.12/site-packages/torch/__init__.py", line 1546, in _check_with
E0528 23:10:50.534000 269 site-packages/torch/_subclasses/fake_tensor.py:2017] [0/0]     raise error_type(message_evaluated)
E0528 23:10:50.534000 269 site-packages/torch/_subclasses/fake_tensor.py:2017] [0/0] RuntimeError: Given normalized_shape=[6], expected input with shape [6], but got input of size torch.Size([1, 6, 3, 3])
W0528 23:10:50.543000 269 site-packages/torch/_dynamo/convert_frame.py:1125] WON'T CONVERT _fused_silu_layer_norm_conv2d_impl /data/results/lmstudio_prompt12_general_router_20260528-152031/call_acc/fused_silu_layer_norm_conv2d.py line 22 
W0528 23:10:50.543000 269 site-packages/torch/_dynamo/convert_frame.py:1125] due to: 
W0528 23:10:50.543000 269 site-packages/torch/_dynamo/convert_frame.py:1125] Traceback (most recent call last):
W0528 23:10:50.543000 269 site-packages/torch/_dynamo/convert_frame.py:1125]   File "/usr/local/lib/python3.12/site-packages/torch/_dynamo/convert_frame.py", line 1064, in __call__
W0528 23:10:50.543000 269 site-packages/torch/_dynamo/convert_frame.py:1125]     result = self._inner_convert(
W0528 23:10:50.543000 269 site-packages/torch/_dynamo/convert_frame.py:1125]              ^^^^^^^^^^^^^^^^^^^^
W0528 23:10:50.543000 269 site-packages/torch/_dynamo/convert_frame.py:1125]   File "/usr/local/lib/python3.12/site-packages/torch/_dynamo/convert_frame.py", line 526, in __call__
W0528 23:10:50.543000 269 site-packages/torch/_dynamo/convert_frame.py:1125]     return _compile(
W0528 23:10:50.543000 269 site-packages/torch/_dynamo/convert_frame.py:1125]            ^^^^^^^^^
W0528 23:10:50.543000 269 site-packages/torch/_dynamo/convert_frame.py:1125]   File "/usr/local/lib/python3.12/site-packages/torch/_dynamo/convert_frame.py", line 924, in _compile
W0528 23:10:50.543000 269 site-packages/torch/_dynamo/convert_frame.py:1125]     guarded_code = compile_inner(code, one_graph, hooks, transform)
W0528 23:10:50.543000 269 site-packages/torch/_dynamo/convert_frame.py:1125]                    ^^^^^^^^^^^^^^^^^^^^^^^^^^^^^^^^^^^^^^^^^^^^^^^^
W0528 23:10:50.543000 269 site-packages/torch/_dynamo/convert_frame.py:1125]   File "/usr/local/lib/python3.12/site-packages/torch/_dynamo/convert_frame.py", line 666, in compile_inner
W0528 23:10:50.543000 269 site-packages/torch/_dynamo/convert_frame.py:1125]     return _compile_inner(code, one_graph, hooks, transform)
W0528 23:10:50.543000 269 site-packages/torch/_dynamo/convert_frame.py:1125]            ^^^^^^^^^^^^^^^^^^^^^^^^^^^^^^^^^^^^^^^^^^^^^^^^^
W0528 23:10:50.543000 269 site-packages/torch/_dynamo/convert_frame.py:1125]   File "/usr/local/lib/python3.12/site-packages/torch/_utils_internal.py", line 87, in wrapper_function
W0528 23:10:50.543000 269 site-packages/torch/_dynamo/convert_frame.py:1125]     return function(*args, **kwargs)
W0528 23:10:50.543000 269 site-packages/torch/_dynamo/convert_frame.py:1125]            ^^^^^^^^^^^^^^^^^^^^^^^^^
W0528 23:10:50.543000 269 site-packages/torch/_dynamo/convert_frame.py:1125]   File "/usr/local/lib/python3.12/site-packages/torch/_dynamo/convert_frame.py", line 699, in _compile_inner
W0528 23:10:50.543000 269 site-packages/torch/_dynamo/convert_frame.py:1125]     out_code = transform_code_object(code, transform)
W0528 23:10:50.543000 269 site-packages/torch/_dynamo/convert_frame.py:1125]                ^^^^^^^^^^^^^^^^^^^^^^^^^^^^^^^^^^^^^^
W0528 23:10:50.543000 269 site-packages/torch/_dynamo/convert_frame.py:1125]   File "/usr/local/lib/python3.12/site-packages/torch/_dynamo/bytecode_transformation.py", line 1322, in transform_code_object
W0528 23:10:50.543000 269 site-packages/torch/_dynamo/convert_frame.py:1125]     transformations(instructions, code_options)
W0528 23:10:50.543000 269 site-packages/torch/_dynamo/convert_frame.py:1125]   File "/usr/local/lib/python3.12/site-packages/torch/_dynamo/convert_frame.py", line 219, in _fn
W0528 23:10:50.543000 269 site-packages/torch/_dynamo/convert_frame.py:1125]     return fn(*args, **kwargs)
W0528 23:10:50.543000 269 site-packages/torch/_dynamo/convert_frame.py:1125]            ^^^^^^^^^^^^^^^^^^^
W0528 23:10:50.543000 269 site-packages/torch/_dynamo/convert_frame.py:1125]   File "/usr/local/lib/python3.12/site-packages/torch/_dynamo/convert_frame.py", line 634, in transform
W0528 23:10:50.543000 269 site-packages/torch/_dynamo/convert_frame.py:1125]     tracer.run()
W0528 23:10:50.543000 269 site-packages/torch/_dynamo/convert_frame.py:1125]   File "/usr/local/lib/python3.12/site-packages/torch/_dynamo/symbolic_convert.py", line 2796, in run
W0528 23:10:50.543000 269 site-packages/torch/_dynamo/convert_frame.py:1125]     super().run()
W0528 23:10:50.543000 269 site-packages/torch/_dynamo/convert_frame.py:1125]   File "/usr/local/lib/python3.12/site-packages/torch/_dynamo/symbolic_convert.py", line 983, in run
W0528 23:10:50.543000 269 site-packages/torch/_dynamo/convert_frame.py:1125]     while self.step():
W0528 23:10:50.543000 269 site-packages/torch/_dynamo/convert_frame.py:1125]           ^^^^^^^^^^^
W0528 23:10:50.543000 269 site-packages/torch/_dynamo/convert_frame.py:1125]   File "/usr/local/lib/python3.12/site-packages/torch/_dynamo/symbolic_convert.py", line 895, in step
W0528 23:10:50.543000 269 site-packages/torch/_dynamo/convert_frame.py:1125]     self.dispatch_table[inst.opcode](self, inst)
W0528 23:10:50.543000 269 site-packages/torch/_dynamo/convert_frame.py:1125]   File "/usr/local/lib/python3.12/site-packages/torch/_dynamo/symbolic_convert.py", line 582, in wrapper
W0528 23:10:50.543000 269 site-packages/torch/_dynamo/convert_frame.py:1125]     return inner_fn(self, inst)
W0528 23:10:50.543000 269 site-packages/torch/_dynamo/convert_frame.py:1125]            ^^^^^^^^^^^^^^^^^^^^
W0528 23:10:50.543000 269 site-packages/torch/_dynamo/convert_frame.py:1125]   File "/usr/local/lib/python3.12/site-packages/torch/_dynamo/symbolic_convert.py", line 2279, in CALL
W0528 23:10:50.543000 269 site-packages/torch/_dynamo/convert_frame.py:1125]     self._call(inst)
W0528 23:10:50.543000 269 site-packages/torch/_dynamo/convert_frame.py:1125]   File "/usr/local/lib/python3.12/site-packages/torch/_dynamo/symbolic_convert.py", line 2273, in _call
W0528 23:10:50.543000 269 site-packages/torch/_dynamo/convert_frame.py:1125]     self.call_function(fn, args, kwargs)
W0528 23:10:50.543000 269 site-packages/torch/_dynamo/convert_frame.py:1125]   File "/usr/local/lib/python3.12/site-packages/torch/_dynamo/symbolic_convert.py", line 830, in call_function
W0528 23:10:50.543000 269 site-packages/torch/_dynamo/convert_frame.py:1125]     self.push(fn.call_function(self, args, kwargs))  # type: ignore[arg-type]
W0528 23:10:50.543000 269 site-packages/torch/_dynamo/convert_frame.py:1125]               ^^^^^^^^^^^^^^^^^^^^^^^^^^^^^^^^^^^^
W0528 23:10:50.543000 269 site-packages/torch/_dynamo/convert_frame.py:1125]   File "/usr/local/lib/python3.12/site-packages/torch/_dynamo/variables/torch.py", line 897, in call_function
W0528 23:10:50.543000 269 site-packages/torch/_dynamo/convert_frame.py:1125]     tensor_variable = wrap_fx_proxy(
W0528 23:10:50.543000 269 site-packages/torch/_dynamo/convert_frame.py:1125]                       ^^^^^^^^^^^^^^
W0528 23:10:50.543000 269 site-packages/torch/_dynamo/convert_frame.py:1125]   File "/usr/local/lib/python3.12/site-packages/torch/_dynamo/variables/builder.py", line 2037, in wrap_fx_proxy
W0528 23:10:50.543000 269 site-packages/torch/_dynamo/convert_frame.py:1125]     return wrap_fx_proxy_cls(target_cls=TensorVariable, **kwargs)
W0528 23:10:50.543000 269 site-packages/torch/_dynamo/convert_frame.py:1125]            ^^^^^^^^^^^^^^^^^^^^^^^^^^^^^^^^^^^^^^^^^^^^^^^^^^^^^^
W0528 23:10:50.543000 269 site-packages/torch/_dynamo/convert_frame.py:1125]   File "/usr/local/lib/python3.12/site-packages/torch/_dynamo/variables/builder.py", line 2124, in wrap_fx_proxy_cls
W0528 23:10:50.543000 269 site-packages/torch/_dynamo/convert_frame.py:1125]     example_value = get_fake_value(proxy.node, tx, allow_non_graph_fake=True)
W0528 23:10:50.543000 269 site-packages/torch/_dynamo/convert_frame.py:1125]                     ^^^^^^^^^^^^^^^^^^^^^^^^^^^^^^^^^^^^^^^^^^^^^^^^^^^^^^^^^
W0528 23:10:50.543000 269 site-packages/torch/_dynamo/convert_frame.py:1125]   File "/usr/local/lib/python3.12/site-packages/torch/_dynamo/utils.py", line 2082, in get_fake_value
W0528 23:10:50.543000 269 site-packages/torch/_dynamo/convert_frame.py:1125]     raise TorchRuntimeError(str(e)).with_traceback(e.__traceback__) from None
W0528 23:10:50.543000 269 site-packages/torch/_dynamo/convert_frame.py:1125]   File "/usr/local/lib/python3.12/site-packages/torch/_dynamo/utils.py", line 2017, in get_fake_value
W0528 23:10:50.543000 269 site-packages/torch/_dynamo/convert_frame.py:1125]     ret_val = wrap_fake_exception(
W0528 23:10:50.543000 269 site-packages/torch/_dynamo/convert_frame.py:1125]               ^^^^^^^^^^^^^^^^^^^^
W0528 23:10:50.543000 269 site-packages/torch/_dynamo/convert_frame.py:1125]   File "/usr/local/lib/python3.12/site-packages/torch/_dynamo/utils.py", line 1574, in wrap_fake_exception
W0528 23:10:50.543000 269 site-packages/torch/_dynamo/convert_frame.py:1125]     return fn()
W0528 23:10:50.543000 269 site-packages/torch/_dynamo/convert_frame.py:1125]            ^^^^
W0528 23:10:50.543000 269 site-packages/torch/_dynamo/convert_frame.py:1125]   File "/usr/local/lib/python3.12/site-packages/torch/_dynamo/utils.py", line 2018, in <lambda>
W0528 23:10:50.543000 269 site-packages/torch/_dynamo/convert_frame.py:1125]     lambda: run_node(tx.output, node, args, kwargs, nnmodule)
W0528 23:10:50.543000 269 site-packages/torch/_dynamo/convert_frame.py:1125]             ^^^^^^^^^^^^^^^^^^^^^^^^^^^^^^^^^^^^^^^^^^^^^^^^^
W0528 23:10:50.543000 269 site-packages/torch/_dynamo/convert_frame.py:1125]   File "/usr/local/lib/python3.12/site-packages/torch/_dynamo/utils.py", line 2150, in run_node
W0528 23:10:50.543000 269 site-packages/torch/_dynamo/convert_frame.py:1125]     raise RuntimeError(make_error_message(e)).with_traceback(
W0528 23:10:50.543000 269 site-packages/torch/_dynamo/convert_frame.py:1125]   File "/usr/local/lib/python3.12/site-packages/torch/_dynamo/utils.py", line 2132, in run_node
W0528 23:10:50.543000 269 site-packages/torch/_dynamo/convert_frame.py:1125]     return node.target(*args, **kwargs)
W0528 23:10:50.543000 269 site-packages/torch/_dynamo/convert_frame.py:1125]            ^^^^^^^^^^^^^^^^^^^^^^^^^^^^
W0528 23:10:50.543000 269 site-packages/torch/_dynamo/convert_frame.py:1125]   File "/usr/local/lib/python3.12/site-packages/torch/nn/functional.py", line 2900, in layer_norm
W0528 23:10:50.543000 269 site-packages/torch/_dynamo/convert_frame.py:1125]     return torch.layer_norm(
W0528 23:10:50.543000 269 site-packages/torch/_dynamo/convert_frame.py:1125]            ^^^^^^^^^^^^^^^^^
W0528 23:10:50.543000 269 site-packages/torch/_dynamo/convert_frame.py:1125]   File "/usr/local/lib/python3.12/site-packages/torch/utils/_stats.py", line 21, in wrapper
W0528 23:10:50.543000 269 site-packages/torch/_dynamo/convert_frame.py:1125]     return fn(*args, **kwargs)
W0528 23:10:50.543000 269 site-packages/torch/_dynamo/convert_frame.py:1125]            ^^^^^^^^^^^^^^^^^^^
W0528 23:10:50.543000 269 site-packages/torch/_dynamo/convert_frame.py:1125]   File "/usr/local/lib/python3.12/site-packages/torch/_subclasses/fake_tensor.py", line 1238, in __torch_dispatch__
W0528 23:10:50.543000 269 site-packages/torch/_dynamo/convert_frame.py:1125]     return self.dispatch(func, types, args, kwargs)
W0528 23:10:50.543000 269 site-packages/torch/_dynamo/convert_frame.py:1125]            ^^^^^^^^^^^^^^^^^^^^^^^^^^^^^^^^^^^^^^^^
W0528 23:10:50.543000 269 site-packages/torch/_dynamo/convert_frame.py:1125]   File "/usr/local/lib/python3.12/site-packages/torch/_subclasses/fake_tensor.py", line 1692, in dispatch
W0528 23:10:50.543000 269 site-packages/torch/_dynamo/convert_frame.py:1125]     return self._cached_dispatch_impl(func, types, args, kwargs)
W0528 23:10:50.543000 269 site-packages/torch/_dynamo/convert_frame.py:1125]            ^^^^^^^^^^^^^^^^^^^^^^^^^^^^^^^^^^^^^^^^^^^^^^^^^^^^^
W0528 23:10:50.543000 269 site-packages/torch/_dynamo/convert_frame.py:1125]   File "/usr/local/lib/python3.12/site-packages/torch/_subclasses/fake_tensor.py", line 1339, in _cached_dispatch_impl
W0528 23:10:50.543000 269 site-packages/torch/_dynamo/convert_frame.py:1125]     output = self._dispatch_impl(func, types, args, kwargs)
W0528 23:10:50.543000 269 site-packages/torch/_dynamo/convert_frame.py:1125]              ^^^^^^^^^^^^^^^^^^^^^^^^^^^^^^^^^^^^^^^^^^^^^^
W0528 23:10:50.543000 269 site-packages/torch/_dynamo/convert_frame.py:1125]   File "/usr/local/lib/python3.12/site-packages/torch/_subclasses/fake_tensor.py", line 2013, in _dispatch_impl
W0528 23:10:50.543000 269 site-packages/torch/_dynamo/convert_frame.py:1125]     r = func(*args, **kwargs)
W0528 23:10:50.543000 269 site-packages/torch/_dynamo/convert_frame.py:1125]         ^^^^^^^^^^^^^^^^^^^^^
W0528 23:10:50.543000 269 site-packages/torch/_dynamo/convert_frame.py:1125]   File "/usr/local/lib/python3.12/site-packages/torch/_ops.py", line 716, in __call__
W0528 23:10:50.543000 269 site-packages/torch/_dynamo/convert_frame.py:1125]     return self._op(*args, **kwargs)
W0528 23:10:50.543000 269 site-packages/torch/_dynamo/convert_frame.py:1125]            ^^^^^^^^^^^^^^^^^^^^^^^^^
W0528 23:10:50.543000 269 site-packages/torch/_dynamo/convert_frame.py:1125]   File "/usr/local/lib/python3.12/site-packages/torch/_decomp/__init__.py", line 88, in _fn
W0528 23:10:50.543000 269 site-packages/torch/_dynamo/convert_frame.py:1125]     return f(*args, **kwargs, out=None if is_none else out_kwargs)
W0528 23:10:50.543000 269 site-packages/torch/_dynamo/convert_frame.py:1125]            ^^^^^^^^^^^^^^^^^^^^^^^^^^^^^^^^^^^^^^^^^^^^^^^^^^^^^^^
W0528 23:10:50.543000 269 site-packages/torch/_dynamo/convert_frame.py:1125]   File "/usr/local/lib/python3.12/site-packages/torch/_prims_common/wrappers.py", line 273, in _fn
W0528 23:10:50.543000 269 site-packages/torch/_dynamo/convert_frame.py:1125]     result = fn(*args, **kwargs)
W0528 23:10:50.543000 269 site-packages/torch/_dynamo/convert_frame.py:1125]              ^^^^^^^^^^^^^^^^^^^
W0528 23:10:50.543000 269 site-packages/torch/_dynamo/convert_frame.py:1125]   File "/usr/local/lib/python3.12/site-packages/torch/_refs/__init__.py", line 3223, in native_layer_norm
W0528 23:10:50.543000 269 site-packages/torch/_dynamo/convert_frame.py:1125]     torch._check(
W0528 23:10:50.543000 269 site-packages/torch/_dynamo/convert_frame.py:1125]   File "/usr/local/lib/python3.12/site-packages/torch/__init__.py", line 1564, in _check
W0528 23:10:50.543000 269 site-packages/torch/_dynamo/convert_frame.py:1125]     _check_with(RuntimeError, cond, message)
W0528 23:10:50.543000 269 site-packages/torch/_dynamo/convert_frame.py:1125]   File "/usr/local/lib/python3.12/site-packages/torch/__init__.py", line 1546, in _check_with
W0528 23:10:50.543000 269 site-packages/torch/_dynamo/convert_frame.py:1125]     raise error_type(message_evaluated)
W0528 23:10:50.543000 269 site-packages/torch/_dynamo/convert_frame.py:1125] torch._dynamo.exc.TorchRuntimeError: Failed running call_function <function layer_norm at 0x2a8f9feba2a0>(*(FakeTensor(..., device='cuda:0', size=(1, 6, 3, 3)), (6,)), **{'weight': None, 'bias': None, 'eps': 1e-05}):
W0528 23:10:50.543000 269 site-packages/torch/_dynamo/convert_frame.py:1125] Given normalized_shape=[6], expected input with shape [6], but got input of size torch.Size([1, 6, 3, 3])
W0528 23:10:50.543000 269 site-packages/torch/_dynamo/convert_frame.py:1125] 
W0528 23:10:50.543000 269 site-packages/torch/_dynamo/convert_frame.py:1125] from user code:
W0528 23:10:50.543000 269 site-packages/torch/_dynamo/convert_frame.py:1125]    File "/data/results/lmstudio_prompt12_general_router_20260528-152031/call_acc/fused_silu_layer_norm_conv2d.py", line 32, in _fused_silu_layer_norm_conv2d_impl
W0528 23:10:50.543000 269 site-packages/torch/_dynamo/convert_frame.py:1125]     ln_out = F.layer_norm(conv_out, normalized_shape, weight=w, bias=None, eps=ln_eps)
W0528 23:10:50.543000 269 site-packages/torch/_dynamo/convert_frame.py:1125] 
W0528 23:10:50.543000 269 site-packages/torch/_dynamo/convert_frame.py:1125] Set TORCH_LOGS="+dynamo" and TORCHDYNAMO_VERBOSE=1 for more information
W0528 23:10:50.543000 269 site-packages/torch/_dynamo/convert_frame.py:1125] 
W0528 23:10:50.543000 269 site-packages/torch/_dynamo/convert_frame.py:1125] Traceback (most recent call last):
W0528 23:10:50.543000 269 site-packages/torch/_dynamo/convert_frame.py:1125]   File "/usr/local/lib/python3.12/site-packages/torch/_dynamo/convert_frame.py", line 1064, in __call__
W0528 23:10:50.543000 269 site-packages/torch/_dynamo/convert_frame.py:1125]     result = self._inner_convert(
W0528 23:10:50.543000 269 site-packages/torch/_dynamo/convert_frame.py:1125]              ^^^^^^^^^^^^^^^^^^^^
W0528 23:10:50.543000 269 site-packages/torch/_dynamo/convert_frame.py:1125]   File "/usr/local/lib/python3.12/site-packages/torch/_dynamo/convert_frame.py", line 526, in __call__
W0528 23:10:50.543000 269 site-packages/torch/_dynamo/convert_frame.py:1125]     return _compile(
W0528 23:10:50.543000 269 site-packages/torch/_dynamo/convert_frame.py:1125]            ^^^^^^^^^
W0528 23:10:50.543000 269 site-packages/torch/_dynamo/convert_frame.py:1125]   File "/usr/local/lib/python3.12/site-packages/torch/_dynamo/convert_frame.py", line 924, in _compile
W0528 23:10:50.543000 269 site-packages/torch/_dynamo/convert_frame.py:1125]     guarded_code = compile_inner(code, one_graph, hooks, transform)
W0528 23:10:50.543000 269 site-packages/torch/_dynamo/convert_frame.py:1125]                    ^^^^^^^^^^^^^^^^^^^^^^^^^^^^^^^^^^^^^^^^^^^^^^^^
W0528 23:10:50.543000 269 site-packages/torch/_dynamo/convert_frame.py:1125]   File "/usr/local/lib/python3.12/site-packages/torch/_dynamo/convert_frame.py", line 666, in compile_inner
W0528 23:10:50.543000 269 site-packages/torch/_dynamo/convert_frame.py:1125]     return _compile_inner(code, one_graph, hooks, transform)
W0528 23:10:50.543000 269 site-packages/torch/_dynamo/convert_frame.py:1125]            ^^^^^^^^^^^^^^^^^^^^^^^^^^^^^^^^^^^^^^^^^^^^^^^^^
W0528 23:10:50.543000 269 site-packages/torch/_dynamo/convert_frame.py:1125]   File "/usr/local/lib/python3.12/site-packages/torch/_utils_internal.py", line 87, in wrapper_function
W0528 23:10:50.543000 269 site-packages/torch/_dynamo/convert_frame.py:1125]     return function(*args, **kwargs)
W0528 23:10:50.543000 269 site-packages/torch/_dynamo/convert_frame.py:1125]            ^^^^^^^^^^^^^^^^^^^^^^^^^
W0528 23:10:50.543000 269 site-packages/torch/_dynamo/convert_frame.py:1125]   File "/usr/local/lib/python3.12/site-packages/torch/_dynamo/convert_frame.py", line 699, in _compile_inner
W0528 23:10:50.543000 269 site-packages/torch/_dynamo/convert_frame.py:1125]     out_code = transform_code_object(code, transform)
W0528 23:10:50.543000 269 site-packages/torch/_dynamo/convert_frame.py:1125]                ^^^^^^^^^^^^^^^^^^^^^^^^^^^^^^^^^^^^^^
W0528 23:10:50.543000 269 site-packages/torch/_dynamo/convert_frame.py:1125]   File "/usr/local/lib/python3.12/site-packages/torch/_dynamo/bytecode_transformation.py", line 1322, in transform_code_object
W0528 23:10:50.543000 269 site-packages/torch/_dynamo/convert_frame.py:1125]     transformations(instructions, code_options)
W0528 23:10:50.543000 269 site-packages/torch/_dynamo/convert_frame.py:1125]   File "/usr/local/lib/python3.12/site-packages/torch/_dynamo/convert_frame.py", line 219, in _fn
W0528 23:10:50.543000 269 site-packages/torch/_dynamo/convert_frame.py:1125]     return fn(*args, **kwargs)
W0528 23:10:50.543000 269 site-packages/torch/_dynamo/convert_frame.py:1125]            ^^^^^^^^^^^^^^^^^^^
W0528 23:10:50.543000 269 site-packages/torch/_dynamo/convert_frame.py:1125]   File "/usr/local/lib/python3.12/site-packages/torch/_dynamo/convert_frame.py", line 634, in transform
W0528 23:10:50.543000 269 site-packages/torch/_dynamo/convert_frame.py:1125]     tracer.run()
W0528 23:10:50.543000 269 site-packages/torch/_dynamo/convert_frame.py:1125]   File "/usr/local/lib/python3.12/site-packages/torch/_dynamo/symbolic_convert.py", line 2796, in run
W0528 23:10:50.543000 269 site-packages/torch/_dynamo/convert_frame.py:1125]     super().run()
W0528 23:10:50.543000 269 site-packages/torch/_dynamo/convert_frame.py:1125]   File "/usr/local/lib/python3.12/site-packages/torch/_dynamo/symbolic_convert.py", line 983, in run
W0528 23:10:50.543000 269 site-packages/torch/_dynamo/convert_frame.py:1125]     while self.step():
W0528 23:10:50.543000 269 site-packages/torch/_dynamo/convert_frame.py:1125]           ^^^^^^^^^^^
W0528 23:10:50.543000 269 site-packages/torch/_dynamo/convert_frame.py:1125]   File "/usr/local/lib/python3.12/site-packages/torch/_dynamo/symbolic_convert.py", line 895, in step
W0528 23:10:50.543000 269 site-packages/torch/_dynamo/convert_frame.py:1125]     self.dispatch_table[inst.opcode](self, inst)
W0528 23:10:50.543000 269 site-packages/torch/_dynamo/convert_frame.py:1125]   File "/usr/local/lib/python3.12/site-packages/torch/_dynamo/symbolic_convert.py", line 582, in wrapper
W0528 23:10:50.543000 269 site-packages/torch/_dynamo/convert_frame.py:1125]     return inner_fn(self, inst)
W0528 23:10:50.543000 269 site-packages/torch/_dynamo/convert_frame.py:1125]            ^^^^^^^^^^^^^^^^^^^^
W0528 23:10:50.543000 269 site-packages/torch/_dynamo/convert_frame.py:1125]   File "/usr/local/lib/python3.12/site-packages/torch/_dynamo/symbolic_convert.py", line 2279, in CALL
W0528 23:10:50.543000 269 site-packages/torch/_dynamo/convert_frame.py:1125]     self._call(inst)
W0528 23:10:50.543000 269 site-packages/torch/_dynamo/convert_frame.py:1125]   File "/usr/local/lib/python3.12/site-packages/torch/_dynamo/symbolic_convert.py", line 2273, in _call
W0528 23:10:50.543000 269 site-packages/torch/_dynamo/convert_frame.py:1125]     self.call_function(fn, args, kwargs)
W0528 23:10:50.543000 269 site-packages/torch/_dynamo/convert_frame.py:1125]   File "/usr/local/lib/python3.12/site-packages/torch/_dynamo/symbolic_convert.py", line 830, in call_function
W0528 23:10:50.543000 269 site-packages/torch/_dynamo/convert_frame.py:1125]     self.push(fn.call_function(self, args, kwargs))  # type: ignore[arg-type]
W0528 23:10:50.543000 269 site-packages/torch/_dynamo/convert_frame.py:1125]               ^^^^^^^^^^^^^^^^^^^^^^^^^^^^^^^^^^^^
W0528 23:10:50.543000 269 site-packages/torch/_dynamo/convert_frame.py:1125]   File "/usr/local/lib/python3.12/site-packages/torch/_dynamo/variables/torch.py", line 897, in call_function
W0528 23:10:50.543000 269 site-packages/torch/_dynamo/convert_frame.py:1125]     tensor_variable = wrap_fx_proxy(
W0528 23:10:50.543000 269 site-packages/torch/_dynamo/convert_frame.py:1125]                       ^^^^^^^^^^^^^^
W0528 23:10:50.543000 269 site-packages/torch/_dynamo/convert_frame.py:1125]   File "/usr/local/lib/python3.12/site-packages/torch/_dynamo/variables/builder.py", line 2037, in wrap_fx_proxy
W0528 23:10:50.543000 269 site-packages/torch/_dynamo/convert_frame.py:1125]     return wrap_fx_proxy_cls(target_cls=TensorVariable, **kwargs)
W0528 23:10:50.543000 269 site-packages/torch/_dynamo/convert_frame.py:1125]            ^^^^^^^^^^^^^^^^^^^^^^^^^^^^^^^^^^^^^^^^^^^^^^^^^^^^^^
W0528 23:10:50.543000 269 site-packages/torch/_dynamo/convert_frame.py:1125]   File "/usr/local/lib/python3.12/site-packages/torch/_dynamo/variables/builder.py", line 2124, in wrap_fx_proxy_cls
W0528 23:10:50.543000 269 site-packages/torch/_dynamo/convert_frame.py:1125]     example_value = get_fake_value(proxy.node, tx, allow_non_graph_fake=True)
W0528 23:10:50.543000 269 site-packages/torch/_dynamo/convert_frame.py:1125]                     ^^^^^^^^^^^^^^^^^^^^^^^^^^^^^^^^^^^^^^^^^^^^^^^^^^^^^^^^^
W0528 23:10:50.543000 269 site-packages/torch/_dynamo/convert_frame.py:1125]   File "/usr/local/lib/python3.12/site-packages/torch/_dynamo/utils.py", line 2082, in get_fake_value
W0528 23:10:50.543000 269 site-packages/torch/_dynamo/convert_frame.py:1125]     raise TorchRuntimeError(str(e)).with_traceback(e.__traceback__) from None
W0528 23:10:50.543000 269 site-packages/torch/_dynamo/convert_frame.py:1125]   File "/usr/local/lib/python3.12/site-packages/torch/_dynamo/utils.py", line 2017, in get_fake_value
W0528 23:10:50.543000 269 site-packages/torch/_dynamo/convert_frame.py:1125]     ret_val = wrap_fake_exception(
W0528 23:10:50.543000 269 site-packages/torch/_dynamo/convert_frame.py:1125]               ^^^^^^^^^^^^^^^^^^^^
W0528 23:10:50.543000 269 site-packages/torch/_dynamo/convert_frame.py:1125]   File "/usr/local/lib/python3.12/site-packages/torch/_dynamo/utils.py", line 1574, in wrap_fake_exception
W0528 23:10:50.543000 269 site-packages/torch/_dynamo/convert_frame.py:1125]     return fn()
W0528 23:10:50.543000 269 site-packages/torch/_dynamo/convert_frame.py:1125]            ^^^^
W0528 23:10:50.543000 269 site-packages/torch/_dynamo/convert_frame.py:1125]   File "/usr/local/lib/python3.12/site-packages/torch/_dynamo/utils.py", line 2018, in <lambda>
W0528 23:10:50.543000 269 site-packages/torch/_dynamo/convert_frame.py:1125]     lambda: run_node(tx.output, node, args, kwargs, nnmodule)
W0528 23:10:50.543000 269 site-packages/torch/_dynamo/convert_frame.py:1125]             ^^^^^^^^^^^^^^^^^^^^^^^^^^^^^^^^^^^^^^^^^^^^^^^^^
W0528 23:10:50.543000 269 site-packages/torch/_dynamo/convert_frame.py:1125]   File "/usr/local/lib/python3.12/site-packages/torch/_dynamo/utils.py", line 2150, in run_node
W0528 23:10:50.543000 269 site-packages/torch/_dynamo/convert_frame.py:1125]     raise RuntimeError(make_error_message(e)).with_traceback(
W0528 23:10:50.543000 269 site-packages/torch/_dynamo/convert_frame.py:1125]   File "/usr/local/lib/python3.12/site-packages/torch/_dynamo/utils.py", line 2132, in run_node
W0528 23:10:50.543000 269 site-packages/torch/_dynamo/convert_frame.py:1125]     return node.target(*args, **kwargs)
W0528 23:10:50.543000 269 site-packages/torch/_dynamo/convert_frame.py:1125]            ^^^^^^^^^^^^^^^^^^^^^^^^^^^^
W0528 23:10:50.543000 269 site-packages/torch/_dynamo/convert_frame.py:1125]   File "/usr/local/lib/python3.12/site-packages/torch/nn/functional.py", line 2900, in layer_norm
W0528 23:10:50.543000 269 site-packages/torch/_dynamo/convert_frame.py:1125]     return torch.layer_norm(
W0528 23:10:50.543000 269 site-packages/torch/_dynamo/convert_frame.py:1125]            ^^^^^^^^^^^^^^^^^
W0528 23:10:50.543000 269 site-packages/torch/_dynamo/convert_frame.py:1125]   File "/usr/local/lib/python3.12/site-packages/torch/utils/_stats.py", line 21, in wrapper
W0528 23:10:50.543000 269 site-packages/torch/_dynamo/convert_frame.py:1125]     return fn(*args, **kwargs)
W0528 23:10:50.543000 269 site-packages/torch/_dynamo/convert_frame.py:1125]            ^^^^^^^^^^^^^^^^^^^
W0528 23:10:50.543000 269 site-packages/torch/_dynamo/convert_frame.py:1125]   File "/usr/local/lib/python3.12/site-packages/torch/_subclasses/fake_tensor.py", line 1238, in __torch_dispatch__
W0528 23:10:50.543000 269 site-packages/torch/_dynamo/convert_frame.py:1125]     return self.dispatch(func, types, args, kwargs)
W0528 23:10:50.543000 269 site-packages/torch/_dynamo/convert_frame.py:1125]            ^^^^^^^^^^^^^^^^^^^^^^^^^^^^^^^^^^^^^^^^
W0528 23:10:50.543000 269 site-packages/torch/_dynamo/convert_frame.py:1125]   File "/usr/local/lib/python3.12/site-packages/torch/_subclasses/fake_tensor.py", line 1692, in dispatch
W0528 23:10:50.543000 269 site-packages/torch/_dynamo/convert_frame.py:1125]     return self._cached_dispatch_impl(func, types, args, kwargs)
W0528 23:10:50.543000 269 site-packages/torch/_dynamo/convert_frame.py:1125]            ^^^^^^^^^^^^^^^^^^^^^^^^^^^^^^^^^^^^^^^^^^^^^^^^^^^^^
W0528 23:10:50.543000 269 site-packages/torch/_dynamo/convert_frame.py:1125]   File "/usr/local/lib/python3.12/site-packages/torch/_subclasses/fake_tensor.py", line 1339, in _cached_dispatch_impl
W0528 23:10:50.543000 269 site-packages/torch/_dynamo/convert_frame.py:1125]     output = self._dispatch_impl(func, types, args, kwargs)
W0528 23:10:50.543000 269 site-packages/torch/_dynamo/convert_frame.py:1125]              ^^^^^^^^^^^^^^^^^^^^^^^^^^^^^^^^^^^^^^^^^^^^^^
W0528 23:10:50.543000 269 site-packages/torch/_dynamo/convert_frame.py:1125]   File "/usr/local/lib/python3.12/site-packages/torch/_subclasses/fake_tensor.py", line 2013, in _dispatch_impl
W0528 23:10:50.543000 269 site-packages/torch/_dynamo/convert_frame.py:1125]     r = func(*args, **kwargs)
W0528 23:10:50.543000 269 site-packages/torch/_dynamo/convert_frame.py:1125]         ^^^^^^^^^^^^^^^^^^^^^
W0528 23:10:50.543000 269 site-packages/torch/_dynamo/convert_frame.py:1125]   File "/usr/local/lib/python3.12/site-packages/torch/_ops.py", line 716, in __call__
W0528 23:10:50.543000 269 site-packages/torch/_dynamo/convert_frame.py:1125]     return self._op(*args, **kwargs)
W0528 23:10:50.543000 269 site-packages/torch/_dynamo/convert_frame.py:1125]            ^^^^^^^^^^^^^^^^^^^^^^^^^
W0528 23:10:50.543000 269 site-packages/torch/_dynamo/convert_frame.py:1125]   File "/usr/local/lib/python3.12/site-packages/torch/_decomp/__init__.py", line 88, in _fn
W0528 23:10:50.543000 269 site-packages/torch/_dynamo/convert_frame.py:1125]     return f(*args, **kwargs, out=None if is_none else out_kwargs)
W0528 23:10:50.543000 269 site-packages/torch/_dynamo/convert_frame.py:1125]            ^^^^^^^^^^^^^^^^^^^^^^^^^^^^^^^^^^^^^^^^^^^^^^^^^^^^^^^
W0528 23:10:50.543000 269 site-packages/torch/_dynamo/convert_frame.py:1125]   File "/usr/local/lib/python3.12/site-packages/torch/_prims_common/wrappers.py", line 273, in _fn
W0528 23:10:50.543000 269 site-packages/torch/_dynamo/convert_frame.py:1125]     result = fn(*args, **kwargs)
W0528 23:10:50.543000 269 site-packages/torch/_dynamo/convert_frame.py:1125]              ^^^^^^^^^^^^^^^^^^^
W0528 23:10:50.543000 269 site-packages/torch/_dynamo/convert_frame.py:1125]   File "/usr/local/lib/python3.12/site-packages/torch/_refs/__init__.py", line 3223, in native_layer_norm
W0528 23:10:50.543000 269 site-packages/torch/_dynamo/convert_frame.py:1125]     torch._check(
W0528 23:10:50.543000 269 site-packages/torch/_dynamo/convert_frame.py:1125]   File "/usr/local/lib/python3.12/site-packages/torch/__init__.py", line 1564, in _check
W0528 23:10:50.543000 269 site-packages/torch/_dynamo/convert_frame.py:1125]     _check_with(RuntimeError, cond, message)
W0528 23:10:50.543000 269 site-packages/torch/_dynamo/convert_frame.py:1125]   File "/usr/local/lib/python3.12/site-packages/torch/__init__.py", line 1546, in _check_with
W0528 23:10:50.543000 269 site-packages/torch/_dynamo/convert_frame.py:1125]     raise error_type(message_evaluated)
W0528 23:10:50.543000 269 site-packages/torch/_dynamo/convert_frame.py:1125] torch._dynamo.exc.TorchRuntimeError: Failed running call_function <function layer_norm at 0x2a8f9feba2a0>(*(FakeTensor(..., device='cuda:0', size=(1, 6, 3, 3)), (6,)), **{'weight': None, 'bias': None, 'eps': 1e-05}):
W0528 23:10:50.543000 269 site-packages/torch/_dynamo/convert_frame.py:1125] Given normalized_shape=[6], expected input with shape [6], but got input of size torch.Size([1, 6, 3, 3])
W0528 23:10:50.543000 269 site-packages/torch/_dynamo/convert_frame.py:1125] 
W0528 23:10:50.543000 269 site-packages/torch/_dynamo/convert_frame.py:1125] from user code:
W0528 23:10:50.543000 269 site-packages/torch/_dynamo/convert_frame.py:1125]    File "/data/results/lmstudio_prompt12_general_router_20260528-152031/call_acc/fused_silu_layer_norm_conv2d.py", line 32, in _fused_silu_layer_norm_conv2d_impl
W0528 23:10:50.543000 269 site-packages/torch/_dynamo/convert_frame.py:1125]     ln_out = F.layer_norm(conv_out, normalized_shape, weight=w, bias=None, eps=ln_eps)
W0528 23:10:50.543000 269 site-packages/torch/_dynamo/convert_frame.py:1125] 
W0528 23:10:50.543000 269 site-packages/torch/_dynamo/convert_frame.py:1125] Set TORCH_LOGS="+dynamo" and TORCHDYNAMO_VERBOSE=1 for more information
W0528 23:10:50.543000 269 site-packages/torch/_dynamo/convert_frame.py:1125] 
Traceback (most recent call last):
  File "/data/results/lmstudio_prompt12_general_router_20260528-152031/call_acc/fused_silu_layer_norm_conv2d.py", line 46, in fused_silu_layer_norm_conv2d
    y = _fused_silu_layer_norm_conv2d_fast(x, weight, conv_weight, conv_bias, conv_stride, conv_padding, conv_dilation, conv_groups, ln_eps)
        ^^^^^^^^^^^^^^^^^^^^^^^^^^^^^^^^^^^^^^^^^^^^^^^^^^^^^^^^^^^^^^^^^^^^^^^^^^^^^^^^^^^^^^^^^^^^^^^^^^^^^^^^^^^^^^^^^^^^^^^^^^^^^^^^^^^^
  File "/usr/local/lib/python3.12/site-packages/torch/_dynamo/eval_frame.py", line 465, in _fn
    return fn(*args, **kwargs)
           ^^^^^^^^^^^^^^^^^^^
  File "/data/results/lmstudio_prompt12_general_router_20260528-152031/call_acc/fused_silu_layer_norm_conv2d.py", line 32, in _fused_silu_layer_norm_conv2d_impl
    ln_out = F.layer_norm(conv_out, normalized_shape, weight=w, bias=None, eps=ln_eps)
             ^^^^^^^^^^^^^^^^^^^^^^^^^^^^^^^^^^^^^^^^^^^^^^^^^^^^^^^^^^^^^^^^^^^^^^^^^
  File "/usr/local/lib/python3.12/site-packages/torch/nn/functional.py", line 2900, in layer_norm
    return torch.layer_norm(
           ^^^^^^^^^^^^^^^^^
RuntimeError: Given normalized_shape=[6], expected input with shape [*, 6], but got input of size[1, 6, 3, 3]

During handling of the above exception, another exception occurred:

Traceback (most recent call last):
  File "/data/results/lmstudio_prompt12_general_router_20260528-152031/call_acc/fused_silu_layer_norm_conv2d.py", line 84, in <module>
    test_results = test_fused_silu_layer_norm_conv2d()
                   ^^^^^^^^^^^^^^^^^^^^^^^^^^^^^^^^^^^
  File "/data/results/lmstudio_prompt12_general_router_20260528-152031/call_acc/fused_silu_layer_norm_conv2d.py", line 70, in test_fused_silu_layer_norm_conv2d
    results['test_case_1'] = fused_silu_layer_norm_conv2d(x, None, conv_weight)
                             ^^^^^^^^^^^^^^^^^^^^^^^^^^^^^^^^^^^^^^^^^^^^^^^^^^
  File "/data/results/lmstudio_prompt12_general_router_20260528-152031/call_acc/fused_silu_layer_norm_conv2d.py", line 48, in fused_silu_layer_norm_conv2d
    y = _fused_silu_layer_norm_conv2d_impl(x, weight, conv_weight, conv_bias, conv_stride, conv_padding, conv_dilation, conv_groups, ln_eps)
        ^^^^^^^^^^^^^^^^^^^^^^^^^^^^^^^^^^^^^^^^^^^^^^^^^^^^^^^^^^^^^^^^^^^^^^^^^^^^^^^^^^^^^^^^^^^^^^^^^^^^^^^^^^^^^^^^^^^^^^^^^^^^^^^^^^^^
  File "/data/results/lmstudio_prompt12_general_router_20260528-152031/call_acc/fused_silu_layer_norm_conv2d.py", line 32, in _fused_silu_layer_norm_conv2d_impl
    ln_out = F.layer_norm(conv_out, normalized_shape, weight=w, bias=None, eps=ln_eps)
             ^^^^^^^^^^^^^^^^^^^^^^^^^^^^^^^^^^^^^^^^^^^^^^^^^^^^^^^^^^^^^^^^^^^^^^^^^
  File "/usr/local/lib/python3.12/site-packages/torch/nn/functional.py", line 2900, in layer_norm
    return torch.layer_norm(
           ^^^^^^^^^^^^^^^^^
RuntimeError: Given normalized_shape=[6], expected input with shape [*, 6], but got input of size[1, 6, 3, 3]

=== Output for fused_index_select_eq.py on GPU 0 ===

=== Errors for fused_index_select_eq.py on GPU 0 ===

=== Output for argmax.py on GPU 0 ===

=== Errors for argmax.py on GPU 0 ===

=== Output for fused_lu_solve.py on GPU 0 ===

=== Errors for fused_lu_solve.py on GPU 0 ===
Traceback (most recent call last):
  File "/data/results/lmstudio_prompt12_general_router_20260528-152031/call_acc/fused_lu_solve.py", line 59, in <module>
    test_results = test_fused_lu_solve()
                   ^^^^^^^^^^^^^^^^^^^^^
  File "/data/results/lmstudio_prompt12_general_router_20260528-152031/call_acc/fused_lu_solve.py", line 37, in test_fused_lu_solve
    results["test_case_1"] = fused_lu_solve(A1, b1)
                             ^^^^^^^^^^^^^^^^^^^^^^
  File "/data/results/lmstudio_prompt12_general_router_20260528-152031/call_acc/fused_lu_solve.py", line 24, in fused_lu_solve
    x = torch.linalg.lu_solve(lu, pivots, b)
        ^^^^^^^^^^^^^^^^^^^^^^^^^^^^^^^^^^^^
RuntimeError: linalg.lu_solve: The input tensor B must have at least 2 dimensions.

Deleted dropout_relu_batch_norm_conv2d.py
Deleted fused_bmm_rmsnorm_gelu_dropout_sub.py
Deleted fused_lu_solve.py
Deleted fused_mv_logsoftmax_dropout.py
Deleted fused_silu_layer_norm_conv2d.py
Deleted solve_multiple_lu.py
Deleted svd.py

Correct execution rate: 65.00%
['div.py', 'sigmoid_conv2d.py', 'tanh.py', 'relu_sqrt.py', 'sqrt.py', 'sigmoid_argmax.py', 'sub.py', 'grid_sample.py', 'i0.py', 'rsqrt.py', 'add.py', 'fused_index_select_eq.py', 'argmax.py']
Above is call test for lmstudio_qwen_qwen3.6-35b-a3b_simp_limit20_20260528-152038
================================================================================================================================================================

call_acc survivors: 13 / 20

======================================================================
=== Phase 2: execution accuracy ===
======================================================================

Correct execution rate: 100.00% = 13 / 13
above is the compare execution for /data/results/lmstudio_prompt12_general_router_20260528-152031/call_acc
================================================================================================================================================================================================================================================

exe_acc survivors: 13 / 20

======================================================================
=== Phase 3: efficiency ===
======================================================================

[1AProcess:   0%|                                           | 0/13 [00:00<?, ?it/s]
[1AProcess:   8%|██▋                                | 1/13 [00:24<04:55, 24.63s/it]
[1AProcess:  15%|█████▍                             | 2/13 [00:57<05:24, 29.51s/it]
[1AProcess:  23%|████████                           | 3/13 [01:23<04:39, 27.91s/it]
[1AProcess:  31%|██████████▊                        | 4/13 [01:58<04:37, 30.84s/it]
[1AProcess:  38%|█████████████▍                     | 5/13 [02:10<03:11, 23.99s/it]
[1AProcess:  46%|████████████████▏                  | 6/13 [02:33<02:44, 23.44s/it]
[1AProcess:  54%|██████████████████▊                | 7/13 [03:00<02:28, 24.78s/it]
==========
== CUDA ==
==========

CUDA Version 12.4.1

Container image Copyright (c) 2016-2023, NVIDIA CORPORATION & AFFILIATES. All rights reserved.

This container image and its contents are governed by the NVIDIA Deep Learning Container License.
By pulling and using the container, you accept the terms and conditions of this license:
https://developer.nvidia.com/ngc/nvidia-deep-learning-container-license

A copy of this license is made available in this container at /NGC-DL-CONTAINER-LICENSE for your convenience.

Runner killed (SIGKILL), exit code: 137. Most often this happens when the process runs out of memory. Consider increasing or reserving memory to avoid unexpected termination: https://modal.com/docs/guide/resources

==========
== CUDA ==
==========

CUDA Version 12.4.1

Container image Copyright (c) 2016-2023, NVIDIA CORPORATION & AFFILIATES. All rights reserved.

This container image and its contents are governed by the NVIDIA Deep Learning Container License.
By pulling and using the container, you accept the terms and conditions of this license:
https://developer.nvidia.com/ngc/nvidia-deep-learning-container-license

A copy of this license is made available in this container at /NGC-DL-CONTAINER-LICENSE for your convenience.


======================================================================
=== Phase 1: call accuracy ===
======================================================================
instruction
=== Output for fused_bmm_rmsnorm_gelu_dropout_sub.py on GPU 0 ===

=== Errors for fused_bmm_rmsnorm_gelu_dropout_sub.py on GPU 0 ===
E0528 23:26:20.293000 27 site-packages/torch/_subclasses/fake_tensor.py:2017] [0/0] failed while attempting to run meta for aten.mean.dim
E0528 23:26:20.293000 27 site-packages/torch/_subclasses/fake_tensor.py:2017] [0/0] Traceback (most recent call last):
E0528 23:26:20.293000 27 site-packages/torch/_subclasses/fake_tensor.py:2017] [0/0]   File "/usr/local/lib/python3.12/site-packages/torch/_subclasses/fake_tensor.py", line 2013, in _dispatch_impl
E0528 23:26:20.293000 27 site-packages/torch/_subclasses/fake_tensor.py:2017] [0/0]     r = func(*args, **kwargs)
E0528 23:26:20.293000 27 site-packages/torch/_subclasses/fake_tensor.py:2017] [0/0]         ^^^^^^^^^^^^^^^^^^^^^
E0528 23:26:20.293000 27 site-packages/torch/_subclasses/fake_tensor.py:2017] [0/0]   File "/usr/local/lib/python3.12/site-packages/torch/_ops.py", line 716, in __call__
E0528 23:26:20.293000 27 site-packages/torch/_subclasses/fake_tensor.py:2017] [0/0]     return self._op(*args, **kwargs)
E0528 23:26:20.293000 27 site-packages/torch/_subclasses/fake_tensor.py:2017] [0/0]            ^^^^^^^^^^^^^^^^^^^^^^^^^
E0528 23:26:20.293000 27 site-packages/torch/_subclasses/fake_tensor.py:2017] [0/0]   File "/usr/local/lib/python3.12/site-packages/torch/_refs/__init__.py", line 2476, in mean
E0528 23:26:20.293000 27 site-packages/torch/_subclasses/fake_tensor.py:2017] [0/0]     result = _reduction(
E0528 23:26:20.293000 27 site-packages/torch/_subclasses/fake_tensor.py:2017] [0/0]              ^^^^^^^^^^^
E0528 23:26:20.293000 27 site-packages/torch/_subclasses/fake_tensor.py:2017] [0/0]   File "/usr/local/lib/python3.12/site-packages/torch/_refs/__init__.py", line 2171, in _reduction
E0528 23:26:20.293000 27 site-packages/torch/_subclasses/fake_tensor.py:2017] [0/0]     dims = utils.reduction_dims(a.shape, dims)
E0528 23:26:20.293000 27 site-packages/torch/_subclasses/fake_tensor.py:2017] [0/0]            ^^^^^^^^^^^^^^^^^^^^^^^^^^^^^^^^^^^
E0528 23:26:20.293000 27 site-packages/torch/_subclasses/fake_tensor.py:2017] [0/0]   File "/usr/local/lib/python3.12/site-packages/torch/_prims_common/__init__.py", line 1713, in reduction_dims
E0528 23:26:20.293000 27 site-packages/torch/_subclasses/fake_tensor.py:2017] [0/0]     dims = tuple(canonicalize_dim(len(shape), idx) for idx in dims)
E0528 23:26:20.293000 27 site-packages/torch/_subclasses/fake_tensor.py:2017] [0/0]            ^^^^^^^^^^^^^^^^^^^^^^^^^^^^^^^^^^^^^^^^^^^^^^^^^^^^^^^^
E0528 23:26:20.293000 27 site-packages/torch/_subclasses/fake_tensor.py:2017] [0/0]   File "/usr/local/lib/python3.12/site-packages/torch/_prims_common/__init__.py", line 1713, in <genexpr>
E0528 23:26:20.293000 27 site-packages/torch/_subclasses/fake_tensor.py:2017] [0/0]     dims = tuple(canonicalize_dim(len(shape), idx) for idx in dims)
E0528 23:26:20.293000 27 site-packages/torch/_subclasses/fake_tensor.py:2017] [0/0]                  ^^^^^^^^^^^^^^^^^^^^^^^^^^^^^^^^^
E0528 23:26:20.293000 27 site-packages/torch/_subclasses/fake_tensor.py:2017] [0/0]   File "/usr/local/lib/python3.12/site-packages/torch/_prims_common/__init__.py", line 663, in canonicalize_dim
E0528 23:26:20.293000 27 site-packages/torch/_subclasses/fake_tensor.py:2017] [0/0]     raise IndexError(msg)
E0528 23:26:20.293000 27 site-packages/torch/_subclasses/fake_tensor.py:2017] [0/0] IndexError: Dimension out of range (expected to be in range of [-3, 2], but got -5)
W0528 23:26:20.310000 27 site-packages/torch/_dynamo/convert_frame.py:1125] WON'T CONVERT _fused_bmm_rmsnorm_gelu_dropout_sub_impl /data/results/lmstudio_prompt12_general_router_20260528-152031/call_acc/fused_bmm_rmsnorm_gelu_dropout_sub.py line 22 
W0528 23:26:20.310000 27 site-packages/torch/_dynamo/convert_frame.py:1125] due to: 
W0528 23:26:20.310000 27 site-packages/torch/_dynamo/convert_frame.py:1125] Traceback (most recent call last):
W0528 23:26:20.310000 27 site-packages/torch/_dynamo/convert_frame.py:1125]   File "/usr/local/lib/python3.12/site-packages/torch/_dynamo/convert_frame.py", line 1064, in __call__
W0528 23:26:20.310000 27 site-packages/torch/_dynamo/convert_frame.py:1125]     result = self._inner_convert(
W0528 23:26:20.310000 27 site-packages/torch/_dynamo/convert_frame.py:1125]              ^^^^^^^^^^^^^^^^^^^^
W0528 23:26:20.310000 27 site-packages/torch/_dynamo/convert_frame.py:1125]   File "/usr/local/lib/python3.12/site-packages/torch/_dynamo/convert_frame.py", line 526, in __call__
W0528 23:26:20.310000 27 site-packages/torch/_dynamo/convert_frame.py:1125]     return _compile(
W0528 23:26:20.310000 27 site-packages/torch/_dynamo/convert_frame.py:1125]            ^^^^^^^^^
W0528 23:26:20.310000 27 site-packages/torch/_dynamo/convert_frame.py:1125]   File "/usr/local/lib/python3.12/site-packages/torch/_dynamo/convert_frame.py", line 924, in _compile
W0528 23:26:20.310000 27 site-packages/torch/_dynamo/convert_frame.py:1125]     guarded_code = compile_inner(code, one_graph, hooks, transform)
W0528 23:26:20.310000 27 site-packages/torch/_dynamo/convert_frame.py:1125]                    ^^^^^^^^^^^^^^^^^^^^^^^^^^^^^^^^^^^^^^^^^^^^^^^^
W0528 23:26:20.310000 27 site-packages/torch/_dynamo/convert_frame.py:1125]   File "/usr/local/lib/python3.12/site-packages/torch/_dynamo/convert_frame.py", line 666, in compile_inner
W0528 23:26:20.310000 27 site-packages/torch/_dynamo/convert_frame.py:1125]     return _compile_inner(code, one_graph, hooks, transform)
W0528 23:26:20.310000 27 site-packages/torch/_dynamo/convert_frame.py:1125]            ^^^^^^^^^^^^^^^^^^^^^^^^^^^^^^^^^^^^^^^^^^^^^^^^^
W0528 23:26:20.310000 27 site-packages/torch/_dynamo/convert_frame.py:1125]   File "/usr/local/lib/python3.12/site-packages/torch/_utils_internal.py", line 87, in wrapper_function
W0528 23:26:20.310000 27 site-packages/torch/_dynamo/convert_frame.py:1125]     return function(*args, **kwargs)
W0528 23:26:20.310000 27 site-packages/torch/_dynamo/convert_frame.py:1125]            ^^^^^^^^^^^^^^^^^^^^^^^^^
W0528 23:26:20.310000 27 site-packages/torch/_dynamo/convert_frame.py:1125]   File "/usr/local/lib/python3.12/site-packages/torch/_dynamo/convert_frame.py", line 699, in _compile_inner
W0528 23:26:20.310000 27 site-packages/torch/_dynamo/convert_frame.py:1125]     out_code = transform_code_object(code, transform)
W0528 23:26:20.310000 27 site-packages/torch/_dynamo/convert_frame.py:1125]                ^^^^^^^^^^^^^^^^^^^^^^^^^^^^^^^^^^^^^^
W0528 23:26:20.310000 27 site-packages/torch/_dynamo/convert_frame.py:1125]   File "/usr/local/lib/python3.12/site-packages/torch/_dynamo/bytecode_transformation.py", line 1322, in transform_code_object
W0528 23:26:20.310000 27 site-packages/torch/_dynamo/convert_frame.py:1125]     transformations(instructions, code_options)
W0528 23:26:20.310000 27 site-packages/torch/_dynamo/convert_frame.py:1125]   File "/usr/local/lib/python3.12/site-packages/torch/_dynamo/convert_frame.py", line 219, in _fn
W0528 23:26:20.310000 27 site-packages/torch/_dynamo/convert_frame.py:1125]     return fn(*args, **kwargs)
W0528 23:26:20.310000 27 site-packages/torch/_dynamo/convert_frame.py:1125]            ^^^^^^^^^^^^^^^^^^^
W0528 23:26:20.310000 27 site-packages/torch/_dynamo/convert_frame.py:1125]   File "/usr/local/lib/python3.12/site-packages/torch/_dynamo/convert_frame.py", line 634, in transform
W0528 23:26:20.310000 27 site-packages/torch/_dynamo/convert_frame.py:1125]     tracer.run()
W0528 23:26:20.310000 27 site-packages/torch/_dynamo/convert_frame.py:1125]   File "/usr/local/lib/python3.12/site-packages/torch/_dynamo/symbolic_convert.py", line 2796, in run
W0528 23:26:20.310000 27 site-packages/torch/_dynamo/convert_frame.py:1125]     super().run()
W0528 23:26:20.310000 27 site-packages/torch/_dynamo/convert_frame.py:1125]   File "/usr/local/lib/python3.12/site-packages/torch/_dynamo/symbolic_convert.py", line 983, in run
W0528 23:26:20.310000 27 site-packages/torch/_dynamo/convert_frame.py:1125]     while self.step():
W0528 23:26:20.310000 27 site-packages/torch/_dynamo/convert_frame.py:1125]           ^^^^^^^^^^^
W0528 23:26:20.310000 27 site-packages/torch/_dynamo/convert_frame.py:1125]   File "/usr/local/lib/python3.12/site-packages/torch/_dynamo/symbolic_convert.py", line 895, in step
W0528 23:26:20.310000 27 site-packages/torch/_dynamo/convert_frame.py:1125]     self.dispatch_table[inst.opcode](self, inst)
W0528 23:26:20.310000 27 site-packages/torch/_dynamo/convert_frame.py:1125]   File "/usr/local/lib/python3.12/site-packages/torch/_dynamo/symbolic_convert.py", line 582, in wrapper
W0528 23:26:20.310000 27 site-packages/torch/_dynamo/convert_frame.py:1125]     return inner_fn(self, inst)
W0528 23:26:20.310000 27 site-packages/torch/_dynamo/convert_frame.py:1125]            ^^^^^^^^^^^^^^^^^^^^
W0528 23:26:20.310000 27 site-packages/torch/_dynamo/convert_frame.py:1125]   File "/usr/local/lib/python3.12/site-packages/torch/_dynamo/symbolic_convert.py", line 2279, in CALL
W0528 23:26:20.310000 27 site-packages/torch/_dynamo/convert_frame.py:1125]     self._call(inst)
W0528 23:26:20.310000 27 site-packages/torch/_dynamo/convert_frame.py:1125]   File "/usr/local/lib/python3.12/site-packages/torch/_dynamo/symbolic_convert.py", line 2273, in _call
W0528 23:26:20.310000 27 site-packages/torch/_dynamo/convert_frame.py:1125]     self.call_function(fn, args, kwargs)
W0528 23:26:20.310000 27 site-packages/torch/_dynamo/convert_frame.py:1125]   File "/usr/local/lib/python3.12/site-packages/torch/_dynamo/symbolic_convert.py", line 830, in call_function
W0528 23:26:20.310000 27 site-packages/torch/_dynamo/convert_frame.py:1125]     self.push(fn.call_function(self, args, kwargs))  # type: ignore[arg-type]
W0528 23:26:20.310000 27 site-packages/torch/_dynamo/convert_frame.py:1125]               ^^^^^^^^^^^^^^^^^^^^^^^^^^^^^^^^^^^^
W0528 23:26:20.310000 27 site-packages/torch/_dynamo/convert_frame.py:1125]   File "/usr/local/lib/python3.12/site-packages/torch/_dynamo/variables/misc.py", line 1024, in call_function
W0528 23:26:20.310000 27 site-packages/torch/_dynamo/convert_frame.py:1125]     return self.obj.call_method(tx, self.name, args, kwargs)
W0528 23:26:20.310000 27 site-packages/torch/_dynamo/convert_frame.py:1125]            ^^^^^^^^^^^^^^^^^^^^^^^^^^^^^^^^^^^^^^^^^^^^^^^^^
W0528 23:26:20.310000 27 site-packages/torch/_dynamo/convert_frame.py:1125]   File "/usr/local/lib/python3.12/site-packages/torch/_dynamo/variables/tensor.py", line 535, in call_method
W0528 23:26:20.310000 27 site-packages/torch/_dynamo/convert_frame.py:1125]     return wrap_fx_proxy(
W0528 23:26:20.310000 27 site-packages/torch/_dynamo/convert_frame.py:1125]            ^^^^^^^^^^^^^^
W0528 23:26:20.310000 27 site-packages/torch/_dynamo/convert_frame.py:1125]   File "/usr/local/lib/python3.12/site-packages/torch/_dynamo/variables/builder.py", line 2037, in wrap_fx_proxy
W0528 23:26:20.310000 27 site-packages/torch/_dynamo/convert_frame.py:1125]     return wrap_fx_proxy_cls(target_cls=TensorVariable, **kwargs)
W0528 23:26:20.310000 27 site-packages/torch/_dynamo/convert_frame.py:1125]            ^^^^^^^^^^^^^^^^^^^^^^^^^^^^^^^^^^^^^^^^^^^^^^^^^^^^^^
W0528 23:26:20.310000 27 site-packages/torch/_dynamo/convert_frame.py:1125]   File "/usr/local/lib/python3.12/site-packages/torch/_dynamo/variables/builder.py", line 2124, in wrap_fx_proxy_cls
W0528 23:26:20.310000 27 site-packages/torch/_dynamo/convert_frame.py:1125]     example_value = get_fake_value(proxy.node, tx, allow_non_graph_fake=True)
W0528 23:26:20.310000 27 site-packages/torch/_dynamo/convert_frame.py:1125]                     ^^^^^^^^^^^^^^^^^^^^^^^^^^^^^^^^^^^^^^^^^^^^^^^^^^^^^^^^^
W0528 23:26:20.310000 27 site-packages/torch/_dynamo/convert_frame.py:1125]   File "/usr/local/lib/python3.12/site-packages/torch/_dynamo/utils.py", line 2082, in get_fake_value
W0528 23:26:20.310000 27 site-packages/torch/_dynamo/convert_frame.py:1125]     raise TorchRuntimeError(str(e)).with_traceback(e.__traceback__) from None
W0528 23:26:20.310000 27 site-packages/torch/_dynamo/convert_frame.py:1125]   File "/usr/local/lib/python3.12/site-packages/torch/_dynamo/utils.py", line 2017, in get_fake_value
W0528 23:26:20.310000 27 site-packages/torch/_dynamo/convert_frame.py:1125]     ret_val = wrap_fake_exception(
W0528 23:26:20.310000 27 site-packages/torch/_dynamo/convert_frame.py:1125]               ^^^^^^^^^^^^^^^^^^^^
W0528 23:26:20.310000 27 site-packages/torch/_dynamo/convert_frame.py:1125]   File "/usr/local/lib/python3.12/site-packages/torch/_dynamo/utils.py", line 1574, in wrap_fake_exception
W0528 23:26:20.310000 27 site-packages/torch/_dynamo/convert_frame.py:1125]     return fn()
W0528 23:26:20.310000 27 site-packages/torch/_dynamo/convert_frame.py:1125]            ^^^^
W0528 23:26:20.310000 27 site-packages/torch/_dynamo/convert_frame.py:1125]   File "/usr/local/lib/python3.12/site-packages/torch/_dynamo/utils.py", line 2018, in <lambda>
W0528 23:26:20.310000 27 site-packages/torch/_dynamo/convert_frame.py:1125]     lambda: run_node(tx.output, node, args, kwargs, nnmodule)
W0528 23:26:20.310000 27 site-packages/torch/_dynamo/convert_frame.py:1125]             ^^^^^^^^^^^^^^^^^^^^^^^^^^^^^^^^^^^^^^^^^^^^^^^^^
W0528 23:26:20.310000 27 site-packages/torch/_dynamo/convert_frame.py:1125]   File "/usr/local/lib/python3.12/site-packages/torch/_dynamo/utils.py", line 2150, in run_node
W0528 23:26:20.310000 27 site-packages/torch/_dynamo/convert_frame.py:1125]     raise RuntimeError(make_error_message(e)).with_traceback(
W0528 23:26:20.310000 27 site-packages/torch/_dynamo/convert_frame.py:1125]   File "/usr/local/lib/python3.12/site-packages/torch/_dynamo/utils.py", line 2134, in run_node
W0528 23:26:20.310000 27 site-packages/torch/_dynamo/convert_frame.py:1125]     return getattr(args[0], node.target)(*args[1:], **kwargs)
W0528 23:26:20.310000 27 site-packages/torch/_dynamo/convert_frame.py:1125]            ^^^^^^^^^^^^^^^^^^^^^^^^^^^^^^^^^^^^^^^^^^^^^^^^^^
W0528 23:26:20.310000 27 site-packages/torch/_dynamo/convert_frame.py:1125]   File "/usr/local/lib/python3.12/site-packages/torch/utils/_stats.py", line 21, in wrapper
W0528 23:26:20.310000 27 site-packages/torch/_dynamo/convert_frame.py:1125]     return fn(*args, **kwargs)
W0528 23:26:20.310000 27 site-packages/torch/_dynamo/convert_frame.py:1125]            ^^^^^^^^^^^^^^^^^^^
W0528 23:26:20.310000 27 site-packages/torch/_dynamo/convert_frame.py:1125]   File "/usr/local/lib/python3.12/site-packages/torch/_subclasses/fake_tensor.py", line 1238, in __torch_dispatch__
W0528 23:26:20.310000 27 site-packages/torch/_dynamo/convert_frame.py:1125]     return self.dispatch(func, types, args, kwargs)
W0528 23:26:20.310000 27 site-packages/torch/_dynamo/convert_frame.py:1125]            ^^^^^^^^^^^^^^^^^^^^^^^^^^^^^^^^^^^^^^^^
W0528 23:26:20.310000 27 site-packages/torch/_dynamo/convert_frame.py:1125]   File "/usr/local/lib/python3.12/site-packages/torch/_subclasses/fake_tensor.py", line 1692, in dispatch
W0528 23:26:20.310000 27 site-packages/torch/_dynamo/convert_frame.py:1125]     return self._cached_dispatch_impl(func, types, args, kwargs)
W0528 23:26:20.310000 27 site-packages/torch/_dynamo/convert_frame.py:1125]            ^^^^^^^^^^^^^^^^^^^^^^^^^^^^^^^^^^^^^^^^^^^^^^^^^^^^^
W0528 23:26:20.310000 27 site-packages/torch/_dynamo/convert_frame.py:1125]   File "/usr/local/lib/python3.12/site-packages/torch/_subclasses/fake_tensor.py", line 1339, in _cached_dispatch_impl
W0528 23:26:20.310000 27 site-packages/torch/_dynamo/convert_frame.py:1125]     output = self._dispatch_impl(func, types, args, kwargs)
W0528 23:26:20.310000 27 site-packages/torch/_dynamo/convert_frame.py:1125]              ^^^^^^^^^^^^^^^^^^^^^^^^^^^^^^^^^^^^^^^^^^^^^^
W0528 23:26:20.310000 27 site-packages/torch/_dynamo/convert_frame.py:1125]   File "/usr/local/lib/python3.12/site-packages/torch/_subclasses/fake_tensor.py", line 2013, in _dispatch_impl
W0528 23:26:20.310000 27 site-packages/torch/_dynamo/convert_frame.py:1125]     r = func(*args, **kwargs)
W0528 23:26:20.310000 27 site-packages/torch/_dynamo/convert_frame.py:1125]         ^^^^^^^^^^^^^^^^^^^^^
W0528 23:26:20.310000 27 site-packages/torch/_dynamo/convert_frame.py:1125]   File "/usr/local/lib/python3.12/site-packages/torch/_ops.py", line 716, in __call__
W0528 23:26:20.310000 27 site-packages/torch/_dynamo/convert_frame.py:1125]     return self._op(*args, **kwargs)
W0528 23:26:20.310000 27 site-packages/torch/_dynamo/convert_frame.py:1125]            ^^^^^^^^^^^^^^^^^^^^^^^^^
W0528 23:26:20.310000 27 site-packages/torch/_dynamo/convert_frame.py:1125]   File "/usr/local/lib/python3.12/site-packages/torch/_refs/__init__.py", line 2476, in mean
W0528 23:26:20.310000 27 site-packages/torch/_dynamo/convert_frame.py:1125]     result = _reduction(
W0528 23:26:20.310000 27 site-packages/torch/_dynamo/convert_frame.py:1125]              ^^^^^^^^^^^
W0528 23:26:20.310000 27 site-packages/torch/_dynamo/convert_frame.py:1125]   File "/usr/local/lib/python3.12/site-packages/torch/_refs/__init__.py", line 2171, in _reduction
W0528 23:26:20.310000 27 site-packages/torch/_dynamo/convert_frame.py:1125]     dims = utils.reduction_dims(a.shape, dims)
W0528 23:26:20.310000 27 site-packages/torch/_dynamo/convert_frame.py:1125]            ^^^^^^^^^^^^^^^^^^^^^^^^^^^^^^^^^^^
W0528 23:26:20.310000 27 site-packages/torch/_dynamo/convert_frame.py:1125]   File "/usr/local/lib/python3.12/site-packages/torch/_prims_common/__init__.py", line 1713, in reduction_dims
W0528 23:26:20.310000 27 site-packages/torch/_dynamo/convert_frame.py:1125]     dims = tuple(canonicalize_dim(len(shape), idx) for idx in dims)
W0528 23:26:20.310000 27 site-packages/torch/_dynamo/convert_frame.py:1125]            ^^^^^^^^^^^^^^^^^^^^^^^^^^^^^^^^^^^^^^^^^^^^^^^^^^^^^^^^
W0528 23:26:20.310000 27 site-packages/torch/_dynamo/convert_frame.py:1125]   File "/usr/local/lib/python3.12/site-packages/torch/_prims_common/__init__.py", line 1713, in <genexpr>
W0528 23:26:20.310000 27 site-packages/torch/_dynamo/convert_frame.py:1125]     dims = tuple(canonicalize_dim(len(shape), idx) for idx in dims)
W0528 23:26:20.310000 27 site-packages/torch/_dynamo/convert_frame.py:1125]                  ^^^^^^^^^^^^^^^^^^^^^^^^^^^^^^^^^
W0528 23:26:20.310000 27 site-packages/torch/_dynamo/convert_frame.py:1125]   File "/usr/local/lib/python3.12/site-packages/torch/_prims_common/__init__.py", line 663, in canonicalize_dim
W0528 23:26:20.310000 27 site-packages/torch/_dynamo/convert_frame.py:1125]     raise IndexError(msg)
W0528 23:26:20.310000 27 site-packages/torch/_dynamo/convert_frame.py:1125] torch._dynamo.exc.TorchRuntimeError: Failed running call_method mean(*(FakeTensor(..., device='cuda:0', size=(2, 3, 5)),), **{'dim': (-5,), 'keepdim': True}):
W0528 23:26:20.310000 27 site-packages/torch/_dynamo/convert_frame.py:1125] Dimension out of range (expected to be in range of [-3, 2], but got -5)
W0528 23:26:20.310000 27 site-packages/torch/_dynamo/convert_frame.py:1125] 
W0528 23:26:20.310000 27 site-packages/torch/_dynamo/convert_frame.py:1125] from user code:
W0528 23:26:20.310000 27 site-packages/torch/_dynamo/convert_frame.py:1125]    File "/data/results/lmstudio_prompt12_general_router_20260528-152031/call_acc/fused_bmm_rmsnorm_gelu_dropout_sub.py", line 31, in _fused_bmm_rmsnorm_gelu_dropout_sub_impl
W0528 23:26:20.310000 27 site-packages/torch/_dynamo/convert_frame.py:1125]     mean = squared.mean(dim=norm_dims, keepdim=True)
W0528 23:26:20.310000 27 site-packages/torch/_dynamo/convert_frame.py:1125] 
W0528 23:26:20.310000 27 site-packages/torch/_dynamo/convert_frame.py:1125] Set TORCH_LOGS="+dynamo" and TORCHDYNAMO_VERBOSE=1 for more information
W0528 23:26:20.310000 27 site-packages/torch/_dynamo/convert_frame.py:1125] 
W0528 23:26:20.310000 27 site-packages/torch/_dynamo/convert_frame.py:1125] Traceback (most recent call last):
W0528 23:26:20.310000 27 site-packages/torch/_dynamo/convert_frame.py:1125]   File "/usr/local/lib/python3.12/site-packages/torch/_dynamo/convert_frame.py", line 1064, in __call__
W0528 23:26:20.310000 27 site-packages/torch/_dynamo/convert_frame.py:1125]     result = self._inner_convert(
W0528 23:26:20.310000 27 site-packages/torch/_dynamo/convert_frame.py:1125]              ^^^^^^^^^^^^^^^^^^^^
W0528 23:26:20.310000 27 site-packages/torch/_dynamo/convert_frame.py:1125]   File "/usr/local/lib/python3.12/site-packages/torch/_dynamo/convert_frame.py", line 526, in __call__
W0528 23:26:20.310000 27 site-packages/torch/_dynamo/convert_frame.py:1125]     return _compile(
W0528 23:26:20.310000 27 site-packages/torch/_dynamo/convert_frame.py:1125]            ^^^^^^^^^
W0528 23:26:20.310000 27 site-packages/torch/_dynamo/convert_frame.py:1125]   File "/usr/local/lib/python3.12/site-packages/torch/_dynamo/convert_frame.py", line 924, in _compile
W0528 23:26:20.310000 27 site-packages/torch/_dynamo/convert_frame.py:1125]     guarded_code = compile_inner(code, one_graph, hooks, transform)
W0528 23:26:20.310000 27 site-packages/torch/_dynamo/convert_frame.py:1125]                    ^^^^^^^^^^^^^^^^^^^^^^^^^^^^^^^^^^^^^^^^^^^^^^^^
W0528 23:26:20.310000 27 site-packages/torch/_dynamo/convert_frame.py:1125]   File "/usr/local/lib/python3.12/site-packages/torch/_dynamo/convert_frame.py", line 666, in compile_inner
W0528 23:26:20.310000 27 site-packages/torch/_dynamo/convert_frame.py:1125]     return _compile_inner(code, one_graph, hooks, transform)
W0528 23:26:20.310000 27 site-packages/torch/_dynamo/convert_frame.py:1125]            ^^^^^^^^^^^^^^^^^^^^^^^^^^^^^^^^^^^^^^^^^^^^^^^^^
W0528 23:26:20.310000 27 site-packages/torch/_dynamo/convert_frame.py:1125]   File "/usr/local/lib/python3.12/site-packages/torch/_utils_internal.py", line 87, in wrapper_function
W0528 23:26:20.310000 27 site-packages/torch/_dynamo/convert_frame.py:1125]     return function(*args, **kwargs)
W0528 23:26:20.310000 27 site-packages/torch/_dynamo/convert_frame.py:1125]            ^^^^^^^^^^^^^^^^^^^^^^^^^
W0528 23:26:20.310000 27 site-packages/torch/_dynamo/convert_frame.py:1125]   File "/usr/local/lib/python3.12/site-packages/torch/_dynamo/convert_frame.py", line 699, in _compile_inner
W0528 23:26:20.310000 27 site-packages/torch/_dynamo/convert_frame.py:1125]     out_code = transform_code_object(code, transform)
W0528 23:26:20.310000 27 site-packages/torch/_dynamo/convert_frame.py:1125]                ^^^^^^^^^^^^^^^^^^^^^^^^^^^^^^^^^^^^^^
W0528 23:26:20.310000 27 site-packages/torch/_dynamo/convert_frame.py:1125]   File "/usr/local/lib/python3.12/site-packages/torch/_dynamo/bytecode_transformation.py", line 1322, in transform_code_object
W0528 23:26:20.310000 27 site-packages/torch/_dynamo/convert_frame.py:1125]     transformations(instructions, code_options)
W0528 23:26:20.310000 27 site-packages/torch/_dynamo/convert_frame.py:1125]   File "/usr/local/lib/python3.12/site-packages/torch/_dynamo/convert_frame.py", line 219, in _fn
W0528 23:26:20.310000 27 site-packages/torch/_dynamo/convert_frame.py:1125]     return fn(*args, **kwargs)
W0528 23:26:20.310000 27 site-packages/torch/_dynamo/convert_frame.py:1125]            ^^^^^^^^^^^^^^^^^^^
W0528 23:26:20.310000 27 site-packages/torch/_dynamo/convert_frame.py:1125]   File "/usr/local/lib/python3.12/site-packages/torch/_dynamo/convert_frame.py", line 634, in transform
W0528 23:26:20.310000 27 site-packages/torch/_dynamo/convert_frame.py:1125]     tracer.run()
W0528 23:26:20.310000 27 site-packages/torch/_dynamo/convert_frame.py:1125]   File "/usr/local/lib/python3.12/site-packages/torch/_dynamo/symbolic_convert.py", line 2796, in run
W0528 23:26:20.310000 27 site-packages/torch/_dynamo/convert_frame.py:1125]     super().run()
W0528 23:26:20.310000 27 site-packages/torch/_dynamo/convert_frame.py:1125]   File "/usr/local/lib/python3.12/site-packages/torch/_dynamo/symbolic_convert.py", line 983, in run
W0528 23:26:20.310000 27 site-packages/torch/_dynamo/convert_frame.py:1125]     while self.step():
W0528 23:26:20.310000 27 site-packages/torch/_dynamo/convert_frame.py:1125]           ^^^^^^^^^^^
W0528 23:26:20.310000 27 site-packages/torch/_dynamo/convert_frame.py:1125]   File "/usr/local/lib/python3.12/site-packages/torch/_dynamo/symbolic_convert.py", line 895, in step
W0528 23:26:20.310000 27 site-packages/torch/_dynamo/convert_frame.py:1125]     self.dispatch_table[inst.opcode](self, inst)
W0528 23:26:20.310000 27 site-packages/torch/_dynamo/convert_frame.py:1125]   File "/usr/local/lib/python3.12/site-packages/torch/_dynamo/symbolic_convert.py", line 582, in wrapper
W0528 23:26:20.310000 27 site-packages/torch/_dynamo/convert_frame.py:1125]     return inner_fn(self, inst)
W0528 23:26:20.310000 27 site-packages/torch/_dynamo/convert_frame.py:1125]            ^^^^^^^^^^^^^^^^^^^^
W0528 23:26:20.310000 27 site-packages/torch/_dynamo/convert_frame.py:1125]   File "/usr/local/lib/python3.12/site-packages/torch/_dynamo/symbolic_convert.py", line 2279, in CALL
W0528 23:26:20.310000 27 site-packages/torch/_dynamo/convert_frame.py:1125]     self._call(inst)
W0528 23:26:20.310000 27 site-packages/torch/_dynamo/convert_frame.py:1125]   File "/usr/local/lib/python3.12/site-packages/torch/_dynamo/symbolic_convert.py", line 2273, in _call
W0528 23:26:20.310000 27 site-packages/torch/_dynamo/convert_frame.py:1125]     self.call_function(fn, args, kwargs)
W0528 23:26:20.310000 27 site-packages/torch/_dynamo/convert_frame.py:1125]   File "/usr/local/lib/python3.12/site-packages/torch/_dynamo/symbolic_convert.py", line 830, in call_function
W0528 23:26:20.310000 27 site-packages/torch/_dynamo/convert_frame.py:1125]     self.push(fn.call_function(self, args, kwargs))  # type: ignore[arg-type]
W0528 23:26:20.310000 27 site-packages/torch/_dynamo/convert_frame.py:1125]               ^^^^^^^^^^^^^^^^^^^^^^^^^^^^^^^^^^^^
W0528 23:26:20.310000 27 site-packages/torch/_dynamo/convert_frame.py:1125]   File "/usr/local/lib/python3.12/site-packages/torch/_dynamo/variables/misc.py", line 1024, in call_function
W0528 23:26:20.310000 27 site-packages/torch/_dynamo/convert_frame.py:1125]     return self.obj.call_method(tx, self.name, args, kwargs)
W0528 23:26:20.310000 27 site-packages/torch/_dynamo/convert_frame.py:1125]            ^^^^^^^^^^^^^^^^^^^^^^^^^^^^^^^^^^^^^^^^^^^^^^^^^
W0528 23:26:20.310000 27 site-packages/torch/_dynamo/convert_frame.py:1125]   File "/usr/local/lib/python3.12/site-packages/torch/_dynamo/variables/tensor.py", line 535, in call_method
W0528 23:26:20.310000 27 site-packages/torch/_dynamo/convert_frame.py:1125]     return wrap_fx_proxy(
W0528 23:26:20.310000 27 site-packages/torch/_dynamo/convert_frame.py:1125]            ^^^^^^^^^^^^^^
W0528 23:26:20.310000 27 site-packages/torch/_dynamo/convert_frame.py:1125]   File "/usr/local/lib/python3.12/site-packages/torch/_dynamo/variables/builder.py", line 2037, in wrap_fx_proxy
W0528 23:26:20.310000 27 site-packages/torch/_dynamo/convert_frame.py:1125]     return wrap_fx_proxy_cls(target_cls=TensorVariable, **kwargs)
W0528 23:26:20.310000 27 site-packages/torch/_dynamo/convert_frame.py:1125]            ^^^^^^^^^^^^^^^^^^^^^^^^^^^^^^^^^^^^^^^^^^^^^^^^^^^^^^
W0528 23:26:20.310000 27 site-packages/torch/_dynamo/convert_frame.py:1125]   File "/usr/local/lib/python3.12/site-packages/torch/_dynamo/variables/builder.py", line 2124, in wrap_fx_proxy_cls
W0528 23:26:20.310000 27 site-packages/torch/_dynamo/convert_frame.py:1125]     example_value = get_fake_value(proxy.node, tx, allow_non_graph_fake=True)
W0528 23:26:20.310000 27 site-packages/torch/_dynamo/convert_frame.py:1125]                     ^^^^^^^^^^^^^^^^^^^^^^^^^^^^^^^^^^^^^^^^^^^^^^^^^^^^^^^^^
W0528 23:26:20.310000 27 site-packages/torch/_dynamo/convert_frame.py:1125]   File "/usr/local/lib/python3.12/site-packages/torch/_dynamo/utils.py", line 2082, in get_fake_value
W0528 23:26:20.310000 27 site-packages/torch/_dynamo/convert_frame.py:1125]     raise TorchRuntimeError(str(e)).with_traceback(e.__traceback__) from None
W0528 23:26:20.310000 27 site-packages/torch/_dynamo/convert_frame.py:1125]   File "/usr/local/lib/python3.12/site-packages/torch/_dynamo/utils.py", line 2017, in get_fake_value
W0528 23:26:20.310000 27 site-packages/torch/_dynamo/convert_frame.py:1125]     ret_val = wrap_fake_exception(
W0528 23:26:20.310000 27 site-packages/torch/_dynamo/convert_frame.py:1125]               ^^^^^^^^^^^^^^^^^^^^
W0528 23:26:20.310000 27 site-packages/torch/_dynamo/convert_frame.py:1125]   File "/usr/local/lib/python3.12/site-packages/torch/_dynamo/utils.py", line 1574, in wrap_fake_exception
W0528 23:26:20.310000 27 site-packages/torch/_dynamo/convert_frame.py:1125]     return fn()
W0528 23:26:20.310000 27 site-packages/torch/_dynamo/convert_frame.py:1125]            ^^^^
W0528 23:26:20.310000 27 site-packages/torch/_dynamo/convert_frame.py:1125]   File "/usr/local/lib/python3.12/site-packages/torch/_dynamo/utils.py", line 2018, in <lambda>
W0528 23:26:20.310000 27 site-packages/torch/_dynamo/convert_frame.py:1125]     lambda: run_node(tx.output, node, args, kwargs, nnmodule)
W0528 23:26:20.310000 27 site-packages/torch/_dynamo/convert_frame.py:1125]             ^^^^^^^^^^^^^^^^^^^^^^^^^^^^^^^^^^^^^^^^^^^^^^^^^
W0528 23:26:20.310000 27 site-packages/torch/_dynamo/convert_frame.py:1125]   File "/usr/local/lib/python3.12/site-packages/torch/_dynamo/utils.py", line 2150, in run_node
W0528 23:26:20.310000 27 site-packages/torch/_dynamo/convert_frame.py:1125]     raise RuntimeError(make_error_message(e)).with_traceback(
W0528 23:26:20.310000 27 site-packages/torch/_dynamo/convert_frame.py:1125]   File "/usr/local/lib/python3.12/site-packages/torch/_dynamo/utils.py", line 2134, in run_node
W0528 23:26:20.310000 27 site-packages/torch/_dynamo/convert_frame.py:1125]     return getattr(args[0], node.target)(*args[1:], **kwargs)
W0528 23:26:20.310000 27 site-packages/torch/_dynamo/convert_frame.py:1125]            ^^^^^^^^^^^^^^^^^^^^^^^^^^^^^^^^^^^^^^^^^^^^^^^^^^
W0528 23:26:20.310000 27 site-packages/torch/_dynamo/convert_frame.py:1125]   File "/usr/local/lib/python3.12/site-packages/torch/utils/_stats.py", line 21, in wrapper
W0528 23:26:20.310000 27 site-packages/torch/_dynamo/convert_frame.py:1125]     return fn(*args, **kwargs)
W0528 23:26:20.310000 27 site-packages/torch/_dynamo/convert_frame.py:1125]            ^^^^^^^^^^^^^^^^^^^
W0528 23:26:20.310000 27 site-packages/torch/_dynamo/convert_frame.py:1125]   File "/usr/local/lib/python3.12/site-packages/torch/_subclasses/fake_tensor.py", line 1238, in __torch_dispatch__
W0528 23:26:20.310000 27 site-packages/torch/_dynamo/convert_frame.py:1125]     return self.dispatch(func, types, args, kwargs)
W0528 23:26:20.310000 27 site-packages/torch/_dynamo/convert_frame.py:1125]            ^^^^^^^^^^^^^^^^^^^^^^^^^^^^^^^^^^^^^^^^
W0528 23:26:20.310000 27 site-packages/torch/_dynamo/convert_frame.py:1125]   File "/usr/local/lib/python3.12/site-packages/torch/_subclasses/fake_tensor.py", line 1692, in dispatch
W0528 23:26:20.310000 27 site-packages/torch/_dynamo/convert_frame.py:1125]     return self._cached_dispatch_impl(func, types, args, kwargs)
W0528 23:26:20.310000 27 site-packages/torch/_dynamo/convert_frame.py:1125]            ^^^^^^^^^^^^^^^^^^^^^^^^^^^^^^^^^^^^^^^^^^^^^^^^^^^^^
W0528 23:26:20.310000 27 site-packages/torch/_dynamo/convert_frame.py:1125]   File "/usr/local/lib/python3.12/site-packages/torch/_subclasses/fake_tensor.py", line 1339, in _cached_dispatch_impl
W0528 23:26:20.310000 27 site-packages/torch/_dynamo/convert_frame.py:1125]     output = self._dispatch_impl(func, types, args, kwargs)
W0528 23:26:20.310000 27 site-packages/torch/_dynamo/convert_frame.py:1125]              ^^^^^^^^^^^^^^^^^^^^^^^^^^^^^^^^^^^^^^^^^^^^^^
W0528 23:26:20.310000 27 site-packages/torch/_dynamo/convert_frame.py:1125]   File "/usr/local/lib/python3.12/site-packages/torch/_subclasses/fake_tensor.py", line 2013, in _dispatch_impl
W0528 23:26:20.310000 27 site-packages/torch/_dynamo/convert_frame.py:1125]     r = func(*args, **kwargs)
W0528 23:26:20.310000 27 site-packages/torch/_dynamo/convert_frame.py:1125]         ^^^^^^^^^^^^^^^^^^^^^
W0528 23:26:20.310000 27 site-packages/torch/_dynamo/convert_frame.py:1125]   File "/usr/local/lib/python3.12/site-packages/torch/_ops.py", line 716, in __call__
W0528 23:26:20.310000 27 site-packages/torch/_dynamo/convert_frame.py:1125]     return self._op(*args, **kwargs)
W0528 23:26:20.310000 27 site-packages/torch/_dynamo/convert_frame.py:1125]            ^^^^^^^^^^^^^^^^^^^^^^^^^
W0528 23:26:20.310000 27 site-packages/torch/_dynamo/convert_frame.py:1125]   File "/usr/local/lib/python3.12/site-packages/torch/_refs/__init__.py", line 2476, in mean
W0528 23:26:20.310000 27 site-packages/torch/_dynamo/convert_frame.py:1125]     result = _reduction(
W0528 23:26:20.310000 27 site-packages/torch/_dynamo/convert_frame.py:1125]              ^^^^^^^^^^^
W0528 23:26:20.310000 27 site-packages/torch/_dynamo/convert_frame.py:1125]   File "/usr/local/lib/python3.12/site-packages/torch/_refs/__init__.py", line 2171, in _reduction
W0528 23:26:20.310000 27 site-packages/torch/_dynamo/convert_frame.py:1125]     dims = utils.reduction_dims(a.shape, dims)
W0528 23:26:20.310000 27 site-packages/torch/_dynamo/convert_frame.py:1125]            ^^^^^^^^^^^^^^^^^^^^^^^^^^^^^^^^^^^
W0528 23:26:20.310000 27 site-packages/torch/_dynamo/convert_frame.py:1125]   File "/usr/local/lib/python3.12/site-packages/torch/_prims_common/__init__.py", line 1713, in reduction_dims
W0528 23:26:20.310000 27 site-packages/torch/_dynamo/convert_frame.py:1125]     dims = tuple(canonicalize_dim(len(shape), idx) for idx in dims)
W0528 23:26:20.310000 27 site-packages/torch/_dynamo/convert_frame.py:1125]            ^^^^^^^^^^^^^^^^^^^^^^^^^^^^^^^^^^^^^^^^^^^^^^^^^^^^^^^^
W0528 23:26:20.310000 27 site-packages/torch/_dynamo/convert_frame.py:1125]   File "/usr/local/lib/python3.12/site-packages/torch/_prims_common/__init__.py", line 1713, in <genexpr>
W0528 23:26:20.310000 27 site-packages/torch/_dynamo/convert_frame.py:1125]     dims = tuple(canonicalize_dim(len(shape), idx) for idx in dims)
W0528 23:26:20.310000 27 site-packages/torch/_dynamo/convert_frame.py:1125]                  ^^^^^^^^^^^^^^^^^^^^^^^^^^^^^^^^^
W0528 23:26:20.310000 27 site-packages/torch/_dynamo/convert_frame.py:1125]   File "/usr/local/lib/python3.12/site-packages/torch/_prims_common/__init__.py", line 663, in canonicalize_dim
W0528 23:26:20.310000 27 site-packages/torch/_dynamo/convert_frame.py:1125]     raise IndexError(msg)
W0528 23:26:20.310000 27 site-packages/torch/_dynamo/convert_frame.py:1125] torch._dynamo.exc.TorchRuntimeError: Failed running call_method mean(*(FakeTensor(..., device='cuda:0', size=(2, 3, 5)),), **{'dim': (-5,), 'keepdim': True}):
W0528 23:26:20.310000 27 site-packages/torch/_dynamo/convert_frame.py:1125] Dimension out of range (expected to be in range of [-3, 2], but got -5)
W0528 23:26:20.310000 27 site-packages/torch/_dynamo/convert_frame.py:1125] 
W0528 23:26:20.310000 27 site-packages/torch/_dynamo/convert_frame.py:1125] from user code:
W0528 23:26:20.310000 27 site-packages/torch/_dynamo/convert_frame.py:1125]    File "/data/results/lmstudio_prompt12_general_router_20260528-152031/call_acc/fused_bmm_rmsnorm_gelu_dropout_sub.py", line 31, in _fused_bmm_rmsnorm_gelu_dropout_sub_impl
W0528 23:26:20.310000 27 site-packages/torch/_dynamo/convert_frame.py:1125]     mean = squared.mean(dim=norm_dims, keepdim=True)
W0528 23:26:20.310000 27 site-packages/torch/_dynamo/convert_frame.py:1125] 
W0528 23:26:20.310000 27 site-packages/torch/_dynamo/convert_frame.py:1125] Set TORCH_LOGS="+dynamo" and TORCHDYNAMO_VERBOSE=1 for more information
W0528 23:26:20.310000 27 site-packages/torch/_dynamo/convert_frame.py:1125] 
Traceback (most recent call last):
  File "/data/results/lmstudio_prompt12_general_router_20260528-152031/call_acc/fused_bmm_rmsnorm_gelu_dropout_sub.py", line 55, in fused_bmm_rmsnorm_gelu_dropout_sub
    y = _fused_bmm_rmsnorm_gelu_dropout_sub_fast(input1, input2, other, normalized_shape, dropout_p=dropout_p, training=training, approximate=approximate, eps=eps)
        ^^^^^^^^^^^^^^^^^^^^^^^^^^^^^^^^^^^^^^^^^^^^^^^^^^^^^^^^^^^^^^^^^^^^^^^^^^^^^^^^^^^^^^^^^^^^^^^^^^^^^^^^^^^^^^^^^^^^^^^^^^^^^^^^^^^^^^^^^^^^^^^^^^^^^^^^^^^
  File "/usr/local/lib/python3.12/site-packages/torch/_dynamo/eval_frame.py", line 465, in _fn
    return fn(*args, **kwargs)
           ^^^^^^^^^^^^^^^^^^^
  File "/data/results/lmstudio_prompt12_general_router_20260528-152031/call_acc/fused_bmm_rmsnorm_gelu_dropout_sub.py", line 31, in _fused_bmm_rmsnorm_gelu_dropout_sub_impl
    mean = squared.mean(dim=norm_dims, keepdim=True)
           ^^^^^^^^^^^^^^^^^^^^^^^^^^^^^^^^^^^^^^^^^
IndexError: Dimension out of range (expected to be in range of [-3, 2], but got -5)

During handling of the above exception, another exception occurred:

Traceback (most recent call last):
  File "/data/results/lmstudio_prompt12_general_router_20260528-152031/call_acc/fused_bmm_rmsnorm_gelu_dropout_sub.py", line 95, in <module>
    test_results = test_fused_bmm_rmsnorm_gelu_dropout_sub()
                   ^^^^^^^^^^^^^^^^^^^^^^^^^^^^^^^^^^^^^^^^^
  File "/data/results/lmstudio_prompt12_general_router_20260528-152031/call_acc/fused_bmm_rmsnorm_gelu_dropout_sub.py", line 79, in test_fused_bmm_rmsnorm_gelu_dropout_sub
    results["test_case_1"] = fused_bmm_rmsnorm_gelu_dropout_sub(input1, input2, other, normalized_shape)
                             ^^^^^^^^^^^^^^^^^^^^^^^^^^^^^^^^^^^^^^^^^^^^^^^^^^^^^^^^^^^^^^^^^^^^^^^^^^^
  File "/data/results/lmstudio_prompt12_general_router_20260528-152031/call_acc/fused_bmm_rmsnorm_gelu_dropout_sub.py", line 57, in fused_bmm_rmsnorm_gelu_dropout_sub
    y = _fused_bmm_rmsnorm_gelu_dropout_sub_impl(input1, input2, other, normalized_shape, dropout_p=dropout_p, training=training, approximate=approximate, eps=eps)
        ^^^^^^^^^^^^^^^^^^^^^^^^^^^^^^^^^^^^^^^^^^^^^^^^^^^^^^^^^^^^^^^^^^^^^^^^^^^^^^^^^^^^^^^^^^^^^^^^^^^^^^^^^^^^^^^^^^^^^^^^^^^^^^^^^^^^^^^^^^^^^^^^^^^^^^^^^^^
  File "/data/results/lmstudio_prompt12_general_router_20260528-152031/call_acc/fused_bmm_rmsnorm_gelu_dropout_sub.py", line 31, in _fused_bmm_rmsnorm_gelu_dropout_sub_impl
    mean = squared.mean(dim=norm_dims, keepdim=True)
           ^^^^^^^^^^^^^^^^^^^^^^^^^^^^^^^^^^^^^^^^^
IndexError: Dimension out of range (expected to be in range of [-3, 2], but got -5)

=== Output for div.py on GPU 0 ===

=== Errors for div.py on GPU 0 ===

=== Output for sigmoid_conv2d.py on GPU 0 ===

=== Errors for sigmoid_conv2d.py on GPU 0 ===
W0528 23:26:35.636000 35 site-packages/torch/_inductor/utils.py:1048] [0/0] Not enough SMs to use max_autotune_gemm mode

=== Output for solve_multiple_lu.py on GPU 0 ===

=== Errors for solve_multiple_lu.py on GPU 0 ===
Traceback (most recent call last):
  File "/data/results/lmstudio_prompt12_general_router_20260528-152031/call_acc/solve_multiple_lu.py", line 60, in <module>
    test_results = test_solve_multiple_lu()
                   ^^^^^^^^^^^^^^^^^^^^^^^^
  File "/data/results/lmstudio_prompt12_general_router_20260528-152031/call_acc/solve_multiple_lu.py", line 41, in test_solve_multiple_lu
    results["test_case_1"] = solve_multiple_lu(A1, Bs1)
                             ^^^^^^^^^^^^^^^^^^^^^^^^^^
  File "/data/results/lmstudio_prompt12_general_router_20260528-152031/call_acc/solve_multiple_lu.py", line 23, in solve_multiple_lu
    y = torch.linalg.lu_solve(LU, pivots, Bs, pivot=pivot)
        ^^^^^^^^^^^^^^^^^^^^^^^^^^^^^^^^^^^^^^^^^^^^^^^^^^
TypeError: linalg_lu_solve() got an unexpected keyword argument 'pivot'

=== Output for tanh.py on GPU 0 ===

=== Errors for tanh.py on GPU 0 ===

=== Output for relu_sqrt.py on GPU 0 ===

=== Errors for relu_sqrt.py on GPU 0 ===

=== Output for sqrt.py on GPU 0 ===

=== Errors for sqrt.py on GPU 0 ===

=== Output for sigmoid_argmax.py on GPU 0 ===

=== Errors for sigmoid_argmax.py on GPU 0 ===

=== Output for sub.py on GPU 0 ===

=== Errors for sub.py on GPU 0 ===

=== Output for grid_sample.py on GPU 0 ===

=== Errors for grid_sample.py on GPU 0 ===

=== Output for svd.py on GPU 0 ===

=== Errors for svd.py on GPU 0 ===
Traceback (most recent call last):
  File "/data/results/lmstudio_prompt12_general_router_20260528-152031/call_acc/svd.py", line 61, in <module>
    test_results = test_svd()
                   ^^^^^^^^^^
  File "/data/results/lmstudio_prompt12_general_router_20260528-152031/call_acc/svd.py", line 41, in test_svd
    U1, S1, Vh1 = svd(A1, full_matrices=True)
                  ^^^
NameError: name 'svd' is not defined

=== Output for i0.py on GPU 0 ===

=== Errors for i0.py on GPU 0 ===

=== Output for rsqrt.py on GPU 0 ===

=== Errors for rsqrt.py on GPU 0 ===

=== Output for dropout_relu_batch_norm_conv2d.py on GPU 0 ===

=== Errors for dropout_relu_batch_norm_conv2d.py on GPU 0 ===
Traceback (most recent call last):
  File "/data/results/lmstudio_prompt12_general_router_20260528-152031/call_acc/dropout_relu_batch_norm_conv2d.py", line 31, in <module>
    test_results = test_dropout_relu_batch_norm_conv2d()
                   ^^^^^^^^^^^^^^^^^^^^^^^^^^^^^^^^^^^^^
  File "/data/results/lmstudio_prompt12_general_router_20260528-152031/call_acc/dropout_relu_batch_norm_conv2d.py", line 12, in test_dropout_relu_batch_norm_conv2d
    input_tensor = torch.randn(1, 3, 8, 8, device='cuda')
                   ^^^^^
NameError: name 'torch' is not defined

=== Output for fused_mv_logsoftmax_dropout.py on GPU 0 ===

=== Errors for fused_mv_logsoftmax_dropout.py on GPU 0 ===
Traceback (most recent call last):
  File "/data/results/lmstudio_prompt12_general_router_20260528-152031/call_acc/fused_mv_logsoftmax_dropout.py", line 35, in <module>
    test_results = test_fused_mv_logsoftmax_dropout()
                   ^^^^^^^^^^^^^^^^^^^^^^^^^^^^^^^^^^
  File "/data/results/lmstudio_prompt12_general_router_20260528-152031/call_acc/fused_mv_logsoftmax_dropout.py", line 16, in test_fused_mv_logsoftmax_dropout
    results["test_case_1"] = fused_mv_logsoftmax_dropout(input1, vec1)
                             ^^^^^^^^^^^^^^^^^^^^^^^^^^^
NameError: name 'fused_mv_logsoftmax_dropout' is not defined. Did you mean: 'test_fused_mv_logsoftmax_dropout'?

=== Output for add.py on GPU 0 ===

=== Errors for add.py on GPU 0 ===

=== Output for fused_silu_layer_norm_conv2d.py on GPU 0 ===

=== Errors for fused_silu_layer_norm_conv2d.py on GPU 0 ===
E0528 23:27:53.183000 231 site-packages/torch/_subclasses/fake_tensor.py:2017] [0/0] failed while attempting to run meta for aten.native_layer_norm.default
E0528 23:27:53.183000 231 site-packages/torch/_subclasses/fake_tensor.py:2017] [0/0] Traceback (most recent call last):
E0528 23:27:53.183000 231 site-packages/torch/_subclasses/fake_tensor.py:2017] [0/0]   File "/usr/local/lib/python3.12/site-packages/torch/_subclasses/fake_tensor.py", line 2013, in _dispatch_impl
E0528 23:27:53.183000 231 site-packages/torch/_subclasses/fake_tensor.py:2017] [0/0]     r = func(*args, **kwargs)
E0528 23:27:53.183000 231 site-packages/torch/_subclasses/fake_tensor.py:2017] [0/0]         ^^^^^^^^^^^^^^^^^^^^^
E0528 23:27:53.183000 231 site-packages/torch/_subclasses/fake_tensor.py:2017] [0/0]   File "/usr/local/lib/python3.12/site-packages/torch/_ops.py", line 716, in __call__
E0528 23:27:53.183000 231 site-packages/torch/_subclasses/fake_tensor.py:2017] [0/0]     return self._op(*args, **kwargs)
E0528 23:27:53.183000 231 site-packages/torch/_subclasses/fake_tensor.py:2017] [0/0]            ^^^^^^^^^^^^^^^^^^^^^^^^^
E0528 23:27:53.183000 231 site-packages/torch/_subclasses/fake_tensor.py:2017] [0/0]   File "/usr/local/lib/python3.12/site-packages/torch/_decomp/__init__.py", line 88, in _fn
E0528 23:27:53.183000 231 site-packages/torch/_subclasses/fake_tensor.py:2017] [0/0]     return f(*args, **kwargs, out=None if is_none else out_kwargs)
E0528 23:27:53.183000 231 site-packages/torch/_subclasses/fake_tensor.py:2017] [0/0]            ^^^^^^^^^^^^^^^^^^^^^^^^^^^^^^^^^^^^^^^^^^^^^^^^^^^^^^^
E0528 23:27:53.183000 231 site-packages/torch/_subclasses/fake_tensor.py:2017] [0/0]   File "/usr/local/lib/python3.12/site-packages/torch/_prims_common/wrappers.py", line 273, in _fn
E0528 23:27:53.183000 231 site-packages/torch/_subclasses/fake_tensor.py:2017] [0/0]     result = fn(*args, **kwargs)
E0528 23:27:53.183000 231 site-packages/torch/_subclasses/fake_tensor.py:2017] [0/0]              ^^^^^^^^^^^^^^^^^^^
E0528 23:27:53.183000 231 site-packages/torch/_subclasses/fake_tensor.py:2017] [0/0]   File "/usr/local/lib/python3.12/site-packages/torch/_refs/__init__.py", line 3223, in native_layer_norm
E0528 23:27:53.183000 231 site-packages/torch/_subclasses/fake_tensor.py:2017] [0/0]     torch._check(
E0528 23:27:53.183000 231 site-packages/torch/_subclasses/fake_tensor.py:2017] [0/0]   File "/usr/local/lib/python3.12/site-packages/torch/__init__.py", line 1564, in _check
E0528 23:27:53.183000 231 site-packages/torch/_subclasses/fake_tensor.py:2017] [0/0]     _check_with(RuntimeError, cond, message)
E0528 23:27:53.183000 231 site-packages/torch/_subclasses/fake_tensor.py:2017] [0/0]   File "/usr/local/lib/python3.12/site-packages/torch/__init__.py", line 1546, in _check_with
E0528 23:27:53.183000 231 site-packages/torch/_subclasses/fake_tensor.py:2017] [0/0]     raise error_type(message_evaluated)
E0528 23:27:53.183000 231 site-packages/torch/_subclasses/fake_tensor.py:2017] [0/0] RuntimeError: Given normalized_shape=[6], expected input with shape [6], but got input of size torch.Size([1, 6, 3, 3])
W0528 23:27:53.194000 231 site-packages/torch/_dynamo/convert_frame.py:1125] WON'T CONVERT _fused_silu_layer_norm_conv2d_impl /data/results/lmstudio_prompt12_general_router_20260528-152031/call_acc/fused_silu_layer_norm_conv2d.py line 22 
W0528 23:27:53.194000 231 site-packages/torch/_dynamo/convert_frame.py:1125] due to: 
W0528 23:27:53.194000 231 site-packages/torch/_dynamo/convert_frame.py:1125] Traceback (most recent call last):
W0528 23:27:53.194000 231 site-packages/torch/_dynamo/convert_frame.py:1125]   File "/usr/local/lib/python3.12/site-packages/torch/_dynamo/convert_frame.py", line 1064, in __call__
W0528 23:27:53.194000 231 site-packages/torch/_dynamo/convert_frame.py:1125]     result = self._inner_convert(
W0528 23:27:53.194000 231 site-packages/torch/_dynamo/convert_frame.py:1125]              ^^^^^^^^^^^^^^^^^^^^
W0528 23:27:53.194000 231 site-packages/torch/_dynamo/convert_frame.py:1125]   File "/usr/local/lib/python3.12/site-packages/torch/_dynamo/convert_frame.py", line 526, in __call__
W0528 23:27:53.194000 231 site-packages/torch/_dynamo/convert_frame.py:1125]     return _compile(
W0528 23:27:53.194000 231 site-packages/torch/_dynamo/convert_frame.py:1125]            ^^^^^^^^^
W0528 23:27:53.194000 231 site-packages/torch/_dynamo/convert_frame.py:1125]   File "/usr/local/lib/python3.12/site-packages/torch/_dynamo/convert_frame.py", line 924, in _compile
W0528 23:27:53.194000 231 site-packages/torch/_dynamo/convert_frame.py:1125]     guarded_code = compile_inner(code, one_graph, hooks, transform)
W0528 23:27:53.194000 231 site-packages/torch/_dynamo/convert_frame.py:1125]                    ^^^^^^^^^^^^^^^^^^^^^^^^^^^^^^^^^^^^^^^^^^^^^^^^
W0528 23:27:53.194000 231 site-packages/torch/_dynamo/convert_frame.py:1125]   File "/usr/local/lib/python3.12/site-packages/torch/_dynamo/convert_frame.py", line 666, in compile_inner
W0528 23:27:53.194000 231 site-packages/torch/_dynamo/convert_frame.py:1125]     return _compile_inner(code, one_graph, hooks, transform)
W0528 23:27:53.194000 231 site-packages/torch/_dynamo/convert_frame.py:1125]            ^^^^^^^^^^^^^^^^^^^^^^^^^^^^^^^^^^^^^^^^^^^^^^^^^
W0528 23:27:53.194000 231 site-packages/torch/_dynamo/convert_frame.py:1125]   File "/usr/local/lib/python3.12/site-packages/torch/_utils_internal.py", line 87, in wrapper_function
W0528 23:27:53.194000 231 site-packages/torch/_dynamo/convert_frame.py:1125]     return function(*args, **kwargs)
W0528 23:27:53.194000 231 site-packages/torch/_dynamo/convert_frame.py:1125]            ^^^^^^^^^^^^^^^^^^^^^^^^^
W0528 23:27:53.194000 231 site-packages/torch/_dynamo/convert_frame.py:1125]   File "/usr/local/lib/python3.12/site-packages/torch/_dynamo/convert_frame.py", line 699, in _compile_inner
W0528 23:27:53.194000 231 site-packages/torch/_dynamo/convert_frame.py:1125]     out_code = transform_code_object(code, transform)
W0528 23:27:53.194000 231 site-packages/torch/_dynamo/convert_frame.py:1125]                ^^^^^^^^^^^^^^^^^^^^^^^^^^^^^^^^^^^^^^
W0528 23:27:53.194000 231 site-packages/torch/_dynamo/convert_frame.py:1125]   File "/usr/local/lib/python3.12/site-packages/torch/_dynamo/bytecode_transformation.py", line 1322, in transform_code_object
W0528 23:27:53.194000 231 site-packages/torch/_dynamo/convert_frame.py:1125]     transformations(instructions, code_options)
W0528 23:27:53.194000 231 site-packages/torch/_dynamo/convert_frame.py:1125]   File "/usr/local/lib/python3.12/site-packages/torch/_dynamo/convert_frame.py", line 219, in _fn
W0528 23:27:53.194000 231 site-packages/torch/_dynamo/convert_frame.py:1125]     return fn(*args, **kwargs)
W0528 23:27:53.194000 231 site-packages/torch/_dynamo/convert_frame.py:1125]            ^^^^^^^^^^^^^^^^^^^
W0528 23:27:53.194000 231 site-packages/torch/_dynamo/convert_frame.py:1125]   File "/usr/local/lib/python3.12/site-packages/torch/_dynamo/convert_frame.py", line 634, in transform
W0528 23:27:53.194000 231 site-packages/torch/_dynamo/convert_frame.py:1125]     tracer.run()
W0528 23:27:53.194000 231 site-packages/torch/_dynamo/convert_frame.py:1125]   File "/usr/local/lib/python3.12/site-packages/torch/_dynamo/symbolic_convert.py", line 2796, in run
W0528 23:27:53.194000 231 site-packages/torch/_dynamo/convert_frame.py:1125]     super().run()
W0528 23:27:53.194000 231 site-packages/torch/_dynamo/convert_frame.py:1125]   File "/usr/local/lib/python3.12/site-packages/torch/_dynamo/symbolic_convert.py", line 983, in run
W0528 23:27:53.194000 231 site-packages/torch/_dynamo/convert_frame.py:1125]     while self.step():
W0528 23:27:53.194000 231 site-packages/torch/_dynamo/convert_frame.py:1125]           ^^^^^^^^^^^
W0528 23:27:53.194000 231 site-packages/torch/_dynamo/convert_frame.py:1125]   File "/usr/local/lib/python3.12/site-packages/torch/_dynamo/symbolic_convert.py", line 895, in step
W0528 23:27:53.194000 231 site-packages/torch/_dynamo/convert_frame.py:1125]     self.dispatch_table[inst.opcode](self, inst)
W0528 23:27:53.194000 231 site-packages/torch/_dynamo/convert_frame.py:1125]   File "/usr/local/lib/python3.12/site-packages/torch/_dynamo/symbolic_convert.py", line 582, in wrapper
W0528 23:27:53.194000 231 site-packages/torch/_dynamo/convert_frame.py:1125]     return inner_fn(self, inst)
W0528 23:27:53.194000 231 site-packages/torch/_dynamo/convert_frame.py:1125]            ^^^^^^^^^^^^^^^^^^^^
W0528 23:27:53.194000 231 site-packages/torch/_dynamo/convert_frame.py:1125]   File "/usr/local/lib/python3.12/site-packages/torch/_dynamo/symbolic_convert.py", line 2279, in CALL
W0528 23:27:53.194000 231 site-packages/torch/_dynamo/convert_frame.py:1125]     self._call(inst)
W0528 23:27:53.194000 231 site-packages/torch/_dynamo/convert_frame.py:1125]   File "/usr/local/lib/python3.12/site-packages/torch/_dynamo/symbolic_convert.py", line 2273, in _call
W0528 23:27:53.194000 231 site-packages/torch/_dynamo/convert_frame.py:1125]     self.call_function(fn, args, kwargs)
W0528 23:27:53.194000 231 site-packages/torch/_dynamo/convert_frame.py:1125]   File "/usr/local/lib/python3.12/site-packages/torch/_dynamo/symbolic_convert.py", line 830, in call_function
W0528 23:27:53.194000 231 site-packages/torch/_dynamo/convert_frame.py:1125]     self.push(fn.call_function(self, args, kwargs))  # type: ignore[arg-type]
W0528 23:27:53.194000 231 site-packages/torch/_dynamo/convert_frame.py:1125]               ^^^^^^^^^^^^^^^^^^^^^^^^^^^^^^^^^^^^
W0528 23:27:53.194000 231 site-packages/torch/_dynamo/convert_frame.py:1125]   File "/usr/local/lib/python3.12/site-packages/torch/_dynamo/variables/torch.py", line 897, in call_function
W0528 23:27:53.194000 231 site-packages/torch/_dynamo/convert_frame.py:1125]     tensor_variable = wrap_fx_proxy(
W0528 23:27:53.194000 231 site-packages/torch/_dynamo/convert_frame.py:1125]                       ^^^^^^^^^^^^^^
W0528 23:27:53.194000 231 site-packages/torch/_dynamo/convert_frame.py:1125]   File "/usr/local/lib/python3.12/site-packages/torch/_dynamo/variables/builder.py", line 2037, in wrap_fx_proxy
W0528 23:27:53.194000 231 site-packages/torch/_dynamo/convert_frame.py:1125]     return wrap_fx_proxy_cls(target_cls=TensorVariable, **kwargs)
W0528 23:27:53.194000 231 site-packages/torch/_dynamo/convert_frame.py:1125]            ^^^^^^^^^^^^^^^^^^^^^^^^^^^^^^^^^^^^^^^^^^^^^^^^^^^^^^
W0528 23:27:53.194000 231 site-packages/torch/_dynamo/convert_frame.py:1125]   File "/usr/local/lib/python3.12/site-packages/torch/_dynamo/variables/builder.py", line 2124, in wrap_fx_proxy_cls
W0528 23:27:53.194000 231 site-packages/torch/_dynamo/convert_frame.py:1125]     example_value = get_fake_value(proxy.node, tx, allow_non_graph_fake=True)
W0528 23:27:53.194000 231 site-packages/torch/_dynamo/convert_frame.py:1125]                     ^^^^^^^^^^^^^^^^^^^^^^^^^^^^^^^^^^^^^^^^^^^^^^^^^^^^^^^^^
W0528 23:27:53.194000 231 site-packages/torch/_dynamo/convert_frame.py:1125]   File "/usr/local/lib/python3.12/site-packages/torch/_dynamo/utils.py", line 2082, in get_fake_value
W0528 23:27:53.194000 231 site-packages/torch/_dynamo/convert_frame.py:1125]     raise TorchRuntimeError(str(e)).with_traceback(e.__traceback__) from None
W0528 23:27:53.194000 231 site-packages/torch/_dynamo/convert_frame.py:1125]   File "/usr/local/lib/python3.12/site-packages/torch/_dynamo/utils.py", line 2017, in get_fake_value
W0528 23:27:53.194000 231 site-packages/torch/_dynamo/convert_frame.py:1125]     ret_val = wrap_fake_exception(
W0528 23:27:53.194000 231 site-packages/torch/_dynamo/convert_frame.py:1125]               ^^^^^^^^^^^^^^^^^^^^
W0528 23:27:53.194000 231 site-packages/torch/_dynamo/convert_frame.py:1125]   File "/usr/local/lib/python3.12/site-packages/torch/_dynamo/utils.py", line 1574, in wrap_fake_exception
W0528 23:27:53.194000 231 site-packages/torch/_dynamo/convert_frame.py:1125]     return fn()
W0528 23:27:53.194000 231 site-packages/torch/_dynamo/convert_frame.py:1125]            ^^^^
W0528 23:27:53.194000 231 site-packages/torch/_dynamo/convert_frame.py:1125]   File "/usr/local/lib/python3.12/site-packages/torch/_dynamo/utils.py", line 2018, in <lambda>
W0528 23:27:53.194000 231 site-packages/torch/_dynamo/convert_frame.py:1125]     lambda: run_node(tx.output, node, args, kwargs, nnmodule)
W0528 23:27:53.194000 231 site-packages/torch/_dynamo/convert_frame.py:1125]             ^^^^^^^^^^^^^^^^^^^^^^^^^^^^^^^^^^^^^^^^^^^^^^^^^
W0528 23:27:53.194000 231 site-packages/torch/_dynamo/convert_frame.py:1125]   File "/usr/local/lib/python3.12/site-packages/torch/_dynamo/utils.py", line 2150, in run_node
W0528 23:27:53.194000 231 site-packages/torch/_dynamo/convert_frame.py:1125]     raise RuntimeError(make_error_message(e)).with_traceback(
W0528 23:27:53.194000 231 site-packages/torch/_dynamo/convert_frame.py:1125]   File "/usr/local/lib/python3.12/site-packages/torch/_dynamo/utils.py", line 2132, in run_node
W0528 23:27:53.194000 231 site-packages/torch/_dynamo/convert_frame.py:1125]     return node.target(*args, **kwargs)
W0528 23:27:53.194000 231 site-packages/torch/_dynamo/convert_frame.py:1125]            ^^^^^^^^^^^^^^^^^^^^^^^^^^^^
W0528 23:27:53.194000 231 site-packages/torch/_dynamo/convert_frame.py:1125]   File "/usr/local/lib/python3.12/site-packages/torch/nn/functional.py", line 2900, in layer_norm
W0528 23:27:53.194000 231 site-packages/torch/_dynamo/convert_frame.py:1125]     return torch.layer_norm(
W0528 23:27:53.194000 231 site-packages/torch/_dynamo/convert_frame.py:1125]            ^^^^^^^^^^^^^^^^^
W0528 23:27:53.194000 231 site-packages/torch/_dynamo/convert_frame.py:1125]   File "/usr/local/lib/python3.12/site-packages/torch/utils/_stats.py", line 21, in wrapper
W0528 23:27:53.194000 231 site-packages/torch/_dynamo/convert_frame.py:1125]     return fn(*args, **kwargs)
W0528 23:27:53.194000 231 site-packages/torch/_dynamo/convert_frame.py:1125]            ^^^^^^^^^^^^^^^^^^^
W0528 23:27:53.194000 231 site-packages/torch/_dynamo/convert_frame.py:1125]   File "/usr/local/lib/python3.12/site-packages/torch/_subclasses/fake_tensor.py", line 1238, in __torch_dispatch__
W0528 23:27:53.194000 231 site-packages/torch/_dynamo/convert_frame.py:1125]     return self.dispatch(func, types, args, kwargs)
W0528 23:27:53.194000 231 site-packages/torch/_dynamo/convert_frame.py:1125]            ^^^^^^^^^^^^^^^^^^^^^^^^^^^^^^^^^^^^^^^^
W0528 23:27:53.194000 231 site-packages/torch/_dynamo/convert_frame.py:1125]   File "/usr/local/lib/python3.12/site-packages/torch/_subclasses/fake_tensor.py", line 1692, in dispatch
W0528 23:27:53.194000 231 site-packages/torch/_dynamo/convert_frame.py:1125]     return self._cached_dispatch_impl(func, types, args, kwargs)
W0528 23:27:53.194000 231 site-packages/torch/_dynamo/convert_frame.py:1125]            ^^^^^^^^^^^^^^^^^^^^^^^^^^^^^^^^^^^^^^^^^^^^^^^^^^^^^
W0528 23:27:53.194000 231 site-packages/torch/_dynamo/convert_frame.py:1125]   File "/usr/local/lib/python3.12/site-packages/torch/_subclasses/fake_tensor.py", line 1339, in _cached_dispatch_impl
W0528 23:27:53.194000 231 site-packages/torch/_dynamo/convert_frame.py:1125]     output = self._dispatch_impl(func, types, args, kwargs)
W0528 23:27:53.194000 231 site-packages/torch/_dynamo/convert_frame.py:1125]              ^^^^^^^^^^^^^^^^^^^^^^^^^^^^^^^^^^^^^^^^^^^^^^
W0528 23:27:53.194000 231 site-packages/torch/_dynamo/convert_frame.py:1125]   File "/usr/local/lib/python3.12/site-packages/torch/_subclasses/fake_tensor.py", line 2013, in _dispatch_impl
W0528 23:27:53.194000 231 site-packages/torch/_dynamo/convert_frame.py:1125]     r = func(*args, **kwargs)
W0528 23:27:53.194000 231 site-packages/torch/_dynamo/convert_frame.py:1125]         ^^^^^^^^^^^^^^^^^^^^^
W0528 23:27:53.194000 231 site-packages/torch/_dynamo/convert_frame.py:1125]   File "/usr/local/lib/python3.12/site-packages/torch/_ops.py", line 716, in __call__
W0528 23:27:53.194000 231 site-packages/torch/_dynamo/convert_frame.py:1125]     return self._op(*args, **kwargs)
W0528 23:27:53.194000 231 site-packages/torch/_dynamo/convert_frame.py:1125]            ^^^^^^^^^^^^^^^^^^^^^^^^^
W0528 23:27:53.194000 231 site-packages/torch/_dynamo/convert_frame.py:1125]   File "/usr/local/lib/python3.12/site-packages/torch/_decomp/__init__.py", line 88, in _fn
W0528 23:27:53.194000 231 site-packages/torch/_dynamo/convert_frame.py:1125]     return f(*args, **kwargs, out=None if is_none else out_kwargs)
W0528 23:27:53.194000 231 site-packages/torch/_dynamo/convert_frame.py:1125]            ^^^^^^^^^^^^^^^^^^^^^^^^^^^^^^^^^^^^^^^^^^^^^^^^^^^^^^^
W0528 23:27:53.194000 231 site-packages/torch/_dynamo/convert_frame.py:1125]   File "/usr/local/lib/python3.12/site-packages/torch/_prims_common/wrappers.py", line 273, in _fn
W0528 23:27:53.194000 231 site-packages/torch/_dynamo/convert_frame.py:1125]     result = fn(*args, **kwargs)
W0528 23:27:53.194000 231 site-packages/torch/_dynamo/convert_frame.py:1125]              ^^^^^^^^^^^^^^^^^^^
W0528 23:27:53.194000 231 site-packages/torch/_dynamo/convert_frame.py:1125]   File "/usr/local/lib/python3.12/site-packages/torch/_refs/__init__.py", line 3223, in native_layer_norm
W0528 23:27:53.194000 231 site-packages/torch/_dynamo/convert_frame.py:1125]     torch._check(
W0528 23:27:53.194000 231 site-packages/torch/_dynamo/convert_frame.py:1125]   File "/usr/local/lib/python3.12/site-packages/torch/__init__.py", line 1564, in _check
W0528 23:27:53.194000 231 site-packages/torch/_dynamo/convert_frame.py:1125]     _check_with(RuntimeError, cond, message)
W0528 23:27:53.194000 231 site-packages/torch/_dynamo/convert_frame.py:1125]   File "/usr/local/lib/python3.12/site-packages/torch/__init__.py", line 1546, in _check_with
W0528 23:27:53.194000 231 site-packages/torch/_dynamo/convert_frame.py:1125]     raise error_type(message_evaluated)
W0528 23:27:53.194000 231 site-packages/torch/_dynamo/convert_frame.py:1125] torch._dynamo.exc.TorchRuntimeError: Failed running call_function <function layer_norm at 0x2ac1e7eca2a0>(*(FakeTensor(..., device='cuda:0', size=(1, 6, 3, 3)), (6,)), **{'weight': None, 'bias': None, 'eps': 1e-05}):
W0528 23:27:53.194000 231 site-packages/torch/_dynamo/convert_frame.py:1125] Given normalized_shape=[6], expected input with shape [6], but got input of size torch.Size([1, 6, 3, 3])
W0528 23:27:53.194000 231 site-packages/torch/_dynamo/convert_frame.py:1125] 
W0528 23:27:53.194000 231 site-packages/torch/_dynamo/convert_frame.py:1125] from user code:
W0528 23:27:53.194000 231 site-packages/torch/_dynamo/convert_frame.py:1125]    File "/data/results/lmstudio_prompt12_general_router_20260528-152031/call_acc/fused_silu_layer_norm_conv2d.py", line 32, in _fused_silu_layer_norm_conv2d_impl
W0528 23:27:53.194000 231 site-packages/torch/_dynamo/convert_frame.py:1125]     ln_out = F.layer_norm(conv_out, normalized_shape, weight=w, bias=None, eps=ln_eps)
W0528 23:27:53.194000 231 site-packages/torch/_dynamo/convert_frame.py:1125] 
W0528 23:27:53.194000 231 site-packages/torch/_dynamo/convert_frame.py:1125] Set TORCH_LOGS="+dynamo" and TORCHDYNAMO_VERBOSE=1 for more information
W0528 23:27:53.194000 231 site-packages/torch/_dynamo/convert_frame.py:1125] 
W0528 23:27:53.194000 231 site-packages/torch/_dynamo/convert_frame.py:1125] Traceback (most recent call last):
W0528 23:27:53.194000 231 site-packages/torch/_dynamo/convert_frame.py:1125]   File "/usr/local/lib/python3.12/site-packages/torch/_dynamo/convert_frame.py", line 1064, in __call__
W0528 23:27:53.194000 231 site-packages/torch/_dynamo/convert_frame.py:1125]     result = self._inner_convert(
W0528 23:27:53.194000 231 site-packages/torch/_dynamo/convert_frame.py:1125]              ^^^^^^^^^^^^^^^^^^^^
W0528 23:27:53.194000 231 site-packages/torch/_dynamo/convert_frame.py:1125]   File "/usr/local/lib/python3.12/site-packages/torch/_dynamo/convert_frame.py", line 526, in __call__
W0528 23:27:53.194000 231 site-packages/torch/_dynamo/convert_frame.py:1125]     return _compile(
W0528 23:27:53.194000 231 site-packages/torch/_dynamo/convert_frame.py:1125]            ^^^^^^^^^
W0528 23:27:53.194000 231 site-packages/torch/_dynamo/convert_frame.py:1125]   File "/usr/local/lib/python3.12/site-packages/torch/_dynamo/convert_frame.py", line 924, in _compile
W0528 23:27:53.194000 231 site-packages/torch/_dynamo/convert_frame.py:1125]     guarded_code = compile_inner(code, one_graph, hooks, transform)
W0528 23:27:53.194000 231 site-packages/torch/_dynamo/convert_frame.py:1125]                    ^^^^^^^^^^^^^^^^^^^^^^^^^^^^^^^^^^^^^^^^^^^^^^^^
W0528 23:27:53.194000 231 site-packages/torch/_dynamo/convert_frame.py:1125]   File "/usr/local/lib/python3.12/site-packages/torch/_dynamo/convert_frame.py", line 666, in compile_inner
W0528 23:27:53.194000 231 site-packages/torch/_dynamo/convert_frame.py:1125]     return _compile_inner(code, one_graph, hooks, transform)
W0528 23:27:53.194000 231 site-packages/torch/_dynamo/convert_frame.py:1125]            ^^^^^^^^^^^^^^^^^^^^^^^^^^^^^^^^^^^^^^^^^^^^^^^^^
W0528 23:27:53.194000 231 site-packages/torch/_dynamo/convert_frame.py:1125]   File "/usr/local/lib/python3.12/site-packages/torch/_utils_internal.py", line 87, in wrapper_function
W0528 23:27:53.194000 231 site-packages/torch/_dynamo/convert_frame.py:1125]     return function(*args, **kwargs)
W0528 23:27:53.194000 231 site-packages/torch/_dynamo/convert_frame.py:1125]            ^^^^^^^^^^^^^^^^^^^^^^^^^
W0528 23:27:53.194000 231 site-packages/torch/_dynamo/convert_frame.py:1125]   File "/usr/local/lib/python3.12/site-packages/torch/_dynamo/convert_frame.py", line 699, in _compile_inner
W0528 23:27:53.194000 231 site-packages/torch/_dynamo/convert_frame.py:1125]     out_code = transform_code_object(code, transform)
W0528 23:27:53.194000 231 site-packages/torch/_dynamo/convert_frame.py:1125]                ^^^^^^^^^^^^^^^^^^^^^^^^^^^^^^^^^^^^^^
W0528 23:27:53.194000 231 site-packages/torch/_dynamo/convert_frame.py:1125]   File "/usr/local/lib/python3.12/site-packages/torch/_dynamo/bytecode_transformation.py", line 1322, in transform_code_object
W0528 23:27:53.194000 231 site-packages/torch/_dynamo/convert_frame.py:1125]     transformations(instructions, code_options)
W0528 23:27:53.194000 231 site-packages/torch/_dynamo/convert_frame.py:1125]   File "/usr/local/lib/python3.12/site-packages/torch/_dynamo/convert_frame.py", line 219, in _fn
W0528 23:27:53.194000 231 site-packages/torch/_dynamo/convert_frame.py:1125]     return fn(*args, **kwargs)
W0528 23:27:53.194000 231 site-packages/torch/_dynamo/convert_frame.py:1125]            ^^^^^^^^^^^^^^^^^^^
W0528 23:27:53.194000 231 site-packages/torch/_dynamo/convert_frame.py:1125]   File "/usr/local/lib/python3.12/site-packages/torch/_dynamo/convert_frame.py", line 634, in transform
W0528 23:27:53.194000 231 site-packages/torch/_dynamo/convert_frame.py:1125]     tracer.run()
W0528 23:27:53.194000 231 site-packages/torch/_dynamo/convert_frame.py:1125]   File "/usr/local/lib/python3.12/site-packages/torch/_dynamo/symbolic_convert.py", line 2796, in run
W0528 23:27:53.194000 231 site-packages/torch/_dynamo/convert_frame.py:1125]     super().run()
W0528 23:27:53.194000 231 site-packages/torch/_dynamo/convert_frame.py:1125]   File "/usr/local/lib/python3.12/site-packages/torch/_dynamo/symbolic_convert.py", line 983, in run
W0528 23:27:53.194000 231 site-packages/torch/_dynamo/convert_frame.py:1125]     while self.step():
W0528 23:27:53.194000 231 site-packages/torch/_dynamo/convert_frame.py:1125]           ^^^^^^^^^^^
W0528 23:27:53.194000 231 site-packages/torch/_dynamo/convert_frame.py:1125]   File "/usr/local/lib/python3.12/site-packages/torch/_dynamo/symbolic_convert.py", line 895, in step
W0528 23:27:53.194000 231 site-packages/torch/_dynamo/convert_frame.py:1125]     self.dispatch_table[inst.opcode](self, inst)
W0528 23:27:53.194000 231 site-packages/torch/_dynamo/convert_frame.py:1125]   File "/usr/local/lib/python3.12/site-packages/torch/_dynamo/symbolic_convert.py", line 582, in wrapper
W0528 23:27:53.194000 231 site-packages/torch/_dynamo/convert_frame.py:1125]     return inner_fn(self, inst)
W0528 23:27:53.194000 231 site-packages/torch/_dynamo/convert_frame.py:1125]            ^^^^^^^^^^^^^^^^^^^^
W0528 23:27:53.194000 231 site-packages/torch/_dynamo/convert_frame.py:1125]   File "/usr/local/lib/python3.12/site-packages/torch/_dynamo/symbolic_convert.py", line 2279, in CALL
W0528 23:27:53.194000 231 site-packages/torch/_dynamo/convert_frame.py:1125]     self._call(inst)
W0528 23:27:53.194000 231 site-packages/torch/_dynamo/convert_frame.py:1125]   File "/usr/local/lib/python3.12/site-packages/torch/_dynamo/symbolic_convert.py", line 2273, in _call
W0528 23:27:53.194000 231 site-packages/torch/_dynamo/convert_frame.py:1125]     self.call_function(fn, args, kwargs)
W0528 23:27:53.194000 231 site-packages/torch/_dynamo/convert_frame.py:1125]   File "/usr/local/lib/python3.12/site-packages/torch/_dynamo/symbolic_convert.py", line 830, in call_function
W0528 23:27:53.194000 231 site-packages/torch/_dynamo/convert_frame.py:1125]     self.push(fn.call_function(self, args, kwargs))  # type: ignore[arg-type]
W0528 23:27:53.194000 231 site-packages/torch/_dynamo/convert_frame.py:1125]               ^^^^^^^^^^^^^^^^^^^^^^^^^^^^^^^^^^^^
W0528 23:27:53.194000 231 site-packages/torch/_dynamo/convert_frame.py:1125]   File "/usr/local/lib/python3.12/site-packages/torch/_dynamo/variables/torch.py", line 897, in call_function
W0528 23:27:53.194000 231 site-packages/torch/_dynamo/convert_frame.py:1125]     tensor_variable = wrap_fx_proxy(
W0528 23:27:53.194000 231 site-packages/torch/_dynamo/convert_frame.py:1125]                       ^^^^^^^^^^^^^^
W0528 23:27:53.194000 231 site-packages/torch/_dynamo/convert_frame.py:1125]   File "/usr/local/lib/python3.12/site-packages/torch/_dynamo/variables/builder.py", line 2037, in wrap_fx_proxy
W0528 23:27:53.194000 231 site-packages/torch/_dynamo/convert_frame.py:1125]     return wrap_fx_proxy_cls(target_cls=TensorVariable, **kwargs)
W0528 23:27:53.194000 231 site-packages/torch/_dynamo/convert_frame.py:1125]            ^^^^^^^^^^^^^^^^^^^^^^^^^^^^^^^^^^^^^^^^^^^^^^^^^^^^^^
W0528 23:27:53.194000 231 site-packages/torch/_dynamo/convert_frame.py:1125]   File "/usr/local/lib/python3.12/site-packages/torch/_dynamo/variables/builder.py", line 2124, in wrap_fx_proxy_cls
W0528 23:27:53.194000 231 site-packages/torch/_dynamo/convert_frame.py:1125]     example_value = get_fake_value(proxy.node, tx, allow_non_graph_fake=True)
W0528 23:27:53.194000 231 site-packages/torch/_dynamo/convert_frame.py:1125]                     ^^^^^^^^^^^^^^^^^^^^^^^^^^^^^^^^^^^^^^^^^^^^^^^^^^^^^^^^^
W0528 23:27:53.194000 231 site-packages/torch/_dynamo/convert_frame.py:1125]   File "/usr/local/lib/python3.12/site-packages/torch/_dynamo/utils.py", line 2082, in get_fake_value
W0528 23:27:53.194000 231 site-packages/torch/_dynamo/convert_frame.py:1125]     raise TorchRuntimeError(str(e)).with_traceback(e.__traceback__) from None
W0528 23:27:53.194000 231 site-packages/torch/_dynamo/convert_frame.py:1125]   File "/usr/local/lib/python3.12/site-packages/torch/_dynamo/utils.py", line 2017, in get_fake_value
W0528 23:27:53.194000 231 site-packages/torch/_dynamo/convert_frame.py:1125]     ret_val = wrap_fake_exception(
W0528 23:27:53.194000 231 site-packages/torch/_dynamo/convert_frame.py:1125]               ^^^^^^^^^^^^^^^^^^^^
W0528 23:27:53.194000 231 site-packages/torch/_dynamo/convert_frame.py:1125]   File "/usr/local/lib/python3.12/site-packages/torch/_dynamo/utils.py", line 1574, in wrap_fake_exception
W0528 23:27:53.194000 231 site-packages/torch/_dynamo/convert_frame.py:1125]     return fn()
W0528 23:27:53.194000 231 site-packages/torch/_dynamo/convert_frame.py:1125]            ^^^^
W0528 23:27:53.194000 231 site-packages/torch/_dynamo/convert_frame.py:1125]   File "/usr/local/lib/python3.12/site-packages/torch/_dynamo/utils.py", line 2018, in <lambda>
W0528 23:27:53.194000 231 site-packages/torch/_dynamo/convert_frame.py:1125]     lambda: run_node(tx.output, node, args, kwargs, nnmodule)
W0528 23:27:53.194000 231 site-packages/torch/_dynamo/convert_frame.py:1125]             ^^^^^^^^^^^^^^^^^^^^^^^^^^^^^^^^^^^^^^^^^^^^^^^^^
W0528 23:27:53.194000 231 site-packages/torch/_dynamo/convert_frame.py:1125]   File "/usr/local/lib/python3.12/site-packages/torch/_dynamo/utils.py", line 2150, in run_node
W0528 23:27:53.194000 231 site-packages/torch/_dynamo/convert_frame.py:1125]     raise RuntimeError(make_error_message(e)).with_traceback(
W0528 23:27:53.194000 231 site-packages/torch/_dynamo/convert_frame.py:1125]   File "/usr/local/lib/python3.12/site-packages/torch/_dynamo/utils.py", line 2132, in run_node
W0528 23:27:53.194000 231 site-packages/torch/_dynamo/convert_frame.py:1125]     return node.target(*args, **kwargs)
W0528 23:27:53.194000 231 site-packages/torch/_dynamo/convert_frame.py:1125]            ^^^^^^^^^^^^^^^^^^^^^^^^^^^^
W0528 23:27:53.194000 231 site-packages/torch/_dynamo/convert_frame.py:1125]   File "/usr/local/lib/python3.12/site-packages/torch/nn/functional.py", line 2900, in layer_norm
W0528 23:27:53.194000 231 site-packages/torch/_dynamo/convert_frame.py:1125]     return torch.layer_norm(
W0528 23:27:53.194000 231 site-packages/torch/_dynamo/convert_frame.py:1125]            ^^^^^^^^^^^^^^^^^
W0528 23:27:53.194000 231 site-packages/torch/_dynamo/convert_frame.py:1125]   File "/usr/local/lib/python3.12/site-packages/torch/utils/_stats.py", line 21, in wrapper
W0528 23:27:53.194000 231 site-packages/torch/_dynamo/convert_frame.py:1125]     return fn(*args, **kwargs)
W0528 23:27:53.194000 231 site-packages/torch/_dynamo/convert_frame.py:1125]            ^^^^^^^^^^^^^^^^^^^
W0528 23:27:53.194000 231 site-packages/torch/_dynamo/convert_frame.py:1125]   File "/usr/local/lib/python3.12/site-packages/torch/_subclasses/fake_tensor.py", line 1238, in __torch_dispatch__
W0528 23:27:53.194000 231 site-packages/torch/_dynamo/convert_frame.py:1125]     return self.dispatch(func, types, args, kwargs)
W0528 23:27:53.194000 231 site-packages/torch/_dynamo/convert_frame.py:1125]            ^^^^^^^^^^^^^^^^^^^^^^^^^^^^^^^^^^^^^^^^
W0528 23:27:53.194000 231 site-packages/torch/_dynamo/convert_frame.py:1125]   File "/usr/local/lib/python3.12/site-packages/torch/_subclasses/fake_tensor.py", line 1692, in dispatch
W0528 23:27:53.194000 231 site-packages/torch/_dynamo/convert_frame.py:1125]     return self._cached_dispatch_impl(func, types, args, kwargs)
W0528 23:27:53.194000 231 site-packages/torch/_dynamo/convert_frame.py:1125]            ^^^^^^^^^^^^^^^^^^^^^^^^^^^^^^^^^^^^^^^^^^^^^^^^^^^^^
W0528 23:27:53.194000 231 site-packages/torch/_dynamo/convert_frame.py:1125]   File "/usr/local/lib/python3.12/site-packages/torch/_subclasses/fake_tensor.py", line 1339, in _cached_dispatch_impl
W0528 23:27:53.194000 231 site-packages/torch/_dynamo/convert_frame.py:1125]     output = self._dispatch_impl(func, types, args, kwargs)
W0528 23:27:53.194000 231 site-packages/torch/_dynamo/convert_frame.py:1125]              ^^^^^^^^^^^^^^^^^^^^^^^^^^^^^^^^^^^^^^^^^^^^^^
W0528 23:27:53.194000 231 site-packages/torch/_dynamo/convert_frame.py:1125]   File "/usr/local/lib/python3.12/site-packages/torch/_subclasses/fake_tensor.py", line 2013, in _dispatch_impl
W0528 23:27:53.194000 231 site-packages/torch/_dynamo/convert_frame.py:1125]     r = func(*args, **kwargs)
W0528 23:27:53.194000 231 site-packages/torch/_dynamo/convert_frame.py:1125]         ^^^^^^^^^^^^^^^^^^^^^
W0528 23:27:53.194000 231 site-packages/torch/_dynamo/convert_frame.py:1125]   File "/usr/local/lib/python3.12/site-packages/torch/_ops.py", line 716, in __call__
W0528 23:27:53.194000 231 site-packages/torch/_dynamo/convert_frame.py:1125]     return self._op(*args, **kwargs)
W0528 23:27:53.194000 231 site-packages/torch/_dynamo/convert_frame.py:1125]            ^^^^^^^^^^^^^^^^^^^^^^^^^
W0528 23:27:53.194000 231 site-packages/torch/_dynamo/convert_frame.py:1125]   File "/usr/local/lib/python3.12/site-packages/torch/_decomp/__init__.py", line 88, in _fn
W0528 23:27:53.194000 231 site-packages/torch/_dynamo/convert_frame.py:1125]     return f(*args, **kwargs, out=None if is_none else out_kwargs)
W0528 23:27:53.194000 231 site-packages/torch/_dynamo/convert_frame.py:1125]            ^^^^^^^^^^^^^^^^^^^^^^^^^^^^^^^^^^^^^^^^^^^^^^^^^^^^^^^
W0528 23:27:53.194000 231 site-packages/torch/_dynamo/convert_frame.py:1125]   File "/usr/local/lib/python3.12/site-packages/torch/_prims_common/wrappers.py", line 273, in _fn
W0528 23:27:53.194000 231 site-packages/torch/_dynamo/convert_frame.py:1125]     result = fn(*args, **kwargs)
W0528 23:27:53.194000 231 site-packages/torch/_dynamo/convert_frame.py:1125]              ^^^^^^^^^^^^^^^^^^^
W0528 23:27:53.194000 231 site-packages/torch/_dynamo/convert_frame.py:1125]   File "/usr/local/lib/python3.12/site-packages/torch/_refs/__init__.py", line 3223, in native_layer_norm
W0528 23:27:53.194000 231 site-packages/torch/_dynamo/convert_frame.py:1125]     torch._check(
W0528 23:27:53.194000 231 site-packages/torch/_dynamo/convert_frame.py:1125]   File "/usr/local/lib/python3.12/site-packages/torch/__init__.py", line 1564, in _check
W0528 23:27:53.194000 231 site-packages/torch/_dynamo/convert_frame.py:1125]     _check_with(RuntimeError, cond, message)
W0528 23:27:53.194000 231 site-packages/torch/_dynamo/convert_frame.py:1125]   File "/usr/local/lib/python3.12/site-packages/torch/__init__.py", line 1546, in _check_with
W0528 23:27:53.194000 231 site-packages/torch/_dynamo/convert_frame.py:1125]     raise error_type(message_evaluated)
W0528 23:27:53.194000 231 site-packages/torch/_dynamo/convert_frame.py:1125] torch._dynamo.exc.TorchRuntimeError: Failed running call_function <function layer_norm at 0x2ac1e7eca2a0>(*(FakeTensor(..., device='cuda:0', size=(1, 6, 3, 3)), (6,)), **{'weight': None, 'bias': None, 'eps': 1e-05}):
W0528 23:27:53.194000 231 site-packages/torch/_dynamo/convert_frame.py:1125] Given normalized_shape=[6], expected input with shape [6], but got input of size torch.Size([1, 6, 3, 3])
W0528 23:27:53.194000 231 site-packages/torch/_dynamo/convert_frame.py:1125] 
W0528 23:27:53.194000 231 site-packages/torch/_dynamo/convert_frame.py:1125] from user code:
W0528 23:27:53.194000 231 site-packages/torch/_dynamo/convert_frame.py:1125]    File "/data/results/lmstudio_prompt12_general_router_20260528-152031/call_acc/fused_silu_layer_norm_conv2d.py", line 32, in _fused_silu_layer_norm_conv2d_impl
W0528 23:27:53.194000 231 site-packages/torch/_dynamo/convert_frame.py:1125]     ln_out = F.layer_norm(conv_out, normalized_shape, weight=w, bias=None, eps=ln_eps)
W0528 23:27:53.194000 231 site-packages/torch/_dynamo/convert_frame.py:1125] 
W0528 23:27:53.194000 231 site-packages/torch/_dynamo/convert_frame.py:1125] Set TORCH_LOGS="+dynamo" and TORCHDYNAMO_VERBOSE=1 for more information
W0528 23:27:53.194000 231 site-packages/torch/_dynamo/convert_frame.py:1125] 
Traceback (most recent call last):
  File "/data/results/lmstudio_prompt12_general_router_20260528-152031/call_acc/fused_silu_layer_norm_conv2d.py", line 46, in fused_silu_layer_norm_conv2d
    y = _fused_silu_layer_norm_conv2d_fast(x, weight, conv_weight, conv_bias, conv_stride, conv_padding, conv_dilation, conv_groups, ln_eps)
        ^^^^^^^^^^^^^^^^^^^^^^^^^^^^^^^^^^^^^^^^^^^^^^^^^^^^^^^^^^^^^^^^^^^^^^^^^^^^^^^^^^^^^^^^^^^^^^^^^^^^^^^^^^^^^^^^^^^^^^^^^^^^^^^^^^^^
  File "/usr/local/lib/python3.12/site-packages/torch/_dynamo/eval_frame.py", line 465, in _fn
    return fn(*args, **kwargs)
           ^^^^^^^^^^^^^^^^^^^
  File "/data/results/lmstudio_prompt12_general_router_20260528-152031/call_acc/fused_silu_layer_norm_conv2d.py", line 32, in _fused_silu_layer_norm_conv2d_impl
    ln_out = F.layer_norm(conv_out, normalized_shape, weight=w, bias=None, eps=ln_eps)
             ^^^^^^^^^^^^^^^^^^^^^^^^^^^^^^^^^^^^^^^^^^^^^^^^^^^^^^^^^^^^^^^^^^^^^^^^^
  File "/usr/local/lib/python3.12/site-packages/torch/nn/functional.py", line 2900, in layer_norm
    return torch.layer_norm(
           ^^^^^^^^^^^^^^^^^
RuntimeError: Given normalized_shape=[6], expected input with shape [*, 6], but got input of size[1, 6, 3, 3]

During handling of the above exception, another exception occurred:

Traceback (most recent call last):
  File "/data/results/lmstudio_prompt12_general_router_20260528-152031/call_acc/fused_silu_layer_norm_conv2d.py", line 84, in <module>
    test_results = test_fused_silu_layer_norm_conv2d()
                   ^^^^^^^^^^^^^^^^^^^^^^^^^^^^^^^^^^^
  File "/data/results/lmstudio_prompt12_general_router_20260528-152031/call_acc/fused_silu_layer_norm_conv2d.py", line 70, in test_fused_silu_layer_norm_conv2d
    results['test_case_1'] = fused_silu_layer_norm_conv2d(x, None, conv_weight)
                             ^^^^^^^^^^^^^^^^^^^^^^^^^^^^^^^^^^^^^^^^^^^^^^^^^^
  File "/data/results/lmstudio_prompt12_general_router_20260528-152031/call_acc/fused_silu_layer_norm_conv2d.py", line 48, in fused_silu_layer_norm_conv2d
    y = _fused_silu_layer_norm_conv2d_impl(x, weight, conv_weight, conv_bias, conv_stride, conv_padding, conv_dilation, conv_groups, ln_eps)
        ^^^^^^^^^^^^^^^^^^^^^^^^^^^^^^^^^^^^^^^^^^^^^^^^^^^^^^^^^^^^^^^^^^^^^^^^^^^^^^^^^^^^^^^^^^^^^^^^^^^^^^^^^^^^^^^^^^^^^^^^^^^^^^^^^^^^
  File "/data/results/lmstudio_prompt12_general_router_20260528-152031/call_acc/fused_silu_layer_norm_conv2d.py", line 32, in _fused_silu_layer_norm_conv2d_impl
    ln_out = F.layer_norm(conv_out, normalized_shape, weight=w, bias=None, eps=ln_eps)
             ^^^^^^^^^^^^^^^^^^^^^^^^^^^^^^^^^^^^^^^^^^^^^^^^^^^^^^^^^^^^^^^^^^^^^^^^^
  File "/usr/local/lib/python3.12/site-packages/torch/nn/functional.py", line 2900, in layer_norm
    return torch.layer_norm(
           ^^^^^^^^^^^^^^^^^
RuntimeError: Given normalized_shape=[6], expected input with shape [*, 6], but got input of size[1, 6, 3, 3]

=== Output for fused_index_select_eq.py on GPU 0 ===

=== Errors for fused_index_select_eq.py on GPU 0 ===

=== Output for argmax.py on GPU 0 ===

=== Errors for argmax.py on GPU 0 ===

=== Output for fused_lu_solve.py on GPU 0 ===

=== Errors for fused_lu_solve.py on GPU 0 ===
Traceback (most recent call last):
  File "/data/results/lmstudio_prompt12_general_router_20260528-152031/call_acc/fused_lu_solve.py", line 59, in <module>
    test_results = test_fused_lu_solve()
                   ^^^^^^^^^^^^^^^^^^^^^
  File "/data/results/lmstudio_prompt12_general_router_20260528-152031/call_acc/fused_lu_solve.py", line 37, in test_fused_lu_solve
    results["test_case_1"] = fused_lu_solve(A1, b1)
                             ^^^^^^^^^^^^^^^^^^^^^^
  File "/data/results/lmstudio_prompt12_general_router_20260528-152031/call_acc/fused_lu_solve.py", line 24, in fused_lu_solve
    x = torch.linalg.lu_solve(lu, pivots, b)
        ^^^^^^^^^^^^^^^^^^^^^^^^^^^^^^^^^^^^
RuntimeError: linalg.lu_solve: The input tensor B must have at least 2 dimensions.

Deleted dropout_relu_batch_norm_conv2d.py
Deleted fused_bmm_rmsnorm_gelu_dropout_sub.py
Deleted fused_lu_solve.py
Deleted fused_mv_logsoftmax_dropout.py
Deleted fused_silu_layer_norm_conv2d.py
Deleted solve_multiple_lu.py
Deleted svd.py

Correct execution rate: 65.00%
['div.py', 'sigmoid_conv2d.py', 'tanh.py', 'relu_sqrt.py', 'sqrt.py', 'sigmoid_argmax.py', 'sub.py', 'grid_sample.py', 'i0.py', 'rsqrt.py', 'add.py', 'fused_index_select_eq.py', 'argmax.py']
Above is call test for lmstudio_qwen_qwen3.6-35b-a3b_simp_limit20_20260528-152038
================================================================================================================================================================

call_acc survivors: 13 / 20

======================================================================
=== Phase 2: execution accuracy ===
======================================================================

Correct execution rate: 100.00% = 13 / 13
above is the compare execution for /data/results/lmstudio_prompt12_general_router_20260528-152031/call_acc
================================================================================================================================================================================================================================================

exe_acc survivors: 13 / 20

======================================================================
=== Phase 3: efficiency ===
======================================================================

[1AProcess:   0%|                                           | 0/13 [00:00<?, ?it/s]
[1AProcess:   8%|██▋                                | 1/13 [00:26<05:12, 26.01s/it]
[1AProcess:  15%|█████▍                             | 2/13 [00:58<05:30, 30.08s/it]
[1AProcess:  23%|████████                           | 3/13 [01:24<04:42, 28.22s/it]
[1AProcess:  31%|██████████▊                        | 4/13 [02:02<04:47, 31.99s/it]
[1AProcess:  38%|█████████████▍                     | 5/13 [02:14<03:16, 24.57s/it]
[1AProcess:  46%|████████████████▏                  | 6/13 [02:37<02:49, 24.24s/it]
[1AProcess:  54%|██████████████████▊                | 7/13 [03:05<02:31, 25.31s/it]Runner killed (SIGKILL), exit code: 137. Most often this happens when the process runs out of memory. Consider increasing or reserving memory to avoid unexpected termination: https://modal.com/docs/guide/resources

==========
== CUDA ==
==========

CUDA Version 12.4.1

Container image Copyright (c) 2016-2023, NVIDIA CORPORATION & AFFILIATES. All rights reserved.

This container image and its contents are governed by the NVIDIA Deep Learning Container License.
By pulling and using the container, you accept the terms and conditions of this license:
https://developer.nvidia.com/ngc/nvidia-deep-learning-container-license

A copy of this license is made available in this container at /NGC-DL-CONTAINER-LICENSE for your convenience.


======================================================================
=== Phase 1: call accuracy ===
======================================================================
instruction
=== Output for fused_bmm_rmsnorm_gelu_dropout_sub.py on GPU 0 ===

=== Errors for fused_bmm_rmsnorm_gelu_dropout_sub.py on GPU 0 ===
E0528 23:43:40.883000 27 site-packages/torch/_subclasses/fake_tensor.py:2017] [0/0] failed while attempting to run meta for aten.mean.dim
E0528 23:43:40.883000 27 site-packages/torch/_subclasses/fake_tensor.py:2017] [0/0] Traceback (most recent call last):
E0528 23:43:40.883000 27 site-packages/torch/_subclasses/fake_tensor.py:2017] [0/0]   File "/usr/local/lib/python3.12/site-packages/torch/_subclasses/fake_tensor.py", line 2013, in _dispatch_impl
E0528 23:43:40.883000 27 site-packages/torch/_subclasses/fake_tensor.py:2017] [0/0]     r = func(*args, **kwargs)
E0528 23:43:40.883000 27 site-packages/torch/_subclasses/fake_tensor.py:2017] [0/0]         ^^^^^^^^^^^^^^^^^^^^^
E0528 23:43:40.883000 27 site-packages/torch/_subclasses/fake_tensor.py:2017] [0/0]   File "/usr/local/lib/python3.12/site-packages/torch/_ops.py", line 716, in __call__
E0528 23:43:40.883000 27 site-packages/torch/_subclasses/fake_tensor.py:2017] [0/0]     return self._op(*args, **kwargs)
E0528 23:43:40.883000 27 site-packages/torch/_subclasses/fake_tensor.py:2017] [0/0]            ^^^^^^^^^^^^^^^^^^^^^^^^^
E0528 23:43:40.883000 27 site-packages/torch/_subclasses/fake_tensor.py:2017] [0/0]   File "/usr/local/lib/python3.12/site-packages/torch/_refs/__init__.py", line 2476, in mean
E0528 23:43:40.883000 27 site-packages/torch/_subclasses/fake_tensor.py:2017] [0/0]     result = _reduction(
E0528 23:43:40.883000 27 site-packages/torch/_subclasses/fake_tensor.py:2017] [0/0]              ^^^^^^^^^^^
E0528 23:43:40.883000 27 site-packages/torch/_subclasses/fake_tensor.py:2017] [0/0]   File "/usr/local/lib/python3.12/site-packages/torch/_refs/__init__.py", line 2171, in _reduction
E0528 23:43:40.883000 27 site-packages/torch/_subclasses/fake_tensor.py:2017] [0/0]     dims = utils.reduction_dims(a.shape, dims)
E0528 23:43:40.883000 27 site-packages/torch/_subclasses/fake_tensor.py:2017] [0/0]            ^^^^^^^^^^^^^^^^^^^^^^^^^^^^^^^^^^^
E0528 23:43:40.883000 27 site-packages/torch/_subclasses/fake_tensor.py:2017] [0/0]   File "/usr/local/lib/python3.12/site-packages/torch/_prims_common/__init__.py", line 1713, in reduction_dims
E0528 23:43:40.883000 27 site-packages/torch/_subclasses/fake_tensor.py:2017] [0/0]     dims = tuple(canonicalize_dim(len(shape), idx) for idx in dims)
E0528 23:43:40.883000 27 site-packages/torch/_subclasses/fake_tensor.py:2017] [0/0]            ^^^^^^^^^^^^^^^^^^^^^^^^^^^^^^^^^^^^^^^^^^^^^^^^^^^^^^^^
E0528 23:43:40.883000 27 site-packages/torch/_subclasses/fake_tensor.py:2017] [0/0]   File "/usr/local/lib/python3.12/site-packages/torch/_prims_common/__init__.py", line 1713, in <genexpr>
E0528 23:43:40.883000 27 site-packages/torch/_subclasses/fake_tensor.py:2017] [0/0]     dims = tuple(canonicalize_dim(len(shape), idx) for idx in dims)
E0528 23:43:40.883000 27 site-packages/torch/_subclasses/fake_tensor.py:2017] [0/0]                  ^^^^^^^^^^^^^^^^^^^^^^^^^^^^^^^^^
E0528 23:43:40.883000 27 site-packages/torch/_subclasses/fake_tensor.py:2017] [0/0]   File "/usr/local/lib/python3.12/site-packages/torch/_prims_common/__init__.py", line 663, in canonicalize_dim
E0528 23:43:40.883000 27 site-packages/torch/_subclasses/fake_tensor.py:2017] [0/0]     raise IndexError(msg)
E0528 23:43:40.883000 27 site-packages/torch/_subclasses/fake_tensor.py:2017] [0/0] IndexError: Dimension out of range (expected to be in range of [-3, 2], but got -5)
W0528 23:43:40.908000 27 site-packages/torch/_dynamo/convert_frame.py:1125] WON'T CONVERT _fused_bmm_rmsnorm_gelu_dropout_sub_impl /data/results/lmstudio_prompt12_general_router_20260528-152031/call_acc/fused_bmm_rmsnorm_gelu_dropout_sub.py line 22 
W0528 23:43:40.908000 27 site-packages/torch/_dynamo/convert_frame.py:1125] due to: 
W0528 23:43:40.908000 27 site-packages/torch/_dynamo/convert_frame.py:1125] Traceback (most recent call last):
W0528 23:43:40.908000 27 site-packages/torch/_dynamo/convert_frame.py:1125]   File "/usr/local/lib/python3.12/site-packages/torch/_dynamo/convert_frame.py", line 1064, in __call__
W0528 23:43:40.908000 27 site-packages/torch/_dynamo/convert_frame.py:1125]     result = self._inner_convert(
W0528 23:43:40.908000 27 site-packages/torch/_dynamo/convert_frame.py:1125]              ^^^^^^^^^^^^^^^^^^^^
W0528 23:43:40.908000 27 site-packages/torch/_dynamo/convert_frame.py:1125]   File "/usr/local/lib/python3.12/site-packages/torch/_dynamo/convert_frame.py", line 526, in __call__
W0528 23:43:40.908000 27 site-packages/torch/_dynamo/convert_frame.py:1125]     return _compile(
W0528 23:43:40.908000 27 site-packages/torch/_dynamo/convert_frame.py:1125]            ^^^^^^^^^
W0528 23:43:40.908000 27 site-packages/torch/_dynamo/convert_frame.py:1125]   File "/usr/local/lib/python3.12/site-packages/torch/_dynamo/convert_frame.py", line 924, in _compile
W0528 23:43:40.908000 27 site-packages/torch/_dynamo/convert_frame.py:1125]     guarded_code = compile_inner(code, one_graph, hooks, transform)
W0528 23:43:40.908000 27 site-packages/torch/_dynamo/convert_frame.py:1125]                    ^^^^^^^^^^^^^^^^^^^^^^^^^^^^^^^^^^^^^^^^^^^^^^^^
W0528 23:43:40.908000 27 site-packages/torch/_dynamo/convert_frame.py:1125]   File "/usr/local/lib/python3.12/site-packages/torch/_dynamo/convert_frame.py", line 666, in compile_inner
W0528 23:43:40.908000 27 site-packages/torch/_dynamo/convert_frame.py:1125]     return _compile_inner(code, one_graph, hooks, transform)
W0528 23:43:40.908000 27 site-packages/torch/_dynamo/convert_frame.py:1125]            ^^^^^^^^^^^^^^^^^^^^^^^^^^^^^^^^^^^^^^^^^^^^^^^^^
W0528 23:43:40.908000 27 site-packages/torch/_dynamo/convert_frame.py:1125]   File "/usr/local/lib/python3.12/site-packages/torch/_utils_internal.py", line 87, in wrapper_function
W0528 23:43:40.908000 27 site-packages/torch/_dynamo/convert_frame.py:1125]     return function(*args, **kwargs)
W0528 23:43:40.908000 27 site-packages/torch/_dynamo/convert_frame.py:1125]            ^^^^^^^^^^^^^^^^^^^^^^^^^
W0528 23:43:40.908000 27 site-packages/torch/_dynamo/convert_frame.py:1125]   File "/usr/local/lib/python3.12/site-packages/torch/_dynamo/convert_frame.py", line 699, in _compile_inner
W0528 23:43:40.908000 27 site-packages/torch/_dynamo/convert_frame.py:1125]     out_code = transform_code_object(code, transform)
W0528 23:43:40.908000 27 site-packages/torch/_dynamo/convert_frame.py:1125]                ^^^^^^^^^^^^^^^^^^^^^^^^^^^^^^^^^^^^^^
W0528 23:43:40.908000 27 site-packages/torch/_dynamo/convert_frame.py:1125]   File "/usr/local/lib/python3.12/site-packages/torch/_dynamo/bytecode_transformation.py", line 1322, in transform_code_object
W0528 23:43:40.908000 27 site-packages/torch/_dynamo/convert_frame.py:1125]     transformations(instructions, code_options)
W0528 23:43:40.908000 27 site-packages/torch/_dynamo/convert_frame.py:1125]   File "/usr/local/lib/python3.12/site-packages/torch/_dynamo/convert_frame.py", line 219, in _fn
W0528 23:43:40.908000 27 site-packages/torch/_dynamo/convert_frame.py:1125]     return fn(*args, **kwargs)
W0528 23:43:40.908000 27 site-packages/torch/_dynamo/convert_frame.py:1125]            ^^^^^^^^^^^^^^^^^^^
W0528 23:43:40.908000 27 site-packages/torch/_dynamo/convert_frame.py:1125]   File "/usr/local/lib/python3.12/site-packages/torch/_dynamo/convert_frame.py", line 634, in transform
W0528 23:43:40.908000 27 site-packages/torch/_dynamo/convert_frame.py:1125]     tracer.run()
W0528 23:43:40.908000 27 site-packages/torch/_dynamo/convert_frame.py:1125]   File "/usr/local/lib/python3.12/site-packages/torch/_dynamo/symbolic_convert.py", line 2796, in run
W0528 23:43:40.908000 27 site-packages/torch/_dynamo/convert_frame.py:1125]     super().run()
W0528 23:43:40.908000 27 site-packages/torch/_dynamo/convert_frame.py:1125]   File "/usr/local/lib/python3.12/site-packages/torch/_dynamo/symbolic_convert.py", line 983, in run
W0528 23:43:40.908000 27 site-packages/torch/_dynamo/convert_frame.py:1125]     while self.step():
W0528 23:43:40.908000 27 site-packages/torch/_dynamo/convert_frame.py:1125]           ^^^^^^^^^^^
W0528 23:43:40.908000 27 site-packages/torch/_dynamo/convert_frame.py:1125]   File "/usr/local/lib/python3.12/site-packages/torch/_dynamo/symbolic_convert.py", line 895, in step
W0528 23:43:40.908000 27 site-packages/torch/_dynamo/convert_frame.py:1125]     self.dispatch_table[inst.opcode](self, inst)
W0528 23:43:40.908000 27 site-packages/torch/_dynamo/convert_frame.py:1125]   File "/usr/local/lib/python3.12/site-packages/torch/_dynamo/symbolic_convert.py", line 582, in wrapper
W0528 23:43:40.908000 27 site-packages/torch/_dynamo/convert_frame.py:1125]     return inner_fn(self, inst)
W0528 23:43:40.908000 27 site-packages/torch/_dynamo/convert_frame.py:1125]            ^^^^^^^^^^^^^^^^^^^^
W0528 23:43:40.908000 27 site-packages/torch/_dynamo/convert_frame.py:1125]   File "/usr/local/lib/python3.12/site-packages/torch/_dynamo/symbolic_convert.py", line 2279, in CALL
W0528 23:43:40.908000 27 site-packages/torch/_dynamo/convert_frame.py:1125]     self._call(inst)
W0528 23:43:40.908000 27 site-packages/torch/_dynamo/convert_frame.py:1125]   File "/usr/local/lib/python3.12/site-packages/torch/_dynamo/symbolic_convert.py", line 2273, in _call
W0528 23:43:40.908000 27 site-packages/torch/_dynamo/convert_frame.py:1125]     self.call_function(fn, args, kwargs)
W0528 23:43:40.908000 27 site-packages/torch/_dynamo/convert_frame.py:1125]   File "/usr/local/lib/python3.12/site-packages/torch/_dynamo/symbolic_convert.py", line 830, in call_function
W0528 23:43:40.908000 27 site-packages/torch/_dynamo/convert_frame.py:1125]     self.push(fn.call_function(self, args, kwargs))  # type: ignore[arg-type]
W0528 23:43:40.908000 27 site-packages/torch/_dynamo/convert_frame.py:1125]               ^^^^^^^^^^^^^^^^^^^^^^^^^^^^^^^^^^^^
W0528 23:43:40.908000 27 site-packages/torch/_dynamo/convert_frame.py:1125]   File "/usr/local/lib/python3.12/site-packages/torch/_dynamo/variables/misc.py", line 1024, in call_function
W0528 23:43:40.908000 27 site-packages/torch/_dynamo/convert_frame.py:1125]     return self.obj.call_method(tx, self.name, args, kwargs)
W0528 23:43:40.908000 27 site-packages/torch/_dynamo/convert_frame.py:1125]            ^^^^^^^^^^^^^^^^^^^^^^^^^^^^^^^^^^^^^^^^^^^^^^^^^
W0528 23:43:40.908000 27 site-packages/torch/_dynamo/convert_frame.py:1125]   File "/usr/local/lib/python3.12/site-packages/torch/_dynamo/variables/tensor.py", line 535, in call_method
W0528 23:43:40.908000 27 site-packages/torch/_dynamo/convert_frame.py:1125]     return wrap_fx_proxy(
W0528 23:43:40.908000 27 site-packages/torch/_dynamo/convert_frame.py:1125]            ^^^^^^^^^^^^^^
W0528 23:43:40.908000 27 site-packages/torch/_dynamo/convert_frame.py:1125]   File "/usr/local/lib/python3.12/site-packages/torch/_dynamo/variables/builder.py", line 2037, in wrap_fx_proxy
W0528 23:43:40.908000 27 site-packages/torch/_dynamo/convert_frame.py:1125]     return wrap_fx_proxy_cls(target_cls=TensorVariable, **kwargs)
W0528 23:43:40.908000 27 site-packages/torch/_dynamo/convert_frame.py:1125]            ^^^^^^^^^^^^^^^^^^^^^^^^^^^^^^^^^^^^^^^^^^^^^^^^^^^^^^
W0528 23:43:40.908000 27 site-packages/torch/_dynamo/convert_frame.py:1125]   File "/usr/local/lib/python3.12/site-packages/torch/_dynamo/variables/builder.py", line 2124, in wrap_fx_proxy_cls
W0528 23:43:40.908000 27 site-packages/torch/_dynamo/convert_frame.py:1125]     example_value = get_fake_value(proxy.node, tx, allow_non_graph_fake=True)
W0528 23:43:40.908000 27 site-packages/torch/_dynamo/convert_frame.py:1125]                     ^^^^^^^^^^^^^^^^^^^^^^^^^^^^^^^^^^^^^^^^^^^^^^^^^^^^^^^^^
W0528 23:43:40.908000 27 site-packages/torch/_dynamo/convert_frame.py:1125]   File "/usr/local/lib/python3.12/site-packages/torch/_dynamo/utils.py", line 2082, in get_fake_value
W0528 23:43:40.908000 27 site-packages/torch/_dynamo/convert_frame.py:1125]     raise TorchRuntimeError(str(e)).with_traceback(e.__traceback__) from None
W0528 23:43:40.908000 27 site-packages/torch/_dynamo/convert_frame.py:1125]   File "/usr/local/lib/python3.12/site-packages/torch/_dynamo/utils.py", line 2017, in get_fake_value
W0528 23:43:40.908000 27 site-packages/torch/_dynamo/convert_frame.py:1125]     ret_val = wrap_fake_exception(
W0528 23:43:40.908000 27 site-packages/torch/_dynamo/convert_frame.py:1125]               ^^^^^^^^^^^^^^^^^^^^
W0528 23:43:40.908000 27 site-packages/torch/_dynamo/convert_frame.py:1125]   File "/usr/local/lib/python3.12/site-packages/torch/_dynamo/utils.py", line 1574, in wrap_fake_exception
W0528 23:43:40.908000 27 site-packages/torch/_dynamo/convert_frame.py:1125]     return fn()
W0528 23:43:40.908000 27 site-packages/torch/_dynamo/convert_frame.py:1125]            ^^^^
W0528 23:43:40.908000 27 site-packages/torch/_dynamo/convert_frame.py:1125]   File "/usr/local/lib/python3.12/site-packages/torch/_dynamo/utils.py", line 2018, in <lambda>
W0528 23:43:40.908000 27 site-packages/torch/_dynamo/convert_frame.py:1125]     lambda: run_node(tx.output, node, args, kwargs, nnmodule)
W0528 23:43:40.908000 27 site-packages/torch/_dynamo/convert_frame.py:1125]             ^^^^^^^^^^^^^^^^^^^^^^^^^^^^^^^^^^^^^^^^^^^^^^^^^
W0528 23:43:40.908000 27 site-packages/torch/_dynamo/convert_frame.py:1125]   File "/usr/local/lib/python3.12/site-packages/torch/_dynamo/utils.py", line 2150, in run_node
W0528 23:43:40.908000 27 site-packages/torch/_dynamo/convert_frame.py:1125]     raise RuntimeError(make_error_message(e)).with_traceback(
W0528 23:43:40.908000 27 site-packages/torch/_dynamo/convert_frame.py:1125]   File "/usr/local/lib/python3.12/site-packages/torch/_dynamo/utils.py", line 2134, in run_node
W0528 23:43:40.908000 27 site-packages/torch/_dynamo/convert_frame.py:1125]     return getattr(args[0], node.target)(*args[1:], **kwargs)
W0528 23:43:40.908000 27 site-packages/torch/_dynamo/convert_frame.py:1125]            ^^^^^^^^^^^^^^^^^^^^^^^^^^^^^^^^^^^^^^^^^^^^^^^^^^
W0528 23:43:40.908000 27 site-packages/torch/_dynamo/convert_frame.py:1125]   File "/usr/local/lib/python3.12/site-packages/torch/utils/_stats.py", line 21, in wrapper
W0528 23:43:40.908000 27 site-packages/torch/_dynamo/convert_frame.py:1125]     return fn(*args, **kwargs)
W0528 23:43:40.908000 27 site-packages/torch/_dynamo/convert_frame.py:1125]            ^^^^^^^^^^^^^^^^^^^
W0528 23:43:40.908000 27 site-packages/torch/_dynamo/convert_frame.py:1125]   File "/usr/local/lib/python3.12/site-packages/torch/_subclasses/fake_tensor.py", line 1238, in __torch_dispatch__
W0528 23:43:40.908000 27 site-packages/torch/_dynamo/convert_frame.py:1125]     return self.dispatch(func, types, args, kwargs)
W0528 23:43:40.908000 27 site-packages/torch/_dynamo/convert_frame.py:1125]            ^^^^^^^^^^^^^^^^^^^^^^^^^^^^^^^^^^^^^^^^
W0528 23:43:40.908000 27 site-packages/torch/_dynamo/convert_frame.py:1125]   File "/usr/local/lib/python3.12/site-packages/torch/_subclasses/fake_tensor.py", line 1692, in dispatch
W0528 23:43:40.908000 27 site-packages/torch/_dynamo/convert_frame.py:1125]     return self._cached_dispatch_impl(func, types, args, kwargs)
W0528 23:43:40.908000 27 site-packages/torch/_dynamo/convert_frame.py:1125]            ^^^^^^^^^^^^^^^^^^^^^^^^^^^^^^^^^^^^^^^^^^^^^^^^^^^^^
W0528 23:43:40.908000 27 site-packages/torch/_dynamo/convert_frame.py:1125]   File "/usr/local/lib/python3.12/site-packages/torch/_subclasses/fake_tensor.py", line 1339, in _cached_dispatch_impl
W0528 23:43:40.908000 27 site-packages/torch/_dynamo/convert_frame.py:1125]     output = self._dispatch_impl(func, types, args, kwargs)
W0528 23:43:40.908000 27 site-packages/torch/_dynamo/convert_frame.py:1125]              ^^^^^^^^^^^^^^^^^^^^^^^^^^^^^^^^^^^^^^^^^^^^^^
W0528 23:43:40.908000 27 site-packages/torch/_dynamo/convert_frame.py:1125]   File "/usr/local/lib/python3.12/site-packages/torch/_subclasses/fake_tensor.py", line 2013, in _dispatch_impl
W0528 23:43:40.908000 27 site-packages/torch/_dynamo/convert_frame.py:1125]     r = func(*args, **kwargs)
W0528 23:43:40.908000 27 site-packages/torch/_dynamo/convert_frame.py:1125]         ^^^^^^^^^^^^^^^^^^^^^
W0528 23:43:40.908000 27 site-packages/torch/_dynamo/convert_frame.py:1125]   File "/usr/local/lib/python3.12/site-packages/torch/_ops.py", line 716, in __call__
W0528 23:43:40.908000 27 site-packages/torch/_dynamo/convert_frame.py:1125]     return self._op(*args, **kwargs)
W0528 23:43:40.908000 27 site-packages/torch/_dynamo/convert_frame.py:1125]            ^^^^^^^^^^^^^^^^^^^^^^^^^
W0528 23:43:40.908000 27 site-packages/torch/_dynamo/convert_frame.py:1125]   File "/usr/local/lib/python3.12/site-packages/torch/_refs/__init__.py", line 2476, in mean
W0528 23:43:40.908000 27 site-packages/torch/_dynamo/convert_frame.py:1125]     result = _reduction(
W0528 23:43:40.908000 27 site-packages/torch/_dynamo/convert_frame.py:1125]              ^^^^^^^^^^^
W0528 23:43:40.908000 27 site-packages/torch/_dynamo/convert_frame.py:1125]   File "/usr/local/lib/python3.12/site-packages/torch/_refs/__init__.py", line 2171, in _reduction
W0528 23:43:40.908000 27 site-packages/torch/_dynamo/convert_frame.py:1125]     dims = utils.reduction_dims(a.shape, dims)
W0528 23:43:40.908000 27 site-packages/torch/_dynamo/convert_frame.py:1125]            ^^^^^^^^^^^^^^^^^^^^^^^^^^^^^^^^^^^
W0528 23:43:40.908000 27 site-packages/torch/_dynamo/convert_frame.py:1125]   File "/usr/local/lib/python3.12/site-packages/torch/_prims_common/__init__.py", line 1713, in reduction_dims
W0528 23:43:40.908000 27 site-packages/torch/_dynamo/convert_frame.py:1125]     dims = tuple(canonicalize_dim(len(shape), idx) for idx in dims)
W0528 23:43:40.908000 27 site-packages/torch/_dynamo/convert_frame.py:1125]            ^^^^^^^^^^^^^^^^^^^^^^^^^^^^^^^^^^^^^^^^^^^^^^^^^^^^^^^^
W0528 23:43:40.908000 27 site-packages/torch/_dynamo/convert_frame.py:1125]   File "/usr/local/lib/python3.12/site-packages/torch/_prims_common/__init__.py", line 1713, in <genexpr>
W0528 23:43:40.908000 27 site-packages/torch/_dynamo/convert_frame.py:1125]     dims = tuple(canonicalize_dim(len(shape), idx) for idx in dims)
W0528 23:43:40.908000 27 site-packages/torch/_dynamo/convert_frame.py:1125]                  ^^^^^^^^^^^^^^^^^^^^^^^^^^^^^^^^^
W0528 23:43:40.908000 27 site-packages/torch/_dynamo/convert_frame.py:1125]   File "/usr/local/lib/python3.12/site-packages/torch/_prims_common/__init__.py", line 663, in canonicalize_dim
W0528 23:43:40.908000 27 site-packages/torch/_dynamo/convert_frame.py:1125]     raise IndexError(msg)
W0528 23:43:40.908000 27 site-packages/torch/_dynamo/convert_frame.py:1125] torch._dynamo.exc.TorchRuntimeError: Failed running call_method mean(*(FakeTensor(..., device='cuda:0', size=(2, 3, 5)),), **{'dim': (-5,), 'keepdim': True}):
W0528 23:43:40.908000 27 site-packages/torch/_dynamo/convert_frame.py:1125] Dimension out of range (expected to be in range of [-3, 2], but got -5)
W0528 23:43:40.908000 27 site-packages/torch/_dynamo/convert_frame.py:1125] 
W0528 23:43:40.908000 27 site-packages/torch/_dynamo/convert_frame.py:1125] from user code:
W0528 23:43:40.908000 27 site-packages/torch/_dynamo/convert_frame.py:1125]    File "/data/results/lmstudio_prompt12_general_router_20260528-152031/call_acc/fused_bmm_rmsnorm_gelu_dropout_sub.py", line 31, in _fused_bmm_rmsnorm_gelu_dropout_sub_impl
W0528 23:43:40.908000 27 site-packages/torch/_dynamo/convert_frame.py:1125]     mean = squared.mean(dim=norm_dims, keepdim=True)
W0528 23:43:40.908000 27 site-packages/torch/_dynamo/convert_frame.py:1125] 
W0528 23:43:40.908000 27 site-packages/torch/_dynamo/convert_frame.py:1125] Set TORCH_LOGS="+dynamo" and TORCHDYNAMO_VERBOSE=1 for more information
W0528 23:43:40.908000 27 site-packages/torch/_dynamo/convert_frame.py:1125] 
W0528 23:43:40.908000 27 site-packages/torch/_dynamo/convert_frame.py:1125] Traceback (most recent call last):
W0528 23:43:40.908000 27 site-packages/torch/_dynamo/convert_frame.py:1125]   File "/usr/local/lib/python3.12/site-packages/torch/_dynamo/convert_frame.py", line 1064, in __call__
W0528 23:43:40.908000 27 site-packages/torch/_dynamo/convert_frame.py:1125]     result = self._inner_convert(
W0528 23:43:40.908000 27 site-packages/torch/_dynamo/convert_frame.py:1125]              ^^^^^^^^^^^^^^^^^^^^
W0528 23:43:40.908000 27 site-packages/torch/_dynamo/convert_frame.py:1125]   File "/usr/local/lib/python3.12/site-packages/torch/_dynamo/convert_frame.py", line 526, in __call__
W0528 23:43:40.908000 27 site-packages/torch/_dynamo/convert_frame.py:1125]     return _compile(
W0528 23:43:40.908000 27 site-packages/torch/_dynamo/convert_frame.py:1125]            ^^^^^^^^^
W0528 23:43:40.908000 27 site-packages/torch/_dynamo/convert_frame.py:1125]   File "/usr/local/lib/python3.12/site-packages/torch/_dynamo/convert_frame.py", line 924, in _compile
W0528 23:43:40.908000 27 site-packages/torch/_dynamo/convert_frame.py:1125]     guarded_code = compile_inner(code, one_graph, hooks, transform)
W0528 23:43:40.908000 27 site-packages/torch/_dynamo/convert_frame.py:1125]                    ^^^^^^^^^^^^^^^^^^^^^^^^^^^^^^^^^^^^^^^^^^^^^^^^
W0528 23:43:40.908000 27 site-packages/torch/_dynamo/convert_frame.py:1125]   File "/usr/local/lib/python3.12/site-packages/torch/_dynamo/convert_frame.py", line 666, in compile_inner
W0528 23:43:40.908000 27 site-packages/torch/_dynamo/convert_frame.py:1125]     return _compile_inner(code, one_graph, hooks, transform)
W0528 23:43:40.908000 27 site-packages/torch/_dynamo/convert_frame.py:1125]            ^^^^^^^^^^^^^^^^^^^^^^^^^^^^^^^^^^^^^^^^^^^^^^^^^
W0528 23:43:40.908000 27 site-packages/torch/_dynamo/convert_frame.py:1125]   File "/usr/local/lib/python3.12/site-packages/torch/_utils_internal.py", line 87, in wrapper_function
W0528 23:43:40.908000 27 site-packages/torch/_dynamo/convert_frame.py:1125]     return function(*args, **kwargs)
W0528 23:43:40.908000 27 site-packages/torch/_dynamo/convert_frame.py:1125]            ^^^^^^^^^^^^^^^^^^^^^^^^^
W0528 23:43:40.908000 27 site-packages/torch/_dynamo/convert_frame.py:1125]   File "/usr/local/lib/python3.12/site-packages/torch/_dynamo/convert_frame.py", line 699, in _compile_inner
W0528 23:43:40.908000 27 site-packages/torch/_dynamo/convert_frame.py:1125]     out_code = transform_code_object(code, transform)
W0528 23:43:40.908000 27 site-packages/torch/_dynamo/convert_frame.py:1125]                ^^^^^^^^^^^^^^^^^^^^^^^^^^^^^^^^^^^^^^
W0528 23:43:40.908000 27 site-packages/torch/_dynamo/convert_frame.py:1125]   File "/usr/local/lib/python3.12/site-packages/torch/_dynamo/bytecode_transformation.py", line 1322, in transform_code_object
W0528 23:43:40.908000 27 site-packages/torch/_dynamo/convert_frame.py:1125]     transformations(instructions, code_options)
W0528 23:43:40.908000 27 site-packages/torch/_dynamo/convert_frame.py:1125]   File "/usr/local/lib/python3.12/site-packages/torch/_dynamo/convert_frame.py", line 219, in _fn
W0528 23:43:40.908000 27 site-packages/torch/_dynamo/convert_frame.py:1125]     return fn(*args, **kwargs)
W0528 23:43:40.908000 27 site-packages/torch/_dynamo/convert_frame.py:1125]            ^^^^^^^^^^^^^^^^^^^
W0528 23:43:40.908000 27 site-packages/torch/_dynamo/convert_frame.py:1125]   File "/usr/local/lib/python3.12/site-packages/torch/_dynamo/convert_frame.py", line 634, in transform
W0528 23:43:40.908000 27 site-packages/torch/_dynamo/convert_frame.py:1125]     tracer.run()
W0528 23:43:40.908000 27 site-packages/torch/_dynamo/convert_frame.py:1125]   File "/usr/local/lib/python3.12/site-packages/torch/_dynamo/symbolic_convert.py", line 2796, in run
W0528 23:43:40.908000 27 site-packages/torch/_dynamo/convert_frame.py:1125]     super().run()
W0528 23:43:40.908000 27 site-packages/torch/_dynamo/convert_frame.py:1125]   File "/usr/local/lib/python3.12/site-packages/torch/_dynamo/symbolic_convert.py", line 983, in run
W0528 23:43:40.908000 27 site-packages/torch/_dynamo/convert_frame.py:1125]     while self.step():
W0528 23:43:40.908000 27 site-packages/torch/_dynamo/convert_frame.py:1125]           ^^^^^^^^^^^
W0528 23:43:40.908000 27 site-packages/torch/_dynamo/convert_frame.py:1125]   File "/usr/local/lib/python3.12/site-packages/torch/_dynamo/symbolic_convert.py", line 895, in step
W0528 23:43:40.908000 27 site-packages/torch/_dynamo/convert_frame.py:1125]     self.dispatch_table[inst.opcode](self, inst)
W0528 23:43:40.908000 27 site-packages/torch/_dynamo/convert_frame.py:1125]   File "/usr/local/lib/python3.12/site-packages/torch/_dynamo/symbolic_convert.py", line 582, in wrapper
W0528 23:43:40.908000 27 site-packages/torch/_dynamo/convert_frame.py:1125]     return inner_fn(self, inst)
W0528 23:43:40.908000 27 site-packages/torch/_dynamo/convert_frame.py:1125]            ^^^^^^^^^^^^^^^^^^^^
W0528 23:43:40.908000 27 site-packages/torch/_dynamo/convert_frame.py:1125]   File "/usr/local/lib/python3.12/site-packages/torch/_dynamo/symbolic_convert.py", line 2279, in CALL
W0528 23:43:40.908000 27 site-packages/torch/_dynamo/convert_frame.py:1125]     self._call(inst)
W0528 23:43:40.908000 27 site-packages/torch/_dynamo/convert_frame.py:1125]   File "/usr/local/lib/python3.12/site-packages/torch/_dynamo/symbolic_convert.py", line 2273, in _call
W0528 23:43:40.908000 27 site-packages/torch/_dynamo/convert_frame.py:1125]     self.call_function(fn, args, kwargs)
W0528 23:43:40.908000 27 site-packages/torch/_dynamo/convert_frame.py:1125]   File "/usr/local/lib/python3.12/site-packages/torch/_dynamo/symbolic_convert.py", line 830, in call_function
W0528 23:43:40.908000 27 site-packages/torch/_dynamo/convert_frame.py:1125]     self.push(fn.call_function(self, args, kwargs))  # type: ignore[arg-type]
W0528 23:43:40.908000 27 site-packages/torch/_dynamo/convert_frame.py:1125]               ^^^^^^^^^^^^^^^^^^^^^^^^^^^^^^^^^^^^
W0528 23:43:40.908000 27 site-packages/torch/_dynamo/convert_frame.py:1125]   File "/usr/local/lib/python3.12/site-packages/torch/_dynamo/variables/misc.py", line 1024, in call_function
W0528 23:43:40.908000 27 site-packages/torch/_dynamo/convert_frame.py:1125]     return self.obj.call_method(tx, self.name, args, kwargs)
W0528 23:43:40.908000 27 site-packages/torch/_dynamo/convert_frame.py:1125]            ^^^^^^^^^^^^^^^^^^^^^^^^^^^^^^^^^^^^^^^^^^^^^^^^^
W0528 23:43:40.908000 27 site-packages/torch/_dynamo/convert_frame.py:1125]   File "/usr/local/lib/python3.12/site-packages/torch/_dynamo/variables/tensor.py", line 535, in call_method
W0528 23:43:40.908000 27 site-packages/torch/_dynamo/convert_frame.py:1125]     return wrap_fx_proxy(
W0528 23:43:40.908000 27 site-packages/torch/_dynamo/convert_frame.py:1125]            ^^^^^^^^^^^^^^
W0528 23:43:40.908000 27 site-packages/torch/_dynamo/convert_frame.py:1125]   File "/usr/local/lib/python3.12/site-packages/torch/_dynamo/variables/builder.py", line 2037, in wrap_fx_proxy
W0528 23:43:40.908000 27 site-packages/torch/_dynamo/convert_frame.py:1125]     return wrap_fx_proxy_cls(target_cls=TensorVariable, **kwargs)
W0528 23:43:40.908000 27 site-packages/torch/_dynamo/convert_frame.py:1125]            ^^^^^^^^^^^^^^^^^^^^^^^^^^^^^^^^^^^^^^^^^^^^^^^^^^^^^^
W0528 23:43:40.908000 27 site-packages/torch/_dynamo/convert_frame.py:1125]   File "/usr/local/lib/python3.12/site-packages/torch/_dynamo/variables/builder.py", line 2124, in wrap_fx_proxy_cls
W0528 23:43:40.908000 27 site-packages/torch/_dynamo/convert_frame.py:1125]     example_value = get_fake_value(proxy.node, tx, allow_non_graph_fake=True)
W0528 23:43:40.908000 27 site-packages/torch/_dynamo/convert_frame.py:1125]                     ^^^^^^^^^^^^^^^^^^^^^^^^^^^^^^^^^^^^^^^^^^^^^^^^^^^^^^^^^
W0528 23:43:40.908000 27 site-packages/torch/_dynamo/convert_frame.py:1125]   File "/usr/local/lib/python3.12/site-packages/torch/_dynamo/utils.py", line 2082, in get_fake_value
W0528 23:43:40.908000 27 site-packages/torch/_dynamo/convert_frame.py:1125]     raise TorchRuntimeError(str(e)).with_traceback(e.__traceback__) from None
W0528 23:43:40.908000 27 site-packages/torch/_dynamo/convert_frame.py:1125]   File "/usr/local/lib/python3.12/site-packages/torch/_dynamo/utils.py", line 2017, in get_fake_value
W0528 23:43:40.908000 27 site-packages/torch/_dynamo/convert_frame.py:1125]     ret_val = wrap_fake_exception(
W0528 23:43:40.908000 27 site-packages/torch/_dynamo/convert_frame.py:1125]               ^^^^^^^^^^^^^^^^^^^^
W0528 23:43:40.908000 27 site-packages/torch/_dynamo/convert_frame.py:1125]   File "/usr/local/lib/python3.12/site-packages/torch/_dynamo/utils.py", line 1574, in wrap_fake_exception
W0528 23:43:40.908000 27 site-packages/torch/_dynamo/convert_frame.py:1125]     return fn()
W0528 23:43:40.908000 27 site-packages/torch/_dynamo/convert_frame.py:1125]            ^^^^
W0528 23:43:40.908000 27 site-packages/torch/_dynamo/convert_frame.py:1125]   File "/usr/local/lib/python3.12/site-packages/torch/_dynamo/utils.py", line 2018, in <lambda>
W0528 23:43:40.908000 27 site-packages/torch/_dynamo/convert_frame.py:1125]     lambda: run_node(tx.output, node, args, kwargs, nnmodule)
W0528 23:43:40.908000 27 site-packages/torch/_dynamo/convert_frame.py:1125]             ^^^^^^^^^^^^^^^^^^^^^^^^^^^^^^^^^^^^^^^^^^^^^^^^^
W0528 23:43:40.908000 27 site-packages/torch/_dynamo/convert_frame.py:1125]   File "/usr/local/lib/python3.12/site-packages/torch/_dynamo/utils.py", line 2150, in run_node
W0528 23:43:40.908000 27 site-packages/torch/_dynamo/convert_frame.py:1125]     raise RuntimeError(make_error_message(e)).with_traceback(
W0528 23:43:40.908000 27 site-packages/torch/_dynamo/convert_frame.py:1125]   File "/usr/local/lib/python3.12/site-packages/torch/_dynamo/utils.py", line 2134, in run_node
W0528 23:43:40.908000 27 site-packages/torch/_dynamo/convert_frame.py:1125]     return getattr(args[0], node.target)(*args[1:], **kwargs)
W0528 23:43:40.908000 27 site-packages/torch/_dynamo/convert_frame.py:1125]            ^^^^^^^^^^^^^^^^^^^^^^^^^^^^^^^^^^^^^^^^^^^^^^^^^^
W0528 23:43:40.908000 27 site-packages/torch/_dynamo/convert_frame.py:1125]   File "/usr/local/lib/python3.12/site-packages/torch/utils/_stats.py", line 21, in wrapper
W0528 23:43:40.908000 27 site-packages/torch/_dynamo/convert_frame.py:1125]     return fn(*args, **kwargs)
W0528 23:43:40.908000 27 site-packages/torch/_dynamo/convert_frame.py:1125]            ^^^^^^^^^^^^^^^^^^^
W0528 23:43:40.908000 27 site-packages/torch/_dynamo/convert_frame.py:1125]   File "/usr/local/lib/python3.12/site-packages/torch/_subclasses/fake_tensor.py", line 1238, in __torch_dispatch__
W0528 23:43:40.908000 27 site-packages/torch/_dynamo/convert_frame.py:1125]     return self.dispatch(func, types, args, kwargs)
W0528 23:43:40.908000 27 site-packages/torch/_dynamo/convert_frame.py:1125]            ^^^^^^^^^^^^^^^^^^^^^^^^^^^^^^^^^^^^^^^^
W0528 23:43:40.908000 27 site-packages/torch/_dynamo/convert_frame.py:1125]   File "/usr/local/lib/python3.12/site-packages/torch/_subclasses/fake_tensor.py", line 1692, in dispatch
W0528 23:43:40.908000 27 site-packages/torch/_dynamo/convert_frame.py:1125]     return self._cached_dispatch_impl(func, types, args, kwargs)
W0528 23:43:40.908000 27 site-packages/torch/_dynamo/convert_frame.py:1125]            ^^^^^^^^^^^^^^^^^^^^^^^^^^^^^^^^^^^^^^^^^^^^^^^^^^^^^
W0528 23:43:40.908000 27 site-packages/torch/_dynamo/convert_frame.py:1125]   File "/usr/local/lib/python3.12/site-packages/torch/_subclasses/fake_tensor.py", line 1339, in _cached_dispatch_impl
W0528 23:43:40.908000 27 site-packages/torch/_dynamo/convert_frame.py:1125]     output = self._dispatch_impl(func, types, args, kwargs)
W0528 23:43:40.908000 27 site-packages/torch/_dynamo/convert_frame.py:1125]              ^^^^^^^^^^^^^^^^^^^^^^^^^^^^^^^^^^^^^^^^^^^^^^
W0528 23:43:40.908000 27 site-packages/torch/_dynamo/convert_frame.py:1125]   File "/usr/local/lib/python3.12/site-packages/torch/_subclasses/fake_tensor.py", line 2013, in _dispatch_impl
W0528 23:43:40.908000 27 site-packages/torch/_dynamo/convert_frame.py:1125]     r = func(*args, **kwargs)
W0528 23:43:40.908000 27 site-packages/torch/_dynamo/convert_frame.py:1125]         ^^^^^^^^^^^^^^^^^^^^^
W0528 23:43:40.908000 27 site-packages/torch/_dynamo/convert_frame.py:1125]   File "/usr/local/lib/python3.12/site-packages/torch/_ops.py", line 716, in __call__
W0528 23:43:40.908000 27 site-packages/torch/_dynamo/convert_frame.py:1125]     return self._op(*args, **kwargs)
W0528 23:43:40.908000 27 site-packages/torch/_dynamo/convert_frame.py:1125]            ^^^^^^^^^^^^^^^^^^^^^^^^^
W0528 23:43:40.908000 27 site-packages/torch/_dynamo/convert_frame.py:1125]   File "/usr/local/lib/python3.12/site-packages/torch/_refs/__init__.py", line 2476, in mean
W0528 23:43:40.908000 27 site-packages/torch/_dynamo/convert_frame.py:1125]     result = _reduction(
W0528 23:43:40.908000 27 site-packages/torch/_dynamo/convert_frame.py:1125]              ^^^^^^^^^^^
W0528 23:43:40.908000 27 site-packages/torch/_dynamo/convert_frame.py:1125]   File "/usr/local/lib/python3.12/site-packages/torch/_refs/__init__.py", line 2171, in _reduction
W0528 23:43:40.908000 27 site-packages/torch/_dynamo/convert_frame.py:1125]     dims = utils.reduction_dims(a.shape, dims)
W0528 23:43:40.908000 27 site-packages/torch/_dynamo/convert_frame.py:1125]            ^^^^^^^^^^^^^^^^^^^^^^^^^^^^^^^^^^^
W0528 23:43:40.908000 27 site-packages/torch/_dynamo/convert_frame.py:1125]   File "/usr/local/lib/python3.12/site-packages/torch/_prims_common/__init__.py", line 1713, in reduction_dims
W0528 23:43:40.908000 27 site-packages/torch/_dynamo/convert_frame.py:1125]     dims = tuple(canonicalize_dim(len(shape), idx) for idx in dims)
W0528 23:43:40.908000 27 site-packages/torch/_dynamo/convert_frame.py:1125]            ^^^^^^^^^^^^^^^^^^^^^^^^^^^^^^^^^^^^^^^^^^^^^^^^^^^^^^^^
W0528 23:43:40.908000 27 site-packages/torch/_dynamo/convert_frame.py:1125]   File "/usr/local/lib/python3.12/site-packages/torch/_prims_common/__init__.py", line 1713, in <genexpr>
W0528 23:43:40.908000 27 site-packages/torch/_dynamo/convert_frame.py:1125]     dims = tuple(canonicalize_dim(len(shape), idx) for idx in dims)
W0528 23:43:40.908000 27 site-packages/torch/_dynamo/convert_frame.py:1125]                  ^^^^^^^^^^^^^^^^^^^^^^^^^^^^^^^^^
W0528 23:43:40.908000 27 site-packages/torch/_dynamo/convert_frame.py:1125]   File "/usr/local/lib/python3.12/site-packages/torch/_prims_common/__init__.py", line 663, in canonicalize_dim
W0528 23:43:40.908000 27 site-packages/torch/_dynamo/convert_frame.py:1125]     raise IndexError(msg)
W0528 23:43:40.908000 27 site-packages/torch/_dynamo/convert_frame.py:1125] torch._dynamo.exc.TorchRuntimeError: Failed running call_method mean(*(FakeTensor(..., device='cuda:0', size=(2, 3, 5)),), **{'dim': (-5,), 'keepdim': True}):
W0528 23:43:40.908000 27 site-packages/torch/_dynamo/convert_frame.py:1125] Dimension out of range (expected to be in range of [-3, 2], but got -5)
W0528 23:43:40.908000 27 site-packages/torch/_dynamo/convert_frame.py:1125] 
W0528 23:43:40.908000 27 site-packages/torch/_dynamo/convert_frame.py:1125] from user code:
W0528 23:43:40.908000 27 site-packages/torch/_dynamo/convert_frame.py:1125]    File "/data/results/lmstudio_prompt12_general_router_20260528-152031/call_acc/fused_bmm_rmsnorm_gelu_dropout_sub.py", line 31, in _fused_bmm_rmsnorm_gelu_dropout_sub_impl
W0528 23:43:40.908000 27 site-packages/torch/_dynamo/convert_frame.py:1125]     mean = squared.mean(dim=norm_dims, keepdim=True)
W0528 23:43:40.908000 27 site-packages/torch/_dynamo/convert_frame.py:1125] 
W0528 23:43:40.908000 27 site-packages/torch/_dynamo/convert_frame.py:1125] Set TORCH_LOGS="+dynamo" and TORCHDYNAMO_VERBOSE=1 for more information
W0528 23:43:40.908000 27 site-packages/torch/_dynamo/convert_frame.py:1125] 
Traceback (most recent call last):
  File "/data/results/lmstudio_prompt12_general_router_20260528-152031/call_acc/fused_bmm_rmsnorm_gelu_dropout_sub.py", line 55, in fused_bmm_rmsnorm_gelu_dropout_sub
    y = _fused_bmm_rmsnorm_gelu_dropout_sub_fast(input1, input2, other, normalized_shape, dropout_p=dropout_p, training=training, approximate=approximate, eps=eps)
        ^^^^^^^^^^^^^^^^^^^^^^^^^^^^^^^^^^^^^^^^^^^^^^^^^^^^^^^^^^^^^^^^^^^^^^^^^^^^^^^^^^^^^^^^^^^^^^^^^^^^^^^^^^^^^^^^^^^^^^^^^^^^^^^^^^^^^^^^^^^^^^^^^^^^^^^^^^^
  File "/usr/local/lib/python3.12/site-packages/torch/_dynamo/eval_frame.py", line 465, in _fn
    return fn(*args, **kwargs)
           ^^^^^^^^^^^^^^^^^^^
  File "/data/results/lmstudio_prompt12_general_router_20260528-152031/call_acc/fused_bmm_rmsnorm_gelu_dropout_sub.py", line 31, in _fused_bmm_rmsnorm_gelu_dropout_sub_impl
    mean = squared.mean(dim=norm_dims, keepdim=True)
           ^^^^^^^^^^^^^^^^^^^^^^^^^^^^^^^^^^^^^^^^^
IndexError: Dimension out of range (expected to be in range of [-3, 2], but got -5)

During handling of the above exception, another exception occurred:

Traceback (most recent call last):
  File "/data/results/lmstudio_prompt12_general_router_20260528-152031/call_acc/fused_bmm_rmsnorm_gelu_dropout_sub.py", line 95, in <module>
    test_results = test_fused_bmm_rmsnorm_gelu_dropout_sub()
                   ^^^^^^^^^^^^^^^^^^^^^^^^^^^^^^^^^^^^^^^^^
  File "/data/results/lmstudio_prompt12_general_router_20260528-152031/call_acc/fused_bmm_rmsnorm_gelu_dropout_sub.py", line 79, in test_fused_bmm_rmsnorm_gelu_dropout_sub
    results["test_case_1"] = fused_bmm_rmsnorm_gelu_dropout_sub(input1, input2, other, normalized_shape)
                             ^^^^^^^^^^^^^^^^^^^^^^^^^^^^^^^^^^^^^^^^^^^^^^^^^^^^^^^^^^^^^^^^^^^^^^^^^^^
  File "/data/results/lmstudio_prompt12_general_router_20260528-152031/call_acc/fused_bmm_rmsnorm_gelu_dropout_sub.py", line 57, in fused_bmm_rmsnorm_gelu_dropout_sub
    y = _fused_bmm_rmsnorm_gelu_dropout_sub_impl(input1, input2, other, normalized_shape, dropout_p=dropout_p, training=training, approximate=approximate, eps=eps)
        ^^^^^^^^^^^^^^^^^^^^^^^^^^^^^^^^^^^^^^^^^^^^^^^^^^^^^^^^^^^^^^^^^^^^^^^^^^^^^^^^^^^^^^^^^^^^^^^^^^^^^^^^^^^^^^^^^^^^^^^^^^^^^^^^^^^^^^^^^^^^^^^^^^^^^^^^^^^
  File "/data/results/lmstudio_prompt12_general_router_20260528-152031/call_acc/fused_bmm_rmsnorm_gelu_dropout_sub.py", line 31, in _fused_bmm_rmsnorm_gelu_dropout_sub_impl
    mean = squared.mean(dim=norm_dims, keepdim=True)
           ^^^^^^^^^^^^^^^^^^^^^^^^^^^^^^^^^^^^^^^^^
IndexError: Dimension out of range (expected to be in range of [-3, 2], but got -5)

=== Output for div.py on GPU 0 ===

=== Errors for div.py on GPU 0 ===

=== Output for sigmoid_conv2d.py on GPU 0 ===

=== Errors for sigmoid_conv2d.py on GPU 0 ===
W0528 23:44:01.425000 35 site-packages/torch/_inductor/utils.py:1048] [0/0] Not enough SMs to use max_autotune_gemm mode

=== Output for solve_multiple_lu.py on GPU 0 ===

=== Errors for solve_multiple_lu.py on GPU 0 ===
Traceback (most recent call last):
  File "/data/results/lmstudio_prompt12_general_router_20260528-152031/call_acc/solve_multiple_lu.py", line 60, in <module>
    test_results = test_solve_multiple_lu()
                   ^^^^^^^^^^^^^^^^^^^^^^^^
  File "/data/results/lmstudio_prompt12_general_router_20260528-152031/call_acc/solve_multiple_lu.py", line 41, in test_solve_multiple_lu
    results["test_case_1"] = solve_multiple_lu(A1, Bs1)
                             ^^^^^^^^^^^^^^^^^^^^^^^^^^
  File "/data/results/lmstudio_prompt12_general_router_20260528-152031/call_acc/solve_multiple_lu.py", line 23, in solve_multiple_lu
    y = torch.linalg.lu_solve(LU, pivots, Bs, pivot=pivot)
        ^^^^^^^^^^^^^^^^^^^^^^^^^^^^^^^^^^^^^^^^^^^^^^^^^^
TypeError: linalg_lu_solve() got an unexpected keyword argument 'pivot'

=== Output for tanh.py on GPU 0 ===

=== Errors for tanh.py on GPU 0 ===

=== Output for relu_sqrt.py on GPU 0 ===

=== Errors for relu_sqrt.py on GPU 0 ===

=== Output for sqrt.py on GPU 0 ===

=== Errors for sqrt.py on GPU 0 ===

=== Output for sigmoid_argmax.py on GPU 0 ===

=== Errors for sigmoid_argmax.py on GPU 0 ===

=== Output for sub.py on GPU 0 ===

=== Errors for sub.py on GPU 0 ===

=== Output for grid_sample.py on GPU 0 ===

=== Errors for grid_sample.py on GPU 0 ===

=== Output for svd.py on GPU 0 ===

=== Errors for svd.py on GPU 0 ===
Traceback (most recent call last):
  File "/data/results/lmstudio_prompt12_general_router_20260528-152031/call_acc/svd.py", line 61, in <module>
    test_results = test_svd()
                   ^^^^^^^^^^
  File "/data/results/lmstudio_prompt12_general_router_20260528-152031/call_acc/svd.py", line 41, in test_svd
    U1, S1, Vh1 = svd(A1, full_matrices=True)
                  ^^^
NameError: name 'svd' is not defined

=== Output for i0.py on GPU 0 ===

=== Errors for i0.py on GPU 0 ===

=== Output for rsqrt.py on GPU 0 ===

=== Errors for rsqrt.py on GPU 0 ===

=== Output for dropout_relu_batch_norm_conv2d.py on GPU 0 ===

=== Errors for dropout_relu_batch_norm_conv2d.py on GPU 0 ===
Traceback (most recent call last):
  File "/data/results/lmstudio_prompt12_general_router_20260528-152031/call_acc/dropout_relu_batch_norm_conv2d.py", line 31, in <module>
    test_results = test_dropout_relu_batch_norm_conv2d()
                   ^^^^^^^^^^^^^^^^^^^^^^^^^^^^^^^^^^^^^
  File "/data/results/lmstudio_prompt12_general_router_20260528-152031/call_acc/dropout_relu_batch_norm_conv2d.py", line 12, in test_dropout_relu_batch_norm_conv2d
    input_tensor = torch.randn(1, 3, 8, 8, device='cuda')
                   ^^^^^
NameError: name 'torch' is not defined

=== Output for fused_mv_logsoftmax_dropout.py on GPU 0 ===

=== Errors for fused_mv_logsoftmax_dropout.py on GPU 0 ===
Traceback (most recent call last):
  File "/data/results/lmstudio_prompt12_general_router_20260528-152031/call_acc/fused_mv_logsoftmax_dropout.py", line 35, in <module>
    test_results = test_fused_mv_logsoftmax_dropout()
                   ^^^^^^^^^^^^^^^^^^^^^^^^^^^^^^^^^^
  File "/data/results/lmstudio_prompt12_general_router_20260528-152031/call_acc/fused_mv_logsoftmax_dropout.py", line 16, in test_fused_mv_logsoftmax_dropout
    results["test_case_1"] = fused_mv_logsoftmax_dropout(input1, vec1)
                             ^^^^^^^^^^^^^^^^^^^^^^^^^^^
NameError: name 'fused_mv_logsoftmax_dropout' is not defined. Did you mean: 'test_fused_mv_logsoftmax_dropout'?

=== Output for add.py on GPU 0 ===

=== Errors for add.py on GPU 0 ===

=== Output for fused_silu_layer_norm_conv2d.py on GPU 0 ===

=== Errors for fused_silu_layer_norm_conv2d.py on GPU 0 ===
E0528 23:45:30.916000 233 site-packages/torch/_subclasses/fake_tensor.py:2017] [0/0] failed while attempting to run meta for aten.native_layer_norm.default
E0528 23:45:30.916000 233 site-packages/torch/_subclasses/fake_tensor.py:2017] [0/0] Traceback (most recent call last):
E0528 23:45:30.916000 233 site-packages/torch/_subclasses/fake_tensor.py:2017] [0/0]   File "/usr/local/lib/python3.12/site-packages/torch/_subclasses/fake_tensor.py", line 2013, in _dispatch_impl
E0528 23:45:30.916000 233 site-packages/torch/_subclasses/fake_tensor.py:2017] [0/0]     r = func(*args, **kwargs)
E0528 23:45:30.916000 233 site-packages/torch/_subclasses/fake_tensor.py:2017] [0/0]         ^^^^^^^^^^^^^^^^^^^^^
E0528 23:45:30.916000 233 site-packages/torch/_subclasses/fake_tensor.py:2017] [0/0]   File "/usr/local/lib/python3.12/site-packages/torch/_ops.py", line 716, in __call__
E0528 23:45:30.916000 233 site-packages/torch/_subclasses/fake_tensor.py:2017] [0/0]     return self._op(*args, **kwargs)
E0528 23:45:30.916000 233 site-packages/torch/_subclasses/fake_tensor.py:2017] [0/0]            ^^^^^^^^^^^^^^^^^^^^^^^^^
E0528 23:45:30.916000 233 site-packages/torch/_subclasses/fake_tensor.py:2017] [0/0]   File "/usr/local/lib/python3.12/site-packages/torch/_decomp/__init__.py", line 88, in _fn
E0528 23:45:30.916000 233 site-packages/torch/_subclasses/fake_tensor.py:2017] [0/0]     return f(*args, **kwargs, out=None if is_none else out_kwargs)
E0528 23:45:30.916000 233 site-packages/torch/_subclasses/fake_tensor.py:2017] [0/0]            ^^^^^^^^^^^^^^^^^^^^^^^^^^^^^^^^^^^^^^^^^^^^^^^^^^^^^^^
E0528 23:45:30.916000 233 site-packages/torch/_subclasses/fake_tensor.py:2017] [0/0]   File "/usr/local/lib/python3.12/site-packages/torch/_prims_common/wrappers.py", line 273, in _fn
E0528 23:45:30.916000 233 site-packages/torch/_subclasses/fake_tensor.py:2017] [0/0]     result = fn(*args, **kwargs)
E0528 23:45:30.916000 233 site-packages/torch/_subclasses/fake_tensor.py:2017] [0/0]              ^^^^^^^^^^^^^^^^^^^
E0528 23:45:30.916000 233 site-packages/torch/_subclasses/fake_tensor.py:2017] [0/0]   File "/usr/local/lib/python3.12/site-packages/torch/_refs/__init__.py", line 3223, in native_layer_norm
E0528 23:45:30.916000 233 site-packages/torch/_subclasses/fake_tensor.py:2017] [0/0]     torch._check(
E0528 23:45:30.916000 233 site-packages/torch/_subclasses/fake_tensor.py:2017] [0/0]   File "/usr/local/lib/python3.12/site-packages/torch/__init__.py", line 1564, in _check
E0528 23:45:30.916000 233 site-packages/torch/_subclasses/fake_tensor.py:2017] [0/0]     _check_with(RuntimeError, cond, message)
E0528 23:45:30.916000 233 site-packages/torch/_subclasses/fake_tensor.py:2017] [0/0]   File "/usr/local/lib/python3.12/site-packages/torch/__init__.py", line 1546, in _check_with
E0528 23:45:30.916000 233 site-packages/torch/_subclasses/fake_tensor.py:2017] [0/0]     raise error_type(message_evaluated)
E0528 23:45:30.916000 233 site-packages/torch/_subclasses/fake_tensor.py:2017] [0/0] RuntimeError: Given normalized_shape=[6], expected input with shape [6], but got input of size torch.Size([1, 6, 3, 3])
W0528 23:45:30.926000 233 site-packages/torch/_dynamo/convert_frame.py:1125] WON'T CONVERT _fused_silu_layer_norm_conv2d_impl /data/results/lmstudio_prompt12_general_router_20260528-152031/call_acc/fused_silu_layer_norm_conv2d.py line 22 
W0528 23:45:30.926000 233 site-packages/torch/_dynamo/convert_frame.py:1125] due to: 
W0528 23:45:30.926000 233 site-packages/torch/_dynamo/convert_frame.py:1125] Traceback (most recent call last):
W0528 23:45:30.926000 233 site-packages/torch/_dynamo/convert_frame.py:1125]   File "/usr/local/lib/python3.12/site-packages/torch/_dynamo/convert_frame.py", line 1064, in __call__
W0528 23:45:30.926000 233 site-packages/torch/_dynamo/convert_frame.py:1125]     result = self._inner_convert(
W0528 23:45:30.926000 233 site-packages/torch/_dynamo/convert_frame.py:1125]              ^^^^^^^^^^^^^^^^^^^^
W0528 23:45:30.926000 233 site-packages/torch/_dynamo/convert_frame.py:1125]   File "/usr/local/lib/python3.12/site-packages/torch/_dynamo/convert_frame.py", line 526, in __call__
W0528 23:45:30.926000 233 site-packages/torch/_dynamo/convert_frame.py:1125]     return _compile(
W0528 23:45:30.926000 233 site-packages/torch/_dynamo/convert_frame.py:1125]            ^^^^^^^^^
W0528 23:45:30.926000 233 site-packages/torch/_dynamo/convert_frame.py:1125]   File "/usr/local/lib/python3.12/site-packages/torch/_dynamo/convert_frame.py", line 924, in _compile
W0528 23:45:30.926000 233 site-packages/torch/_dynamo/convert_frame.py:1125]     guarded_code = compile_inner(code, one_graph, hooks, transform)
W0528 23:45:30.926000 233 site-packages/torch/_dynamo/convert_frame.py:1125]                    ^^^^^^^^^^^^^^^^^^^^^^^^^^^^^^^^^^^^^^^^^^^^^^^^
W0528 23:45:30.926000 233 site-packages/torch/_dynamo/convert_frame.py:1125]   File "/usr/local/lib/python3.12/site-packages/torch/_dynamo/convert_frame.py", line 666, in compile_inner
W0528 23:45:30.926000 233 site-packages/torch/_dynamo/convert_frame.py:1125]     return _compile_inner(code, one_graph, hooks, transform)
W0528 23:45:30.926000 233 site-packages/torch/_dynamo/convert_frame.py:1125]            ^^^^^^^^^^^^^^^^^^^^^^^^^^^^^^^^^^^^^^^^^^^^^^^^^
W0528 23:45:30.926000 233 site-packages/torch/_dynamo/convert_frame.py:1125]   File "/usr/local/lib/python3.12/site-packages/torch/_utils_internal.py", line 87, in wrapper_function
W0528 23:45:30.926000 233 site-packages/torch/_dynamo/convert_frame.py:1125]     return function(*args, **kwargs)
W0528 23:45:30.926000 233 site-packages/torch/_dynamo/convert_frame.py:1125]            ^^^^^^^^^^^^^^^^^^^^^^^^^
W0528 23:45:30.926000 233 site-packages/torch/_dynamo/convert_frame.py:1125]   File "/usr/local/lib/python3.12/site-packages/torch/_dynamo/convert_frame.py", line 699, in _compile_inner
W0528 23:45:30.926000 233 site-packages/torch/_dynamo/convert_frame.py:1125]     out_code = transform_code_object(code, transform)
W0528 23:45:30.926000 233 site-packages/torch/_dynamo/convert_frame.py:1125]                ^^^^^^^^^^^^^^^^^^^^^^^^^^^^^^^^^^^^^^
W0528 23:45:30.926000 233 site-packages/torch/_dynamo/convert_frame.py:1125]   File "/usr/local/lib/python3.12/site-packages/torch/_dynamo/bytecode_transformation.py", line 1322, in transform_code_object
W0528 23:45:30.926000 233 site-packages/torch/_dynamo/convert_frame.py:1125]     transformations(instructions, code_options)
W0528 23:45:30.926000 233 site-packages/torch/_dynamo/convert_frame.py:1125]   File "/usr/local/lib/python3.12/site-packages/torch/_dynamo/convert_frame.py", line 219, in _fn
W0528 23:45:30.926000 233 site-packages/torch/_dynamo/convert_frame.py:1125]     return fn(*args, **kwargs)
W0528 23:45:30.926000 233 site-packages/torch/_dynamo/convert_frame.py:1125]            ^^^^^^^^^^^^^^^^^^^
W0528 23:45:30.926000 233 site-packages/torch/_dynamo/convert_frame.py:1125]   File "/usr/local/lib/python3.12/site-packages/torch/_dynamo/convert_frame.py", line 634, in transform
W0528 23:45:30.926000 233 site-packages/torch/_dynamo/convert_frame.py:1125]     tracer.run()
W0528 23:45:30.926000 233 site-packages/torch/_dynamo/convert_frame.py:1125]   File "/usr/local/lib/python3.12/site-packages/torch/_dynamo/symbolic_convert.py", line 2796, in run
W0528 23:45:30.926000 233 site-packages/torch/_dynamo/convert_frame.py:1125]     super().run()
W0528 23:45:30.926000 233 site-packages/torch/_dynamo/convert_frame.py:1125]   File "/usr/local/lib/python3.12/site-packages/torch/_dynamo/symbolic_convert.py", line 983, in run
W0528 23:45:30.926000 233 site-packages/torch/_dynamo/convert_frame.py:1125]     while self.step():
W0528 23:45:30.926000 233 site-packages/torch/_dynamo/convert_frame.py:1125]           ^^^^^^^^^^^
W0528 23:45:30.926000 233 site-packages/torch/_dynamo/convert_frame.py:1125]   File "/usr/local/lib/python3.12/site-packages/torch/_dynamo/symbolic_convert.py", line 895, in step
W0528 23:45:30.926000 233 site-packages/torch/_dynamo/convert_frame.py:1125]     self.dispatch_table[inst.opcode](self, inst)
W0528 23:45:30.926000 233 site-packages/torch/_dynamo/convert_frame.py:1125]   File "/usr/local/lib/python3.12/site-packages/torch/_dynamo/symbolic_convert.py", line 582, in wrapper
W0528 23:45:30.926000 233 site-packages/torch/_dynamo/convert_frame.py:1125]     return inner_fn(self, inst)
W0528 23:45:30.926000 233 site-packages/torch/_dynamo/convert_frame.py:1125]            ^^^^^^^^^^^^^^^^^^^^
W0528 23:45:30.926000 233 site-packages/torch/_dynamo/convert_frame.py:1125]   File "/usr/local/lib/python3.12/site-packages/torch/_dynamo/symbolic_convert.py", line 2279, in CALL
W0528 23:45:30.926000 233 site-packages/torch/_dynamo/convert_frame.py:1125]     self._call(inst)
W0528 23:45:30.926000 233 site-packages/torch/_dynamo/convert_frame.py:1125]   File "/usr/local/lib/python3.12/site-packages/torch/_dynamo/symbolic_convert.py", line 2273, in _call
W0528 23:45:30.926000 233 site-packages/torch/_dynamo/convert_frame.py:1125]     self.call_function(fn, args, kwargs)
W0528 23:45:30.926000 233 site-packages/torch/_dynamo/convert_frame.py:1125]   File "/usr/local/lib/python3.12/site-packages/torch/_dynamo/symbolic_convert.py", line 830, in call_function
W0528 23:45:30.926000 233 site-packages/torch/_dynamo/convert_frame.py:1125]     self.push(fn.call_function(self, args, kwargs))  # type: ignore[arg-type]
W0528 23:45:30.926000 233 site-packages/torch/_dynamo/convert_frame.py:1125]               ^^^^^^^^^^^^^^^^^^^^^^^^^^^^^^^^^^^^
W0528 23:45:30.926000 233 site-packages/torch/_dynamo/convert_frame.py:1125]   File "/usr/local/lib/python3.12/site-packages/torch/_dynamo/variables/torch.py", line 897, in call_function
W0528 23:45:30.926000 233 site-packages/torch/_dynamo/convert_frame.py:1125]     tensor_variable = wrap_fx_proxy(
W0528 23:45:30.926000 233 site-packages/torch/_dynamo/convert_frame.py:1125]                       ^^^^^^^^^^^^^^
W0528 23:45:30.926000 233 site-packages/torch/_dynamo/convert_frame.py:1125]   File "/usr/local/lib/python3.12/site-packages/torch/_dynamo/variables/builder.py", line 2037, in wrap_fx_proxy
W0528 23:45:30.926000 233 site-packages/torch/_dynamo/convert_frame.py:1125]     return wrap_fx_proxy_cls(target_cls=TensorVariable, **kwargs)
W0528 23:45:30.926000 233 site-packages/torch/_dynamo/convert_frame.py:1125]            ^^^^^^^^^^^^^^^^^^^^^^^^^^^^^^^^^^^^^^^^^^^^^^^^^^^^^^
W0528 23:45:30.926000 233 site-packages/torch/_dynamo/convert_frame.py:1125]   File "/usr/local/lib/python3.12/site-packages/torch/_dynamo/variables/builder.py", line 2124, in wrap_fx_proxy_cls
W0528 23:45:30.926000 233 site-packages/torch/_dynamo/convert_frame.py:1125]     example_value = get_fake_value(proxy.node, tx, allow_non_graph_fake=True)
W0528 23:45:30.926000 233 site-packages/torch/_dynamo/convert_frame.py:1125]                     ^^^^^^^^^^^^^^^^^^^^^^^^^^^^^^^^^^^^^^^^^^^^^^^^^^^^^^^^^
W0528 23:45:30.926000 233 site-packages/torch/_dynamo/convert_frame.py:1125]   File "/usr/local/lib/python3.12/site-packages/torch/_dynamo/utils.py", line 2082, in get_fake_value
W0528 23:45:30.926000 233 site-packages/torch/_dynamo/convert_frame.py:1125]     raise TorchRuntimeError(str(e)).with_traceback(e.__traceback__) from None
W0528 23:45:30.926000 233 site-packages/torch/_dynamo/convert_frame.py:1125]   File "/usr/local/lib/python3.12/site-packages/torch/_dynamo/utils.py", line 2017, in get_fake_value
W0528 23:45:30.926000 233 site-packages/torch/_dynamo/convert_frame.py:1125]     ret_val = wrap_fake_exception(
W0528 23:45:30.926000 233 site-packages/torch/_dynamo/convert_frame.py:1125]               ^^^^^^^^^^^^^^^^^^^^
W0528 23:45:30.926000 233 site-packages/torch/_dynamo/convert_frame.py:1125]   File "/usr/local/lib/python3.12/site-packages/torch/_dynamo/utils.py", line 1574, in wrap_fake_exception
W0528 23:45:30.926000 233 site-packages/torch/_dynamo/convert_frame.py:1125]     return fn()
W0528 23:45:30.926000 233 site-packages/torch/_dynamo/convert_frame.py:1125]            ^^^^
W0528 23:45:30.926000 233 site-packages/torch/_dynamo/convert_frame.py:1125]   File "/usr/local/lib/python3.12/site-packages/torch/_dynamo/utils.py", line 2018, in <lambda>
W0528 23:45:30.926000 233 site-packages/torch/_dynamo/convert_frame.py:1125]     lambda: run_node(tx.output, node, args, kwargs, nnmodule)
W0528 23:45:30.926000 233 site-packages/torch/_dynamo/convert_frame.py:1125]             ^^^^^^^^^^^^^^^^^^^^^^^^^^^^^^^^^^^^^^^^^^^^^^^^^
W0528 23:45:30.926000 233 site-packages/torch/_dynamo/convert_frame.py:1125]   File "/usr/local/lib/python3.12/site-packages/torch/_dynamo/utils.py", line 2150, in run_node
W0528 23:45:30.926000 233 site-packages/torch/_dynamo/convert_frame.py:1125]     raise RuntimeError(make_error_message(e)).with_traceback(
W0528 23:45:30.926000 233 site-packages/torch/_dynamo/convert_frame.py:1125]   File "/usr/local/lib/python3.12/site-packages/torch/_dynamo/utils.py", line 2132, in run_node
W0528 23:45:30.926000 233 site-packages/torch/_dynamo/convert_frame.py:1125]     return node.target(*args, **kwargs)
W0528 23:45:30.926000 233 site-packages/torch/_dynamo/convert_frame.py:1125]            ^^^^^^^^^^^^^^^^^^^^^^^^^^^^
W0528 23:45:30.926000 233 site-packages/torch/_dynamo/convert_frame.py:1125]   File "/usr/local/lib/python3.12/site-packages/torch/nn/functional.py", line 2900, in layer_norm
W0528 23:45:30.926000 233 site-packages/torch/_dynamo/convert_frame.py:1125]     return torch.layer_norm(
W0528 23:45:30.926000 233 site-packages/torch/_dynamo/convert_frame.py:1125]            ^^^^^^^^^^^^^^^^^
W0528 23:45:30.926000 233 site-packages/torch/_dynamo/convert_frame.py:1125]   File "/usr/local/lib/python3.12/site-packages/torch/utils/_stats.py", line 21, in wrapper
W0528 23:45:30.926000 233 site-packages/torch/_dynamo/convert_frame.py:1125]     return fn(*args, **kwargs)
W0528 23:45:30.926000 233 site-packages/torch/_dynamo/convert_frame.py:1125]            ^^^^^^^^^^^^^^^^^^^
W0528 23:45:30.926000 233 site-packages/torch/_dynamo/convert_frame.py:1125]   File "/usr/local/lib/python3.12/site-packages/torch/_subclasses/fake_tensor.py", line 1238, in __torch_dispatch__
W0528 23:45:30.926000 233 site-packages/torch/_dynamo/convert_frame.py:1125]     return self.dispatch(func, types, args, kwargs)
W0528 23:45:30.926000 233 site-packages/torch/_dynamo/convert_frame.py:1125]            ^^^^^^^^^^^^^^^^^^^^^^^^^^^^^^^^^^^^^^^^
W0528 23:45:30.926000 233 site-packages/torch/_dynamo/convert_frame.py:1125]   File "/usr/local/lib/python3.12/site-packages/torch/_subclasses/fake_tensor.py", line 1692, in dispatch
W0528 23:45:30.926000 233 site-packages/torch/_dynamo/convert_frame.py:1125]     return self._cached_dispatch_impl(func, types, args, kwargs)
W0528 23:45:30.926000 233 site-packages/torch/_dynamo/convert_frame.py:1125]            ^^^^^^^^^^^^^^^^^^^^^^^^^^^^^^^^^^^^^^^^^^^^^^^^^^^^^
W0528 23:45:30.926000 233 site-packages/torch/_dynamo/convert_frame.py:1125]   File "/usr/local/lib/python3.12/site-packages/torch/_subclasses/fake_tensor.py", line 1339, in _cached_dispatch_impl
W0528 23:45:30.926000 233 site-packages/torch/_dynamo/convert_frame.py:1125]     output = self._dispatch_impl(func, types, args, kwargs)
W0528 23:45:30.926000 233 site-packages/torch/_dynamo/convert_frame.py:1125]              ^^^^^^^^^^^^^^^^^^^^^^^^^^^^^^^^^^^^^^^^^^^^^^
W0528 23:45:30.926000 233 site-packages/torch/_dynamo/convert_frame.py:1125]   File "/usr/local/lib/python3.12/site-packages/torch/_subclasses/fake_tensor.py", line 2013, in _dispatch_impl
W0528 23:45:30.926000 233 site-packages/torch/_dynamo/convert_frame.py:1125]     r = func(*args, **kwargs)
W0528 23:45:30.926000 233 site-packages/torch/_dynamo/convert_frame.py:1125]         ^^^^^^^^^^^^^^^^^^^^^
W0528 23:45:30.926000 233 site-packages/torch/_dynamo/convert_frame.py:1125]   File "/usr/local/lib/python3.12/site-packages/torch/_ops.py", line 716, in __call__
W0528 23:45:30.926000 233 site-packages/torch/_dynamo/convert_frame.py:1125]     return self._op(*args, **kwargs)
W0528 23:45:30.926000 233 site-packages/torch/_dynamo/convert_frame.py:1125]            ^^^^^^^^^^^^^^^^^^^^^^^^^
W0528 23:45:30.926000 233 site-packages/torch/_dynamo/convert_frame.py:1125]   File "/usr/local/lib/python3.12/site-packages/torch/_decomp/__init__.py", line 88, in _fn
W0528 23:45:30.926000 233 site-packages/torch/_dynamo/convert_frame.py:1125]     return f(*args, **kwargs, out=None if is_none else out_kwargs)
W0528 23:45:30.926000 233 site-packages/torch/_dynamo/convert_frame.py:1125]            ^^^^^^^^^^^^^^^^^^^^^^^^^^^^^^^^^^^^^^^^^^^^^^^^^^^^^^^
W0528 23:45:30.926000 233 site-packages/torch/_dynamo/convert_frame.py:1125]   File "/usr/local/lib/python3.12/site-packages/torch/_prims_common/wrappers.py", line 273, in _fn
W0528 23:45:30.926000 233 site-packages/torch/_dynamo/convert_frame.py:1125]     result = fn(*args, **kwargs)
W0528 23:45:30.926000 233 site-packages/torch/_dynamo/convert_frame.py:1125]              ^^^^^^^^^^^^^^^^^^^
W0528 23:45:30.926000 233 site-packages/torch/_dynamo/convert_frame.py:1125]   File "/usr/local/lib/python3.12/site-packages/torch/_refs/__init__.py", line 3223, in native_layer_norm
W0528 23:45:30.926000 233 site-packages/torch/_dynamo/convert_frame.py:1125]     torch._check(
W0528 23:45:30.926000 233 site-packages/torch/_dynamo/convert_frame.py:1125]   File "/usr/local/lib/python3.12/site-packages/torch/__init__.py", line 1564, in _check
W0528 23:45:30.926000 233 site-packages/torch/_dynamo/convert_frame.py:1125]     _check_with(RuntimeError, cond, message)
W0528 23:45:30.926000 233 site-packages/torch/_dynamo/convert_frame.py:1125]   File "/usr/local/lib/python3.12/site-packages/torch/__init__.py", line 1546, in _check_with
W0528 23:45:30.926000 233 site-packages/torch/_dynamo/convert_frame.py:1125]     raise error_type(message_evaluated)
W0528 23:45:30.926000 233 site-packages/torch/_dynamo/convert_frame.py:1125] torch._dynamo.exc.TorchRuntimeError: Failed running call_function <function layer_norm at 0x2aee9b8ce2a0>(*(FakeTensor(..., device='cuda:0', size=(1, 6, 3, 3)), (6,)), **{'weight': None, 'bias': None, 'eps': 1e-05}):
W0528 23:45:30.926000 233 site-packages/torch/_dynamo/convert_frame.py:1125] Given normalized_shape=[6], expected input with shape [6], but got input of size torch.Size([1, 6, 3, 3])
W0528 23:45:30.926000 233 site-packages/torch/_dynamo/convert_frame.py:1125] 
W0528 23:45:30.926000 233 site-packages/torch/_dynamo/convert_frame.py:1125] from user code:
W0528 23:45:30.926000 233 site-packages/torch/_dynamo/convert_frame.py:1125]    File "/data/results/lmstudio_prompt12_general_router_20260528-152031/call_acc/fused_silu_layer_norm_conv2d.py", line 32, in _fused_silu_layer_norm_conv2d_impl
W0528 23:45:30.926000 233 site-packages/torch/_dynamo/convert_frame.py:1125]     ln_out = F.layer_norm(conv_out, normalized_shape, weight=w, bias=None, eps=ln_eps)
W0528 23:45:30.926000 233 site-packages/torch/_dynamo/convert_frame.py:1125] 
W0528 23:45:30.926000 233 site-packages/torch/_dynamo/convert_frame.py:1125] Set TORCH_LOGS="+dynamo" and TORCHDYNAMO_VERBOSE=1 for more information
W0528 23:45:30.926000 233 site-packages/torch/_dynamo/convert_frame.py:1125] 
W0528 23:45:30.926000 233 site-packages/torch/_dynamo/convert_frame.py:1125] Traceback (most recent call last):
W0528 23:45:30.926000 233 site-packages/torch/_dynamo/convert_frame.py:1125]   File "/usr/local/lib/python3.12/site-packages/torch/_dynamo/convert_frame.py", line 1064, in __call__
W0528 23:45:30.926000 233 site-packages/torch/_dynamo/convert_frame.py:1125]     result = self._inner_convert(
W0528 23:45:30.926000 233 site-packages/torch/_dynamo/convert_frame.py:1125]              ^^^^^^^^^^^^^^^^^^^^
W0528 23:45:30.926000 233 site-packages/torch/_dynamo/convert_frame.py:1125]   File "/usr/local/lib/python3.12/site-packages/torch/_dynamo/convert_frame.py", line 526, in __call__
W0528 23:45:30.926000 233 site-packages/torch/_dynamo/convert_frame.py:1125]     return _compile(
W0528 23:45:30.926000 233 site-packages/torch/_dynamo/convert_frame.py:1125]            ^^^^^^^^^
W0528 23:45:30.926000 233 site-packages/torch/_dynamo/convert_frame.py:1125]   File "/usr/local/lib/python3.12/site-packages/torch/_dynamo/convert_frame.py", line 924, in _compile
W0528 23:45:30.926000 233 site-packages/torch/_dynamo/convert_frame.py:1125]     guarded_code = compile_inner(code, one_graph, hooks, transform)
W0528 23:45:30.926000 233 site-packages/torch/_dynamo/convert_frame.py:1125]                    ^^^^^^^^^^^^^^^^^^^^^^^^^^^^^^^^^^^^^^^^^^^^^^^^
W0528 23:45:30.926000 233 site-packages/torch/_dynamo/convert_frame.py:1125]   File "/usr/local/lib/python3.12/site-packages/torch/_dynamo/convert_frame.py", line 666, in compile_inner
W0528 23:45:30.926000 233 site-packages/torch/_dynamo/convert_frame.py:1125]     return _compile_inner(code, one_graph, hooks, transform)
W0528 23:45:30.926000 233 site-packages/torch/_dynamo/convert_frame.py:1125]            ^^^^^^^^^^^^^^^^^^^^^^^^^^^^^^^^^^^^^^^^^^^^^^^^^
W0528 23:45:30.926000 233 site-packages/torch/_dynamo/convert_frame.py:1125]   File "/usr/local/lib/python3.12/site-packages/torch/_utils_internal.py", line 87, in wrapper_function
W0528 23:45:30.926000 233 site-packages/torch/_dynamo/convert_frame.py:1125]     return function(*args, **kwargs)
W0528 23:45:30.926000 233 site-packages/torch/_dynamo/convert_frame.py:1125]            ^^^^^^^^^^^^^^^^^^^^^^^^^
W0528 23:45:30.926000 233 site-packages/torch/_dynamo/convert_frame.py:1125]   File "/usr/local/lib/python3.12/site-packages/torch/_dynamo/convert_frame.py", line 699, in _compile_inner
W0528 23:45:30.926000 233 site-packages/torch/_dynamo/convert_frame.py:1125]     out_code = transform_code_object(code, transform)
W0528 23:45:30.926000 233 site-packages/torch/_dynamo/convert_frame.py:1125]                ^^^^^^^^^^^^^^^^^^^^^^^^^^^^^^^^^^^^^^
W0528 23:45:30.926000 233 site-packages/torch/_dynamo/convert_frame.py:1125]   File "/usr/local/lib/python3.12/site-packages/torch/_dynamo/bytecode_transformation.py", line 1322, in transform_code_object
W0528 23:45:30.926000 233 site-packages/torch/_dynamo/convert_frame.py:1125]     transformations(instructions, code_options)
W0528 23:45:30.926000 233 site-packages/torch/_dynamo/convert_frame.py:1125]   File "/usr/local/lib/python3.12/site-packages/torch/_dynamo/convert_frame.py", line 219, in _fn
W0528 23:45:30.926000 233 site-packages/torch/_dynamo/convert_frame.py:1125]     return fn(*args, **kwargs)
W0528 23:45:30.926000 233 site-packages/torch/_dynamo/convert_frame.py:1125]            ^^^^^^^^^^^^^^^^^^^
W0528 23:45:30.926000 233 site-packages/torch/_dynamo/convert_frame.py:1125]   File "/usr/local/lib/python3.12/site-packages/torch/_dynamo/convert_frame.py", line 634, in transform
W0528 23:45:30.926000 233 site-packages/torch/_dynamo/convert_frame.py:1125]     tracer.run()
W0528 23:45:30.926000 233 site-packages/torch/_dynamo/convert_frame.py:1125]   File "/usr/local/lib/python3.12/site-packages/torch/_dynamo/symbolic_convert.py", line 2796, in run
W0528 23:45:30.926000 233 site-packages/torch/_dynamo/convert_frame.py:1125]     super().run()
W0528 23:45:30.926000 233 site-packages/torch/_dynamo/convert_frame.py:1125]   File "/usr/local/lib/python3.12/site-packages/torch/_dynamo/symbolic_convert.py", line 983, in run
W0528 23:45:30.926000 233 site-packages/torch/_dynamo/convert_frame.py:1125]     while self.step():
W0528 23:45:30.926000 233 site-packages/torch/_dynamo/convert_frame.py:1125]           ^^^^^^^^^^^
W0528 23:45:30.926000 233 site-packages/torch/_dynamo/convert_frame.py:1125]   File "/usr/local/lib/python3.12/site-packages/torch/_dynamo/symbolic_convert.py", line 895, in step
W0528 23:45:30.926000 233 site-packages/torch/_dynamo/convert_frame.py:1125]     self.dispatch_table[inst.opcode](self, inst)
W0528 23:45:30.926000 233 site-packages/torch/_dynamo/convert_frame.py:1125]   File "/usr/local/lib/python3.12/site-packages/torch/_dynamo/symbolic_convert.py", line 582, in wrapper
W0528 23:45:30.926000 233 site-packages/torch/_dynamo/convert_frame.py:1125]     return inner_fn(self, inst)
W0528 23:45:30.926000 233 site-packages/torch/_dynamo/convert_frame.py:1125]            ^^^^^^^^^^^^^^^^^^^^
W0528 23:45:30.926000 233 site-packages/torch/_dynamo/convert_frame.py:1125]   File "/usr/local/lib/python3.12/site-packages/torch/_dynamo/symbolic_convert.py", line 2279, in CALL
W0528 23:45:30.926000 233 site-packages/torch/_dynamo/convert_frame.py:1125]     self._call(inst)
W0528 23:45:30.926000 233 site-packages/torch/_dynamo/convert_frame.py:1125]   File "/usr/local/lib/python3.12/site-packages/torch/_dynamo/symbolic_convert.py", line 2273, in _call
W0528 23:45:30.926000 233 site-packages/torch/_dynamo/convert_frame.py:1125]     self.call_function(fn, args, kwargs)
W0528 23:45:30.926000 233 site-packages/torch/_dynamo/convert_frame.py:1125]   File "/usr/local/lib/python3.12/site-packages/torch/_dynamo/symbolic_convert.py", line 830, in call_function
W0528 23:45:30.926000 233 site-packages/torch/_dynamo/convert_frame.py:1125]     self.push(fn.call_function(self, args, kwargs))  # type: ignore[arg-type]
W0528 23:45:30.926000 233 site-packages/torch/_dynamo/convert_frame.py:1125]               ^^^^^^^^^^^^^^^^^^^^^^^^^^^^^^^^^^^^
W0528 23:45:30.926000 233 site-packages/torch/_dynamo/convert_frame.py:1125]   File "/usr/local/lib/python3.12/site-packages/torch/_dynamo/variables/torch.py", line 897, in call_function
W0528 23:45:30.926000 233 site-packages/torch/_dynamo/convert_frame.py:1125]     tensor_variable = wrap_fx_proxy(
W0528 23:45:30.926000 233 site-packages/torch/_dynamo/convert_frame.py:1125]                       ^^^^^^^^^^^^^^
W0528 23:45:30.926000 233 site-packages/torch/_dynamo/convert_frame.py:1125]   File "/usr/local/lib/python3.12/site-packages/torch/_dynamo/variables/builder.py", line 2037, in wrap_fx_proxy
W0528 23:45:30.926000 233 site-packages/torch/_dynamo/convert_frame.py:1125]     return wrap_fx_proxy_cls(target_cls=TensorVariable, **kwargs)
W0528 23:45:30.926000 233 site-packages/torch/_dynamo/convert_frame.py:1125]            ^^^^^^^^^^^^^^^^^^^^^^^^^^^^^^^^^^^^^^^^^^^^^^^^^^^^^^
W0528 23:45:30.926000 233 site-packages/torch/_dynamo/convert_frame.py:1125]   File "/usr/local/lib/python3.12/site-packages/torch/_dynamo/variables/builder.py", line 2124, in wrap_fx_proxy_cls
W0528 23:45:30.926000 233 site-packages/torch/_dynamo/convert_frame.py:1125]     example_value = get_fake_value(proxy.node, tx, allow_non_graph_fake=True)
W0528 23:45:30.926000 233 site-packages/torch/_dynamo/convert_frame.py:1125]                     ^^^^^^^^^^^^^^^^^^^^^^^^^^^^^^^^^^^^^^^^^^^^^^^^^^^^^^^^^
W0528 23:45:30.926000 233 site-packages/torch/_dynamo/convert_frame.py:1125]   File "/usr/local/lib/python3.12/site-packages/torch/_dynamo/utils.py", line 2082, in get_fake_value
W0528 23:45:30.926000 233 site-packages/torch/_dynamo/convert_frame.py:1125]     raise TorchRuntimeError(str(e)).with_traceback(e.__traceback__) from None
W0528 23:45:30.926000 233 site-packages/torch/_dynamo/convert_frame.py:1125]   File "/usr/local/lib/python3.12/site-packages/torch/_dynamo/utils.py", line 2017, in get_fake_value
W0528 23:45:30.926000 233 site-packages/torch/_dynamo/convert_frame.py:1125]     ret_val = wrap_fake_exception(
W0528 23:45:30.926000 233 site-packages/torch/_dynamo/convert_frame.py:1125]               ^^^^^^^^^^^^^^^^^^^^
W0528 23:45:30.926000 233 site-packages/torch/_dynamo/convert_frame.py:1125]   File "/usr/local/lib/python3.12/site-packages/torch/_dynamo/utils.py", line 1574, in wrap_fake_exception
W0528 23:45:30.926000 233 site-packages/torch/_dynamo/convert_frame.py:1125]     return fn()
W0528 23:45:30.926000 233 site-packages/torch/_dynamo/convert_frame.py:1125]            ^^^^
W0528 23:45:30.926000 233 site-packages/torch/_dynamo/convert_frame.py:1125]   File "/usr/local/lib/python3.12/site-packages/torch/_dynamo/utils.py", line 2018, in <lambda>
W0528 23:45:30.926000 233 site-packages/torch/_dynamo/convert_frame.py:1125]     lambda: run_node(tx.output, node, args, kwargs, nnmodule)
W0528 23:45:30.926000 233 site-packages/torch/_dynamo/convert_frame.py:1125]             ^^^^^^^^^^^^^^^^^^^^^^^^^^^^^^^^^^^^^^^^^^^^^^^^^
W0528 23:45:30.926000 233 site-packages/torch/_dynamo/convert_frame.py:1125]   File "/usr/local/lib/python3.12/site-packages/torch/_dynamo/utils.py", line 2150, in run_node
W0528 23:45:30.926000 233 site-packages/torch/_dynamo/convert_frame.py:1125]     raise RuntimeError(make_error_message(e)).with_traceback(
W0528 23:45:30.926000 233 site-packages/torch/_dynamo/convert_frame.py:1125]   File "/usr/local/lib/python3.12/site-packages/torch/_dynamo/utils.py", line 2132, in run_node
W0528 23:45:30.926000 233 site-packages/torch/_dynamo/convert_frame.py:1125]     return node.target(*args, **kwargs)
W0528 23:45:30.926000 233 site-packages/torch/_dynamo/convert_frame.py:1125]            ^^^^^^^^^^^^^^^^^^^^^^^^^^^^
W0528 23:45:30.926000 233 site-packages/torch/_dynamo/convert_frame.py:1125]   File "/usr/local/lib/python3.12/site-packages/torch/nn/functional.py", line 2900, in layer_norm
W0528 23:45:30.926000 233 site-packages/torch/_dynamo/convert_frame.py:1125]     return torch.layer_norm(
W0528 23:45:30.926000 233 site-packages/torch/_dynamo/convert_frame.py:1125]            ^^^^^^^^^^^^^^^^^
W0528 23:45:30.926000 233 site-packages/torch/_dynamo/convert_frame.py:1125]   File "/usr/local/lib/python3.12/site-packages/torch/utils/_stats.py", line 21, in wrapper
W0528 23:45:30.926000 233 site-packages/torch/_dynamo/convert_frame.py:1125]     return fn(*args, **kwargs)
W0528 23:45:30.926000 233 site-packages/torch/_dynamo/convert_frame.py:1125]            ^^^^^^^^^^^^^^^^^^^
W0528 23:45:30.926000 233 site-packages/torch/_dynamo/convert_frame.py:1125]   File "/usr/local/lib/python3.12/site-packages/torch/_subclasses/fake_tensor.py", line 1238, in __torch_dispatch__
W0528 23:45:30.926000 233 site-packages/torch/_dynamo/convert_frame.py:1125]     return self.dispatch(func, types, args, kwargs)
W0528 23:45:30.926000 233 site-packages/torch/_dynamo/convert_frame.py:1125]            ^^^^^^^^^^^^^^^^^^^^^^^^^^^^^^^^^^^^^^^^
W0528 23:45:30.926000 233 site-packages/torch/_dynamo/convert_frame.py:1125]   File "/usr/local/lib/python3.12/site-packages/torch/_subclasses/fake_tensor.py", line 1692, in dispatch
W0528 23:45:30.926000 233 site-packages/torch/_dynamo/convert_frame.py:1125]     return self._cached_dispatch_impl(func, types, args, kwargs)
W0528 23:45:30.926000 233 site-packages/torch/_dynamo/convert_frame.py:1125]            ^^^^^^^^^^^^^^^^^^^^^^^^^^^^^^^^^^^^^^^^^^^^^^^^^^^^^
W0528 23:45:30.926000 233 site-packages/torch/_dynamo/convert_frame.py:1125]   File "/usr/local/lib/python3.12/site-packages/torch/_subclasses/fake_tensor.py", line 1339, in _cached_dispatch_impl
W0528 23:45:30.926000 233 site-packages/torch/_dynamo/convert_frame.py:1125]     output = self._dispatch_impl(func, types, args, kwargs)
W0528 23:45:30.926000 233 site-packages/torch/_dynamo/convert_frame.py:1125]              ^^^^^^^^^^^^^^^^^^^^^^^^^^^^^^^^^^^^^^^^^^^^^^
W0528 23:45:30.926000 233 site-packages/torch/_dynamo/convert_frame.py:1125]   File "/usr/local/lib/python3.12/site-packages/torch/_subclasses/fake_tensor.py", line 2013, in _dispatch_impl
W0528 23:45:30.926000 233 site-packages/torch/_dynamo/convert_frame.py:1125]     r = func(*args, **kwargs)
W0528 23:45:30.926000 233 site-packages/torch/_dynamo/convert_frame.py:1125]         ^^^^^^^^^^^^^^^^^^^^^
W0528 23:45:30.926000 233 site-packages/torch/_dynamo/convert_frame.py:1125]   File "/usr/local/lib/python3.12/site-packages/torch/_ops.py", line 716, in __call__
W0528 23:45:30.926000 233 site-packages/torch/_dynamo/convert_frame.py:1125]     return self._op(*args, **kwargs)
W0528 23:45:30.926000 233 site-packages/torch/_dynamo/convert_frame.py:1125]            ^^^^^^^^^^^^^^^^^^^^^^^^^
W0528 23:45:30.926000 233 site-packages/torch/_dynamo/convert_frame.py:1125]   File "/usr/local/lib/python3.12/site-packages/torch/_decomp/__init__.py", line 88, in _fn
W0528 23:45:30.926000 233 site-packages/torch/_dynamo/convert_frame.py:1125]     return f(*args, **kwargs, out=None if is_none else out_kwargs)
W0528 23:45:30.926000 233 site-packages/torch/_dynamo/convert_frame.py:1125]            ^^^^^^^^^^^^^^^^^^^^^^^^^^^^^^^^^^^^^^^^^^^^^^^^^^^^^^^
W0528 23:45:30.926000 233 site-packages/torch/_dynamo/convert_frame.py:1125]   File "/usr/local/lib/python3.12/site-packages/torch/_prims_common/wrappers.py", line 273, in _fn
W0528 23:45:30.926000 233 site-packages/torch/_dynamo/convert_frame.py:1125]     result = fn(*args, **kwargs)
W0528 23:45:30.926000 233 site-packages/torch/_dynamo/convert_frame.py:1125]              ^^^^^^^^^^^^^^^^^^^
W0528 23:45:30.926000 233 site-packages/torch/_dynamo/convert_frame.py:1125]   File "/usr/local/lib/python3.12/site-packages/torch/_refs/__init__.py", line 3223, in native_layer_norm
W0528 23:45:30.926000 233 site-packages/torch/_dynamo/convert_frame.py:1125]     torch._check(
W0528 23:45:30.926000 233 site-packages/torch/_dynamo/convert_frame.py:1125]   File "/usr/local/lib/python3.12/site-packages/torch/__init__.py", line 1564, in _check
W0528 23:45:30.926000 233 site-packages/torch/_dynamo/convert_frame.py:1125]     _check_with(RuntimeError, cond, message)
W0528 23:45:30.926000 233 site-packages/torch/_dynamo/convert_frame.py:1125]   File "/usr/local/lib/python3.12/site-packages/torch/__init__.py", line 1546, in _check_with
W0528 23:45:30.926000 233 site-packages/torch/_dynamo/convert_frame.py:1125]     raise error_type(message_evaluated)
W0528 23:45:30.926000 233 site-packages/torch/_dynamo/convert_frame.py:1125] torch._dynamo.exc.TorchRuntimeError: Failed running call_function <function layer_norm at 0x2aee9b8ce2a0>(*(FakeTensor(..., device='cuda:0', size=(1, 6, 3, 3)), (6,)), **{'weight': None, 'bias': None, 'eps': 1e-05}):
W0528 23:45:30.926000 233 site-packages/torch/_dynamo/convert_frame.py:1125] Given normalized_shape=[6], expected input with shape [6], but got input of size torch.Size([1, 6, 3, 3])
W0528 23:45:30.926000 233 site-packages/torch/_dynamo/convert_frame.py:1125] 
W0528 23:45:30.926000 233 site-packages/torch/_dynamo/convert_frame.py:1125] from user code:
W0528 23:45:30.926000 233 site-packages/torch/_dynamo/convert_frame.py:1125]    File "/data/results/lmstudio_prompt12_general_router_20260528-152031/call_acc/fused_silu_layer_norm_conv2d.py", line 32, in _fused_silu_layer_norm_conv2d_impl
W0528 23:45:30.926000 233 site-packages/torch/_dynamo/convert_frame.py:1125]     ln_out = F.layer_norm(conv_out, normalized_shape, weight=w, bias=None, eps=ln_eps)
W0528 23:45:30.926000 233 site-packages/torch/_dynamo/convert_frame.py:1125] 
W0528 23:45:30.926000 233 site-packages/torch/_dynamo/convert_frame.py:1125] Set TORCH_LOGS="+dynamo" and TORCHDYNAMO_VERBOSE=1 for more information
W0528 23:45:30.926000 233 site-packages/torch/_dynamo/convert_frame.py:1125] 
Traceback (most recent call last):
  File "/data/results/lmstudio_prompt12_general_router_20260528-152031/call_acc/fused_silu_layer_norm_conv2d.py", line 46, in fused_silu_layer_norm_conv2d
    y = _fused_silu_layer_norm_conv2d_fast(x, weight, conv_weight, conv_bias, conv_stride, conv_padding, conv_dilation, conv_groups, ln_eps)
        ^^^^^^^^^^^^^^^^^^^^^^^^^^^^^^^^^^^^^^^^^^^^^^^^^^^^^^^^^^^^^^^^^^^^^^^^^^^^^^^^^^^^^^^^^^^^^^^^^^^^^^^^^^^^^^^^^^^^^^^^^^^^^^^^^^^^
  File "/usr/local/lib/python3.12/site-packages/torch/_dynamo/eval_frame.py", line 465, in _fn
    return fn(*args, **kwargs)
           ^^^^^^^^^^^^^^^^^^^
  File "/data/results/lmstudio_prompt12_general_router_20260528-152031/call_acc/fused_silu_layer_norm_conv2d.py", line 32, in _fused_silu_layer_norm_conv2d_impl
    ln_out = F.layer_norm(conv_out, normalized_shape, weight=w, bias=None, eps=ln_eps)
             ^^^^^^^^^^^^^^^^^^^^^^^^^^^^^^^^^^^^^^^^^^^^^^^^^^^^^^^^^^^^^^^^^^^^^^^^^
  File "/usr/local/lib/python3.12/site-packages/torch/nn/functional.py", line 2900, in layer_norm
    return torch.layer_norm(
           ^^^^^^^^^^^^^^^^^
RuntimeError: Given normalized_shape=[6], expected input with shape [*, 6], but got input of size[1, 6, 3, 3]

During handling of the above exception, another exception occurred:

Traceback (most recent call last):
  File "/data/results/lmstudio_prompt12_general_router_20260528-152031/call_acc/fused_silu_layer_norm_conv2d.py", line 84, in <module>
    test_results = test_fused_silu_layer_norm_conv2d()
                   ^^^^^^^^^^^^^^^^^^^^^^^^^^^^^^^^^^^
  File "/data/results/lmstudio_prompt12_general_router_20260528-152031/call_acc/fused_silu_layer_norm_conv2d.py", line 70, in test_fused_silu_layer_norm_conv2d
    results['test_case_1'] = fused_silu_layer_norm_conv2d(x, None, conv_weight)
                             ^^^^^^^^^^^^^^^^^^^^^^^^^^^^^^^^^^^^^^^^^^^^^^^^^^
  File "/data/results/lmstudio_prompt12_general_router_20260528-152031/call_acc/fused_silu_layer_norm_conv2d.py", line 48, in fused_silu_layer_norm_conv2d
    y = _fused_silu_layer_norm_conv2d_impl(x, weight, conv_weight, conv_bias, conv_stride, conv_padding, conv_dilation, conv_groups, ln_eps)
        ^^^^^^^^^^^^^^^^^^^^^^^^^^^^^^^^^^^^^^^^^^^^^^^^^^^^^^^^^^^^^^^^^^^^^^^^^^^^^^^^^^^^^^^^^^^^^^^^^^^^^^^^^^^^^^^^^^^^^^^^^^^^^^^^^^^^
  File "/data/results/lmstudio_prompt12_general_router_20260528-152031/call_acc/fused_silu_layer_norm_conv2d.py", line 32, in _fused_silu_layer_norm_conv2d_impl
    ln_out = F.layer_norm(conv_out, normalized_shape, weight=w, bias=None, eps=ln_eps)
             ^^^^^^^^^^^^^^^^^^^^^^^^^^^^^^^^^^^^^^^^^^^^^^^^^^^^^^^^^^^^^^^^^^^^^^^^^
  File "/usr/local/lib/python3.12/site-packages/torch/nn/functional.py", line 2900, in layer_norm
    return torch.layer_norm(
           ^^^^^^^^^^^^^^^^^
RuntimeError: Given normalized_shape=[6], expected input with shape [*, 6], but got input of size[1, 6, 3, 3]

=== Output for fused_index_select_eq.py on GPU 0 ===

=== Errors for fused_index_select_eq.py on GPU 0 ===

=== Output for argmax.py on GPU 0 ===

=== Errors for argmax.py on GPU 0 ===

=== Output for fused_lu_solve.py on GPU 0 ===

=== Errors for fused_lu_solve.py on GPU 0 ===
Traceback (most recent call last):
  File "/data/results/lmstudio_prompt12_general_router_20260528-152031/call_acc/fused_lu_solve.py", line 59, in <module>
    test_results = test_fused_lu_solve()
                   ^^^^^^^^^^^^^^^^^^^^^
  File "/data/results/lmstudio_prompt12_general_router_20260528-152031/call_acc/fused_lu_solve.py", line 37, in test_fused_lu_solve
    results["test_case_1"] = fused_lu_solve(A1, b1)
                             ^^^^^^^^^^^^^^^^^^^^^^
  File "/data/results/lmstudio_prompt12_general_router_20260528-152031/call_acc/fused_lu_solve.py", line 24, in fused_lu_solve
    x = torch.linalg.lu_solve(lu, pivots, b)
        ^^^^^^^^^^^^^^^^^^^^^^^^^^^^^^^^^^^^
RuntimeError: linalg.lu_solve: The input tensor B must have at least 2 dimensions.

Deleted dropout_relu_batch_norm_conv2d.py
Deleted fused_bmm_rmsnorm_gelu_dropout_sub.py
Deleted fused_lu_solve.py
Deleted fused_mv_logsoftmax_dropout.py
Deleted fused_silu_layer_norm_conv2d.py
Deleted solve_multiple_lu.py
Deleted svd.py

Correct execution rate: 65.00%
['div.py', 'sigmoid_conv2d.py', 'tanh.py', 'relu_sqrt.py', 'sqrt.py', 'sigmoid_argmax.py', 'sub.py', 'grid_sample.py', 'i0.py', 'rsqrt.py', 'add.py', 'fused_index_select_eq.py', 'argmax.py']
Above is call test for lmstudio_qwen_qwen3.6-35b-a3b_simp_limit20_20260528-152038
================================================================================================================================================================

call_acc survivors: 13 / 20

======================================================================
=== Phase 2: execution accuracy ===
======================================================================

Correct execution rate: 100.00% = 13 / 13
above is the compare execution for /data/results/lmstudio_prompt12_general_router_20260528-152031/call_acc
================================================================================================================================================================================================================================================

exe_acc survivors: 13 / 20

======================================================================
=== Phase 3: efficiency ===
======================================================================

[1AProcess:   0%|                                           | 0/13 [00:00<?, ?it/s]
[1AProcess:   8%|██▋                                | 1/13 [00:25<05:01, 25.13s/it]
[1AProcess:  15%|█████▍                             | 2/13 [00:57<05:25, 29.55s/it]
[1AProcess:  23%|████████                           | 3/13 [01:26<04:50, 29.02s/it]
[1AProcess:  31%|██████████▊                        | 4/13 [02:09<05:10, 34.51s/it]
[1AProcess:  38%|█████████████▍                     | 5/13 [02:21<03:32, 26.60s/it]
[1AProcess:  46%|████████████████▏                  | 6/13 [02:47<03:05, 26.50s/it]
[1AProcess:  54%|██████████████████▊                | 7/13 [03:15<02:41, 26.89s/it]Runner killed (SIGKILL), exit code: 137. Most often this happens when the process runs out of memory. Consider increasing or reserving memory to avoid unexpected termination: https://modal.com/docs/guide/resources

==========
== CUDA ==
==========

CUDA Version 12.4.1

Container image Copyright (c) 2016-2023, NVIDIA CORPORATION & AFFILIATES. All rights reserved.

This container image and its contents are governed by the NVIDIA Deep Learning Container License.
By pulling and using the container, you accept the terms and conditions of this license:
https://developer.nvidia.com/ngc/nvidia-deep-learning-container-license

A copy of this license is made available in this container at /NGC-DL-CONTAINER-LICENSE for your convenience.


======================================================================
=== Phase 1: call accuracy ===
======================================================================
instruction
=== Output for fused_bmm_rmsnorm_gelu_dropout_sub.py on GPU 0 ===

=== Errors for fused_bmm_rmsnorm_gelu_dropout_sub.py on GPU 0 ===
E0529 00:01:38.794000 27 site-packages/torch/_subclasses/fake_tensor.py:2017] [0/0] failed while attempting to run meta for aten.mean.dim
E0529 00:01:38.794000 27 site-packages/torch/_subclasses/fake_tensor.py:2017] [0/0] Traceback (most recent call last):
E0529 00:01:38.794000 27 site-packages/torch/_subclasses/fake_tensor.py:2017] [0/0]   File "/usr/local/lib/python3.12/site-packages/torch/_subclasses/fake_tensor.py", line 2013, in _dispatch_impl
E0529 00:01:38.794000 27 site-packages/torch/_subclasses/fake_tensor.py:2017] [0/0]     r = func(*args, **kwargs)
E0529 00:01:38.794000 27 site-packages/torch/_subclasses/fake_tensor.py:2017] [0/0]         ^^^^^^^^^^^^^^^^^^^^^
E0529 00:01:38.794000 27 site-packages/torch/_subclasses/fake_tensor.py:2017] [0/0]   File "/usr/local/lib/python3.12/site-packages/torch/_ops.py", line 716, in __call__
E0529 00:01:38.794000 27 site-packages/torch/_subclasses/fake_tensor.py:2017] [0/0]     return self._op(*args, **kwargs)
E0529 00:01:38.794000 27 site-packages/torch/_subclasses/fake_tensor.py:2017] [0/0]            ^^^^^^^^^^^^^^^^^^^^^^^^^
E0529 00:01:38.794000 27 site-packages/torch/_subclasses/fake_tensor.py:2017] [0/0]   File "/usr/local/lib/python3.12/site-packages/torch/_refs/__init__.py", line 2476, in mean
E0529 00:01:38.794000 27 site-packages/torch/_subclasses/fake_tensor.py:2017] [0/0]     result = _reduction(
E0529 00:01:38.794000 27 site-packages/torch/_subclasses/fake_tensor.py:2017] [0/0]              ^^^^^^^^^^^
E0529 00:01:38.794000 27 site-packages/torch/_subclasses/fake_tensor.py:2017] [0/0]   File "/usr/local/lib/python3.12/site-packages/torch/_refs/__init__.py", line 2171, in _reduction
E0529 00:01:38.794000 27 site-packages/torch/_subclasses/fake_tensor.py:2017] [0/0]     dims = utils.reduction_dims(a.shape, dims)
E0529 00:01:38.794000 27 site-packages/torch/_subclasses/fake_tensor.py:2017] [0/0]            ^^^^^^^^^^^^^^^^^^^^^^^^^^^^^^^^^^^
E0529 00:01:38.794000 27 site-packages/torch/_subclasses/fake_tensor.py:2017] [0/0]   File "/usr/local/lib/python3.12/site-packages/torch/_prims_common/__init__.py", line 1713, in reduction_dims
E0529 00:01:38.794000 27 site-packages/torch/_subclasses/fake_tensor.py:2017] [0/0]     dims = tuple(canonicalize_dim(len(shape), idx) for idx in dims)
E0529 00:01:38.794000 27 site-packages/torch/_subclasses/fake_tensor.py:2017] [0/0]            ^^^^^^^^^^^^^^^^^^^^^^^^^^^^^^^^^^^^^^^^^^^^^^^^^^^^^^^^
E0529 00:01:38.794000 27 site-packages/torch/_subclasses/fake_tensor.py:2017] [0/0]   File "/usr/local/lib/python3.12/site-packages/torch/_prims_common/__init__.py", line 1713, in <genexpr>
E0529 00:01:38.794000 27 site-packages/torch/_subclasses/fake_tensor.py:2017] [0/0]     dims = tuple(canonicalize_dim(len(shape), idx) for idx in dims)
E0529 00:01:38.794000 27 site-packages/torch/_subclasses/fake_tensor.py:2017] [0/0]                  ^^^^^^^^^^^^^^^^^^^^^^^^^^^^^^^^^
E0529 00:01:38.794000 27 site-packages/torch/_subclasses/fake_tensor.py:2017] [0/0]   File "/usr/local/lib/python3.12/site-packages/torch/_prims_common/__init__.py", line 663, in canonicalize_dim
E0529 00:01:38.794000 27 site-packages/torch/_subclasses/fake_tensor.py:2017] [0/0]     raise IndexError(msg)
E0529 00:01:38.794000 27 site-packages/torch/_subclasses/fake_tensor.py:2017] [0/0] IndexError: Dimension out of range (expected to be in range of [-3, 2], but got -5)
W0529 00:01:38.811000 27 site-packages/torch/_dynamo/convert_frame.py:1125] WON'T CONVERT _fused_bmm_rmsnorm_gelu_dropout_sub_impl /data/results/lmstudio_prompt12_general_router_20260528-152031/call_acc/fused_bmm_rmsnorm_gelu_dropout_sub.py line 22 
W0529 00:01:38.811000 27 site-packages/torch/_dynamo/convert_frame.py:1125] due to: 
W0529 00:01:38.811000 27 site-packages/torch/_dynamo/convert_frame.py:1125] Traceback (most recent call last):
W0529 00:01:38.811000 27 site-packages/torch/_dynamo/convert_frame.py:1125]   File "/usr/local/lib/python3.12/site-packages/torch/_dynamo/convert_frame.py", line 1064, in __call__
W0529 00:01:38.811000 27 site-packages/torch/_dynamo/convert_frame.py:1125]     result = self._inner_convert(
W0529 00:01:38.811000 27 site-packages/torch/_dynamo/convert_frame.py:1125]              ^^^^^^^^^^^^^^^^^^^^
W0529 00:01:38.811000 27 site-packages/torch/_dynamo/convert_frame.py:1125]   File "/usr/local/lib/python3.12/site-packages/torch/_dynamo/convert_frame.py", line 526, in __call__
W0529 00:01:38.811000 27 site-packages/torch/_dynamo/convert_frame.py:1125]     return _compile(
W0529 00:01:38.811000 27 site-packages/torch/_dynamo/convert_frame.py:1125]            ^^^^^^^^^
W0529 00:01:38.811000 27 site-packages/torch/_dynamo/convert_frame.py:1125]   File "/usr/local/lib/python3.12/site-packages/torch/_dynamo/convert_frame.py", line 924, in _compile
W0529 00:01:38.811000 27 site-packages/torch/_dynamo/convert_frame.py:1125]     guarded_code = compile_inner(code, one_graph, hooks, transform)
W0529 00:01:38.811000 27 site-packages/torch/_dynamo/convert_frame.py:1125]                    ^^^^^^^^^^^^^^^^^^^^^^^^^^^^^^^^^^^^^^^^^^^^^^^^
W0529 00:01:38.811000 27 site-packages/torch/_dynamo/convert_frame.py:1125]   File "/usr/local/lib/python3.12/site-packages/torch/_dynamo/convert_frame.py", line 666, in compile_inner
W0529 00:01:38.811000 27 site-packages/torch/_dynamo/convert_frame.py:1125]     return _compile_inner(code, one_graph, hooks, transform)
W0529 00:01:38.811000 27 site-packages/torch/_dynamo/convert_frame.py:1125]            ^^^^^^^^^^^^^^^^^^^^^^^^^^^^^^^^^^^^^^^^^^^^^^^^^
W0529 00:01:38.811000 27 site-packages/torch/_dynamo/convert_frame.py:1125]   File "/usr/local/lib/python3.12/site-packages/torch/_utils_internal.py", line 87, in wrapper_function
W0529 00:01:38.811000 27 site-packages/torch/_dynamo/convert_frame.py:1125]     return function(*args, **kwargs)
W0529 00:01:38.811000 27 site-packages/torch/_dynamo/convert_frame.py:1125]            ^^^^^^^^^^^^^^^^^^^^^^^^^
W0529 00:01:38.811000 27 site-packages/torch/_dynamo/convert_frame.py:1125]   File "/usr/local/lib/python3.12/site-packages/torch/_dynamo/convert_frame.py", line 699, in _compile_inner
W0529 00:01:38.811000 27 site-packages/torch/_dynamo/convert_frame.py:1125]     out_code = transform_code_object(code, transform)
W0529 00:01:38.811000 27 site-packages/torch/_dynamo/convert_frame.py:1125]                ^^^^^^^^^^^^^^^^^^^^^^^^^^^^^^^^^^^^^^
W0529 00:01:38.811000 27 site-packages/torch/_dynamo/convert_frame.py:1125]   File "/usr/local/lib/python3.12/site-packages/torch/_dynamo/bytecode_transformation.py", line 1322, in transform_code_object
W0529 00:01:38.811000 27 site-packages/torch/_dynamo/convert_frame.py:1125]     transformations(instructions, code_options)
W0529 00:01:38.811000 27 site-packages/torch/_dynamo/convert_frame.py:1125]   File "/usr/local/lib/python3.12/site-packages/torch/_dynamo/convert_frame.py", line 219, in _fn
W0529 00:01:38.811000 27 site-packages/torch/_dynamo/convert_frame.py:1125]     return fn(*args, **kwargs)
W0529 00:01:38.811000 27 site-packages/torch/_dynamo/convert_frame.py:1125]            ^^^^^^^^^^^^^^^^^^^
W0529 00:01:38.811000 27 site-packages/torch/_dynamo/convert_frame.py:1125]   File "/usr/local/lib/python3.12/site-packages/torch/_dynamo/convert_frame.py", line 634, in transform
W0529 00:01:38.811000 27 site-packages/torch/_dynamo/convert_frame.py:1125]     tracer.run()
W0529 00:01:38.811000 27 site-packages/torch/_dynamo/convert_frame.py:1125]   File "/usr/local/lib/python3.12/site-packages/torch/_dynamo/symbolic_convert.py", line 2796, in run
W0529 00:01:38.811000 27 site-packages/torch/_dynamo/convert_frame.py:1125]     super().run()
W0529 00:01:38.811000 27 site-packages/torch/_dynamo/convert_frame.py:1125]   File "/usr/local/lib/python3.12/site-packages/torch/_dynamo/symbolic_convert.py", line 983, in run
W0529 00:01:38.811000 27 site-packages/torch/_dynamo/convert_frame.py:1125]     while self.step():
W0529 00:01:38.811000 27 site-packages/torch/_dynamo/convert_frame.py:1125]           ^^^^^^^^^^^
W0529 00:01:38.811000 27 site-packages/torch/_dynamo/convert_frame.py:1125]   File "/usr/local/lib/python3.12/site-packages/torch/_dynamo/symbolic_convert.py", line 895, in step
W0529 00:01:38.811000 27 site-packages/torch/_dynamo/convert_frame.py:1125]     self.dispatch_table[inst.opcode](self, inst)
W0529 00:01:38.811000 27 site-packages/torch/_dynamo/convert_frame.py:1125]   File "/usr/local/lib/python3.12/site-packages/torch/_dynamo/symbolic_convert.py", line 582, in wrapper
W0529 00:01:38.811000 27 site-packages/torch/_dynamo/convert_frame.py:1125]     return inner_fn(self, inst)
W0529 00:01:38.811000 27 site-packages/torch/_dynamo/convert_frame.py:1125]            ^^^^^^^^^^^^^^^^^^^^
W0529 00:01:38.811000 27 site-packages/torch/_dynamo/convert_frame.py:1125]   File "/usr/local/lib/python3.12/site-packages/torch/_dynamo/symbolic_convert.py", line 2279, in CALL
W0529 00:01:38.811000 27 site-packages/torch/_dynamo/convert_frame.py:1125]     self._call(inst)
W0529 00:01:38.811000 27 site-packages/torch/_dynamo/convert_frame.py:1125]   File "/usr/local/lib/python3.12/site-packages/torch/_dynamo/symbolic_convert.py", line 2273, in _call
W0529 00:01:38.811000 27 site-packages/torch/_dynamo/convert_frame.py:1125]     self.call_function(fn, args, kwargs)
W0529 00:01:38.811000 27 site-packages/torch/_dynamo/convert_frame.py:1125]   File "/usr/local/lib/python3.12/site-packages/torch/_dynamo/symbolic_convert.py", line 830, in call_function
W0529 00:01:38.811000 27 site-packages/torch/_dynamo/convert_frame.py:1125]     self.push(fn.call_function(self, args, kwargs))  # type: ignore[arg-type]
W0529 00:01:38.811000 27 site-packages/torch/_dynamo/convert_frame.py:1125]               ^^^^^^^^^^^^^^^^^^^^^^^^^^^^^^^^^^^^
W0529 00:01:38.811000 27 site-packages/torch/_dynamo/convert_frame.py:1125]   File "/usr/local/lib/python3.12/site-packages/torch/_dynamo/variables/misc.py", line 1024, in call_function
W0529 00:01:38.811000 27 site-packages/torch/_dynamo/convert_frame.py:1125]     return self.obj.call_method(tx, self.name, args, kwargs)
W0529 00:01:38.811000 27 site-packages/torch/_dynamo/convert_frame.py:1125]            ^^^^^^^^^^^^^^^^^^^^^^^^^^^^^^^^^^^^^^^^^^^^^^^^^
W0529 00:01:38.811000 27 site-packages/torch/_dynamo/convert_frame.py:1125]   File "/usr/local/lib/python3.12/site-packages/torch/_dynamo/variables/tensor.py", line 535, in call_method
W0529 00:01:38.811000 27 site-packages/torch/_dynamo/convert_frame.py:1125]     return wrap_fx_proxy(
W0529 00:01:38.811000 27 site-packages/torch/_dynamo/convert_frame.py:1125]            ^^^^^^^^^^^^^^
W0529 00:01:38.811000 27 site-packages/torch/_dynamo/convert_frame.py:1125]   File "/usr/local/lib/python3.12/site-packages/torch/_dynamo/variables/builder.py", line 2037, in wrap_fx_proxy
W0529 00:01:38.811000 27 site-packages/torch/_dynamo/convert_frame.py:1125]     return wrap_fx_proxy_cls(target_cls=TensorVariable, **kwargs)
W0529 00:01:38.811000 27 site-packages/torch/_dynamo/convert_frame.py:1125]            ^^^^^^^^^^^^^^^^^^^^^^^^^^^^^^^^^^^^^^^^^^^^^^^^^^^^^^
W0529 00:01:38.811000 27 site-packages/torch/_dynamo/convert_frame.py:1125]   File "/usr/local/lib/python3.12/site-packages/torch/_dynamo/variables/builder.py", line 2124, in wrap_fx_proxy_cls
W0529 00:01:38.811000 27 site-packages/torch/_dynamo/convert_frame.py:1125]     example_value = get_fake_value(proxy.node, tx, allow_non_graph_fake=True)
W0529 00:01:38.811000 27 site-packages/torch/_dynamo/convert_frame.py:1125]                     ^^^^^^^^^^^^^^^^^^^^^^^^^^^^^^^^^^^^^^^^^^^^^^^^^^^^^^^^^
W0529 00:01:38.811000 27 site-packages/torch/_dynamo/convert_frame.py:1125]   File "/usr/local/lib/python3.12/site-packages/torch/_dynamo/utils.py", line 2082, in get_fake_value
W0529 00:01:38.811000 27 site-packages/torch/_dynamo/convert_frame.py:1125]     raise TorchRuntimeError(str(e)).with_traceback(e.__traceback__) from None
W0529 00:01:38.811000 27 site-packages/torch/_dynamo/convert_frame.py:1125]   File "/usr/local/lib/python3.12/site-packages/torch/_dynamo/utils.py", line 2017, in get_fake_value
W0529 00:01:38.811000 27 site-packages/torch/_dynamo/convert_frame.py:1125]     ret_val = wrap_fake_exception(
W0529 00:01:38.811000 27 site-packages/torch/_dynamo/convert_frame.py:1125]               ^^^^^^^^^^^^^^^^^^^^
W0529 00:01:38.811000 27 site-packages/torch/_dynamo/convert_frame.py:1125]   File "/usr/local/lib/python3.12/site-packages/torch/_dynamo/utils.py", line 1574, in wrap_fake_exception
W0529 00:01:38.811000 27 site-packages/torch/_dynamo/convert_frame.py:1125]     return fn()
W0529 00:01:38.811000 27 site-packages/torch/_dynamo/convert_frame.py:1125]            ^^^^
W0529 00:01:38.811000 27 site-packages/torch/_dynamo/convert_frame.py:1125]   File "/usr/local/lib/python3.12/site-packages/torch/_dynamo/utils.py", line 2018, in <lambda>
W0529 00:01:38.811000 27 site-packages/torch/_dynamo/convert_frame.py:1125]     lambda: run_node(tx.output, node, args, kwargs, nnmodule)
W0529 00:01:38.811000 27 site-packages/torch/_dynamo/convert_frame.py:1125]             ^^^^^^^^^^^^^^^^^^^^^^^^^^^^^^^^^^^^^^^^^^^^^^^^^
W0529 00:01:38.811000 27 site-packages/torch/_dynamo/convert_frame.py:1125]   File "/usr/local/lib/python3.12/site-packages/torch/_dynamo/utils.py", line 2150, in run_node
W0529 00:01:38.811000 27 site-packages/torch/_dynamo/convert_frame.py:1125]     raise RuntimeError(make_error_message(e)).with_traceback(
W0529 00:01:38.811000 27 site-packages/torch/_dynamo/convert_frame.py:1125]   File "/usr/local/lib/python3.12/site-packages/torch/_dynamo/utils.py", line 2134, in run_node
W0529 00:01:38.811000 27 site-packages/torch/_dynamo/convert_frame.py:1125]     return getattr(args[0], node.target)(*args[1:], **kwargs)
W0529 00:01:38.811000 27 site-packages/torch/_dynamo/convert_frame.py:1125]            ^^^^^^^^^^^^^^^^^^^^^^^^^^^^^^^^^^^^^^^^^^^^^^^^^^
W0529 00:01:38.811000 27 site-packages/torch/_dynamo/convert_frame.py:1125]   File "/usr/local/lib/python3.12/site-packages/torch/utils/_stats.py", line 21, in wrapper
W0529 00:01:38.811000 27 site-packages/torch/_dynamo/convert_frame.py:1125]     return fn(*args, **kwargs)
W0529 00:01:38.811000 27 site-packages/torch/_dynamo/convert_frame.py:1125]            ^^^^^^^^^^^^^^^^^^^
W0529 00:01:38.811000 27 site-packages/torch/_dynamo/convert_frame.py:1125]   File "/usr/local/lib/python3.12/site-packages/torch/_subclasses/fake_tensor.py", line 1238, in __torch_dispatch__
W0529 00:01:38.811000 27 site-packages/torch/_dynamo/convert_frame.py:1125]     return self.dispatch(func, types, args, kwargs)
W0529 00:01:38.811000 27 site-packages/torch/_dynamo/convert_frame.py:1125]            ^^^^^^^^^^^^^^^^^^^^^^^^^^^^^^^^^^^^^^^^
W0529 00:01:38.811000 27 site-packages/torch/_dynamo/convert_frame.py:1125]   File "/usr/local/lib/python3.12/site-packages/torch/_subclasses/fake_tensor.py", line 1692, in dispatch
W0529 00:01:38.811000 27 site-packages/torch/_dynamo/convert_frame.py:1125]     return self._cached_dispatch_impl(func, types, args, kwargs)
W0529 00:01:38.811000 27 site-packages/torch/_dynamo/convert_frame.py:1125]            ^^^^^^^^^^^^^^^^^^^^^^^^^^^^^^^^^^^^^^^^^^^^^^^^^^^^^
W0529 00:01:38.811000 27 site-packages/torch/_dynamo/convert_frame.py:1125]   File "/usr/local/lib/python3.12/site-packages/torch/_subclasses/fake_tensor.py", line 1339, in _cached_dispatch_impl
W0529 00:01:38.811000 27 site-packages/torch/_dynamo/convert_frame.py:1125]     output = self._dispatch_impl(func, types, args, kwargs)
W0529 00:01:38.811000 27 site-packages/torch/_dynamo/convert_frame.py:1125]              ^^^^^^^^^^^^^^^^^^^^^^^^^^^^^^^^^^^^^^^^^^^^^^
W0529 00:01:38.811000 27 site-packages/torch/_dynamo/convert_frame.py:1125]   File "/usr/local/lib/python3.12/site-packages/torch/_subclasses/fake_tensor.py", line 2013, in _dispatch_impl
W0529 00:01:38.811000 27 site-packages/torch/_dynamo/convert_frame.py:1125]     r = func(*args, **kwargs)
W0529 00:01:38.811000 27 site-packages/torch/_dynamo/convert_frame.py:1125]         ^^^^^^^^^^^^^^^^^^^^^
W0529 00:01:38.811000 27 site-packages/torch/_dynamo/convert_frame.py:1125]   File "/usr/local/lib/python3.12/site-packages/torch/_ops.py", line 716, in __call__
W0529 00:01:38.811000 27 site-packages/torch/_dynamo/convert_frame.py:1125]     return self._op(*args, **kwargs)
W0529 00:01:38.811000 27 site-packages/torch/_dynamo/convert_frame.py:1125]            ^^^^^^^^^^^^^^^^^^^^^^^^^
W0529 00:01:38.811000 27 site-packages/torch/_dynamo/convert_frame.py:1125]   File "/usr/local/lib/python3.12/site-packages/torch/_refs/__init__.py", line 2476, in mean
W0529 00:01:38.811000 27 site-packages/torch/_dynamo/convert_frame.py:1125]     result = _reduction(
W0529 00:01:38.811000 27 site-packages/torch/_dynamo/convert_frame.py:1125]              ^^^^^^^^^^^
W0529 00:01:38.811000 27 site-packages/torch/_dynamo/convert_frame.py:1125]   File "/usr/local/lib/python3.12/site-packages/torch/_refs/__init__.py", line 2171, in _reduction
W0529 00:01:38.811000 27 site-packages/torch/_dynamo/convert_frame.py:1125]     dims = utils.reduction_dims(a.shape, dims)
W0529 00:01:38.811000 27 site-packages/torch/_dynamo/convert_frame.py:1125]            ^^^^^^^^^^^^^^^^^^^^^^^^^^^^^^^^^^^
W0529 00:01:38.811000 27 site-packages/torch/_dynamo/convert_frame.py:1125]   File "/usr/local/lib/python3.12/site-packages/torch/_prims_common/__init__.py", line 1713, in reduction_dims
W0529 00:01:38.811000 27 site-packages/torch/_dynamo/convert_frame.py:1125]     dims = tuple(canonicalize_dim(len(shape), idx) for idx in dims)
W0529 00:01:38.811000 27 site-packages/torch/_dynamo/convert_frame.py:1125]            ^^^^^^^^^^^^^^^^^^^^^^^^^^^^^^^^^^^^^^^^^^^^^^^^^^^^^^^^
W0529 00:01:38.811000 27 site-packages/torch/_dynamo/convert_frame.py:1125]   File "/usr/local/lib/python3.12/site-packages/torch/_prims_common/__init__.py", line 1713, in <genexpr>
W0529 00:01:38.811000 27 site-packages/torch/_dynamo/convert_frame.py:1125]     dims = tuple(canonicalize_dim(len(shape), idx) for idx in dims)
W0529 00:01:38.811000 27 site-packages/torch/_dynamo/convert_frame.py:1125]                  ^^^^^^^^^^^^^^^^^^^^^^^^^^^^^^^^^
W0529 00:01:38.811000 27 site-packages/torch/_dynamo/convert_frame.py:1125]   File "/usr/local/lib/python3.12/site-packages/torch/_prims_common/__init__.py", line 663, in canonicalize_dim
W0529 00:01:38.811000 27 site-packages/torch/_dynamo/convert_frame.py:1125]     raise IndexError(msg)
W0529 00:01:38.811000 27 site-packages/torch/_dynamo/convert_frame.py:1125] torch._dynamo.exc.TorchRuntimeError: Failed running call_method mean(*(FakeTensor(..., device='cuda:0', size=(2, 3, 5)),), **{'dim': (-5,), 'keepdim': True}):
W0529 00:01:38.811000 27 site-packages/torch/_dynamo/convert_frame.py:1125] Dimension out of range (expected to be in range of [-3, 2], but got -5)
W0529 00:01:38.811000 27 site-packages/torch/_dynamo/convert_frame.py:1125] 
W0529 00:01:38.811000 27 site-packages/torch/_dynamo/convert_frame.py:1125] from user code:
W0529 00:01:38.811000 27 site-packages/torch/_dynamo/convert_frame.py:1125]    File "/data/results/lmstudio_prompt12_general_router_20260528-152031/call_acc/fused_bmm_rmsnorm_gelu_dropout_sub.py", line 31, in _fused_bmm_rmsnorm_gelu_dropout_sub_impl
W0529 00:01:38.811000 27 site-packages/torch/_dynamo/convert_frame.py:1125]     mean = squared.mean(dim=norm_dims, keepdim=True)
W0529 00:01:38.811000 27 site-packages/torch/_dynamo/convert_frame.py:1125] 
W0529 00:01:38.811000 27 site-packages/torch/_dynamo/convert_frame.py:1125] Set TORCH_LOGS="+dynamo" and TORCHDYNAMO_VERBOSE=1 for more information
W0529 00:01:38.811000 27 site-packages/torch/_dynamo/convert_frame.py:1125] 
W0529 00:01:38.811000 27 site-packages/torch/_dynamo/convert_frame.py:1125] Traceback (most recent call last):
W0529 00:01:38.811000 27 site-packages/torch/_dynamo/convert_frame.py:1125]   File "/usr/local/lib/python3.12/site-packages/torch/_dynamo/convert_frame.py", line 1064, in __call__
W0529 00:01:38.811000 27 site-packages/torch/_dynamo/convert_frame.py:1125]     result = self._inner_convert(
W0529 00:01:38.811000 27 site-packages/torch/_dynamo/convert_frame.py:1125]              ^^^^^^^^^^^^^^^^^^^^
W0529 00:01:38.811000 27 site-packages/torch/_dynamo/convert_frame.py:1125]   File "/usr/local/lib/python3.12/site-packages/torch/_dynamo/convert_frame.py", line 526, in __call__
W0529 00:01:38.811000 27 site-packages/torch/_dynamo/convert_frame.py:1125]     return _compile(
W0529 00:01:38.811000 27 site-packages/torch/_dynamo/convert_frame.py:1125]            ^^^^^^^^^
W0529 00:01:38.811000 27 site-packages/torch/_dynamo/convert_frame.py:1125]   File "/usr/local/lib/python3.12/site-packages/torch/_dynamo/convert_frame.py", line 924, in _compile
W0529 00:01:38.811000 27 site-packages/torch/_dynamo/convert_frame.py:1125]     guarded_code = compile_inner(code, one_graph, hooks, transform)
W0529 00:01:38.811000 27 site-packages/torch/_dynamo/convert_frame.py:1125]                    ^^^^^^^^^^^^^^^^^^^^^^^^^^^^^^^^^^^^^^^^^^^^^^^^
W0529 00:01:38.811000 27 site-packages/torch/_dynamo/convert_frame.py:1125]   File "/usr/local/lib/python3.12/site-packages/torch/_dynamo/convert_frame.py", line 666, in compile_inner
W0529 00:01:38.811000 27 site-packages/torch/_dynamo/convert_frame.py:1125]     return _compile_inner(code, one_graph, hooks, transform)
W0529 00:01:38.811000 27 site-packages/torch/_dynamo/convert_frame.py:1125]            ^^^^^^^^^^^^^^^^^^^^^^^^^^^^^^^^^^^^^^^^^^^^^^^^^
W0529 00:01:38.811000 27 site-packages/torch/_dynamo/convert_frame.py:1125]   File "/usr/local/lib/python3.12/site-packages/torch/_utils_internal.py", line 87, in wrapper_function
W0529 00:01:38.811000 27 site-packages/torch/_dynamo/convert_frame.py:1125]     return function(*args, **kwargs)
W0529 00:01:38.811000 27 site-packages/torch/_dynamo/convert_frame.py:1125]            ^^^^^^^^^^^^^^^^^^^^^^^^^
W0529 00:01:38.811000 27 site-packages/torch/_dynamo/convert_frame.py:1125]   File "/usr/local/lib/python3.12/site-packages/torch/_dynamo/convert_frame.py", line 699, in _compile_inner
W0529 00:01:38.811000 27 site-packages/torch/_dynamo/convert_frame.py:1125]     out_code = transform_code_object(code, transform)
W0529 00:01:38.811000 27 site-packages/torch/_dynamo/convert_frame.py:1125]                ^^^^^^^^^^^^^^^^^^^^^^^^^^^^^^^^^^^^^^
W0529 00:01:38.811000 27 site-packages/torch/_dynamo/convert_frame.py:1125]   File "/usr/local/lib/python3.12/site-packages/torch/_dynamo/bytecode_transformation.py", line 1322, in transform_code_object
W0529 00:01:38.811000 27 site-packages/torch/_dynamo/convert_frame.py:1125]     transformations(instructions, code_options)
W0529 00:01:38.811000 27 site-packages/torch/_dynamo/convert_frame.py:1125]   File "/usr/local/lib/python3.12/site-packages/torch/_dynamo/convert_frame.py", line 219, in _fn
W0529 00:01:38.811000 27 site-packages/torch/_dynamo/convert_frame.py:1125]     return fn(*args, **kwargs)
W0529 00:01:38.811000 27 site-packages/torch/_dynamo/convert_frame.py:1125]            ^^^^^^^^^^^^^^^^^^^
W0529 00:01:38.811000 27 site-packages/torch/_dynamo/convert_frame.py:1125]   File "/usr/local/lib/python3.12/site-packages/torch/_dynamo/convert_frame.py", line 634, in transform
W0529 00:01:38.811000 27 site-packages/torch/_dynamo/convert_frame.py:1125]     tracer.run()
W0529 00:01:38.811000 27 site-packages/torch/_dynamo/convert_frame.py:1125]   File "/usr/local/lib/python3.12/site-packages/torch/_dynamo/symbolic_convert.py", line 2796, in run
W0529 00:01:38.811000 27 site-packages/torch/_dynamo/convert_frame.py:1125]     super().run()
W0529 00:01:38.811000 27 site-packages/torch/_dynamo/convert_frame.py:1125]   File "/usr/local/lib/python3.12/site-packages/torch/_dynamo/symbolic_convert.py", line 983, in run
W0529 00:01:38.811000 27 site-packages/torch/_dynamo/convert_frame.py:1125]     while self.step():
W0529 00:01:38.811000 27 site-packages/torch/_dynamo/convert_frame.py:1125]           ^^^^^^^^^^^
W0529 00:01:38.811000 27 site-packages/torch/_dynamo/convert_frame.py:1125]   File "/usr/local/lib/python3.12/site-packages/torch/_dynamo/symbolic_convert.py", line 895, in step
W0529 00:01:38.811000 27 site-packages/torch/_dynamo/convert_frame.py:1125]     self.dispatch_table[inst.opcode](self, inst)
W0529 00:01:38.811000 27 site-packages/torch/_dynamo/convert_frame.py:1125]   File "/usr/local/lib/python3.12/site-packages/torch/_dynamo/symbolic_convert.py", line 582, in wrapper
W0529 00:01:38.811000 27 site-packages/torch/_dynamo/convert_frame.py:1125]     return inner_fn(self, inst)
W0529 00:01:38.811000 27 site-packages/torch/_dynamo/convert_frame.py:1125]            ^^^^^^^^^^^^^^^^^^^^
W0529 00:01:38.811000 27 site-packages/torch/_dynamo/convert_frame.py:1125]   File "/usr/local/lib/python3.12/site-packages/torch/_dynamo/symbolic_convert.py", line 2279, in CALL
W0529 00:01:38.811000 27 site-packages/torch/_dynamo/convert_frame.py:1125]     self._call(inst)
W0529 00:01:38.811000 27 site-packages/torch/_dynamo/convert_frame.py:1125]   File "/usr/local/lib/python3.12/site-packages/torch/_dynamo/symbolic_convert.py", line 2273, in _call
W0529 00:01:38.811000 27 site-packages/torch/_dynamo/convert_frame.py:1125]     self.call_function(fn, args, kwargs)
W0529 00:01:38.811000 27 site-packages/torch/_dynamo/convert_frame.py:1125]   File "/usr/local/lib/python3.12/site-packages/torch/_dynamo/symbolic_convert.py", line 830, in call_function
W0529 00:01:38.811000 27 site-packages/torch/_dynamo/convert_frame.py:1125]     self.push(fn.call_function(self, args, kwargs))  # type: ignore[arg-type]
W0529 00:01:38.811000 27 site-packages/torch/_dynamo/convert_frame.py:1125]               ^^^^^^^^^^^^^^^^^^^^^^^^^^^^^^^^^^^^
W0529 00:01:38.811000 27 site-packages/torch/_dynamo/convert_frame.py:1125]   File "/usr/local/lib/python3.12/site-packages/torch/_dynamo/variables/misc.py", line 1024, in call_function
W0529 00:01:38.811000 27 site-packages/torch/_dynamo/convert_frame.py:1125]     return self.obj.call_method(tx, self.name, args, kwargs)
W0529 00:01:38.811000 27 site-packages/torch/_dynamo/convert_frame.py:1125]            ^^^^^^^^^^^^^^^^^^^^^^^^^^^^^^^^^^^^^^^^^^^^^^^^^
W0529 00:01:38.811000 27 site-packages/torch/_dynamo/convert_frame.py:1125]   File "/usr/local/lib/python3.12/site-packages/torch/_dynamo/variables/tensor.py", line 535, in call_method
W0529 00:01:38.811000 27 site-packages/torch/_dynamo/convert_frame.py:1125]     return wrap_fx_proxy(
W0529 00:01:38.811000 27 site-packages/torch/_dynamo/convert_frame.py:1125]            ^^^^^^^^^^^^^^
W0529 00:01:38.811000 27 site-packages/torch/_dynamo/convert_frame.py:1125]   File "/usr/local/lib/python3.12/site-packages/torch/_dynamo/variables/builder.py", line 2037, in wrap_fx_proxy
W0529 00:01:38.811000 27 site-packages/torch/_dynamo/convert_frame.py:1125]     return wrap_fx_proxy_cls(target_cls=TensorVariable, **kwargs)
W0529 00:01:38.811000 27 site-packages/torch/_dynamo/convert_frame.py:1125]            ^^^^^^^^^^^^^^^^^^^^^^^^^^^^^^^^^^^^^^^^^^^^^^^^^^^^^^
W0529 00:01:38.811000 27 site-packages/torch/_dynamo/convert_frame.py:1125]   File "/usr/local/lib/python3.12/site-packages/torch/_dynamo/variables/builder.py", line 2124, in wrap_fx_proxy_cls
W0529 00:01:38.811000 27 site-packages/torch/_dynamo/convert_frame.py:1125]     example_value = get_fake_value(proxy.node, tx, allow_non_graph_fake=True)
W0529 00:01:38.811000 27 site-packages/torch/_dynamo/convert_frame.py:1125]                     ^^^^^^^^^^^^^^^^^^^^^^^^^^^^^^^^^^^^^^^^^^^^^^^^^^^^^^^^^
W0529 00:01:38.811000 27 site-packages/torch/_dynamo/convert_frame.py:1125]   File "/usr/local/lib/python3.12/site-packages/torch/_dynamo/utils.py", line 2082, in get_fake_value
W0529 00:01:38.811000 27 site-packages/torch/_dynamo/convert_frame.py:1125]     raise TorchRuntimeError(str(e)).with_traceback(e.__traceback__) from None
W0529 00:01:38.811000 27 site-packages/torch/_dynamo/convert_frame.py:1125]   File "/usr/local/lib/python3.12/site-packages/torch/_dynamo/utils.py", line 2017, in get_fake_value
W0529 00:01:38.811000 27 site-packages/torch/_dynamo/convert_frame.py:1125]     ret_val = wrap_fake_exception(
W0529 00:01:38.811000 27 site-packages/torch/_dynamo/convert_frame.py:1125]               ^^^^^^^^^^^^^^^^^^^^
W0529 00:01:38.811000 27 site-packages/torch/_dynamo/convert_frame.py:1125]   File "/usr/local/lib/python3.12/site-packages/torch/_dynamo/utils.py", line 1574, in wrap_fake_exception
W0529 00:01:38.811000 27 site-packages/torch/_dynamo/convert_frame.py:1125]     return fn()
W0529 00:01:38.811000 27 site-packages/torch/_dynamo/convert_frame.py:1125]            ^^^^
W0529 00:01:38.811000 27 site-packages/torch/_dynamo/convert_frame.py:1125]   File "/usr/local/lib/python3.12/site-packages/torch/_dynamo/utils.py", line 2018, in <lambda>
W0529 00:01:38.811000 27 site-packages/torch/_dynamo/convert_frame.py:1125]     lambda: run_node(tx.output, node, args, kwargs, nnmodule)
W0529 00:01:38.811000 27 site-packages/torch/_dynamo/convert_frame.py:1125]             ^^^^^^^^^^^^^^^^^^^^^^^^^^^^^^^^^^^^^^^^^^^^^^^^^
W0529 00:01:38.811000 27 site-packages/torch/_dynamo/convert_frame.py:1125]   File "/usr/local/lib/python3.12/site-packages/torch/_dynamo/utils.py", line 2150, in run_node
W0529 00:01:38.811000 27 site-packages/torch/_dynamo/convert_frame.py:1125]     raise RuntimeError(make_error_message(e)).with_traceback(
W0529 00:01:38.811000 27 site-packages/torch/_dynamo/convert_frame.py:1125]   File "/usr/local/lib/python3.12/site-packages/torch/_dynamo/utils.py", line 2134, in run_node
W0529 00:01:38.811000 27 site-packages/torch/_dynamo/convert_frame.py:1125]     return getattr(args[0], node.target)(*args[1:], **kwargs)
W0529 00:01:38.811000 27 site-packages/torch/_dynamo/convert_frame.py:1125]            ^^^^^^^^^^^^^^^^^^^^^^^^^^^^^^^^^^^^^^^^^^^^^^^^^^
W0529 00:01:38.811000 27 site-packages/torch/_dynamo/convert_frame.py:1125]   File "/usr/local/lib/python3.12/site-packages/torch/utils/_stats.py", line 21, in wrapper
W0529 00:01:38.811000 27 site-packages/torch/_dynamo/convert_frame.py:1125]     return fn(*args, **kwargs)
W0529 00:01:38.811000 27 site-packages/torch/_dynamo/convert_frame.py:1125]            ^^^^^^^^^^^^^^^^^^^
W0529 00:01:38.811000 27 site-packages/torch/_dynamo/convert_frame.py:1125]   File "/usr/local/lib/python3.12/site-packages/torch/_subclasses/fake_tensor.py", line 1238, in __torch_dispatch__
W0529 00:01:38.811000 27 site-packages/torch/_dynamo/convert_frame.py:1125]     return self.dispatch(func, types, args, kwargs)
W0529 00:01:38.811000 27 site-packages/torch/_dynamo/convert_frame.py:1125]            ^^^^^^^^^^^^^^^^^^^^^^^^^^^^^^^^^^^^^^^^
W0529 00:01:38.811000 27 site-packages/torch/_dynamo/convert_frame.py:1125]   File "/usr/local/lib/python3.12/site-packages/torch/_subclasses/fake_tensor.py", line 1692, in dispatch
W0529 00:01:38.811000 27 site-packages/torch/_dynamo/convert_frame.py:1125]     return self._cached_dispatch_impl(func, types, args, kwargs)
W0529 00:01:38.811000 27 site-packages/torch/_dynamo/convert_frame.py:1125]            ^^^^^^^^^^^^^^^^^^^^^^^^^^^^^^^^^^^^^^^^^^^^^^^^^^^^^
W0529 00:01:38.811000 27 site-packages/torch/_dynamo/convert_frame.py:1125]   File "/usr/local/lib/python3.12/site-packages/torch/_subclasses/fake_tensor.py", line 1339, in _cached_dispatch_impl
W0529 00:01:38.811000 27 site-packages/torch/_dynamo/convert_frame.py:1125]     output = self._dispatch_impl(func, types, args, kwargs)
W0529 00:01:38.811000 27 site-packages/torch/_dynamo/convert_frame.py:1125]              ^^^^^^^^^^^^^^^^^^^^^^^^^^^^^^^^^^^^^^^^^^^^^^
W0529 00:01:38.811000 27 site-packages/torch/_dynamo/convert_frame.py:1125]   File "/usr/local/lib/python3.12/site-packages/torch/_subclasses/fake_tensor.py", line 2013, in _dispatch_impl
W0529 00:01:38.811000 27 site-packages/torch/_dynamo/convert_frame.py:1125]     r = func(*args, **kwargs)
W0529 00:01:38.811000 27 site-packages/torch/_dynamo/convert_frame.py:1125]         ^^^^^^^^^^^^^^^^^^^^^
W0529 00:01:38.811000 27 site-packages/torch/_dynamo/convert_frame.py:1125]   File "/usr/local/lib/python3.12/site-packages/torch/_ops.py", line 716, in __call__
W0529 00:01:38.811000 27 site-packages/torch/_dynamo/convert_frame.py:1125]     return self._op(*args, **kwargs)
W0529 00:01:38.811000 27 site-packages/torch/_dynamo/convert_frame.py:1125]            ^^^^^^^^^^^^^^^^^^^^^^^^^
W0529 00:01:38.811000 27 site-packages/torch/_dynamo/convert_frame.py:1125]   File "/usr/local/lib/python3.12/site-packages/torch/_refs/__init__.py", line 2476, in mean
W0529 00:01:38.811000 27 site-packages/torch/_dynamo/convert_frame.py:1125]     result = _reduction(
W0529 00:01:38.811000 27 site-packages/torch/_dynamo/convert_frame.py:1125]              ^^^^^^^^^^^
W0529 00:01:38.811000 27 site-packages/torch/_dynamo/convert_frame.py:1125]   File "/usr/local/lib/python3.12/site-packages/torch/_refs/__init__.py", line 2171, in _reduction
W0529 00:01:38.811000 27 site-packages/torch/_dynamo/convert_frame.py:1125]     dims = utils.reduction_dims(a.shape, dims)
W0529 00:01:38.811000 27 site-packages/torch/_dynamo/convert_frame.py:1125]            ^^^^^^^^^^^^^^^^^^^^^^^^^^^^^^^^^^^
W0529 00:01:38.811000 27 site-packages/torch/_dynamo/convert_frame.py:1125]   File "/usr/local/lib/python3.12/site-packages/torch/_prims_common/__init__.py", line 1713, in reduction_dims
W0529 00:01:38.811000 27 site-packages/torch/_dynamo/convert_frame.py:1125]     dims = tuple(canonicalize_dim(len(shape), idx) for idx in dims)
W0529 00:01:38.811000 27 site-packages/torch/_dynamo/convert_frame.py:1125]            ^^^^^^^^^^^^^^^^^^^^^^^^^^^^^^^^^^^^^^^^^^^^^^^^^^^^^^^^
W0529 00:01:38.811000 27 site-packages/torch/_dynamo/convert_frame.py:1125]   File "/usr/local/lib/python3.12/site-packages/torch/_prims_common/__init__.py", line 1713, in <genexpr>
W0529 00:01:38.811000 27 site-packages/torch/_dynamo/convert_frame.py:1125]     dims = tuple(canonicalize_dim(len(shape), idx) for idx in dims)
W0529 00:01:38.811000 27 site-packages/torch/_dynamo/convert_frame.py:1125]                  ^^^^^^^^^^^^^^^^^^^^^^^^^^^^^^^^^
W0529 00:01:38.811000 27 site-packages/torch/_dynamo/convert_frame.py:1125]   File "/usr/local/lib/python3.12/site-packages/torch/_prims_common/__init__.py", line 663, in canonicalize_dim
W0529 00:01:38.811000 27 site-packages/torch/_dynamo/convert_frame.py:1125]     raise IndexError(msg)
W0529 00:01:38.811000 27 site-packages/torch/_dynamo/convert_frame.py:1125] torch._dynamo.exc.TorchRuntimeError: Failed running call_method mean(*(FakeTensor(..., device='cuda:0', size=(2, 3, 5)),), **{'dim': (-5,), 'keepdim': True}):
W0529 00:01:38.811000 27 site-packages/torch/_dynamo/convert_frame.py:1125] Dimension out of range (expected to be in range of [-3, 2], but got -5)
W0529 00:01:38.811000 27 site-packages/torch/_dynamo/convert_frame.py:1125] 
W0529 00:01:38.811000 27 site-packages/torch/_dynamo/convert_frame.py:1125] from user code:
W0529 00:01:38.811000 27 site-packages/torch/_dynamo/convert_frame.py:1125]    File "/data/results/lmstudio_prompt12_general_router_20260528-152031/call_acc/fused_bmm_rmsnorm_gelu_dropout_sub.py", line 31, in _fused_bmm_rmsnorm_gelu_dropout_sub_impl
W0529 00:01:38.811000 27 site-packages/torch/_dynamo/convert_frame.py:1125]     mean = squared.mean(dim=norm_dims, keepdim=True)
W0529 00:01:38.811000 27 site-packages/torch/_dynamo/convert_frame.py:1125] 
W0529 00:01:38.811000 27 site-packages/torch/_dynamo/convert_frame.py:1125] Set TORCH_LOGS="+dynamo" and TORCHDYNAMO_VERBOSE=1 for more information
W0529 00:01:38.811000 27 site-packages/torch/_dynamo/convert_frame.py:1125] 
Traceback (most recent call last):
  File "/data/results/lmstudio_prompt12_general_router_20260528-152031/call_acc/fused_bmm_rmsnorm_gelu_dropout_sub.py", line 55, in fused_bmm_rmsnorm_gelu_dropout_sub
    y = _fused_bmm_rmsnorm_gelu_dropout_sub_fast(input1, input2, other, normalized_shape, dropout_p=dropout_p, training=training, approximate=approximate, eps=eps)
        ^^^^^^^^^^^^^^^^^^^^^^^^^^^^^^^^^^^^^^^^^^^^^^^^^^^^^^^^^^^^^^^^^^^^^^^^^^^^^^^^^^^^^^^^^^^^^^^^^^^^^^^^^^^^^^^^^^^^^^^^^^^^^^^^^^^^^^^^^^^^^^^^^^^^^^^^^^^
  File "/usr/local/lib/python3.12/site-packages/torch/_dynamo/eval_frame.py", line 465, in _fn
    return fn(*args, **kwargs)
           ^^^^^^^^^^^^^^^^^^^
  File "/data/results/lmstudio_prompt12_general_router_20260528-152031/call_acc/fused_bmm_rmsnorm_gelu_dropout_sub.py", line 31, in _fused_bmm_rmsnorm_gelu_dropout_sub_impl
    mean = squared.mean(dim=norm_dims, keepdim=True)
           ^^^^^^^^^^^^^^^^^^^^^^^^^^^^^^^^^^^^^^^^^
IndexError: Dimension out of range (expected to be in range of [-3, 2], but got -5)

During handling of the above exception, another exception occurred:

Traceback (most recent call last):
  File "/data/results/lmstudio_prompt12_general_router_20260528-152031/call_acc/fused_bmm_rmsnorm_gelu_dropout_sub.py", line 95, in <module>
    test_results = test_fused_bmm_rmsnorm_gelu_dropout_sub()
                   ^^^^^^^^^^^^^^^^^^^^^^^^^^^^^^^^^^^^^^^^^
  File "/data/results/lmstudio_prompt12_general_router_20260528-152031/call_acc/fused_bmm_rmsnorm_gelu_dropout_sub.py", line 79, in test_fused_bmm_rmsnorm_gelu_dropout_sub
    results["test_case_1"] = fused_bmm_rmsnorm_gelu_dropout_sub(input1, input2, other, normalized_shape)
                             ^^^^^^^^^^^^^^^^^^^^^^^^^^^^^^^^^^^^^^^^^^^^^^^^^^^^^^^^^^^^^^^^^^^^^^^^^^^
  File "/data/results/lmstudio_prompt12_general_router_20260528-152031/call_acc/fused_bmm_rmsnorm_gelu_dropout_sub.py", line 57, in fused_bmm_rmsnorm_gelu_dropout_sub
    y = _fused_bmm_rmsnorm_gelu_dropout_sub_impl(input1, input2, other, normalized_shape, dropout_p=dropout_p, training=training, approximate=approximate, eps=eps)
        ^^^^^^^^^^^^^^^^^^^^^^^^^^^^^^^^^^^^^^^^^^^^^^^^^^^^^^^^^^^^^^^^^^^^^^^^^^^^^^^^^^^^^^^^^^^^^^^^^^^^^^^^^^^^^^^^^^^^^^^^^^^^^^^^^^^^^^^^^^^^^^^^^^^^^^^^^^^
  File "/data/results/lmstudio_prompt12_general_router_20260528-152031/call_acc/fused_bmm_rmsnorm_gelu_dropout_sub.py", line 31, in _fused_bmm_rmsnorm_gelu_dropout_sub_impl
    mean = squared.mean(dim=norm_dims, keepdim=True)
           ^^^^^^^^^^^^^^^^^^^^^^^^^^^^^^^^^^^^^^^^^
IndexError: Dimension out of range (expected to be in range of [-3, 2], but got -5)

=== Output for div.py on GPU 0 ===

=== Errors for div.py on GPU 0 ===

=== Output for sigmoid_conv2d.py on GPU 0 ===

=== Errors for sigmoid_conv2d.py on GPU 0 ===
W0529 00:01:57.131000 35 site-packages/torch/_inductor/utils.py:1048] [0/0] Not enough SMs to use max_autotune_gemm mode

=== Output for solve_multiple_lu.py on GPU 0 ===

=== Errors for solve_multiple_lu.py on GPU 0 ===
Traceback (most recent call last):
  File "/data/results/lmstudio_prompt12_general_router_20260528-152031/call_acc/solve_multiple_lu.py", line 60, in <module>
    test_results = test_solve_multiple_lu()
                   ^^^^^^^^^^^^^^^^^^^^^^^^
  File "/data/results/lmstudio_prompt12_general_router_20260528-152031/call_acc/solve_multiple_lu.py", line 41, in test_solve_multiple_lu
    results["test_case_1"] = solve_multiple_lu(A1, Bs1)
                             ^^^^^^^^^^^^^^^^^^^^^^^^^^
  File "/data/results/lmstudio_prompt12_general_router_20260528-152031/call_acc/solve_multiple_lu.py", line 23, in solve_multiple_lu
    y = torch.linalg.lu_solve(LU, pivots, Bs, pivot=pivot)
        ^^^^^^^^^^^^^^^^^^^^^^^^^^^^^^^^^^^^^^^^^^^^^^^^^^
TypeError: linalg_lu_solve() got an unexpected keyword argument 'pivot'

=== Output for tanh.py on GPU 0 ===

=== Errors for tanh.py on GPU 0 ===

=== Output for relu_sqrt.py on GPU 0 ===

=== Errors for relu_sqrt.py on GPU 0 ===

=== Output for sqrt.py on GPU 0 ===

=== Errors for sqrt.py on GPU 0 ===

=== Output for sigmoid_argmax.py on GPU 0 ===

=== Errors for sigmoid_argmax.py on GPU 0 ===

=== Output for sub.py on GPU 0 ===

=== Errors for sub.py on GPU 0 ===

=== Output for grid_sample.py on GPU 0 ===

=== Errors for grid_sample.py on GPU 0 ===

=== Output for svd.py on GPU 0 ===

=== Errors for svd.py on GPU 0 ===
Traceback (most recent call last):
  File "/data/results/lmstudio_prompt12_general_router_20260528-152031/call_acc/svd.py", line 61, in <module>
    test_results = test_svd()
                   ^^^^^^^^^^
  File "/data/results/lmstudio_prompt12_general_router_20260528-152031/call_acc/svd.py", line 41, in test_svd
    U1, S1, Vh1 = svd(A1, full_matrices=True)
                  ^^^
NameError: name 'svd' is not defined

=== Output for i0.py on GPU 0 ===

=== Errors for i0.py on GPU 0 ===

=== Output for rsqrt.py on GPU 0 ===

=== Errors for rsqrt.py on GPU 0 ===

=== Output for dropout_relu_batch_norm_conv2d.py on GPU 0 ===

=== Errors for dropout_relu_batch_norm_conv2d.py on GPU 0 ===
Traceback (most recent call last):
  File "/data/results/lmstudio_prompt12_general_router_20260528-152031/call_acc/dropout_relu_batch_norm_conv2d.py", line 31, in <module>
    test_results = test_dropout_relu_batch_norm_conv2d()
                   ^^^^^^^^^^^^^^^^^^^^^^^^^^^^^^^^^^^^^
  File "/data/results/lmstudio_prompt12_general_router_20260528-152031/call_acc/dropout_relu_batch_norm_conv2d.py", line 12, in test_dropout_relu_batch_norm_conv2d
    input_tensor = torch.randn(1, 3, 8, 8, device='cuda')
                   ^^^^^
NameError: name 'torch' is not defined

=== Output for fused_mv_logsoftmax_dropout.py on GPU 0 ===

=== Errors for fused_mv_logsoftmax_dropout.py on GPU 0 ===
Traceback (most recent call last):
  File "/data/results/lmstudio_prompt12_general_router_20260528-152031/call_acc/fused_mv_logsoftmax_dropout.py", line 35, in <module>
    test_results = test_fused_mv_logsoftmax_dropout()
                   ^^^^^^^^^^^^^^^^^^^^^^^^^^^^^^^^^^
  File "/data/results/lmstudio_prompt12_general_router_20260528-152031/call_acc/fused_mv_logsoftmax_dropout.py", line 16, in test_fused_mv_logsoftmax_dropout
    results["test_case_1"] = fused_mv_logsoftmax_dropout(input1, vec1)
                             ^^^^^^^^^^^^^^^^^^^^^^^^^^^
NameError: name 'fused_mv_logsoftmax_dropout' is not defined. Did you mean: 'test_fused_mv_logsoftmax_dropout'?

=== Output for add.py on GPU 0 ===

=== Errors for add.py on GPU 0 ===

=== Output for fused_silu_layer_norm_conv2d.py on GPU 0 ===

=== Errors for fused_silu_layer_norm_conv2d.py on GPU 0 ===
E0529 00:03:13.350000 233 site-packages/torch/_subclasses/fake_tensor.py:2017] [0/0] failed while attempting to run meta for aten.native_layer_norm.default
E0529 00:03:13.350000 233 site-packages/torch/_subclasses/fake_tensor.py:2017] [0/0] Traceback (most recent call last):
E0529 00:03:13.350000 233 site-packages/torch/_subclasses/fake_tensor.py:2017] [0/0]   File "/usr/local/lib/python3.12/site-packages/torch/_subclasses/fake_tensor.py", line 2013, in _dispatch_impl
E0529 00:03:13.350000 233 site-packages/torch/_subclasses/fake_tensor.py:2017] [0/0]     r = func(*args, **kwargs)
E0529 00:03:13.350000 233 site-packages/torch/_subclasses/fake_tensor.py:2017] [0/0]         ^^^^^^^^^^^^^^^^^^^^^
E0529 00:03:13.350000 233 site-packages/torch/_subclasses/fake_tensor.py:2017] [0/0]   File "/usr/local/lib/python3.12/site-packages/torch/_ops.py", line 716, in __call__
E0529 00:03:13.350000 233 site-packages/torch/_subclasses/fake_tensor.py:2017] [0/0]     return self._op(*args, **kwargs)
E0529 00:03:13.350000 233 site-packages/torch/_subclasses/fake_tensor.py:2017] [0/0]            ^^^^^^^^^^^^^^^^^^^^^^^^^
E0529 00:03:13.350000 233 site-packages/torch/_subclasses/fake_tensor.py:2017] [0/0]   File "/usr/local/lib/python3.12/site-packages/torch/_decomp/__init__.py", line 88, in _fn
E0529 00:03:13.350000 233 site-packages/torch/_subclasses/fake_tensor.py:2017] [0/0]     return f(*args, **kwargs, out=None if is_none else out_kwargs)
E0529 00:03:13.350000 233 site-packages/torch/_subclasses/fake_tensor.py:2017] [0/0]            ^^^^^^^^^^^^^^^^^^^^^^^^^^^^^^^^^^^^^^^^^^^^^^^^^^^^^^^
E0529 00:03:13.350000 233 site-packages/torch/_subclasses/fake_tensor.py:2017] [0/0]   File "/usr/local/lib/python3.12/site-packages/torch/_prims_common/wrappers.py", line 273, in _fn
E0529 00:03:13.350000 233 site-packages/torch/_subclasses/fake_tensor.py:2017] [0/0]     result = fn(*args, **kwargs)
E0529 00:03:13.350000 233 site-packages/torch/_subclasses/fake_tensor.py:2017] [0/0]              ^^^^^^^^^^^^^^^^^^^
E0529 00:03:13.350000 233 site-packages/torch/_subclasses/fake_tensor.py:2017] [0/0]   File "/usr/local/lib/python3.12/site-packages/torch/_refs/__init__.py", line 3223, in native_layer_norm
E0529 00:03:13.350000 233 site-packages/torch/_subclasses/fake_tensor.py:2017] [0/0]     torch._check(
E0529 00:03:13.350000 233 site-packages/torch/_subclasses/fake_tensor.py:2017] [0/0]   File "/usr/local/lib/python3.12/site-packages/torch/__init__.py", line 1564, in _check
E0529 00:03:13.350000 233 site-packages/torch/_subclasses/fake_tensor.py:2017] [0/0]     _check_with(RuntimeError, cond, message)
E0529 00:03:13.350000 233 site-packages/torch/_subclasses/fake_tensor.py:2017] [0/0]   File "/usr/local/lib/python3.12/site-packages/torch/__init__.py", line 1546, in _check_with
E0529 00:03:13.350000 233 site-packages/torch/_subclasses/fake_tensor.py:2017] [0/0]     raise error_type(message_evaluated)
E0529 00:03:13.350000 233 site-packages/torch/_subclasses/fake_tensor.py:2017] [0/0] RuntimeError: Given normalized_shape=[6], expected input with shape [6], but got input of size torch.Size([1, 6, 3, 3])
W0529 00:03:13.360000 233 site-packages/torch/_dynamo/convert_frame.py:1125] WON'T CONVERT _fused_silu_layer_norm_conv2d_impl /data/results/lmstudio_prompt12_general_router_20260528-152031/call_acc/fused_silu_layer_norm_conv2d.py line 22 
W0529 00:03:13.360000 233 site-packages/torch/_dynamo/convert_frame.py:1125] due to: 
W0529 00:03:13.360000 233 site-packages/torch/_dynamo/convert_frame.py:1125] Traceback (most recent call last):
W0529 00:03:13.360000 233 site-packages/torch/_dynamo/convert_frame.py:1125]   File "/usr/local/lib/python3.12/site-packages/torch/_dynamo/convert_frame.py", line 1064, in __call__
W0529 00:03:13.360000 233 site-packages/torch/_dynamo/convert_frame.py:1125]     result = self._inner_convert(
W0529 00:03:13.360000 233 site-packages/torch/_dynamo/convert_frame.py:1125]              ^^^^^^^^^^^^^^^^^^^^
W0529 00:03:13.360000 233 site-packages/torch/_dynamo/convert_frame.py:1125]   File "/usr/local/lib/python3.12/site-packages/torch/_dynamo/convert_frame.py", line 526, in __call__
W0529 00:03:13.360000 233 site-packages/torch/_dynamo/convert_frame.py:1125]     return _compile(
W0529 00:03:13.360000 233 site-packages/torch/_dynamo/convert_frame.py:1125]            ^^^^^^^^^
W0529 00:03:13.360000 233 site-packages/torch/_dynamo/convert_frame.py:1125]   File "/usr/local/lib/python3.12/site-packages/torch/_dynamo/convert_frame.py", line 924, in _compile
W0529 00:03:13.360000 233 site-packages/torch/_dynamo/convert_frame.py:1125]     guarded_code = compile_inner(code, one_graph, hooks, transform)
W0529 00:03:13.360000 233 site-packages/torch/_dynamo/convert_frame.py:1125]                    ^^^^^^^^^^^^^^^^^^^^^^^^^^^^^^^^^^^^^^^^^^^^^^^^
W0529 00:03:13.360000 233 site-packages/torch/_dynamo/convert_frame.py:1125]   File "/usr/local/lib/python3.12/site-packages/torch/_dynamo/convert_frame.py", line 666, in compile_inner
W0529 00:03:13.360000 233 site-packages/torch/_dynamo/convert_frame.py:1125]     return _compile_inner(code, one_graph, hooks, transform)
W0529 00:03:13.360000 233 site-packages/torch/_dynamo/convert_frame.py:1125]            ^^^^^^^^^^^^^^^^^^^^^^^^^^^^^^^^^^^^^^^^^^^^^^^^^
W0529 00:03:13.360000 233 site-packages/torch/_dynamo/convert_frame.py:1125]   File "/usr/local/lib/python3.12/site-packages/torch/_utils_internal.py", line 87, in wrapper_function
W0529 00:03:13.360000 233 site-packages/torch/_dynamo/convert_frame.py:1125]     return function(*args, **kwargs)
W0529 00:03:13.360000 233 site-packages/torch/_dynamo/convert_frame.py:1125]            ^^^^^^^^^^^^^^^^^^^^^^^^^
W0529 00:03:13.360000 233 site-packages/torch/_dynamo/convert_frame.py:1125]   File "/usr/local/lib/python3.12/site-packages/torch/_dynamo/convert_frame.py", line 699, in _compile_inner
W0529 00:03:13.360000 233 site-packages/torch/_dynamo/convert_frame.py:1125]     out_code = transform_code_object(code, transform)
W0529 00:03:13.360000 233 site-packages/torch/_dynamo/convert_frame.py:1125]                ^^^^^^^^^^^^^^^^^^^^^^^^^^^^^^^^^^^^^^
W0529 00:03:13.360000 233 site-packages/torch/_dynamo/convert_frame.py:1125]   File "/usr/local/lib/python3.12/site-packages/torch/_dynamo/bytecode_transformation.py", line 1322, in transform_code_object
W0529 00:03:13.360000 233 site-packages/torch/_dynamo/convert_frame.py:1125]     transformations(instructions, code_options)
W0529 00:03:13.360000 233 site-packages/torch/_dynamo/convert_frame.py:1125]   File "/usr/local/lib/python3.12/site-packages/torch/_dynamo/convert_frame.py", line 219, in _fn
W0529 00:03:13.360000 233 site-packages/torch/_dynamo/convert_frame.py:1125]     return fn(*args, **kwargs)
W0529 00:03:13.360000 233 site-packages/torch/_dynamo/convert_frame.py:1125]            ^^^^^^^^^^^^^^^^^^^
W0529 00:03:13.360000 233 site-packages/torch/_dynamo/convert_frame.py:1125]   File "/usr/local/lib/python3.12/site-packages/torch/_dynamo/convert_frame.py", line 634, in transform
W0529 00:03:13.360000 233 site-packages/torch/_dynamo/convert_frame.py:1125]     tracer.run()
W0529 00:03:13.360000 233 site-packages/torch/_dynamo/convert_frame.py:1125]   File "/usr/local/lib/python3.12/site-packages/torch/_dynamo/symbolic_convert.py", line 2796, in run
W0529 00:03:13.360000 233 site-packages/torch/_dynamo/convert_frame.py:1125]     super().run()
W0529 00:03:13.360000 233 site-packages/torch/_dynamo/convert_frame.py:1125]   File "/usr/local/lib/python3.12/site-packages/torch/_dynamo/symbolic_convert.py", line 983, in run
W0529 00:03:13.360000 233 site-packages/torch/_dynamo/convert_frame.py:1125]     while self.step():
W0529 00:03:13.360000 233 site-packages/torch/_dynamo/convert_frame.py:1125]           ^^^^^^^^^^^
W0529 00:03:13.360000 233 site-packages/torch/_dynamo/convert_frame.py:1125]   File "/usr/local/lib/python3.12/site-packages/torch/_dynamo/symbolic_convert.py", line 895, in step
W0529 00:03:13.360000 233 site-packages/torch/_dynamo/convert_frame.py:1125]     self.dispatch_table[inst.opcode](self, inst)
W0529 00:03:13.360000 233 site-packages/torch/_dynamo/convert_frame.py:1125]   File "/usr/local/lib/python3.12/site-packages/torch/_dynamo/symbolic_convert.py", line 582, in wrapper
W0529 00:03:13.360000 233 site-packages/torch/_dynamo/convert_frame.py:1125]     return inner_fn(self, inst)
W0529 00:03:13.360000 233 site-packages/torch/_dynamo/convert_frame.py:1125]            ^^^^^^^^^^^^^^^^^^^^
W0529 00:03:13.360000 233 site-packages/torch/_dynamo/convert_frame.py:1125]   File "/usr/local/lib/python3.12/site-packages/torch/_dynamo/symbolic_convert.py", line 2279, in CALL
W0529 00:03:13.360000 233 site-packages/torch/_dynamo/convert_frame.py:1125]     self._call(inst)
W0529 00:03:13.360000 233 site-packages/torch/_dynamo/convert_frame.py:1125]   File "/usr/local/lib/python3.12/site-packages/torch/_dynamo/symbolic_convert.py", line 2273, in _call
W0529 00:03:13.360000 233 site-packages/torch/_dynamo/convert_frame.py:1125]     self.call_function(fn, args, kwargs)
W0529 00:03:13.360000 233 site-packages/torch/_dynamo/convert_frame.py:1125]   File "/usr/local/lib/python3.12/site-packages/torch/_dynamo/symbolic_convert.py", line 830, in call_function
W0529 00:03:13.360000 233 site-packages/torch/_dynamo/convert_frame.py:1125]     self.push(fn.call_function(self, args, kwargs))  # type: ignore[arg-type]
W0529 00:03:13.360000 233 site-packages/torch/_dynamo/convert_frame.py:1125]               ^^^^^^^^^^^^^^^^^^^^^^^^^^^^^^^^^^^^
W0529 00:03:13.360000 233 site-packages/torch/_dynamo/convert_frame.py:1125]   File "/usr/local/lib/python3.12/site-packages/torch/_dynamo/variables/torch.py", line 897, in call_function
W0529 00:03:13.360000 233 site-packages/torch/_dynamo/convert_frame.py:1125]     tensor_variable = wrap_fx_proxy(
W0529 00:03:13.360000 233 site-packages/torch/_dynamo/convert_frame.py:1125]                       ^^^^^^^^^^^^^^
W0529 00:03:13.360000 233 site-packages/torch/_dynamo/convert_frame.py:1125]   File "/usr/local/lib/python3.12/site-packages/torch/_dynamo/variables/builder.py", line 2037, in wrap_fx_proxy
W0529 00:03:13.360000 233 site-packages/torch/_dynamo/convert_frame.py:1125]     return wrap_fx_proxy_cls(target_cls=TensorVariable, **kwargs)
W0529 00:03:13.360000 233 site-packages/torch/_dynamo/convert_frame.py:1125]            ^^^^^^^^^^^^^^^^^^^^^^^^^^^^^^^^^^^^^^^^^^^^^^^^^^^^^^
W0529 00:03:13.360000 233 site-packages/torch/_dynamo/convert_frame.py:1125]   File "/usr/local/lib/python3.12/site-packages/torch/_dynamo/variables/builder.py", line 2124, in wrap_fx_proxy_cls
W0529 00:03:13.360000 233 site-packages/torch/_dynamo/convert_frame.py:1125]     example_value = get_fake_value(proxy.node, tx, allow_non_graph_fake=True)
W0529 00:03:13.360000 233 site-packages/torch/_dynamo/convert_frame.py:1125]                     ^^^^^^^^^^^^^^^^^^^^^^^^^^^^^^^^^^^^^^^^^^^^^^^^^^^^^^^^^
W0529 00:03:13.360000 233 site-packages/torch/_dynamo/convert_frame.py:1125]   File "/usr/local/lib/python3.12/site-packages/torch/_dynamo/utils.py", line 2082, in get_fake_value
W0529 00:03:13.360000 233 site-packages/torch/_dynamo/convert_frame.py:1125]     raise TorchRuntimeError(str(e)).with_traceback(e.__traceback__) from None
W0529 00:03:13.360000 233 site-packages/torch/_dynamo/convert_frame.py:1125]   File "/usr/local/lib/python3.12/site-packages/torch/_dynamo/utils.py", line 2017, in get_fake_value
W0529 00:03:13.360000 233 site-packages/torch/_dynamo/convert_frame.py:1125]     ret_val = wrap_fake_exception(
W0529 00:03:13.360000 233 site-packages/torch/_dynamo/convert_frame.py:1125]               ^^^^^^^^^^^^^^^^^^^^
W0529 00:03:13.360000 233 site-packages/torch/_dynamo/convert_frame.py:1125]   File "/usr/local/lib/python3.12/site-packages/torch/_dynamo/utils.py", line 1574, in wrap_fake_exception
W0529 00:03:13.360000 233 site-packages/torch/_dynamo/convert_frame.py:1125]     return fn()
W0529 00:03:13.360000 233 site-packages/torch/_dynamo/convert_frame.py:1125]            ^^^^
W0529 00:03:13.360000 233 site-packages/torch/_dynamo/convert_frame.py:1125]   File "/usr/local/lib/python3.12/site-packages/torch/_dynamo/utils.py", line 2018, in <lambda>
W0529 00:03:13.360000 233 site-packages/torch/_dynamo/convert_frame.py:1125]     lambda: run_node(tx.output, node, args, kwargs, nnmodule)
W0529 00:03:13.360000 233 site-packages/torch/_dynamo/convert_frame.py:1125]             ^^^^^^^^^^^^^^^^^^^^^^^^^^^^^^^^^^^^^^^^^^^^^^^^^
W0529 00:03:13.360000 233 site-packages/torch/_dynamo/convert_frame.py:1125]   File "/usr/local/lib/python3.12/site-packages/torch/_dynamo/utils.py", line 2150, in run_node
W0529 00:03:13.360000 233 site-packages/torch/_dynamo/convert_frame.py:1125]     raise RuntimeError(make_error_message(e)).with_traceback(
W0529 00:03:13.360000 233 site-packages/torch/_dynamo/convert_frame.py:1125]   File "/usr/local/lib/python3.12/site-packages/torch/_dynamo/utils.py", line 2132, in run_node
W0529 00:03:13.360000 233 site-packages/torch/_dynamo/convert_frame.py:1125]     return node.target(*args, **kwargs)
W0529 00:03:13.360000 233 site-packages/torch/_dynamo/convert_frame.py:1125]            ^^^^^^^^^^^^^^^^^^^^^^^^^^^^
W0529 00:03:13.360000 233 site-packages/torch/_dynamo/convert_frame.py:1125]   File "/usr/local/lib/python3.12/site-packages/torch/nn/functional.py", line 2900, in layer_norm
W0529 00:03:13.360000 233 site-packages/torch/_dynamo/convert_frame.py:1125]     return torch.layer_norm(
W0529 00:03:13.360000 233 site-packages/torch/_dynamo/convert_frame.py:1125]            ^^^^^^^^^^^^^^^^^
W0529 00:03:13.360000 233 site-packages/torch/_dynamo/convert_frame.py:1125]   File "/usr/local/lib/python3.12/site-packages/torch/utils/_stats.py", line 21, in wrapper
W0529 00:03:13.360000 233 site-packages/torch/_dynamo/convert_frame.py:1125]     return fn(*args, **kwargs)
W0529 00:03:13.360000 233 site-packages/torch/_dynamo/convert_frame.py:1125]            ^^^^^^^^^^^^^^^^^^^
W0529 00:03:13.360000 233 site-packages/torch/_dynamo/convert_frame.py:1125]   File "/usr/local/lib/python3.12/site-packages/torch/_subclasses/fake_tensor.py", line 1238, in __torch_dispatch__
W0529 00:03:13.360000 233 site-packages/torch/_dynamo/convert_frame.py:1125]     return self.dispatch(func, types, args, kwargs)
W0529 00:03:13.360000 233 site-packages/torch/_dynamo/convert_frame.py:1125]            ^^^^^^^^^^^^^^^^^^^^^^^^^^^^^^^^^^^^^^^^
W0529 00:03:13.360000 233 site-packages/torch/_dynamo/convert_frame.py:1125]   File "/usr/local/lib/python3.12/site-packages/torch/_subclasses/fake_tensor.py", line 1692, in dispatch
W0529 00:03:13.360000 233 site-packages/torch/_dynamo/convert_frame.py:1125]     return self._cached_dispatch_impl(func, types, args, kwargs)
W0529 00:03:13.360000 233 site-packages/torch/_dynamo/convert_frame.py:1125]            ^^^^^^^^^^^^^^^^^^^^^^^^^^^^^^^^^^^^^^^^^^^^^^^^^^^^^
W0529 00:03:13.360000 233 site-packages/torch/_dynamo/convert_frame.py:1125]   File "/usr/local/lib/python3.12/site-packages/torch/_subclasses/fake_tensor.py", line 1339, in _cached_dispatch_impl
W0529 00:03:13.360000 233 site-packages/torch/_dynamo/convert_frame.py:1125]     output = self._dispatch_impl(func, types, args, kwargs)
W0529 00:03:13.360000 233 site-packages/torch/_dynamo/convert_frame.py:1125]              ^^^^^^^^^^^^^^^^^^^^^^^^^^^^^^^^^^^^^^^^^^^^^^
W0529 00:03:13.360000 233 site-packages/torch/_dynamo/convert_frame.py:1125]   File "/usr/local/lib/python3.12/site-packages/torch/_subclasses/fake_tensor.py", line 2013, in _dispatch_impl
W0529 00:03:13.360000 233 site-packages/torch/_dynamo/convert_frame.py:1125]     r = func(*args, **kwargs)
W0529 00:03:13.360000 233 site-packages/torch/_dynamo/convert_frame.py:1125]         ^^^^^^^^^^^^^^^^^^^^^
W0529 00:03:13.360000 233 site-packages/torch/_dynamo/convert_frame.py:1125]   File "/usr/local/lib/python3.12/site-packages/torch/_ops.py", line 716, in __call__
W0529 00:03:13.360000 233 site-packages/torch/_dynamo/convert_frame.py:1125]     return self._op(*args, **kwargs)
W0529 00:03:13.360000 233 site-packages/torch/_dynamo/convert_frame.py:1125]            ^^^^^^^^^^^^^^^^^^^^^^^^^
W0529 00:03:13.360000 233 site-packages/torch/_dynamo/convert_frame.py:1125]   File "/usr/local/lib/python3.12/site-packages/torch/_decomp/__init__.py", line 88, in _fn
W0529 00:03:13.360000 233 site-packages/torch/_dynamo/convert_frame.py:1125]     return f(*args, **kwargs, out=None if is_none else out_kwargs)
W0529 00:03:13.360000 233 site-packages/torch/_dynamo/convert_frame.py:1125]            ^^^^^^^^^^^^^^^^^^^^^^^^^^^^^^^^^^^^^^^^^^^^^^^^^^^^^^^
W0529 00:03:13.360000 233 site-packages/torch/_dynamo/convert_frame.py:1125]   File "/usr/local/lib/python3.12/site-packages/torch/_prims_common/wrappers.py", line 273, in _fn
W0529 00:03:13.360000 233 site-packages/torch/_dynamo/convert_frame.py:1125]     result = fn(*args, **kwargs)
W0529 00:03:13.360000 233 site-packages/torch/_dynamo/convert_frame.py:1125]              ^^^^^^^^^^^^^^^^^^^
W0529 00:03:13.360000 233 site-packages/torch/_dynamo/convert_frame.py:1125]   File "/usr/local/lib/python3.12/site-packages/torch/_refs/__init__.py", line 3223, in native_layer_norm
W0529 00:03:13.360000 233 site-packages/torch/_dynamo/convert_frame.py:1125]     torch._check(
W0529 00:03:13.360000 233 site-packages/torch/_dynamo/convert_frame.py:1125]   File "/usr/local/lib/python3.12/site-packages/torch/__init__.py", line 1564, in _check
W0529 00:03:13.360000 233 site-packages/torch/_dynamo/convert_frame.py:1125]     _check_with(RuntimeError, cond, message)
W0529 00:03:13.360000 233 site-packages/torch/_dynamo/convert_frame.py:1125]   File "/usr/local/lib/python3.12/site-packages/torch/__init__.py", line 1546, in _check_with
W0529 00:03:13.360000 233 site-packages/torch/_dynamo/convert_frame.py:1125]     raise error_type(message_evaluated)
W0529 00:03:13.360000 233 site-packages/torch/_dynamo/convert_frame.py:1125] torch._dynamo.exc.TorchRuntimeError: Failed running call_function <function layer_norm at 0x2a5b64aba2a0>(*(FakeTensor(..., device='cuda:0', size=(1, 6, 3, 3)), (6,)), **{'weight': None, 'bias': None, 'eps': 1e-05}):
W0529 00:03:13.360000 233 site-packages/torch/_dynamo/convert_frame.py:1125] Given normalized_shape=[6], expected input with shape [6], but got input of size torch.Size([1, 6, 3, 3])
W0529 00:03:13.360000 233 site-packages/torch/_dynamo/convert_frame.py:1125] 
W0529 00:03:13.360000 233 site-packages/torch/_dynamo/convert_frame.py:1125] from user code:
W0529 00:03:13.360000 233 site-packages/torch/_dynamo/convert_frame.py:1125]    File "/data/results/lmstudio_prompt12_general_router_20260528-152031/call_acc/fused_silu_layer_norm_conv2d.py", line 32, in _fused_silu_layer_norm_conv2d_impl
W0529 00:03:13.360000 233 site-packages/torch/_dynamo/convert_frame.py:1125]     ln_out = F.layer_norm(conv_out, normalized_shape, weight=w, bias=None, eps=ln_eps)
W0529 00:03:13.360000 233 site-packages/torch/_dynamo/convert_frame.py:1125] 
W0529 00:03:13.360000 233 site-packages/torch/_dynamo/convert_frame.py:1125] Set TORCH_LOGS="+dynamo" and TORCHDYNAMO_VERBOSE=1 for more information
W0529 00:03:13.360000 233 site-packages/torch/_dynamo/convert_frame.py:1125] 
W0529 00:03:13.360000 233 site-packages/torch/_dynamo/convert_frame.py:1125] Traceback (most recent call last):
W0529 00:03:13.360000 233 site-packages/torch/_dynamo/convert_frame.py:1125]   File "/usr/local/lib/python3.12/site-packages/torch/_dynamo/convert_frame.py", line 1064, in __call__
W0529 00:03:13.360000 233 site-packages/torch/_dynamo/convert_frame.py:1125]     result = self._inner_convert(
W0529 00:03:13.360000 233 site-packages/torch/_dynamo/convert_frame.py:1125]              ^^^^^^^^^^^^^^^^^^^^
W0529 00:03:13.360000 233 site-packages/torch/_dynamo/convert_frame.py:1125]   File "/usr/local/lib/python3.12/site-packages/torch/_dynamo/convert_frame.py", line 526, in __call__
W0529 00:03:13.360000 233 site-packages/torch/_dynamo/convert_frame.py:1125]     return _compile(
W0529 00:03:13.360000 233 site-packages/torch/_dynamo/convert_frame.py:1125]            ^^^^^^^^^
W0529 00:03:13.360000 233 site-packages/torch/_dynamo/convert_frame.py:1125]   File "/usr/local/lib/python3.12/site-packages/torch/_dynamo/convert_frame.py", line 924, in _compile
W0529 00:03:13.360000 233 site-packages/torch/_dynamo/convert_frame.py:1125]     guarded_code = compile_inner(code, one_graph, hooks, transform)
W0529 00:03:13.360000 233 site-packages/torch/_dynamo/convert_frame.py:1125]                    ^^^^^^^^^^^^^^^^^^^^^^^^^^^^^^^^^^^^^^^^^^^^^^^^
W0529 00:03:13.360000 233 site-packages/torch/_dynamo/convert_frame.py:1125]   File "/usr/local/lib/python3.12/site-packages/torch/_dynamo/convert_frame.py", line 666, in compile_inner
W0529 00:03:13.360000 233 site-packages/torch/_dynamo/convert_frame.py:1125]     return _compile_inner(code, one_graph, hooks, transform)
W0529 00:03:13.360000 233 site-packages/torch/_dynamo/convert_frame.py:1125]            ^^^^^^^^^^^^^^^^^^^^^^^^^^^^^^^^^^^^^^^^^^^^^^^^^
W0529 00:03:13.360000 233 site-packages/torch/_dynamo/convert_frame.py:1125]   File "/usr/local/lib/python3.12/site-packages/torch/_utils_internal.py", line 87, in wrapper_function
W0529 00:03:13.360000 233 site-packages/torch/_dynamo/convert_frame.py:1125]     return function(*args, **kwargs)
W0529 00:03:13.360000 233 site-packages/torch/_dynamo/convert_frame.py:1125]            ^^^^^^^^^^^^^^^^^^^^^^^^^
W0529 00:03:13.360000 233 site-packages/torch/_dynamo/convert_frame.py:1125]   File "/usr/local/lib/python3.12/site-packages/torch/_dynamo/convert_frame.py", line 699, in _compile_inner
W0529 00:03:13.360000 233 site-packages/torch/_dynamo/convert_frame.py:1125]     out_code = transform_code_object(code, transform)
W0529 00:03:13.360000 233 site-packages/torch/_dynamo/convert_frame.py:1125]                ^^^^^^^^^^^^^^^^^^^^^^^^^^^^^^^^^^^^^^
W0529 00:03:13.360000 233 site-packages/torch/_dynamo/convert_frame.py:1125]   File "/usr/local/lib/python3.12/site-packages/torch/_dynamo/bytecode_transformation.py", line 1322, in transform_code_object
W0529 00:03:13.360000 233 site-packages/torch/_dynamo/convert_frame.py:1125]     transformations(instructions, code_options)
W0529 00:03:13.360000 233 site-packages/torch/_dynamo/convert_frame.py:1125]   File "/usr/local/lib/python3.12/site-packages/torch/_dynamo/convert_frame.py", line 219, in _fn
W0529 00:03:13.360000 233 site-packages/torch/_dynamo/convert_frame.py:1125]     return fn(*args, **kwargs)
W0529 00:03:13.360000 233 site-packages/torch/_dynamo/convert_frame.py:1125]            ^^^^^^^^^^^^^^^^^^^
W0529 00:03:13.360000 233 site-packages/torch/_dynamo/convert_frame.py:1125]   File "/usr/local/lib/python3.12/site-packages/torch/_dynamo/convert_frame.py", line 634, in transform
W0529 00:03:13.360000 233 site-packages/torch/_dynamo/convert_frame.py:1125]     tracer.run()
W0529 00:03:13.360000 233 site-packages/torch/_dynamo/convert_frame.py:1125]   File "/usr/local/lib/python3.12/site-packages/torch/_dynamo/symbolic_convert.py", line 2796, in run
W0529 00:03:13.360000 233 site-packages/torch/_dynamo/convert_frame.py:1125]     super().run()
W0529 00:03:13.360000 233 site-packages/torch/_dynamo/convert_frame.py:1125]   File "/usr/local/lib/python3.12/site-packages/torch/_dynamo/symbolic_convert.py", line 983, in run
W0529 00:03:13.360000 233 site-packages/torch/_dynamo/convert_frame.py:1125]     while self.step():
W0529 00:03:13.360000 233 site-packages/torch/_dynamo/convert_frame.py:1125]           ^^^^^^^^^^^
W0529 00:03:13.360000 233 site-packages/torch/_dynamo/convert_frame.py:1125]   File "/usr/local/lib/python3.12/site-packages/torch/_dynamo/symbolic_convert.py", line 895, in step
W0529 00:03:13.360000 233 site-packages/torch/_dynamo/convert_frame.py:1125]     self.dispatch_table[inst.opcode](self, inst)
W0529 00:03:13.360000 233 site-packages/torch/_dynamo/convert_frame.py:1125]   File "/usr/local/lib/python3.12/site-packages/torch/_dynamo/symbolic_convert.py", line 582, in wrapper
W0529 00:03:13.360000 233 site-packages/torch/_dynamo/convert_frame.py:1125]     return inner_fn(self, inst)
W0529 00:03:13.360000 233 site-packages/torch/_dynamo/convert_frame.py:1125]            ^^^^^^^^^^^^^^^^^^^^
W0529 00:03:13.360000 233 site-packages/torch/_dynamo/convert_frame.py:1125]   File "/usr/local/lib/python3.12/site-packages/torch/_dynamo/symbolic_convert.py", line 2279, in CALL
W0529 00:03:13.360000 233 site-packages/torch/_dynamo/convert_frame.py:1125]     self._call(inst)
W0529 00:03:13.360000 233 site-packages/torch/_dynamo/convert_frame.py:1125]   File "/usr/local/lib/python3.12/site-packages/torch/_dynamo/symbolic_convert.py", line 2273, in _call
W0529 00:03:13.360000 233 site-packages/torch/_dynamo/convert_frame.py:1125]     self.call_function(fn, args, kwargs)
W0529 00:03:13.360000 233 site-packages/torch/_dynamo/convert_frame.py:1125]   File "/usr/local/lib/python3.12/site-packages/torch/_dynamo/symbolic_convert.py", line 830, in call_function
W0529 00:03:13.360000 233 site-packages/torch/_dynamo/convert_frame.py:1125]     self.push(fn.call_function(self, args, kwargs))  # type: ignore[arg-type]
W0529 00:03:13.360000 233 site-packages/torch/_dynamo/convert_frame.py:1125]               ^^^^^^^^^^^^^^^^^^^^^^^^^^^^^^^^^^^^
W0529 00:03:13.360000 233 site-packages/torch/_dynamo/convert_frame.py:1125]   File "/usr/local/lib/python3.12/site-packages/torch/_dynamo/variables/torch.py", line 897, in call_function
W0529 00:03:13.360000 233 site-packages/torch/_dynamo/convert_frame.py:1125]     tensor_variable = wrap_fx_proxy(
W0529 00:03:13.360000 233 site-packages/torch/_dynamo/convert_frame.py:1125]                       ^^^^^^^^^^^^^^
W0529 00:03:13.360000 233 site-packages/torch/_dynamo/convert_frame.py:1125]   File "/usr/local/lib/python3.12/site-packages/torch/_dynamo/variables/builder.py", line 2037, in wrap_fx_proxy
W0529 00:03:13.360000 233 site-packages/torch/_dynamo/convert_frame.py:1125]     return wrap_fx_proxy_cls(target_cls=TensorVariable, **kwargs)
W0529 00:03:13.360000 233 site-packages/torch/_dynamo/convert_frame.py:1125]            ^^^^^^^^^^^^^^^^^^^^^^^^^^^^^^^^^^^^^^^^^^^^^^^^^^^^^^
W0529 00:03:13.360000 233 site-packages/torch/_dynamo/convert_frame.py:1125]   File "/usr/local/lib/python3.12/site-packages/torch/_dynamo/variables/builder.py", line 2124, in wrap_fx_proxy_cls
W0529 00:03:13.360000 233 site-packages/torch/_dynamo/convert_frame.py:1125]     example_value = get_fake_value(proxy.node, tx, allow_non_graph_fake=True)
W0529 00:03:13.360000 233 site-packages/torch/_dynamo/convert_frame.py:1125]                     ^^^^^^^^^^^^^^^^^^^^^^^^^^^^^^^^^^^^^^^^^^^^^^^^^^^^^^^^^
W0529 00:03:13.360000 233 site-packages/torch/_dynamo/convert_frame.py:1125]   File "/usr/local/lib/python3.12/site-packages/torch/_dynamo/utils.py", line 2082, in get_fake_value
W0529 00:03:13.360000 233 site-packages/torch/_dynamo/convert_frame.py:1125]     raise TorchRuntimeError(str(e)).with_traceback(e.__traceback__) from None
W0529 00:03:13.360000 233 site-packages/torch/_dynamo/convert_frame.py:1125]   File "/usr/local/lib/python3.12/site-packages/torch/_dynamo/utils.py", line 2017, in get_fake_value
W0529 00:03:13.360000 233 site-packages/torch/_dynamo/convert_frame.py:1125]     ret_val = wrap_fake_exception(
W0529 00:03:13.360000 233 site-packages/torch/_dynamo/convert_frame.py:1125]               ^^^^^^^^^^^^^^^^^^^^
W0529 00:03:13.360000 233 site-packages/torch/_dynamo/convert_frame.py:1125]   File "/usr/local/lib/python3.12/site-packages/torch/_dynamo/utils.py", line 1574, in wrap_fake_exception
W0529 00:03:13.360000 233 site-packages/torch/_dynamo/convert_frame.py:1125]     return fn()
W0529 00:03:13.360000 233 site-packages/torch/_dynamo/convert_frame.py:1125]            ^^^^
W0529 00:03:13.360000 233 site-packages/torch/_dynamo/convert_frame.py:1125]   File "/usr/local/lib/python3.12/site-packages/torch/_dynamo/utils.py", line 2018, in <lambda>
W0529 00:03:13.360000 233 site-packages/torch/_dynamo/convert_frame.py:1125]     lambda: run_node(tx.output, node, args, kwargs, nnmodule)
W0529 00:03:13.360000 233 site-packages/torch/_dynamo/convert_frame.py:1125]             ^^^^^^^^^^^^^^^^^^^^^^^^^^^^^^^^^^^^^^^^^^^^^^^^^
W0529 00:03:13.360000 233 site-packages/torch/_dynamo/convert_frame.py:1125]   File "/usr/local/lib/python3.12/site-packages/torch/_dynamo/utils.py", line 2150, in run_node
W0529 00:03:13.360000 233 site-packages/torch/_dynamo/convert_frame.py:1125]     raise RuntimeError(make_error_message(e)).with_traceback(
W0529 00:03:13.360000 233 site-packages/torch/_dynamo/convert_frame.py:1125]   File "/usr/local/lib/python3.12/site-packages/torch/_dynamo/utils.py", line 2132, in run_node
W0529 00:03:13.360000 233 site-packages/torch/_dynamo/convert_frame.py:1125]     return node.target(*args, **kwargs)
W0529 00:03:13.360000 233 site-packages/torch/_dynamo/convert_frame.py:1125]            ^^^^^^^^^^^^^^^^^^^^^^^^^^^^
W0529 00:03:13.360000 233 site-packages/torch/_dynamo/convert_frame.py:1125]   File "/usr/local/lib/python3.12/site-packages/torch/nn/functional.py", line 2900, in layer_norm
W0529 00:03:13.360000 233 site-packages/torch/_dynamo/convert_frame.py:1125]     return torch.layer_norm(
W0529 00:03:13.360000 233 site-packages/torch/_dynamo/convert_frame.py:1125]            ^^^^^^^^^^^^^^^^^
W0529 00:03:13.360000 233 site-packages/torch/_dynamo/convert_frame.py:1125]   File "/usr/local/lib/python3.12/site-packages/torch/utils/_stats.py", line 21, in wrapper
W0529 00:03:13.360000 233 site-packages/torch/_dynamo/convert_frame.py:1125]     return fn(*args, **kwargs)
W0529 00:03:13.360000 233 site-packages/torch/_dynamo/convert_frame.py:1125]            ^^^^^^^^^^^^^^^^^^^
W0529 00:03:13.360000 233 site-packages/torch/_dynamo/convert_frame.py:1125]   File "/usr/local/lib/python3.12/site-packages/torch/_subclasses/fake_tensor.py", line 1238, in __torch_dispatch__
W0529 00:03:13.360000 233 site-packages/torch/_dynamo/convert_frame.py:1125]     return self.dispatch(func, types, args, kwargs)
W0529 00:03:13.360000 233 site-packages/torch/_dynamo/convert_frame.py:1125]            ^^^^^^^^^^^^^^^^^^^^^^^^^^^^^^^^^^^^^^^^
W0529 00:03:13.360000 233 site-packages/torch/_dynamo/convert_frame.py:1125]   File "/usr/local/lib/python3.12/site-packages/torch/_subclasses/fake_tensor.py", line 1692, in dispatch
W0529 00:03:13.360000 233 site-packages/torch/_dynamo/convert_frame.py:1125]     return self._cached_dispatch_impl(func, types, args, kwargs)
W0529 00:03:13.360000 233 site-packages/torch/_dynamo/convert_frame.py:1125]            ^^^^^^^^^^^^^^^^^^^^^^^^^^^^^^^^^^^^^^^^^^^^^^^^^^^^^
W0529 00:03:13.360000 233 site-packages/torch/_dynamo/convert_frame.py:1125]   File "/usr/local/lib/python3.12/site-packages/torch/_subclasses/fake_tensor.py", line 1339, in _cached_dispatch_impl
W0529 00:03:13.360000 233 site-packages/torch/_dynamo/convert_frame.py:1125]     output = self._dispatch_impl(func, types, args, kwargs)
W0529 00:03:13.360000 233 site-packages/torch/_dynamo/convert_frame.py:1125]              ^^^^^^^^^^^^^^^^^^^^^^^^^^^^^^^^^^^^^^^^^^^^^^
W0529 00:03:13.360000 233 site-packages/torch/_dynamo/convert_frame.py:1125]   File "/usr/local/lib/python3.12/site-packages/torch/_subclasses/fake_tensor.py", line 2013, in _dispatch_impl
W0529 00:03:13.360000 233 site-packages/torch/_dynamo/convert_frame.py:1125]     r = func(*args, **kwargs)
W0529 00:03:13.360000 233 site-packages/torch/_dynamo/convert_frame.py:1125]         ^^^^^^^^^^^^^^^^^^^^^
W0529 00:03:13.360000 233 site-packages/torch/_dynamo/convert_frame.py:1125]   File "/usr/local/lib/python3.12/site-packages/torch/_ops.py", line 716, in __call__
W0529 00:03:13.360000 233 site-packages/torch/_dynamo/convert_frame.py:1125]     return self._op(*args, **kwargs)
W0529 00:03:13.360000 233 site-packages/torch/_dynamo/convert_frame.py:1125]            ^^^^^^^^^^^^^^^^^^^^^^^^^
W0529 00:03:13.360000 233 site-packages/torch/_dynamo/convert_frame.py:1125]   File "/usr/local/lib/python3.12/site-packages/torch/_decomp/__init__.py", line 88, in _fn
W0529 00:03:13.360000 233 site-packages/torch/_dynamo/convert_frame.py:1125]     return f(*args, **kwargs, out=None if is_none else out_kwargs)
W0529 00:03:13.360000 233 site-packages/torch/_dynamo/convert_frame.py:1125]            ^^^^^^^^^^^^^^^^^^^^^^^^^^^^^^^^^^^^^^^^^^^^^^^^^^^^^^^
W0529 00:03:13.360000 233 site-packages/torch/_dynamo/convert_frame.py:1125]   File "/usr/local/lib/python3.12/site-packages/torch/_prims_common/wrappers.py", line 273, in _fn
W0529 00:03:13.360000 233 site-packages/torch/_dynamo/convert_frame.py:1125]     result = fn(*args, **kwargs)
W0529 00:03:13.360000 233 site-packages/torch/_dynamo/convert_frame.py:1125]              ^^^^^^^^^^^^^^^^^^^
W0529 00:03:13.360000 233 site-packages/torch/_dynamo/convert_frame.py:1125]   File "/usr/local/lib/python3.12/site-packages/torch/_refs/__init__.py", line 3223, in native_layer_norm
W0529 00:03:13.360000 233 site-packages/torch/_dynamo/convert_frame.py:1125]     torch._check(
W0529 00:03:13.360000 233 site-packages/torch/_dynamo/convert_frame.py:1125]   File "/usr/local/lib/python3.12/site-packages/torch/__init__.py", line 1564, in _check
W0529 00:03:13.360000 233 site-packages/torch/_dynamo/convert_frame.py:1125]     _check_with(RuntimeError, cond, message)
W0529 00:03:13.360000 233 site-packages/torch/_dynamo/convert_frame.py:1125]   File "/usr/local/lib/python3.12/site-packages/torch/__init__.py", line 1546, in _check_with
W0529 00:03:13.360000 233 site-packages/torch/_dynamo/convert_frame.py:1125]     raise error_type(message_evaluated)
W0529 00:03:13.360000 233 site-packages/torch/_dynamo/convert_frame.py:1125] torch._dynamo.exc.TorchRuntimeError: Failed running call_function <function layer_norm at 0x2a5b64aba2a0>(*(FakeTensor(..., device='cuda:0', size=(1, 6, 3, 3)), (6,)), **{'weight': None, 'bias': None, 'eps': 1e-05}):
W0529 00:03:13.360000 233 site-packages/torch/_dynamo/convert_frame.py:1125] Given normalized_shape=[6], expected input with shape [6], but got input of size torch.Size([1, 6, 3, 3])
W0529 00:03:13.360000 233 site-packages/torch/_dynamo/convert_frame.py:1125] 
W0529 00:03:13.360000 233 site-packages/torch/_dynamo/convert_frame.py:1125] from user code:
W0529 00:03:13.360000 233 site-packages/torch/_dynamo/convert_frame.py:1125]    File "/data/results/lmstudio_prompt12_general_router_20260528-152031/call_acc/fused_silu_layer_norm_conv2d.py", line 32, in _fused_silu_layer_norm_conv2d_impl
W0529 00:03:13.360000 233 site-packages/torch/_dynamo/convert_frame.py:1125]     ln_out = F.layer_norm(conv_out, normalized_shape, weight=w, bias=None, eps=ln_eps)
W0529 00:03:13.360000 233 site-packages/torch/_dynamo/convert_frame.py:1125] 
W0529 00:03:13.360000 233 site-packages/torch/_dynamo/convert_frame.py:1125] Set TORCH_LOGS="+dynamo" and TORCHDYNAMO_VERBOSE=1 for more information
W0529 00:03:13.360000 233 site-packages/torch/_dynamo/convert_frame.py:1125] 
Traceback (most recent call last):
  File "/data/results/lmstudio_prompt12_general_router_20260528-152031/call_acc/fused_silu_layer_norm_conv2d.py", line 46, in fused_silu_layer_norm_conv2d
    y = _fused_silu_layer_norm_conv2d_fast(x, weight, conv_weight, conv_bias, conv_stride, conv_padding, conv_dilation, conv_groups, ln_eps)
        ^^^^^^^^^^^^^^^^^^^^^^^^^^^^^^^^^^^^^^^^^^^^^^^^^^^^^^^^^^^^^^^^^^^^^^^^^^^^^^^^^^^^^^^^^^^^^^^^^^^^^^^^^^^^^^^^^^^^^^^^^^^^^^^^^^^^
  File "/usr/local/lib/python3.12/site-packages/torch/_dynamo/eval_frame.py", line 465, in _fn
    return fn(*args, **kwargs)
           ^^^^^^^^^^^^^^^^^^^
  File "/data/results/lmstudio_prompt12_general_router_20260528-152031/call_acc/fused_silu_layer_norm_conv2d.py", line 32, in _fused_silu_layer_norm_conv2d_impl
    ln_out = F.layer_norm(conv_out, normalized_shape, weight=w, bias=None, eps=ln_eps)
             ^^^^^^^^^^^^^^^^^^^^^^^^^^^^^^^^^^^^^^^^^^^^^^^^^^^^^^^^^^^^^^^^^^^^^^^^^
  File "/usr/local/lib/python3.12/site-packages/torch/nn/functional.py", line 2900, in layer_norm
    return torch.layer_norm(
           ^^^^^^^^^^^^^^^^^
RuntimeError: Given normalized_shape=[6], expected input with shape [*, 6], but got input of size[1, 6, 3, 3]

During handling of the above exception, another exception occurred:

Traceback (most recent call last):
  File "/data/results/lmstudio_prompt12_general_router_20260528-152031/call_acc/fused_silu_layer_norm_conv2d.py", line 84, in <module>
    test_results = test_fused_silu_layer_norm_conv2d()
                   ^^^^^^^^^^^^^^^^^^^^^^^^^^^^^^^^^^^
  File "/data/results/lmstudio_prompt12_general_router_20260528-152031/call_acc/fused_silu_layer_norm_conv2d.py", line 70, in test_fused_silu_layer_norm_conv2d
    results['test_case_1'] = fused_silu_layer_norm_conv2d(x, None, conv_weight)
                             ^^^^^^^^^^^^^^^^^^^^^^^^^^^^^^^^^^^^^^^^^^^^^^^^^^
  File "/data/results/lmstudio_prompt12_general_router_20260528-152031/call_acc/fused_silu_layer_norm_conv2d.py", line 48, in fused_silu_layer_norm_conv2d
    y = _fused_silu_layer_norm_conv2d_impl(x, weight, conv_weight, conv_bias, conv_stride, conv_padding, conv_dilation, conv_groups, ln_eps)
        ^^^^^^^^^^^^^^^^^^^^^^^^^^^^^^^^^^^^^^^^^^^^^^^^^^^^^^^^^^^^^^^^^^^^^^^^^^^^^^^^^^^^^^^^^^^^^^^^^^^^^^^^^^^^^^^^^^^^^^^^^^^^^^^^^^^^
  File "/data/results/lmstudio_prompt12_general_router_20260528-152031/call_acc/fused_silu_layer_norm_conv2d.py", line 32, in _fused_silu_layer_norm_conv2d_impl
    ln_out = F.layer_norm(conv_out, normalized_shape, weight=w, bias=None, eps=ln_eps)
             ^^^^^^^^^^^^^^^^^^^^^^^^^^^^^^^^^^^^^^^^^^^^^^^^^^^^^^^^^^^^^^^^^^^^^^^^^
  File "/usr/local/lib/python3.12/site-packages/torch/nn/functional.py", line 2900, in layer_norm
    return torch.layer_norm(
           ^^^^^^^^^^^^^^^^^
RuntimeError: Given normalized_shape=[6], expected input with shape [*, 6], but got input of size[1, 6, 3, 3]

=== Output for fused_index_select_eq.py on GPU 0 ===

=== Errors for fused_index_select_eq.py on GPU 0 ===

=== Output for argmax.py on GPU 0 ===

=== Errors for argmax.py on GPU 0 ===

=== Output for fused_lu_solve.py on GPU 0 ===

=== Errors for fused_lu_solve.py on GPU 0 ===
Traceback (most recent call last):
  File "/data/results/lmstudio_prompt12_general_router_20260528-152031/call_acc/fused_lu_solve.py", line 59, in <module>
    test_results = test_fused_lu_solve()
                   ^^^^^^^^^^^^^^^^^^^^^
  File "/data/results/lmstudio_prompt12_general_router_20260528-152031/call_acc/fused_lu_solve.py", line 37, in test_fused_lu_solve
    results["test_case_1"] = fused_lu_solve(A1, b1)
                             ^^^^^^^^^^^^^^^^^^^^^^
  File "/data/results/lmstudio_prompt12_general_router_20260528-152031/call_acc/fused_lu_solve.py", line 24, in fused_lu_solve
    x = torch.linalg.lu_solve(lu, pivots, b)
        ^^^^^^^^^^^^^^^^^^^^^^^^^^^^^^^^^^^^
RuntimeError: linalg.lu_solve: The input tensor B must have at least 2 dimensions.

Deleted dropout_relu_batch_norm_conv2d.py
Deleted fused_bmm_rmsnorm_gelu_dropout_sub.py
Deleted fused_lu_solve.py
Deleted fused_mv_logsoftmax_dropout.py
Deleted fused_silu_layer_norm_conv2d.py
Deleted solve_multiple_lu.py
Deleted svd.py

Correct execution rate: 65.00%
['div.py', 'sigmoid_conv2d.py', 'tanh.py', 'relu_sqrt.py', 'sqrt.py', 'sigmoid_argmax.py', 'sub.py', 'grid_sample.py', 'i0.py', 'rsqrt.py', 'add.py', 'fused_index_select_eq.py', 'argmax.py']
Above is call test for lmstudio_qwen_qwen3.6-35b-a3b_simp_limit20_20260528-152038
================================================================================================================================================================

call_acc survivors: 13 / 20

======================================================================
=== Phase 2: execution accuracy ===
======================================================================

Correct execution rate: 100.00% = 13 / 13
above is the compare execution for /data/results/lmstudio_prompt12_general_router_20260528-152031/call_acc
================================================================================================================================================================================================================================================

exe_acc survivors: 13 / 20

======================================================================
=== Phase 3: efficiency ===
======================================================================

[1AProcess:   0%|                                           | 0/13 [00:00<?, ?it/s]
[1AProcess:   8%|██▋                                | 1/13 [00:26<05:14, 26.23s/it]
[1AProcess:  15%|█████▍                             | 2/13 [00:59<05:31, 30.16s/it]
[1AProcess:  23%|████████                           | 3/13 [01:26<04:48, 28.87s/it]
[1AProcess:  31%|██████████▊                        | 4/13 [02:08<05:07, 34.21s/it]
[1AProcess:  38%|█████████████▍                     | 5/13 [02:20<03:28, 26.09s/it]
[1AProcess:  46%|████████████████▏                  | 6/13 [02:43<02:55, 25.13s/it]
[1AProcess:  54%|██████████████████▊                | 7/13 [03:13<02:40, 26.67s/it]Runner killed (SIGKILL), exit code: 137. Most often this happens when the process runs out of memory. Consider increasing or reserving memory to avoid unexpected termination: https://modal.com/docs/guide/resources

==========
== CUDA ==
==========

CUDA Version 12.4.1

Container image Copyright (c) 2016-2023, NVIDIA CORPORATION & AFFILIATES. All rights reserved.

This container image and its contents are governed by the NVIDIA Deep Learning Container License.
By pulling and using the container, you accept the terms and conditions of this license:
https://developer.nvidia.com/ngc/nvidia-deep-learning-container-license

A copy of this license is made available in this container at /NGC-DL-CONTAINER-LICENSE for your convenience.


======================================================================
=== Phase 1: call accuracy ===
======================================================================
instruction
=== Output for fused_bmm_rmsnorm_gelu_dropout_sub.py on GPU 0 ===

=== Errors for fused_bmm_rmsnorm_gelu_dropout_sub.py on GPU 0 ===
E0529 00:19:17.961000 27 site-packages/torch/_subclasses/fake_tensor.py:2017] [0/0] failed while attempting to run meta for aten.mean.dim
E0529 00:19:17.961000 27 site-packages/torch/_subclasses/fake_tensor.py:2017] [0/0] Traceback (most recent call last):
E0529 00:19:17.961000 27 site-packages/torch/_subclasses/fake_tensor.py:2017] [0/0]   File "/usr/local/lib/python3.12/site-packages/torch/_subclasses/fake_tensor.py", line 2013, in _dispatch_impl
E0529 00:19:17.961000 27 site-packages/torch/_subclasses/fake_tensor.py:2017] [0/0]     r = func(*args, **kwargs)
E0529 00:19:17.961000 27 site-packages/torch/_subclasses/fake_tensor.py:2017] [0/0]         ^^^^^^^^^^^^^^^^^^^^^
E0529 00:19:17.961000 27 site-packages/torch/_subclasses/fake_tensor.py:2017] [0/0]   File "/usr/local/lib/python3.12/site-packages/torch/_ops.py", line 716, in __call__
E0529 00:19:17.961000 27 site-packages/torch/_subclasses/fake_tensor.py:2017] [0/0]     return self._op(*args, **kwargs)
E0529 00:19:17.961000 27 site-packages/torch/_subclasses/fake_tensor.py:2017] [0/0]            ^^^^^^^^^^^^^^^^^^^^^^^^^
E0529 00:19:17.961000 27 site-packages/torch/_subclasses/fake_tensor.py:2017] [0/0]   File "/usr/local/lib/python3.12/site-packages/torch/_refs/__init__.py", line 2476, in mean
E0529 00:19:17.961000 27 site-packages/torch/_subclasses/fake_tensor.py:2017] [0/0]     result = _reduction(
E0529 00:19:17.961000 27 site-packages/torch/_subclasses/fake_tensor.py:2017] [0/0]              ^^^^^^^^^^^
E0529 00:19:17.961000 27 site-packages/torch/_subclasses/fake_tensor.py:2017] [0/0]   File "/usr/local/lib/python3.12/site-packages/torch/_refs/__init__.py", line 2171, in _reduction
E0529 00:19:17.961000 27 site-packages/torch/_subclasses/fake_tensor.py:2017] [0/0]     dims = utils.reduction_dims(a.shape, dims)
E0529 00:19:17.961000 27 site-packages/torch/_subclasses/fake_tensor.py:2017] [0/0]            ^^^^^^^^^^^^^^^^^^^^^^^^^^^^^^^^^^^
E0529 00:19:17.961000 27 site-packages/torch/_subclasses/fake_tensor.py:2017] [0/0]   File "/usr/local/lib/python3.12/site-packages/torch/_prims_common/__init__.py", line 1713, in reduction_dims
E0529 00:19:17.961000 27 site-packages/torch/_subclasses/fake_tensor.py:2017] [0/0]     dims = tuple(canonicalize_dim(len(shape), idx) for idx in dims)
E0529 00:19:17.961000 27 site-packages/torch/_subclasses/fake_tensor.py:2017] [0/0]            ^^^^^^^^^^^^^^^^^^^^^^^^^^^^^^^^^^^^^^^^^^^^^^^^^^^^^^^^
E0529 00:19:17.961000 27 site-packages/torch/_subclasses/fake_tensor.py:2017] [0/0]   File "/usr/local/lib/python3.12/site-packages/torch/_prims_common/__init__.py", line 1713, in <genexpr>
E0529 00:19:17.961000 27 site-packages/torch/_subclasses/fake_tensor.py:2017] [0/0]     dims = tuple(canonicalize_dim(len(shape), idx) for idx in dims)
E0529 00:19:17.961000 27 site-packages/torch/_subclasses/fake_tensor.py:2017] [0/0]                  ^^^^^^^^^^^^^^^^^^^^^^^^^^^^^^^^^
E0529 00:19:17.961000 27 site-packages/torch/_subclasses/fake_tensor.py:2017] [0/0]   File "/usr/local/lib/python3.12/site-packages/torch/_prims_common/__init__.py", line 663, in canonicalize_dim
E0529 00:19:17.961000 27 site-packages/torch/_subclasses/fake_tensor.py:2017] [0/0]     raise IndexError(msg)
E0529 00:19:17.961000 27 site-packages/torch/_subclasses/fake_tensor.py:2017] [0/0] IndexError: Dimension out of range (expected to be in range of [-3, 2], but got -5)
W0529 00:19:17.982000 27 site-packages/torch/_dynamo/convert_frame.py:1125] WON'T CONVERT _fused_bmm_rmsnorm_gelu_dropout_sub_impl /data/results/lmstudio_prompt12_general_router_20260528-152031/call_acc/fused_bmm_rmsnorm_gelu_dropout_sub.py line 22 
W0529 00:19:17.982000 27 site-packages/torch/_dynamo/convert_frame.py:1125] due to: 
W0529 00:19:17.982000 27 site-packages/torch/_dynamo/convert_frame.py:1125] Traceback (most recent call last):
W0529 00:19:17.982000 27 site-packages/torch/_dynamo/convert_frame.py:1125]   File "/usr/local/lib/python3.12/site-packages/torch/_dynamo/convert_frame.py", line 1064, in __call__
W0529 00:19:17.982000 27 site-packages/torch/_dynamo/convert_frame.py:1125]     result = self._inner_convert(
W0529 00:19:17.982000 27 site-packages/torch/_dynamo/convert_frame.py:1125]              ^^^^^^^^^^^^^^^^^^^^
W0529 00:19:17.982000 27 site-packages/torch/_dynamo/convert_frame.py:1125]   File "/usr/local/lib/python3.12/site-packages/torch/_dynamo/convert_frame.py", line 526, in __call__
W0529 00:19:17.982000 27 site-packages/torch/_dynamo/convert_frame.py:1125]     return _compile(
W0529 00:19:17.982000 27 site-packages/torch/_dynamo/convert_frame.py:1125]            ^^^^^^^^^
W0529 00:19:17.982000 27 site-packages/torch/_dynamo/convert_frame.py:1125]   File "/usr/local/lib/python3.12/site-packages/torch/_dynamo/convert_frame.py", line 924, in _compile
W0529 00:19:17.982000 27 site-packages/torch/_dynamo/convert_frame.py:1125]     guarded_code = compile_inner(code, one_graph, hooks, transform)
W0529 00:19:17.982000 27 site-packages/torch/_dynamo/convert_frame.py:1125]                    ^^^^^^^^^^^^^^^^^^^^^^^^^^^^^^^^^^^^^^^^^^^^^^^^
W0529 00:19:17.982000 27 site-packages/torch/_dynamo/convert_frame.py:1125]   File "/usr/local/lib/python3.12/site-packages/torch/_dynamo/convert_frame.py", line 666, in compile_inner
W0529 00:19:17.982000 27 site-packages/torch/_dynamo/convert_frame.py:1125]     return _compile_inner(code, one_graph, hooks, transform)
W0529 00:19:17.982000 27 site-packages/torch/_dynamo/convert_frame.py:1125]            ^^^^^^^^^^^^^^^^^^^^^^^^^^^^^^^^^^^^^^^^^^^^^^^^^
W0529 00:19:17.982000 27 site-packages/torch/_dynamo/convert_frame.py:1125]   File "/usr/local/lib/python3.12/site-packages/torch/_utils_internal.py", line 87, in wrapper_function
W0529 00:19:17.982000 27 site-packages/torch/_dynamo/convert_frame.py:1125]     return function(*args, **kwargs)
W0529 00:19:17.982000 27 site-packages/torch/_dynamo/convert_frame.py:1125]            ^^^^^^^^^^^^^^^^^^^^^^^^^
W0529 00:19:17.982000 27 site-packages/torch/_dynamo/convert_frame.py:1125]   File "/usr/local/lib/python3.12/site-packages/torch/_dynamo/convert_frame.py", line 699, in _compile_inner
W0529 00:19:17.982000 27 site-packages/torch/_dynamo/convert_frame.py:1125]     out_code = transform_code_object(code, transform)
W0529 00:19:17.982000 27 site-packages/torch/_dynamo/convert_frame.py:1125]                ^^^^^^^^^^^^^^^^^^^^^^^^^^^^^^^^^^^^^^
W0529 00:19:17.982000 27 site-packages/torch/_dynamo/convert_frame.py:1125]   File "/usr/local/lib/python3.12/site-packages/torch/_dynamo/bytecode_transformation.py", line 1322, in transform_code_object
W0529 00:19:17.982000 27 site-packages/torch/_dynamo/convert_frame.py:1125]     transformations(instructions, code_options)
W0529 00:19:17.982000 27 site-packages/torch/_dynamo/convert_frame.py:1125]   File "/usr/local/lib/python3.12/site-packages/torch/_dynamo/convert_frame.py", line 219, in _fn
W0529 00:19:17.982000 27 site-packages/torch/_dynamo/convert_frame.py:1125]     return fn(*args, **kwargs)
W0529 00:19:17.982000 27 site-packages/torch/_dynamo/convert_frame.py:1125]            ^^^^^^^^^^^^^^^^^^^
W0529 00:19:17.982000 27 site-packages/torch/_dynamo/convert_frame.py:1125]   File "/usr/local/lib/python3.12/site-packages/torch/_dynamo/convert_frame.py", line 634, in transform
W0529 00:19:17.982000 27 site-packages/torch/_dynamo/convert_frame.py:1125]     tracer.run()
W0529 00:19:17.982000 27 site-packages/torch/_dynamo/convert_frame.py:1125]   File "/usr/local/lib/python3.12/site-packages/torch/_dynamo/symbolic_convert.py", line 2796, in run
W0529 00:19:17.982000 27 site-packages/torch/_dynamo/convert_frame.py:1125]     super().run()
W0529 00:19:17.982000 27 site-packages/torch/_dynamo/convert_frame.py:1125]   File "/usr/local/lib/python3.12/site-packages/torch/_dynamo/symbolic_convert.py", line 983, in run
W0529 00:19:17.982000 27 site-packages/torch/_dynamo/convert_frame.py:1125]     while self.step():
W0529 00:19:17.982000 27 site-packages/torch/_dynamo/convert_frame.py:1125]           ^^^^^^^^^^^
W0529 00:19:17.982000 27 site-packages/torch/_dynamo/convert_frame.py:1125]   File "/usr/local/lib/python3.12/site-packages/torch/_dynamo/symbolic_convert.py", line 895, in step
W0529 00:19:17.982000 27 site-packages/torch/_dynamo/convert_frame.py:1125]     self.dispatch_table[inst.opcode](self, inst)
W0529 00:19:17.982000 27 site-packages/torch/_dynamo/convert_frame.py:1125]   File "/usr/local/lib/python3.12/site-packages/torch/_dynamo/symbolic_convert.py", line 582, in wrapper
W0529 00:19:17.982000 27 site-packages/torch/_dynamo/convert_frame.py:1125]     return inner_fn(self, inst)
W0529 00:19:17.982000 27 site-packages/torch/_dynamo/convert_frame.py:1125]            ^^^^^^^^^^^^^^^^^^^^
W0529 00:19:17.982000 27 site-packages/torch/_dynamo/convert_frame.py:1125]   File "/usr/local/lib/python3.12/site-packages/torch/_dynamo/symbolic_convert.py", line 2279, in CALL
W0529 00:19:17.982000 27 site-packages/torch/_dynamo/convert_frame.py:1125]     self._call(inst)
W0529 00:19:17.982000 27 site-packages/torch/_dynamo/convert_frame.py:1125]   File "/usr/local/lib/python3.12/site-packages/torch/_dynamo/symbolic_convert.py", line 2273, in _call
W0529 00:19:17.982000 27 site-packages/torch/_dynamo/convert_frame.py:1125]     self.call_function(fn, args, kwargs)
W0529 00:19:17.982000 27 site-packages/torch/_dynamo/convert_frame.py:1125]   File "/usr/local/lib/python3.12/site-packages/torch/_dynamo/symbolic_convert.py", line 830, in call_function
W0529 00:19:17.982000 27 site-packages/torch/_dynamo/convert_frame.py:1125]     self.push(fn.call_function(self, args, kwargs))  # type: ignore[arg-type]
W0529 00:19:17.982000 27 site-packages/torch/_dynamo/convert_frame.py:1125]               ^^^^^^^^^^^^^^^^^^^^^^^^^^^^^^^^^^^^
W0529 00:19:17.982000 27 site-packages/torch/_dynamo/convert_frame.py:1125]   File "/usr/local/lib/python3.12/site-packages/torch/_dynamo/variables/misc.py", line 1024, in call_function
W0529 00:19:17.982000 27 site-packages/torch/_dynamo/convert_frame.py:1125]     return self.obj.call_method(tx, self.name, args, kwargs)
W0529 00:19:17.982000 27 site-packages/torch/_dynamo/convert_frame.py:1125]            ^^^^^^^^^^^^^^^^^^^^^^^^^^^^^^^^^^^^^^^^^^^^^^^^^
W0529 00:19:17.982000 27 site-packages/torch/_dynamo/convert_frame.py:1125]   File "/usr/local/lib/python3.12/site-packages/torch/_dynamo/variables/tensor.py", line 535, in call_method
W0529 00:19:17.982000 27 site-packages/torch/_dynamo/convert_frame.py:1125]     return wrap_fx_proxy(
W0529 00:19:17.982000 27 site-packages/torch/_dynamo/convert_frame.py:1125]            ^^^^^^^^^^^^^^
W0529 00:19:17.982000 27 site-packages/torch/_dynamo/convert_frame.py:1125]   File "/usr/local/lib/python3.12/site-packages/torch/_dynamo/variables/builder.py", line 2037, in wrap_fx_proxy
W0529 00:19:17.982000 27 site-packages/torch/_dynamo/convert_frame.py:1125]     return wrap_fx_proxy_cls(target_cls=TensorVariable, **kwargs)
W0529 00:19:17.982000 27 site-packages/torch/_dynamo/convert_frame.py:1125]            ^^^^^^^^^^^^^^^^^^^^^^^^^^^^^^^^^^^^^^^^^^^^^^^^^^^^^^
W0529 00:19:17.982000 27 site-packages/torch/_dynamo/convert_frame.py:1125]   File "/usr/local/lib/python3.12/site-packages/torch/_dynamo/variables/builder.py", line 2124, in wrap_fx_proxy_cls
W0529 00:19:17.982000 27 site-packages/torch/_dynamo/convert_frame.py:1125]     example_value = get_fake_value(proxy.node, tx, allow_non_graph_fake=True)
W0529 00:19:17.982000 27 site-packages/torch/_dynamo/convert_frame.py:1125]                     ^^^^^^^^^^^^^^^^^^^^^^^^^^^^^^^^^^^^^^^^^^^^^^^^^^^^^^^^^
W0529 00:19:17.982000 27 site-packages/torch/_dynamo/convert_frame.py:1125]   File "/usr/local/lib/python3.12/site-packages/torch/_dynamo/utils.py", line 2082, in get_fake_value
W0529 00:19:17.982000 27 site-packages/torch/_dynamo/convert_frame.py:1125]     raise TorchRuntimeError(str(e)).with_traceback(e.__traceback__) from None
W0529 00:19:17.982000 27 site-packages/torch/_dynamo/convert_frame.py:1125]   File "/usr/local/lib/python3.12/site-packages/torch/_dynamo/utils.py", line 2017, in get_fake_value
W0529 00:19:17.982000 27 site-packages/torch/_dynamo/convert_frame.py:1125]     ret_val = wrap_fake_exception(
W0529 00:19:17.982000 27 site-packages/torch/_dynamo/convert_frame.py:1125]               ^^^^^^^^^^^^^^^^^^^^
W0529 00:19:17.982000 27 site-packages/torch/_dynamo/convert_frame.py:1125]   File "/usr/local/lib/python3.12/site-packages/torch/_dynamo/utils.py", line 1574, in wrap_fake_exception
W0529 00:19:17.982000 27 site-packages/torch/_dynamo/convert_frame.py:1125]     return fn()
W0529 00:19:17.982000 27 site-packages/torch/_dynamo/convert_frame.py:1125]            ^^^^
W0529 00:19:17.982000 27 site-packages/torch/_dynamo/convert_frame.py:1125]   File "/usr/local/lib/python3.12/site-packages/torch/_dynamo/utils.py", line 2018, in <lambda>
W0529 00:19:17.982000 27 site-packages/torch/_dynamo/convert_frame.py:1125]     lambda: run_node(tx.output, node, args, kwargs, nnmodule)
W0529 00:19:17.982000 27 site-packages/torch/_dynamo/convert_frame.py:1125]             ^^^^^^^^^^^^^^^^^^^^^^^^^^^^^^^^^^^^^^^^^^^^^^^^^
W0529 00:19:17.982000 27 site-packages/torch/_dynamo/convert_frame.py:1125]   File "/usr/local/lib/python3.12/site-packages/torch/_dynamo/utils.py", line 2150, in run_node
W0529 00:19:17.982000 27 site-packages/torch/_dynamo/convert_frame.py:1125]     raise RuntimeError(make_error_message(e)).with_traceback(
W0529 00:19:17.982000 27 site-packages/torch/_dynamo/convert_frame.py:1125]   File "/usr/local/lib/python3.12/site-packages/torch/_dynamo/utils.py", line 2134, in run_node
W0529 00:19:17.982000 27 site-packages/torch/_dynamo/convert_frame.py:1125]     return getattr(args[0], node.target)(*args[1:], **kwargs)
W0529 00:19:17.982000 27 site-packages/torch/_dynamo/convert_frame.py:1125]            ^^^^^^^^^^^^^^^^^^^^^^^^^^^^^^^^^^^^^^^^^^^^^^^^^^
W0529 00:19:17.982000 27 site-packages/torch/_dynamo/convert_frame.py:1125]   File "/usr/local/lib/python3.12/site-packages/torch/utils/_stats.py", line 21, in wrapper
W0529 00:19:17.982000 27 site-packages/torch/_dynamo/convert_frame.py:1125]     return fn(*args, **kwargs)
W0529 00:19:17.982000 27 site-packages/torch/_dynamo/convert_frame.py:1125]            ^^^^^^^^^^^^^^^^^^^
W0529 00:19:17.982000 27 site-packages/torch/_dynamo/convert_frame.py:1125]   File "/usr/local/lib/python3.12/site-packages/torch/_subclasses/fake_tensor.py", line 1238, in __torch_dispatch__
W0529 00:19:17.982000 27 site-packages/torch/_dynamo/convert_frame.py:1125]     return self.dispatch(func, types, args, kwargs)
W0529 00:19:17.982000 27 site-packages/torch/_dynamo/convert_frame.py:1125]            ^^^^^^^^^^^^^^^^^^^^^^^^^^^^^^^^^^^^^^^^
W0529 00:19:17.982000 27 site-packages/torch/_dynamo/convert_frame.py:1125]   File "/usr/local/lib/python3.12/site-packages/torch/_subclasses/fake_tensor.py", line 1692, in dispatch
W0529 00:19:17.982000 27 site-packages/torch/_dynamo/convert_frame.py:1125]     return self._cached_dispatch_impl(func, types, args, kwargs)
W0529 00:19:17.982000 27 site-packages/torch/_dynamo/convert_frame.py:1125]            ^^^^^^^^^^^^^^^^^^^^^^^^^^^^^^^^^^^^^^^^^^^^^^^^^^^^^
W0529 00:19:17.982000 27 site-packages/torch/_dynamo/convert_frame.py:1125]   File "/usr/local/lib/python3.12/site-packages/torch/_subclasses/fake_tensor.py", line 1339, in _cached_dispatch_impl
W0529 00:19:17.982000 27 site-packages/torch/_dynamo/convert_frame.py:1125]     output = self._dispatch_impl(func, types, args, kwargs)
W0529 00:19:17.982000 27 site-packages/torch/_dynamo/convert_frame.py:1125]              ^^^^^^^^^^^^^^^^^^^^^^^^^^^^^^^^^^^^^^^^^^^^^^
W0529 00:19:17.982000 27 site-packages/torch/_dynamo/convert_frame.py:1125]   File "/usr/local/lib/python3.12/site-packages/torch/_subclasses/fake_tensor.py", line 2013, in _dispatch_impl
W0529 00:19:17.982000 27 site-packages/torch/_dynamo/convert_frame.py:1125]     r = func(*args, **kwargs)
W0529 00:19:17.982000 27 site-packages/torch/_dynamo/convert_frame.py:1125]         ^^^^^^^^^^^^^^^^^^^^^
W0529 00:19:17.982000 27 site-packages/torch/_dynamo/convert_frame.py:1125]   File "/usr/local/lib/python3.12/site-packages/torch/_ops.py", line 716, in __call__
W0529 00:19:17.982000 27 site-packages/torch/_dynamo/convert_frame.py:1125]     return self._op(*args, **kwargs)
W0529 00:19:17.982000 27 site-packages/torch/_dynamo/convert_frame.py:1125]            ^^^^^^^^^^^^^^^^^^^^^^^^^
W0529 00:19:17.982000 27 site-packages/torch/_dynamo/convert_frame.py:1125]   File "/usr/local/lib/python3.12/site-packages/torch/_refs/__init__.py", line 2476, in mean
W0529 00:19:17.982000 27 site-packages/torch/_dynamo/convert_frame.py:1125]     result = _reduction(
W0529 00:19:17.982000 27 site-packages/torch/_dynamo/convert_frame.py:1125]              ^^^^^^^^^^^
W0529 00:19:17.982000 27 site-packages/torch/_dynamo/convert_frame.py:1125]   File "/usr/local/lib/python3.12/site-packages/torch/_refs/__init__.py", line 2171, in _reduction
W0529 00:19:17.982000 27 site-packages/torch/_dynamo/convert_frame.py:1125]     dims = utils.reduction_dims(a.shape, dims)
W0529 00:19:17.982000 27 site-packages/torch/_dynamo/convert_frame.py:1125]            ^^^^^^^^^^^^^^^^^^^^^^^^^^^^^^^^^^^
W0529 00:19:17.982000 27 site-packages/torch/_dynamo/convert_frame.py:1125]   File "/usr/local/lib/python3.12/site-packages/torch/_prims_common/__init__.py", line 1713, in reduction_dims
W0529 00:19:17.982000 27 site-packages/torch/_dynamo/convert_frame.py:1125]     dims = tuple(canonicalize_dim(len(shape), idx) for idx in dims)
W0529 00:19:17.982000 27 site-packages/torch/_dynamo/convert_frame.py:1125]            ^^^^^^^^^^^^^^^^^^^^^^^^^^^^^^^^^^^^^^^^^^^^^^^^^^^^^^^^
W0529 00:19:17.982000 27 site-packages/torch/_dynamo/convert_frame.py:1125]   File "/usr/local/lib/python3.12/site-packages/torch/_prims_common/__init__.py", line 1713, in <genexpr>
W0529 00:19:17.982000 27 site-packages/torch/_dynamo/convert_frame.py:1125]     dims = tuple(canonicalize_dim(len(shape), idx) for idx in dims)
W0529 00:19:17.982000 27 site-packages/torch/_dynamo/convert_frame.py:1125]                  ^^^^^^^^^^^^^^^^^^^^^^^^^^^^^^^^^
W0529 00:19:17.982000 27 site-packages/torch/_dynamo/convert_frame.py:1125]   File "/usr/local/lib/python3.12/site-packages/torch/_prims_common/__init__.py", line 663, in canonicalize_dim
W0529 00:19:17.982000 27 site-packages/torch/_dynamo/convert_frame.py:1125]     raise IndexError(msg)
W0529 00:19:17.982000 27 site-packages/torch/_dynamo/convert_frame.py:1125] torch._dynamo.exc.TorchRuntimeError: Failed running call_method mean(*(FakeTensor(..., device='cuda:0', size=(2, 3, 5)),), **{'dim': (-5,), 'keepdim': True}):
W0529 00:19:17.982000 27 site-packages/torch/_dynamo/convert_frame.py:1125] Dimension out of range (expected to be in range of [-3, 2], but got -5)
W0529 00:19:17.982000 27 site-packages/torch/_dynamo/convert_frame.py:1125] 
W0529 00:19:17.982000 27 site-packages/torch/_dynamo/convert_frame.py:1125] from user code:
W0529 00:19:17.982000 27 site-packages/torch/_dynamo/convert_frame.py:1125]    File "/data/results/lmstudio_prompt12_general_router_20260528-152031/call_acc/fused_bmm_rmsnorm_gelu_dropout_sub.py", line 31, in _fused_bmm_rmsnorm_gelu_dropout_sub_impl
W0529 00:19:17.982000 27 site-packages/torch/_dynamo/convert_frame.py:1125]     mean = squared.mean(dim=norm_dims, keepdim=True)
W0529 00:19:17.982000 27 site-packages/torch/_dynamo/convert_frame.py:1125] 
W0529 00:19:17.982000 27 site-packages/torch/_dynamo/convert_frame.py:1125] Set TORCH_LOGS="+dynamo" and TORCHDYNAMO_VERBOSE=1 for more information
W0529 00:19:17.982000 27 site-packages/torch/_dynamo/convert_frame.py:1125] 
W0529 00:19:17.982000 27 site-packages/torch/_dynamo/convert_frame.py:1125] Traceback (most recent call last):
W0529 00:19:17.982000 27 site-packages/torch/_dynamo/convert_frame.py:1125]   File "/usr/local/lib/python3.12/site-packages/torch/_dynamo/convert_frame.py", line 1064, in __call__
W0529 00:19:17.982000 27 site-packages/torch/_dynamo/convert_frame.py:1125]     result = self._inner_convert(
W0529 00:19:17.982000 27 site-packages/torch/_dynamo/convert_frame.py:1125]              ^^^^^^^^^^^^^^^^^^^^
W0529 00:19:17.982000 27 site-packages/torch/_dynamo/convert_frame.py:1125]   File "/usr/local/lib/python3.12/site-packages/torch/_dynamo/convert_frame.py", line 526, in __call__
W0529 00:19:17.982000 27 site-packages/torch/_dynamo/convert_frame.py:1125]     return _compile(
W0529 00:19:17.982000 27 site-packages/torch/_dynamo/convert_frame.py:1125]            ^^^^^^^^^
W0529 00:19:17.982000 27 site-packages/torch/_dynamo/convert_frame.py:1125]   File "/usr/local/lib/python3.12/site-packages/torch/_dynamo/convert_frame.py", line 924, in _compile
W0529 00:19:17.982000 27 site-packages/torch/_dynamo/convert_frame.py:1125]     guarded_code = compile_inner(code, one_graph, hooks, transform)
W0529 00:19:17.982000 27 site-packages/torch/_dynamo/convert_frame.py:1125]                    ^^^^^^^^^^^^^^^^^^^^^^^^^^^^^^^^^^^^^^^^^^^^^^^^
W0529 00:19:17.982000 27 site-packages/torch/_dynamo/convert_frame.py:1125]   File "/usr/local/lib/python3.12/site-packages/torch/_dynamo/convert_frame.py", line 666, in compile_inner
W0529 00:19:17.982000 27 site-packages/torch/_dynamo/convert_frame.py:1125]     return _compile_inner(code, one_graph, hooks, transform)
W0529 00:19:17.982000 27 site-packages/torch/_dynamo/convert_frame.py:1125]            ^^^^^^^^^^^^^^^^^^^^^^^^^^^^^^^^^^^^^^^^^^^^^^^^^
W0529 00:19:17.982000 27 site-packages/torch/_dynamo/convert_frame.py:1125]   File "/usr/local/lib/python3.12/site-packages/torch/_utils_internal.py", line 87, in wrapper_function
W0529 00:19:17.982000 27 site-packages/torch/_dynamo/convert_frame.py:1125]     return function(*args, **kwargs)
W0529 00:19:17.982000 27 site-packages/torch/_dynamo/convert_frame.py:1125]            ^^^^^^^^^^^^^^^^^^^^^^^^^
W0529 00:19:17.982000 27 site-packages/torch/_dynamo/convert_frame.py:1125]   File "/usr/local/lib/python3.12/site-packages/torch/_dynamo/convert_frame.py", line 699, in _compile_inner
W0529 00:19:17.982000 27 site-packages/torch/_dynamo/convert_frame.py:1125]     out_code = transform_code_object(code, transform)
W0529 00:19:17.982000 27 site-packages/torch/_dynamo/convert_frame.py:1125]                ^^^^^^^^^^^^^^^^^^^^^^^^^^^^^^^^^^^^^^
W0529 00:19:17.982000 27 site-packages/torch/_dynamo/convert_frame.py:1125]   File "/usr/local/lib/python3.12/site-packages/torch/_dynamo/bytecode_transformation.py", line 1322, in transform_code_object
W0529 00:19:17.982000 27 site-packages/torch/_dynamo/convert_frame.py:1125]     transformations(instructions, code_options)
W0529 00:19:17.982000 27 site-packages/torch/_dynamo/convert_frame.py:1125]   File "/usr/local/lib/python3.12/site-packages/torch/_dynamo/convert_frame.py", line 219, in _fn
W0529 00:19:17.982000 27 site-packages/torch/_dynamo/convert_frame.py:1125]     return fn(*args, **kwargs)
W0529 00:19:17.982000 27 site-packages/torch/_dynamo/convert_frame.py:1125]            ^^^^^^^^^^^^^^^^^^^
W0529 00:19:17.982000 27 site-packages/torch/_dynamo/convert_frame.py:1125]   File "/usr/local/lib/python3.12/site-packages/torch/_dynamo/convert_frame.py", line 634, in transform
W0529 00:19:17.982000 27 site-packages/torch/_dynamo/convert_frame.py:1125]     tracer.run()
W0529 00:19:17.982000 27 site-packages/torch/_dynamo/convert_frame.py:1125]   File "/usr/local/lib/python3.12/site-packages/torch/_dynamo/symbolic_convert.py", line 2796, in run
W0529 00:19:17.982000 27 site-packages/torch/_dynamo/convert_frame.py:1125]     super().run()
W0529 00:19:17.982000 27 site-packages/torch/_dynamo/convert_frame.py:1125]   File "/usr/local/lib/python3.12/site-packages/torch/_dynamo/symbolic_convert.py", line 983, in run
W0529 00:19:17.982000 27 site-packages/torch/_dynamo/convert_frame.py:1125]     while self.step():
W0529 00:19:17.982000 27 site-packages/torch/_dynamo/convert_frame.py:1125]           ^^^^^^^^^^^
W0529 00:19:17.982000 27 site-packages/torch/_dynamo/convert_frame.py:1125]   File "/usr/local/lib/python3.12/site-packages/torch/_dynamo/symbolic_convert.py", line 895, in step
W0529 00:19:17.982000 27 site-packages/torch/_dynamo/convert_frame.py:1125]     self.dispatch_table[inst.opcode](self, inst)
W0529 00:19:17.982000 27 site-packages/torch/_dynamo/convert_frame.py:1125]   File "/usr/local/lib/python3.12/site-packages/torch/_dynamo/symbolic_convert.py", line 582, in wrapper
W0529 00:19:17.982000 27 site-packages/torch/_dynamo/convert_frame.py:1125]     return inner_fn(self, inst)
W0529 00:19:17.982000 27 site-packages/torch/_dynamo/convert_frame.py:1125]            ^^^^^^^^^^^^^^^^^^^^
W0529 00:19:17.982000 27 site-packages/torch/_dynamo/convert_frame.py:1125]   File "/usr/local/lib/python3.12/site-packages/torch/_dynamo/symbolic_convert.py", line 2279, in CALL
W0529 00:19:17.982000 27 site-packages/torch/_dynamo/convert_frame.py:1125]     self._call(inst)
W0529 00:19:17.982000 27 site-packages/torch/_dynamo/convert_frame.py:1125]   File "/usr/local/lib/python3.12/site-packages/torch/_dynamo/symbolic_convert.py", line 2273, in _call
W0529 00:19:17.982000 27 site-packages/torch/_dynamo/convert_frame.py:1125]     self.call_function(fn, args, kwargs)
W0529 00:19:17.982000 27 site-packages/torch/_dynamo/convert_frame.py:1125]   File "/usr/local/lib/python3.12/site-packages/torch/_dynamo/symbolic_convert.py", line 830, in call_function
W0529 00:19:17.982000 27 site-packages/torch/_dynamo/convert_frame.py:1125]     self.push(fn.call_function(self, args, kwargs))  # type: ignore[arg-type]
W0529 00:19:17.982000 27 site-packages/torch/_dynamo/convert_frame.py:1125]               ^^^^^^^^^^^^^^^^^^^^^^^^^^^^^^^^^^^^
W0529 00:19:17.982000 27 site-packages/torch/_dynamo/convert_frame.py:1125]   File "/usr/local/lib/python3.12/site-packages/torch/_dynamo/variables/misc.py", line 1024, in call_function
W0529 00:19:17.982000 27 site-packages/torch/_dynamo/convert_frame.py:1125]     return self.obj.call_method(tx, self.name, args, kwargs)
W0529 00:19:17.982000 27 site-packages/torch/_dynamo/convert_frame.py:1125]            ^^^^^^^^^^^^^^^^^^^^^^^^^^^^^^^^^^^^^^^^^^^^^^^^^
W0529 00:19:17.982000 27 site-packages/torch/_dynamo/convert_frame.py:1125]   File "/usr/local/lib/python3.12/site-packages/torch/_dynamo/variables/tensor.py", line 535, in call_method
W0529 00:19:17.982000 27 site-packages/torch/_dynamo/convert_frame.py:1125]     return wrap_fx_proxy(
W0529 00:19:17.982000 27 site-packages/torch/_dynamo/convert_frame.py:1125]            ^^^^^^^^^^^^^^
W0529 00:19:17.982000 27 site-packages/torch/_dynamo/convert_frame.py:1125]   File "/usr/local/lib/python3.12/site-packages/torch/_dynamo/variables/builder.py", line 2037, in wrap_fx_proxy
W0529 00:19:17.982000 27 site-packages/torch/_dynamo/convert_frame.py:1125]     return wrap_fx_proxy_cls(target_cls=TensorVariable, **kwargs)
W0529 00:19:17.982000 27 site-packages/torch/_dynamo/convert_frame.py:1125]            ^^^^^^^^^^^^^^^^^^^^^^^^^^^^^^^^^^^^^^^^^^^^^^^^^^^^^^
W0529 00:19:17.982000 27 site-packages/torch/_dynamo/convert_frame.py:1125]   File "/usr/local/lib/python3.12/site-packages/torch/_dynamo/variables/builder.py", line 2124, in wrap_fx_proxy_cls
W0529 00:19:17.982000 27 site-packages/torch/_dynamo/convert_frame.py:1125]     example_value = get_fake_value(proxy.node, tx, allow_non_graph_fake=True)
W0529 00:19:17.982000 27 site-packages/torch/_dynamo/convert_frame.py:1125]                     ^^^^^^^^^^^^^^^^^^^^^^^^^^^^^^^^^^^^^^^^^^^^^^^^^^^^^^^^^
W0529 00:19:17.982000 27 site-packages/torch/_dynamo/convert_frame.py:1125]   File "/usr/local/lib/python3.12/site-packages/torch/_dynamo/utils.py", line 2082, in get_fake_value
W0529 00:19:17.982000 27 site-packages/torch/_dynamo/convert_frame.py:1125]     raise TorchRuntimeError(str(e)).with_traceback(e.__traceback__) from None
W0529 00:19:17.982000 27 site-packages/torch/_dynamo/convert_frame.py:1125]   File "/usr/local/lib/python3.12/site-packages/torch/_dynamo/utils.py", line 2017, in get_fake_value
W0529 00:19:17.982000 27 site-packages/torch/_dynamo/convert_frame.py:1125]     ret_val = wrap_fake_exception(
W0529 00:19:17.982000 27 site-packages/torch/_dynamo/convert_frame.py:1125]               ^^^^^^^^^^^^^^^^^^^^
W0529 00:19:17.982000 27 site-packages/torch/_dynamo/convert_frame.py:1125]   File "/usr/local/lib/python3.12/site-packages/torch/_dynamo/utils.py", line 1574, in wrap_fake_exception
W0529 00:19:17.982000 27 site-packages/torch/_dynamo/convert_frame.py:1125]     return fn()
W0529 00:19:17.982000 27 site-packages/torch/_dynamo/convert_frame.py:1125]            ^^^^
W0529 00:19:17.982000 27 site-packages/torch/_dynamo/convert_frame.py:1125]   File "/usr/local/lib/python3.12/site-packages/torch/_dynamo/utils.py", line 2018, in <lambda>
W0529 00:19:17.982000 27 site-packages/torch/_dynamo/convert_frame.py:1125]     lambda: run_node(tx.output, node, args, kwargs, nnmodule)
W0529 00:19:17.982000 27 site-packages/torch/_dynamo/convert_frame.py:1125]             ^^^^^^^^^^^^^^^^^^^^^^^^^^^^^^^^^^^^^^^^^^^^^^^^^
W0529 00:19:17.982000 27 site-packages/torch/_dynamo/convert_frame.py:1125]   File "/usr/local/lib/python3.12/site-packages/torch/_dynamo/utils.py", line 2150, in run_node
W0529 00:19:17.982000 27 site-packages/torch/_dynamo/convert_frame.py:1125]     raise RuntimeError(make_error_message(e)).with_traceback(
W0529 00:19:17.982000 27 site-packages/torch/_dynamo/convert_frame.py:1125]   File "/usr/local/lib/python3.12/site-packages/torch/_dynamo/utils.py", line 2134, in run_node
W0529 00:19:17.982000 27 site-packages/torch/_dynamo/convert_frame.py:1125]     return getattr(args[0], node.target)(*args[1:], **kwargs)
W0529 00:19:17.982000 27 site-packages/torch/_dynamo/convert_frame.py:1125]            ^^^^^^^^^^^^^^^^^^^^^^^^^^^^^^^^^^^^^^^^^^^^^^^^^^
W0529 00:19:17.982000 27 site-packages/torch/_dynamo/convert_frame.py:1125]   File "/usr/local/lib/python3.12/site-packages/torch/utils/_stats.py", line 21, in wrapper
W0529 00:19:17.982000 27 site-packages/torch/_dynamo/convert_frame.py:1125]     return fn(*args, **kwargs)
W0529 00:19:17.982000 27 site-packages/torch/_dynamo/convert_frame.py:1125]            ^^^^^^^^^^^^^^^^^^^
W0529 00:19:17.982000 27 site-packages/torch/_dynamo/convert_frame.py:1125]   File "/usr/local/lib/python3.12/site-packages/torch/_subclasses/fake_tensor.py", line 1238, in __torch_dispatch__
W0529 00:19:17.982000 27 site-packages/torch/_dynamo/convert_frame.py:1125]     return self.dispatch(func, types, args, kwargs)
W0529 00:19:17.982000 27 site-packages/torch/_dynamo/convert_frame.py:1125]            ^^^^^^^^^^^^^^^^^^^^^^^^^^^^^^^^^^^^^^^^
W0529 00:19:17.982000 27 site-packages/torch/_dynamo/convert_frame.py:1125]   File "/usr/local/lib/python3.12/site-packages/torch/_subclasses/fake_tensor.py", line 1692, in dispatch
W0529 00:19:17.982000 27 site-packages/torch/_dynamo/convert_frame.py:1125]     return self._cached_dispatch_impl(func, types, args, kwargs)
W0529 00:19:17.982000 27 site-packages/torch/_dynamo/convert_frame.py:1125]            ^^^^^^^^^^^^^^^^^^^^^^^^^^^^^^^^^^^^^^^^^^^^^^^^^^^^^
W0529 00:19:17.982000 27 site-packages/torch/_dynamo/convert_frame.py:1125]   File "/usr/local/lib/python3.12/site-packages/torch/_subclasses/fake_tensor.py", line 1339, in _cached_dispatch_impl
W0529 00:19:17.982000 27 site-packages/torch/_dynamo/convert_frame.py:1125]     output = self._dispatch_impl(func, types, args, kwargs)
W0529 00:19:17.982000 27 site-packages/torch/_dynamo/convert_frame.py:1125]              ^^^^^^^^^^^^^^^^^^^^^^^^^^^^^^^^^^^^^^^^^^^^^^
W0529 00:19:17.982000 27 site-packages/torch/_dynamo/convert_frame.py:1125]   File "/usr/local/lib/python3.12/site-packages/torch/_subclasses/fake_tensor.py", line 2013, in _dispatch_impl
W0529 00:19:17.982000 27 site-packages/torch/_dynamo/convert_frame.py:1125]     r = func(*args, **kwargs)
W0529 00:19:17.982000 27 site-packages/torch/_dynamo/convert_frame.py:1125]         ^^^^^^^^^^^^^^^^^^^^^
W0529 00:19:17.982000 27 site-packages/torch/_dynamo/convert_frame.py:1125]   File "/usr/local/lib/python3.12/site-packages/torch/_ops.py", line 716, in __call__
W0529 00:19:17.982000 27 site-packages/torch/_dynamo/convert_frame.py:1125]     return self._op(*args, **kwargs)
W0529 00:19:17.982000 27 site-packages/torch/_dynamo/convert_frame.py:1125]            ^^^^^^^^^^^^^^^^^^^^^^^^^
W0529 00:19:17.982000 27 site-packages/torch/_dynamo/convert_frame.py:1125]   File "/usr/local/lib/python3.12/site-packages/torch/_refs/__init__.py", line 2476, in mean
W0529 00:19:17.982000 27 site-packages/torch/_dynamo/convert_frame.py:1125]     result = _reduction(
W0529 00:19:17.982000 27 site-packages/torch/_dynamo/convert_frame.py:1125]              ^^^^^^^^^^^
W0529 00:19:17.982000 27 site-packages/torch/_dynamo/convert_frame.py:1125]   File "/usr/local/lib/python3.12/site-packages/torch/_refs/__init__.py", line 2171, in _reduction
W0529 00:19:17.982000 27 site-packages/torch/_dynamo/convert_frame.py:1125]     dims = utils.reduction_dims(a.shape, dims)
W0529 00:19:17.982000 27 site-packages/torch/_dynamo/convert_frame.py:1125]            ^^^^^^^^^^^^^^^^^^^^^^^^^^^^^^^^^^^
W0529 00:19:17.982000 27 site-packages/torch/_dynamo/convert_frame.py:1125]   File "/usr/local/lib/python3.12/site-packages/torch/_prims_common/__init__.py", line 1713, in reduction_dims
W0529 00:19:17.982000 27 site-packages/torch/_dynamo/convert_frame.py:1125]     dims = tuple(canonicalize_dim(len(shape), idx) for idx in dims)
W0529 00:19:17.982000 27 site-packages/torch/_dynamo/convert_frame.py:1125]            ^^^^^^^^^^^^^^^^^^^^^^^^^^^^^^^^^^^^^^^^^^^^^^^^^^^^^^^^
W0529 00:19:17.982000 27 site-packages/torch/_dynamo/convert_frame.py:1125]   File "/usr/local/lib/python3.12/site-packages/torch/_prims_common/__init__.py", line 1713, in <genexpr>
W0529 00:19:17.982000 27 site-packages/torch/_dynamo/convert_frame.py:1125]     dims = tuple(canonicalize_dim(len(shape), idx) for idx in dims)
W0529 00:19:17.982000 27 site-packages/torch/_dynamo/convert_frame.py:1125]                  ^^^^^^^^^^^^^^^^^^^^^^^^^^^^^^^^^
W0529 00:19:17.982000 27 site-packages/torch/_dynamo/convert_frame.py:1125]   File "/usr/local/lib/python3.12/site-packages/torch/_prims_common/__init__.py", line 663, in canonicalize_dim
W0529 00:19:17.982000 27 site-packages/torch/_dynamo/convert_frame.py:1125]     raise IndexError(msg)
W0529 00:19:17.982000 27 site-packages/torch/_dynamo/convert_frame.py:1125] torch._dynamo.exc.TorchRuntimeError: Failed running call_method mean(*(FakeTensor(..., device='cuda:0', size=(2, 3, 5)),), **{'dim': (-5,), 'keepdim': True}):
W0529 00:19:17.982000 27 site-packages/torch/_dynamo/convert_frame.py:1125] Dimension out of range (expected to be in range of [-3, 2], but got -5)
W0529 00:19:17.982000 27 site-packages/torch/_dynamo/convert_frame.py:1125] 
W0529 00:19:17.982000 27 site-packages/torch/_dynamo/convert_frame.py:1125] from user code:
W0529 00:19:17.982000 27 site-packages/torch/_dynamo/convert_frame.py:1125]    File "/data/results/lmstudio_prompt12_general_router_20260528-152031/call_acc/fused_bmm_rmsnorm_gelu_dropout_sub.py", line 31, in _fused_bmm_rmsnorm_gelu_dropout_sub_impl
W0529 00:19:17.982000 27 site-packages/torch/_dynamo/convert_frame.py:1125]     mean = squared.mean(dim=norm_dims, keepdim=True)
W0529 00:19:17.982000 27 site-packages/torch/_dynamo/convert_frame.py:1125] 
W0529 00:19:17.982000 27 site-packages/torch/_dynamo/convert_frame.py:1125] Set TORCH_LOGS="+dynamo" and TORCHDYNAMO_VERBOSE=1 for more information
W0529 00:19:17.982000 27 site-packages/torch/_dynamo/convert_frame.py:1125] 
Traceback (most recent call last):
  File "/data/results/lmstudio_prompt12_general_router_20260528-152031/call_acc/fused_bmm_rmsnorm_gelu_dropout_sub.py", line 55, in fused_bmm_rmsnorm_gelu_dropout_sub
    y = _fused_bmm_rmsnorm_gelu_dropout_sub_fast(input1, input2, other, normalized_shape, dropout_p=dropout_p, training=training, approximate=approximate, eps=eps)
        ^^^^^^^^^^^^^^^^^^^^^^^^^^^^^^^^^^^^^^^^^^^^^^^^^^^^^^^^^^^^^^^^^^^^^^^^^^^^^^^^^^^^^^^^^^^^^^^^^^^^^^^^^^^^^^^^^^^^^^^^^^^^^^^^^^^^^^^^^^^^^^^^^^^^^^^^^^^
  File "/usr/local/lib/python3.12/site-packages/torch/_dynamo/eval_frame.py", line 465, in _fn
    return fn(*args, **kwargs)
           ^^^^^^^^^^^^^^^^^^^
  File "/data/results/lmstudio_prompt12_general_router_20260528-152031/call_acc/fused_bmm_rmsnorm_gelu_dropout_sub.py", line 31, in _fused_bmm_rmsnorm_gelu_dropout_sub_impl
    mean = squared.mean(dim=norm_dims, keepdim=True)
           ^^^^^^^^^^^^^^^^^^^^^^^^^^^^^^^^^^^^^^^^^
IndexError: Dimension out of range (expected to be in range of [-3, 2], but got -5)

During handling of the above exception, another exception occurred:

Traceback (most recent call last):
  File "/data/results/lmstudio_prompt12_general_router_20260528-152031/call_acc/fused_bmm_rmsnorm_gelu_dropout_sub.py", line 95, in <module>
    test_results = test_fused_bmm_rmsnorm_gelu_dropout_sub()
                   ^^^^^^^^^^^^^^^^^^^^^^^^^^^^^^^^^^^^^^^^^
  File "/data/results/lmstudio_prompt12_general_router_20260528-152031/call_acc/fused_bmm_rmsnorm_gelu_dropout_sub.py", line 79, in test_fused_bmm_rmsnorm_gelu_dropout_sub
    results["test_case_1"] = fused_bmm_rmsnorm_gelu_dropout_sub(input1, input2, other, normalized_shape)
                             ^^^^^^^^^^^^^^^^^^^^^^^^^^^^^^^^^^^^^^^^^^^^^^^^^^^^^^^^^^^^^^^^^^^^^^^^^^^
  File "/data/results/lmstudio_prompt12_general_router_20260528-152031/call_acc/fused_bmm_rmsnorm_gelu_dropout_sub.py", line 57, in fused_bmm_rmsnorm_gelu_dropout_sub
    y = _fused_bmm_rmsnorm_gelu_dropout_sub_impl(input1, input2, other, normalized_shape, dropout_p=dropout_p, training=training, approximate=approximate, eps=eps)
        ^^^^^^^^^^^^^^^^^^^^^^^^^^^^^^^^^^^^^^^^^^^^^^^^^^^^^^^^^^^^^^^^^^^^^^^^^^^^^^^^^^^^^^^^^^^^^^^^^^^^^^^^^^^^^^^^^^^^^^^^^^^^^^^^^^^^^^^^^^^^^^^^^^^^^^^^^^^
  File "/data/results/lmstudio_prompt12_general_router_20260528-152031/call_acc/fused_bmm_rmsnorm_gelu_dropout_sub.py", line 31, in _fused_bmm_rmsnorm_gelu_dropout_sub_impl
    mean = squared.mean(dim=norm_dims, keepdim=True)
           ^^^^^^^^^^^^^^^^^^^^^^^^^^^^^^^^^^^^^^^^^
IndexError: Dimension out of range (expected to be in range of [-3, 2], but got -5)

=== Output for div.py on GPU 0 ===

=== Errors for div.py on GPU 0 ===

=== Output for sigmoid_conv2d.py on GPU 0 ===

=== Errors for sigmoid_conv2d.py on GPU 0 ===
W0529 00:19:39.284000 67 site-packages/torch/_inductor/utils.py:1048] [0/0] Not enough SMs to use max_autotune_gemm mode

=== Output for solve_multiple_lu.py on GPU 0 ===

=== Errors for solve_multiple_lu.py on GPU 0 ===
Traceback (most recent call last):
  File "/data/results/lmstudio_prompt12_general_router_20260528-152031/call_acc/solve_multiple_lu.py", line 60, in <module>
    test_results = test_solve_multiple_lu()
                   ^^^^^^^^^^^^^^^^^^^^^^^^
  File "/data/results/lmstudio_prompt12_general_router_20260528-152031/call_acc/solve_multiple_lu.py", line 41, in test_solve_multiple_lu
    results["test_case_1"] = solve_multiple_lu(A1, Bs1)
                             ^^^^^^^^^^^^^^^^^^^^^^^^^^
  File "/data/results/lmstudio_prompt12_general_router_20260528-152031/call_acc/solve_multiple_lu.py", line 23, in solve_multiple_lu
    y = torch.linalg.lu_solve(LU, pivots, Bs, pivot=pivot)
        ^^^^^^^^^^^^^^^^^^^^^^^^^^^^^^^^^^^^^^^^^^^^^^^^^^
TypeError: linalg_lu_solve() got an unexpected keyword argument 'pivot'

=== Output for tanh.py on GPU 0 ===

=== Errors for tanh.py on GPU 0 ===

=== Output for relu_sqrt.py on GPU 0 ===

=== Errors for relu_sqrt.py on GPU 0 ===

=== Output for sqrt.py on GPU 0 ===

=== Errors for sqrt.py on GPU 0 ===

=== Output for sigmoid_argmax.py on GPU 0 ===

=== Errors for sigmoid_argmax.py on GPU 0 ===

=== Output for sub.py on GPU 0 ===

=== Errors for sub.py on GPU 0 ===

=== Output for grid_sample.py on GPU 0 ===

=== Errors for grid_sample.py on GPU 0 ===

=== Output for svd.py on GPU 0 ===

=== Errors for svd.py on GPU 0 ===
Traceback (most recent call last):
  File "/data/results/lmstudio_prompt12_general_router_20260528-152031/call_acc/svd.py", line 61, in <module>
    test_results = test_svd()
                   ^^^^^^^^^^
  File "/data/results/lmstudio_prompt12_general_router_20260528-152031/call_acc/svd.py", line 41, in test_svd
    U1, S1, Vh1 = svd(A1, full_matrices=True)
                  ^^^
NameError: name 'svd' is not defined

=== Output for i0.py on GPU 0 ===

=== Errors for i0.py on GPU 0 ===

=== Output for rsqrt.py on GPU 0 ===

=== Errors for rsqrt.py on GPU 0 ===

=== Output for dropout_relu_batch_norm_conv2d.py on GPU 0 ===

=== Errors for dropout_relu_batch_norm_conv2d.py on GPU 0 ===
Traceback (most recent call last):
  File "/data/results/lmstudio_prompt12_general_router_20260528-152031/call_acc/dropout_relu_batch_norm_conv2d.py", line 31, in <module>
    test_results = test_dropout_relu_batch_norm_conv2d()
                   ^^^^^^^^^^^^^^^^^^^^^^^^^^^^^^^^^^^^^
  File "/data/results/lmstudio_prompt12_general_router_20260528-152031/call_acc/dropout_relu_batch_norm_conv2d.py", line 12, in test_dropout_relu_batch_norm_conv2d
    input_tensor = torch.randn(1, 3, 8, 8, device='cuda')
                   ^^^^^
NameError: name 'torch' is not defined

=== Output for fused_mv_logsoftmax_dropout.py on GPU 0 ===

=== Errors for fused_mv_logsoftmax_dropout.py on GPU 0 ===
Traceback (most recent call last):
  File "/data/results/lmstudio_prompt12_general_router_20260528-152031/call_acc/fused_mv_logsoftmax_dropout.py", line 35, in <module>
    test_results = test_fused_mv_logsoftmax_dropout()
                   ^^^^^^^^^^^^^^^^^^^^^^^^^^^^^^^^^^
  File "/data/results/lmstudio_prompt12_general_router_20260528-152031/call_acc/fused_mv_logsoftmax_dropout.py", line 16, in test_fused_mv_logsoftmax_dropout
    results["test_case_1"] = fused_mv_logsoftmax_dropout(input1, vec1)
                             ^^^^^^^^^^^^^^^^^^^^^^^^^^^
NameError: name 'fused_mv_logsoftmax_dropout' is not defined. Did you mean: 'test_fused_mv_logsoftmax_dropout'?

=== Output for add.py on GPU 0 ===

=== Errors for add.py on GPU 0 ===

=== Output for fused_silu_layer_norm_conv2d.py on GPU 0 ===

=== Errors for fused_silu_layer_norm_conv2d.py on GPU 0 ===
E0529 00:21:13.707000 259 site-packages/torch/_subclasses/fake_tensor.py:2017] [0/0] failed while attempting to run meta for aten.native_layer_norm.default
E0529 00:21:13.707000 259 site-packages/torch/_subclasses/fake_tensor.py:2017] [0/0] Traceback (most recent call last):
E0529 00:21:13.707000 259 site-packages/torch/_subclasses/fake_tensor.py:2017] [0/0]   File "/usr/local/lib/python3.12/site-packages/torch/_subclasses/fake_tensor.py", line 2013, in _dispatch_impl
E0529 00:21:13.707000 259 site-packages/torch/_subclasses/fake_tensor.py:2017] [0/0]     r = func(*args, **kwargs)
E0529 00:21:13.707000 259 site-packages/torch/_subclasses/fake_tensor.py:2017] [0/0]         ^^^^^^^^^^^^^^^^^^^^^
E0529 00:21:13.707000 259 site-packages/torch/_subclasses/fake_tensor.py:2017] [0/0]   File "/usr/local/lib/python3.12/site-packages/torch/_ops.py", line 716, in __call__
E0529 00:21:13.707000 259 site-packages/torch/_subclasses/fake_tensor.py:2017] [0/0]     return self._op(*args, **kwargs)
E0529 00:21:13.707000 259 site-packages/torch/_subclasses/fake_tensor.py:2017] [0/0]            ^^^^^^^^^^^^^^^^^^^^^^^^^
E0529 00:21:13.707000 259 site-packages/torch/_subclasses/fake_tensor.py:2017] [0/0]   File "/usr/local/lib/python3.12/site-packages/torch/_decomp/__init__.py", line 88, in _fn
E0529 00:21:13.707000 259 site-packages/torch/_subclasses/fake_tensor.py:2017] [0/0]     return f(*args, **kwargs, out=None if is_none else out_kwargs)
E0529 00:21:13.707000 259 site-packages/torch/_subclasses/fake_tensor.py:2017] [0/0]            ^^^^^^^^^^^^^^^^^^^^^^^^^^^^^^^^^^^^^^^^^^^^^^^^^^^^^^^
E0529 00:21:13.707000 259 site-packages/torch/_subclasses/fake_tensor.py:2017] [0/0]   File "/usr/local/lib/python3.12/site-packages/torch/_prims_common/wrappers.py", line 273, in _fn
E0529 00:21:13.707000 259 site-packages/torch/_subclasses/fake_tensor.py:2017] [0/0]     result = fn(*args, **kwargs)
E0529 00:21:13.707000 259 site-packages/torch/_subclasses/fake_tensor.py:2017] [0/0]              ^^^^^^^^^^^^^^^^^^^
E0529 00:21:13.707000 259 site-packages/torch/_subclasses/fake_tensor.py:2017] [0/0]   File "/usr/local/lib/python3.12/site-packages/torch/_refs/__init__.py", line 3223, in native_layer_norm
E0529 00:21:13.707000 259 site-packages/torch/_subclasses/fake_tensor.py:2017] [0/0]     torch._check(
E0529 00:21:13.707000 259 site-packages/torch/_subclasses/fake_tensor.py:2017] [0/0]   File "/usr/local/lib/python3.12/site-packages/torch/__init__.py", line 1564, in _check
E0529 00:21:13.707000 259 site-packages/torch/_subclasses/fake_tensor.py:2017] [0/0]     _check_with(RuntimeError, cond, message)
E0529 00:21:13.707000 259 site-packages/torch/_subclasses/fake_tensor.py:2017] [0/0]   File "/usr/local/lib/python3.12/site-packages/torch/__init__.py", line 1546, in _check_with
E0529 00:21:13.707000 259 site-packages/torch/_subclasses/fake_tensor.py:2017] [0/0]     raise error_type(message_evaluated)
E0529 00:21:13.707000 259 site-packages/torch/_subclasses/fake_tensor.py:2017] [0/0] RuntimeError: Given normalized_shape=[6], expected input with shape [6], but got input of size torch.Size([1, 6, 3, 3])
W0529 00:21:13.731000 259 site-packages/torch/_dynamo/convert_frame.py:1125] WON'T CONVERT _fused_silu_layer_norm_conv2d_impl /data/results/lmstudio_prompt12_general_router_20260528-152031/call_acc/fused_silu_layer_norm_conv2d.py line 22 
W0529 00:21:13.731000 259 site-packages/torch/_dynamo/convert_frame.py:1125] due to: 
W0529 00:21:13.731000 259 site-packages/torch/_dynamo/convert_frame.py:1125] Traceback (most recent call last):
W0529 00:21:13.731000 259 site-packages/torch/_dynamo/convert_frame.py:1125]   File "/usr/local/lib/python3.12/site-packages/torch/_dynamo/convert_frame.py", line 1064, in __call__
W0529 00:21:13.731000 259 site-packages/torch/_dynamo/convert_frame.py:1125]     result = self._inner_convert(
W0529 00:21:13.731000 259 site-packages/torch/_dynamo/convert_frame.py:1125]              ^^^^^^^^^^^^^^^^^^^^
W0529 00:21:13.731000 259 site-packages/torch/_dynamo/convert_frame.py:1125]   File "/usr/local/lib/python3.12/site-packages/torch/_dynamo/convert_frame.py", line 526, in __call__
W0529 00:21:13.731000 259 site-packages/torch/_dynamo/convert_frame.py:1125]     return _compile(
W0529 00:21:13.731000 259 site-packages/torch/_dynamo/convert_frame.py:1125]            ^^^^^^^^^
W0529 00:21:13.731000 259 site-packages/torch/_dynamo/convert_frame.py:1125]   File "/usr/local/lib/python3.12/site-packages/torch/_dynamo/convert_frame.py", line 924, in _compile
W0529 00:21:13.731000 259 site-packages/torch/_dynamo/convert_frame.py:1125]     guarded_code = compile_inner(code, one_graph, hooks, transform)
W0529 00:21:13.731000 259 site-packages/torch/_dynamo/convert_frame.py:1125]                    ^^^^^^^^^^^^^^^^^^^^^^^^^^^^^^^^^^^^^^^^^^^^^^^^
W0529 00:21:13.731000 259 site-packages/torch/_dynamo/convert_frame.py:1125]   File "/usr/local/lib/python3.12/site-packages/torch/_dynamo/convert_frame.py", line 666, in compile_inner
W0529 00:21:13.731000 259 site-packages/torch/_dynamo/convert_frame.py:1125]     return _compile_inner(code, one_graph, hooks, transform)
W0529 00:21:13.731000 259 site-packages/torch/_dynamo/convert_frame.py:1125]            ^^^^^^^^^^^^^^^^^^^^^^^^^^^^^^^^^^^^^^^^^^^^^^^^^
W0529 00:21:13.731000 259 site-packages/torch/_dynamo/convert_frame.py:1125]   File "/usr/local/lib/python3.12/site-packages/torch/_utils_internal.py", line 87, in wrapper_function
W0529 00:21:13.731000 259 site-packages/torch/_dynamo/convert_frame.py:1125]     return function(*args, **kwargs)
W0529 00:21:13.731000 259 site-packages/torch/_dynamo/convert_frame.py:1125]            ^^^^^^^^^^^^^^^^^^^^^^^^^
W0529 00:21:13.731000 259 site-packages/torch/_dynamo/convert_frame.py:1125]   File "/usr/local/lib/python3.12/site-packages/torch/_dynamo/convert_frame.py", line 699, in _compile_inner
W0529 00:21:13.731000 259 site-packages/torch/_dynamo/convert_frame.py:1125]     out_code = transform_code_object(code, transform)
W0529 00:21:13.731000 259 site-packages/torch/_dynamo/convert_frame.py:1125]                ^^^^^^^^^^^^^^^^^^^^^^^^^^^^^^^^^^^^^^
W0529 00:21:13.731000 259 site-packages/torch/_dynamo/convert_frame.py:1125]   File "/usr/local/lib/python3.12/site-packages/torch/_dynamo/bytecode_transformation.py", line 1322, in transform_code_object
W0529 00:21:13.731000 259 site-packages/torch/_dynamo/convert_frame.py:1125]     transformations(instructions, code_options)
W0529 00:21:13.731000 259 site-packages/torch/_dynamo/convert_frame.py:1125]   File "/usr/local/lib/python3.12/site-packages/torch/_dynamo/convert_frame.py", line 219, in _fn
W0529 00:21:13.731000 259 site-packages/torch/_dynamo/convert_frame.py:1125]     return fn(*args, **kwargs)
W0529 00:21:13.731000 259 site-packages/torch/_dynamo/convert_frame.py:1125]            ^^^^^^^^^^^^^^^^^^^
W0529 00:21:13.731000 259 site-packages/torch/_dynamo/convert_frame.py:1125]   File "/usr/local/lib/python3.12/site-packages/torch/_dynamo/convert_frame.py", line 634, in transform
W0529 00:21:13.731000 259 site-packages/torch/_dynamo/convert_frame.py:1125]     tracer.run()
W0529 00:21:13.731000 259 site-packages/torch/_dynamo/convert_frame.py:1125]   File "/usr/local/lib/python3.12/site-packages/torch/_dynamo/symbolic_convert.py", line 2796, in run
W0529 00:21:13.731000 259 site-packages/torch/_dynamo/convert_frame.py:1125]     super().run()
W0529 00:21:13.731000 259 site-packages/torch/_dynamo/convert_frame.py:1125]   File "/usr/local/lib/python3.12/site-packages/torch/_dynamo/symbolic_convert.py", line 983, in run
W0529 00:21:13.731000 259 site-packages/torch/_dynamo/convert_frame.py:1125]     while self.step():
W0529 00:21:13.731000 259 site-packages/torch/_dynamo/convert_frame.py:1125]           ^^^^^^^^^^^
W0529 00:21:13.731000 259 site-packages/torch/_dynamo/convert_frame.py:1125]   File "/usr/local/lib/python3.12/site-packages/torch/_dynamo/symbolic_convert.py", line 895, in step
W0529 00:21:13.731000 259 site-packages/torch/_dynamo/convert_frame.py:1125]     self.dispatch_table[inst.opcode](self, inst)
W0529 00:21:13.731000 259 site-packages/torch/_dynamo/convert_frame.py:1125]   File "/usr/local/lib/python3.12/site-packages/torch/_dynamo/symbolic_convert.py", line 582, in wrapper
W0529 00:21:13.731000 259 site-packages/torch/_dynamo/convert_frame.py:1125]     return inner_fn(self, inst)
W0529 00:21:13.731000 259 site-packages/torch/_dynamo/convert_frame.py:1125]            ^^^^^^^^^^^^^^^^^^^^
W0529 00:21:13.731000 259 site-packages/torch/_dynamo/convert_frame.py:1125]   File "/usr/local/lib/python3.12/site-packages/torch/_dynamo/symbolic_convert.py", line 2279, in CALL
W0529 00:21:13.731000 259 site-packages/torch/_dynamo/convert_frame.py:1125]     self._call(inst)
W0529 00:21:13.731000 259 site-packages/torch/_dynamo/convert_frame.py:1125]   File "/usr/local/lib/python3.12/site-packages/torch/_dynamo/symbolic_convert.py", line 2273, in _call
W0529 00:21:13.731000 259 site-packages/torch/_dynamo/convert_frame.py:1125]     self.call_function(fn, args, kwargs)
W0529 00:21:13.731000 259 site-packages/torch/_dynamo/convert_frame.py:1125]   File "/usr/local/lib/python3.12/site-packages/torch/_dynamo/symbolic_convert.py", line 830, in call_function
W0529 00:21:13.731000 259 site-packages/torch/_dynamo/convert_frame.py:1125]     self.push(fn.call_function(self, args, kwargs))  # type: ignore[arg-type]
W0529 00:21:13.731000 259 site-packages/torch/_dynamo/convert_frame.py:1125]               ^^^^^^^^^^^^^^^^^^^^^^^^^^^^^^^^^^^^
W0529 00:21:13.731000 259 site-packages/torch/_dynamo/convert_frame.py:1125]   File "/usr/local/lib/python3.12/site-packages/torch/_dynamo/variables/torch.py", line 897, in call_function
W0529 00:21:13.731000 259 site-packages/torch/_dynamo/convert_frame.py:1125]     tensor_variable = wrap_fx_proxy(
W0529 00:21:13.731000 259 site-packages/torch/_dynamo/convert_frame.py:1125]                       ^^^^^^^^^^^^^^
W0529 00:21:13.731000 259 site-packages/torch/_dynamo/convert_frame.py:1125]   File "/usr/local/lib/python3.12/site-packages/torch/_dynamo/variables/builder.py", line 2037, in wrap_fx_proxy
W0529 00:21:13.731000 259 site-packages/torch/_dynamo/convert_frame.py:1125]     return wrap_fx_proxy_cls(target_cls=TensorVariable, **kwargs)
W0529 00:21:13.731000 259 site-packages/torch/_dynamo/convert_frame.py:1125]            ^^^^^^^^^^^^^^^^^^^^^^^^^^^^^^^^^^^^^^^^^^^^^^^^^^^^^^
W0529 00:21:13.731000 259 site-packages/torch/_dynamo/convert_frame.py:1125]   File "/usr/local/lib/python3.12/site-packages/torch/_dynamo/variables/builder.py", line 2124, in wrap_fx_proxy_cls
W0529 00:21:13.731000 259 site-packages/torch/_dynamo/convert_frame.py:1125]     example_value = get_fake_value(proxy.node, tx, allow_non_graph_fake=True)
W0529 00:21:13.731000 259 site-packages/torch/_dynamo/convert_frame.py:1125]                     ^^^^^^^^^^^^^^^^^^^^^^^^^^^^^^^^^^^^^^^^^^^^^^^^^^^^^^^^^
W0529 00:21:13.731000 259 site-packages/torch/_dynamo/convert_frame.py:1125]   File "/usr/local/lib/python3.12/site-packages/torch/_dynamo/utils.py", line 2082, in get_fake_value
W0529 00:21:13.731000 259 site-packages/torch/_dynamo/convert_frame.py:1125]     raise TorchRuntimeError(str(e)).with_traceback(e.__traceback__) from None
W0529 00:21:13.731000 259 site-packages/torch/_dynamo/convert_frame.py:1125]   File "/usr/local/lib/python3.12/site-packages/torch/_dynamo/utils.py", line 2017, in get_fake_value
W0529 00:21:13.731000 259 site-packages/torch/_dynamo/convert_frame.py:1125]     ret_val = wrap_fake_exception(
W0529 00:21:13.731000 259 site-packages/torch/_dynamo/convert_frame.py:1125]               ^^^^^^^^^^^^^^^^^^^^
W0529 00:21:13.731000 259 site-packages/torch/_dynamo/convert_frame.py:1125]   File "/usr/local/lib/python3.12/site-packages/torch/_dynamo/utils.py", line 1574, in wrap_fake_exception
W0529 00:21:13.731000 259 site-packages/torch/_dynamo/convert_frame.py:1125]     return fn()
W0529 00:21:13.731000 259 site-packages/torch/_dynamo/convert_frame.py:1125]            ^^^^
W0529 00:21:13.731000 259 site-packages/torch/_dynamo/convert_frame.py:1125]   File "/usr/local/lib/python3.12/site-packages/torch/_dynamo/utils.py", line 2018, in <lambda>
W0529 00:21:13.731000 259 site-packages/torch/_dynamo/convert_frame.py:1125]     lambda: run_node(tx.output, node, args, kwargs, nnmodule)
W0529 00:21:13.731000 259 site-packages/torch/_dynamo/convert_frame.py:1125]             ^^^^^^^^^^^^^^^^^^^^^^^^^^^^^^^^^^^^^^^^^^^^^^^^^
W0529 00:21:13.731000 259 site-packages/torch/_dynamo/convert_frame.py:1125]   File "/usr/local/lib/python3.12/site-packages/torch/_dynamo/utils.py", line 2150, in run_node
W0529 00:21:13.731000 259 site-packages/torch/_dynamo/convert_frame.py:1125]     raise RuntimeError(make_error_message(e)).with_traceback(
W0529 00:21:13.731000 259 site-packages/torch/_dynamo/convert_frame.py:1125]   File "/usr/local/lib/python3.12/site-packages/torch/_dynamo/utils.py", line 2132, in run_node
W0529 00:21:13.731000 259 site-packages/torch/_dynamo/convert_frame.py:1125]     return node.target(*args, **kwargs)
W0529 00:21:13.731000 259 site-packages/torch/_dynamo/convert_frame.py:1125]            ^^^^^^^^^^^^^^^^^^^^^^^^^^^^
W0529 00:21:13.731000 259 site-packages/torch/_dynamo/convert_frame.py:1125]   File "/usr/local/lib/python3.12/site-packages/torch/nn/functional.py", line 2900, in layer_norm
W0529 00:21:13.731000 259 site-packages/torch/_dynamo/convert_frame.py:1125]     return torch.layer_norm(
W0529 00:21:13.731000 259 site-packages/torch/_dynamo/convert_frame.py:1125]            ^^^^^^^^^^^^^^^^^
W0529 00:21:13.731000 259 site-packages/torch/_dynamo/convert_frame.py:1125]   File "/usr/local/lib/python3.12/site-packages/torch/utils/_stats.py", line 21, in wrapper
W0529 00:21:13.731000 259 site-packages/torch/_dynamo/convert_frame.py:1125]     return fn(*args, **kwargs)
W0529 00:21:13.731000 259 site-packages/torch/_dynamo/convert_frame.py:1125]            ^^^^^^^^^^^^^^^^^^^
W0529 00:21:13.731000 259 site-packages/torch/_dynamo/convert_frame.py:1125]   File "/usr/local/lib/python3.12/site-packages/torch/_subclasses/fake_tensor.py", line 1238, in __torch_dispatch__
W0529 00:21:13.731000 259 site-packages/torch/_dynamo/convert_frame.py:1125]     return self.dispatch(func, types, args, kwargs)
W0529 00:21:13.731000 259 site-packages/torch/_dynamo/convert_frame.py:1125]            ^^^^^^^^^^^^^^^^^^^^^^^^^^^^^^^^^^^^^^^^
W0529 00:21:13.731000 259 site-packages/torch/_dynamo/convert_frame.py:1125]   File "/usr/local/lib/python3.12/site-packages/torch/_subclasses/fake_tensor.py", line 1692, in dispatch
W0529 00:21:13.731000 259 site-packages/torch/_dynamo/convert_frame.py:1125]     return self._cached_dispatch_impl(func, types, args, kwargs)
W0529 00:21:13.731000 259 site-packages/torch/_dynamo/convert_frame.py:1125]            ^^^^^^^^^^^^^^^^^^^^^^^^^^^^^^^^^^^^^^^^^^^^^^^^^^^^^
W0529 00:21:13.731000 259 site-packages/torch/_dynamo/convert_frame.py:1125]   File "/usr/local/lib/python3.12/site-packages/torch/_subclasses/fake_tensor.py", line 1339, in _cached_dispatch_impl
W0529 00:21:13.731000 259 site-packages/torch/_dynamo/convert_frame.py:1125]     output = self._dispatch_impl(func, types, args, kwargs)
W0529 00:21:13.731000 259 site-packages/torch/_dynamo/convert_frame.py:1125]              ^^^^^^^^^^^^^^^^^^^^^^^^^^^^^^^^^^^^^^^^^^^^^^
W0529 00:21:13.731000 259 site-packages/torch/_dynamo/convert_frame.py:1125]   File "/usr/local/lib/python3.12/site-packages/torch/_subclasses/fake_tensor.py", line 2013, in _dispatch_impl
W0529 00:21:13.731000 259 site-packages/torch/_dynamo/convert_frame.py:1125]     r = func(*args, **kwargs)
W0529 00:21:13.731000 259 site-packages/torch/_dynamo/convert_frame.py:1125]         ^^^^^^^^^^^^^^^^^^^^^
W0529 00:21:13.731000 259 site-packages/torch/_dynamo/convert_frame.py:1125]   File "/usr/local/lib/python3.12/site-packages/torch/_ops.py", line 716, in __call__
W0529 00:21:13.731000 259 site-packages/torch/_dynamo/convert_frame.py:1125]     return self._op(*args, **kwargs)
W0529 00:21:13.731000 259 site-packages/torch/_dynamo/convert_frame.py:1125]            ^^^^^^^^^^^^^^^^^^^^^^^^^
W0529 00:21:13.731000 259 site-packages/torch/_dynamo/convert_frame.py:1125]   File "/usr/local/lib/python3.12/site-packages/torch/_decomp/__init__.py", line 88, in _fn
W0529 00:21:13.731000 259 site-packages/torch/_dynamo/convert_frame.py:1125]     return f(*args, **kwargs, out=None if is_none else out_kwargs)
W0529 00:21:13.731000 259 site-packages/torch/_dynamo/convert_frame.py:1125]            ^^^^^^^^^^^^^^^^^^^^^^^^^^^^^^^^^^^^^^^^^^^^^^^^^^^^^^^
W0529 00:21:13.731000 259 site-packages/torch/_dynamo/convert_frame.py:1125]   File "/usr/local/lib/python3.12/site-packages/torch/_prims_common/wrappers.py", line 273, in _fn
W0529 00:21:13.731000 259 site-packages/torch/_dynamo/convert_frame.py:1125]     result = fn(*args, **kwargs)
W0529 00:21:13.731000 259 site-packages/torch/_dynamo/convert_frame.py:1125]              ^^^^^^^^^^^^^^^^^^^
W0529 00:21:13.731000 259 site-packages/torch/_dynamo/convert_frame.py:1125]   File "/usr/local/lib/python3.12/site-packages/torch/_refs/__init__.py", line 3223, in native_layer_norm
W0529 00:21:13.731000 259 site-packages/torch/_dynamo/convert_frame.py:1125]     torch._check(
W0529 00:21:13.731000 259 site-packages/torch/_dynamo/convert_frame.py:1125]   File "/usr/local/lib/python3.12/site-packages/torch/__init__.py", line 1564, in _check
W0529 00:21:13.731000 259 site-packages/torch/_dynamo/convert_frame.py:1125]     _check_with(RuntimeError, cond, message)
W0529 00:21:13.731000 259 site-packages/torch/_dynamo/convert_frame.py:1125]   File "/usr/local/lib/python3.12/site-packages/torch/__init__.py", line 1546, in _check_with
W0529 00:21:13.731000 259 site-packages/torch/_dynamo/convert_frame.py:1125]     raise error_type(message_evaluated)
W0529 00:21:13.731000 259 site-packages/torch/_dynamo/convert_frame.py:1125] torch._dynamo.exc.TorchRuntimeError: Failed running call_function <function layer_norm at 0x2aa776ac62a0>(*(FakeTensor(..., device='cuda:0', size=(1, 6, 3, 3)), (6,)), **{'weight': None, 'bias': None, 'eps': 1e-05}):
W0529 00:21:13.731000 259 site-packages/torch/_dynamo/convert_frame.py:1125] Given normalized_shape=[6], expected input with shape [6], but got input of size torch.Size([1, 6, 3, 3])
W0529 00:21:13.731000 259 site-packages/torch/_dynamo/convert_frame.py:1125] 
W0529 00:21:13.731000 259 site-packages/torch/_dynamo/convert_frame.py:1125] from user code:
W0529 00:21:13.731000 259 site-packages/torch/_dynamo/convert_frame.py:1125]    File "/data/results/lmstudio_prompt12_general_router_20260528-152031/call_acc/fused_silu_layer_norm_conv2d.py", line 32, in _fused_silu_layer_norm_conv2d_impl
W0529 00:21:13.731000 259 site-packages/torch/_dynamo/convert_frame.py:1125]     ln_out = F.layer_norm(conv_out, normalized_shape, weight=w, bias=None, eps=ln_eps)
W0529 00:21:13.731000 259 site-packages/torch/_dynamo/convert_frame.py:1125] 
W0529 00:21:13.731000 259 site-packages/torch/_dynamo/convert_frame.py:1125] Set TORCH_LOGS="+dynamo" and TORCHDYNAMO_VERBOSE=1 for more information
W0529 00:21:13.731000 259 site-packages/torch/_dynamo/convert_frame.py:1125] 
W0529 00:21:13.731000 259 site-packages/torch/_dynamo/convert_frame.py:1125] Traceback (most recent call last):
W0529 00:21:13.731000 259 site-packages/torch/_dynamo/convert_frame.py:1125]   File "/usr/local/lib/python3.12/site-packages/torch/_dynamo/convert_frame.py", line 1064, in __call__
W0529 00:21:13.731000 259 site-packages/torch/_dynamo/convert_frame.py:1125]     result = self._inner_convert(
W0529 00:21:13.731000 259 site-packages/torch/_dynamo/convert_frame.py:1125]              ^^^^^^^^^^^^^^^^^^^^
W0529 00:21:13.731000 259 site-packages/torch/_dynamo/convert_frame.py:1125]   File "/usr/local/lib/python3.12/site-packages/torch/_dynamo/convert_frame.py", line 526, in __call__
W0529 00:21:13.731000 259 site-packages/torch/_dynamo/convert_frame.py:1125]     return _compile(
W0529 00:21:13.731000 259 site-packages/torch/_dynamo/convert_frame.py:1125]            ^^^^^^^^^
W0529 00:21:13.731000 259 site-packages/torch/_dynamo/convert_frame.py:1125]   File "/usr/local/lib/python3.12/site-packages/torch/_dynamo/convert_frame.py", line 924, in _compile
W0529 00:21:13.731000 259 site-packages/torch/_dynamo/convert_frame.py:1125]     guarded_code = compile_inner(code, one_graph, hooks, transform)
W0529 00:21:13.731000 259 site-packages/torch/_dynamo/convert_frame.py:1125]                    ^^^^^^^^^^^^^^^^^^^^^^^^^^^^^^^^^^^^^^^^^^^^^^^^
W0529 00:21:13.731000 259 site-packages/torch/_dynamo/convert_frame.py:1125]   File "/usr/local/lib/python3.12/site-packages/torch/_dynamo/convert_frame.py", line 666, in compile_inner
W0529 00:21:13.731000 259 site-packages/torch/_dynamo/convert_frame.py:1125]     return _compile_inner(code, one_graph, hooks, transform)
W0529 00:21:13.731000 259 site-packages/torch/_dynamo/convert_frame.py:1125]            ^^^^^^^^^^^^^^^^^^^^^^^^^^^^^^^^^^^^^^^^^^^^^^^^^
W0529 00:21:13.731000 259 site-packages/torch/_dynamo/convert_frame.py:1125]   File "/usr/local/lib/python3.12/site-packages/torch/_utils_internal.py", line 87, in wrapper_function
W0529 00:21:13.731000 259 site-packages/torch/_dynamo/convert_frame.py:1125]     return function(*args, **kwargs)
W0529 00:21:13.731000 259 site-packages/torch/_dynamo/convert_frame.py:1125]            ^^^^^^^^^^^^^^^^^^^^^^^^^
W0529 00:21:13.731000 259 site-packages/torch/_dynamo/convert_frame.py:1125]   File "/usr/local/lib/python3.12/site-packages/torch/_dynamo/convert_frame.py", line 699, in _compile_inner
W0529 00:21:13.731000 259 site-packages/torch/_dynamo/convert_frame.py:1125]     out_code = transform_code_object(code, transform)
W0529 00:21:13.731000 259 site-packages/torch/_dynamo/convert_frame.py:1125]                ^^^^^^^^^^^^^^^^^^^^^^^^^^^^^^^^^^^^^^
W0529 00:21:13.731000 259 site-packages/torch/_dynamo/convert_frame.py:1125]   File "/usr/local/lib/python3.12/site-packages/torch/_dynamo/bytecode_transformation.py", line 1322, in transform_code_object
W0529 00:21:13.731000 259 site-packages/torch/_dynamo/convert_frame.py:1125]     transformations(instructions, code_options)
W0529 00:21:13.731000 259 site-packages/torch/_dynamo/convert_frame.py:1125]   File "/usr/local/lib/python3.12/site-packages/torch/_dynamo/convert_frame.py", line 219, in _fn
W0529 00:21:13.731000 259 site-packages/torch/_dynamo/convert_frame.py:1125]     return fn(*args, **kwargs)
W0529 00:21:13.731000 259 site-packages/torch/_dynamo/convert_frame.py:1125]            ^^^^^^^^^^^^^^^^^^^
W0529 00:21:13.731000 259 site-packages/torch/_dynamo/convert_frame.py:1125]   File "/usr/local/lib/python3.12/site-packages/torch/_dynamo/convert_frame.py", line 634, in transform
W0529 00:21:13.731000 259 site-packages/torch/_dynamo/convert_frame.py:1125]     tracer.run()
W0529 00:21:13.731000 259 site-packages/torch/_dynamo/convert_frame.py:1125]   File "/usr/local/lib/python3.12/site-packages/torch/_dynamo/symbolic_convert.py", line 2796, in run
W0529 00:21:13.731000 259 site-packages/torch/_dynamo/convert_frame.py:1125]     super().run()
W0529 00:21:13.731000 259 site-packages/torch/_dynamo/convert_frame.py:1125]   File "/usr/local/lib/python3.12/site-packages/torch/_dynamo/symbolic_convert.py", line 983, in run
W0529 00:21:13.731000 259 site-packages/torch/_dynamo/convert_frame.py:1125]     while self.step():
W0529 00:21:13.731000 259 site-packages/torch/_dynamo/convert_frame.py:1125]           ^^^^^^^^^^^
W0529 00:21:13.731000 259 site-packages/torch/_dynamo/convert_frame.py:1125]   File "/usr/local/lib/python3.12/site-packages/torch/_dynamo/symbolic_convert.py", line 895, in step
W0529 00:21:13.731000 259 site-packages/torch/_dynamo/convert_frame.py:1125]     self.dispatch_table[inst.opcode](self, inst)
W0529 00:21:13.731000 259 site-packages/torch/_dynamo/convert_frame.py:1125]   File "/usr/local/lib/python3.12/site-packages/torch/_dynamo/symbolic_convert.py", line 582, in wrapper
W0529 00:21:13.731000 259 site-packages/torch/_dynamo/convert_frame.py:1125]     return inner_fn(self, inst)
W0529 00:21:13.731000 259 site-packages/torch/_dynamo/convert_frame.py:1125]            ^^^^^^^^^^^^^^^^^^^^
W0529 00:21:13.731000 259 site-packages/torch/_dynamo/convert_frame.py:1125]   File "/usr/local/lib/python3.12/site-packages/torch/_dynamo/symbolic_convert.py", line 2279, in CALL
W0529 00:21:13.731000 259 site-packages/torch/_dynamo/convert_frame.py:1125]     self._call(inst)
W0529 00:21:13.731000 259 site-packages/torch/_dynamo/convert_frame.py:1125]   File "/usr/local/lib/python3.12/site-packages/torch/_dynamo/symbolic_convert.py", line 2273, in _call
W0529 00:21:13.731000 259 site-packages/torch/_dynamo/convert_frame.py:1125]     self.call_function(fn, args, kwargs)
W0529 00:21:13.731000 259 site-packages/torch/_dynamo/convert_frame.py:1125]   File "/usr/local/lib/python3.12/site-packages/torch/_dynamo/symbolic_convert.py", line 830, in call_function
W0529 00:21:13.731000 259 site-packages/torch/_dynamo/convert_frame.py:1125]     self.push(fn.call_function(self, args, kwargs))  # type: ignore[arg-type]
W0529 00:21:13.731000 259 site-packages/torch/_dynamo/convert_frame.py:1125]               ^^^^^^^^^^^^^^^^^^^^^^^^^^^^^^^^^^^^
W0529 00:21:13.731000 259 site-packages/torch/_dynamo/convert_frame.py:1125]   File "/usr/local/lib/python3.12/site-packages/torch/_dynamo/variables/torch.py", line 897, in call_function
W0529 00:21:13.731000 259 site-packages/torch/_dynamo/convert_frame.py:1125]     tensor_variable = wrap_fx_proxy(
W0529 00:21:13.731000 259 site-packages/torch/_dynamo/convert_frame.py:1125]                       ^^^^^^^^^^^^^^
W0529 00:21:13.731000 259 site-packages/torch/_dynamo/convert_frame.py:1125]   File "/usr/local/lib/python3.12/site-packages/torch/_dynamo/variables/builder.py", line 2037, in wrap_fx_proxy
W0529 00:21:13.731000 259 site-packages/torch/_dynamo/convert_frame.py:1125]     return wrap_fx_proxy_cls(target_cls=TensorVariable, **kwargs)
W0529 00:21:13.731000 259 site-packages/torch/_dynamo/convert_frame.py:1125]            ^^^^^^^^^^^^^^^^^^^^^^^^^^^^^^^^^^^^^^^^^^^^^^^^^^^^^^
W0529 00:21:13.731000 259 site-packages/torch/_dynamo/convert_frame.py:1125]   File "/usr/local/lib/python3.12/site-packages/torch/_dynamo/variables/builder.py", line 2124, in wrap_fx_proxy_cls
W0529 00:21:13.731000 259 site-packages/torch/_dynamo/convert_frame.py:1125]     example_value = get_fake_value(proxy.node, tx, allow_non_graph_fake=True)
W0529 00:21:13.731000 259 site-packages/torch/_dynamo/convert_frame.py:1125]                     ^^^^^^^^^^^^^^^^^^^^^^^^^^^^^^^^^^^^^^^^^^^^^^^^^^^^^^^^^
W0529 00:21:13.731000 259 site-packages/torch/_dynamo/convert_frame.py:1125]   File "/usr/local/lib/python3.12/site-packages/torch/_dynamo/utils.py", line 2082, in get_fake_value
W0529 00:21:13.731000 259 site-packages/torch/_dynamo/convert_frame.py:1125]     raise TorchRuntimeError(str(e)).with_traceback(e.__traceback__) from None
W0529 00:21:13.731000 259 site-packages/torch/_dynamo/convert_frame.py:1125]   File "/usr/local/lib/python3.12/site-packages/torch/_dynamo/utils.py", line 2017, in get_fake_value
W0529 00:21:13.731000 259 site-packages/torch/_dynamo/convert_frame.py:1125]     ret_val = wrap_fake_exception(
W0529 00:21:13.731000 259 site-packages/torch/_dynamo/convert_frame.py:1125]               ^^^^^^^^^^^^^^^^^^^^
W0529 00:21:13.731000 259 site-packages/torch/_dynamo/convert_frame.py:1125]   File "/usr/local/lib/python3.12/site-packages/torch/_dynamo/utils.py", line 1574, in wrap_fake_exception
W0529 00:21:13.731000 259 site-packages/torch/_dynamo/convert_frame.py:1125]     return fn()
W0529 00:21:13.731000 259 site-packages/torch/_dynamo/convert_frame.py:1125]            ^^^^
W0529 00:21:13.731000 259 site-packages/torch/_dynamo/convert_frame.py:1125]   File "/usr/local/lib/python3.12/site-packages/torch/_dynamo/utils.py", line 2018, in <lambda>
W0529 00:21:13.731000 259 site-packages/torch/_dynamo/convert_frame.py:1125]     lambda: run_node(tx.output, node, args, kwargs, nnmodule)
W0529 00:21:13.731000 259 site-packages/torch/_dynamo/convert_frame.py:1125]             ^^^^^^^^^^^^^^^^^^^^^^^^^^^^^^^^^^^^^^^^^^^^^^^^^
W0529 00:21:13.731000 259 site-packages/torch/_dynamo/convert_frame.py:1125]   File "/usr/local/lib/python3.12/site-packages/torch/_dynamo/utils.py", line 2150, in run_node
W0529 00:21:13.731000 259 site-packages/torch/_dynamo/convert_frame.py:1125]     raise RuntimeError(make_error_message(e)).with_traceback(
W0529 00:21:13.731000 259 site-packages/torch/_dynamo/convert_frame.py:1125]   File "/usr/local/lib/python3.12/site-packages/torch/_dynamo/utils.py", line 2132, in run_node
W0529 00:21:13.731000 259 site-packages/torch/_dynamo/convert_frame.py:1125]     return node.target(*args, **kwargs)
W0529 00:21:13.731000 259 site-packages/torch/_dynamo/convert_frame.py:1125]            ^^^^^^^^^^^^^^^^^^^^^^^^^^^^
W0529 00:21:13.731000 259 site-packages/torch/_dynamo/convert_frame.py:1125]   File "/usr/local/lib/python3.12/site-packages/torch/nn/functional.py", line 2900, in layer_norm
W0529 00:21:13.731000 259 site-packages/torch/_dynamo/convert_frame.py:1125]     return torch.layer_norm(
W0529 00:21:13.731000 259 site-packages/torch/_dynamo/convert_frame.py:1125]            ^^^^^^^^^^^^^^^^^
W0529 00:21:13.731000 259 site-packages/torch/_dynamo/convert_frame.py:1125]   File "/usr/local/lib/python3.12/site-packages/torch/utils/_stats.py", line 21, in wrapper
W0529 00:21:13.731000 259 site-packages/torch/_dynamo/convert_frame.py:1125]     return fn(*args, **kwargs)
W0529 00:21:13.731000 259 site-packages/torch/_dynamo/convert_frame.py:1125]            ^^^^^^^^^^^^^^^^^^^
W0529 00:21:13.731000 259 site-packages/torch/_dynamo/convert_frame.py:1125]   File "/usr/local/lib/python3.12/site-packages/torch/_subclasses/fake_tensor.py", line 1238, in __torch_dispatch__
W0529 00:21:13.731000 259 site-packages/torch/_dynamo/convert_frame.py:1125]     return self.dispatch(func, types, args, kwargs)
W0529 00:21:13.731000 259 site-packages/torch/_dynamo/convert_frame.py:1125]            ^^^^^^^^^^^^^^^^^^^^^^^^^^^^^^^^^^^^^^^^
W0529 00:21:13.731000 259 site-packages/torch/_dynamo/convert_frame.py:1125]   File "/usr/local/lib/python3.12/site-packages/torch/_subclasses/fake_tensor.py", line 1692, in dispatch
W0529 00:21:13.731000 259 site-packages/torch/_dynamo/convert_frame.py:1125]     return self._cached_dispatch_impl(func, types, args, kwargs)
W0529 00:21:13.731000 259 site-packages/torch/_dynamo/convert_frame.py:1125]            ^^^^^^^^^^^^^^^^^^^^^^^^^^^^^^^^^^^^^^^^^^^^^^^^^^^^^
W0529 00:21:13.731000 259 site-packages/torch/_dynamo/convert_frame.py:1125]   File "/usr/local/lib/python3.12/site-packages/torch/_subclasses/fake_tensor.py", line 1339, in _cached_dispatch_impl
W0529 00:21:13.731000 259 site-packages/torch/_dynamo/convert_frame.py:1125]     output = self._dispatch_impl(func, types, args, kwargs)
W0529 00:21:13.731000 259 site-packages/torch/_dynamo/convert_frame.py:1125]              ^^^^^^^^^^^^^^^^^^^^^^^^^^^^^^^^^^^^^^^^^^^^^^
W0529 00:21:13.731000 259 site-packages/torch/_dynamo/convert_frame.py:1125]   File "/usr/local/lib/python3.12/site-packages/torch/_subclasses/fake_tensor.py", line 2013, in _dispatch_impl
W0529 00:21:13.731000 259 site-packages/torch/_dynamo/convert_frame.py:1125]     r = func(*args, **kwargs)
W0529 00:21:13.731000 259 site-packages/torch/_dynamo/convert_frame.py:1125]         ^^^^^^^^^^^^^^^^^^^^^
W0529 00:21:13.731000 259 site-packages/torch/_dynamo/convert_frame.py:1125]   File "/usr/local/lib/python3.12/site-packages/torch/_ops.py", line 716, in __call__
W0529 00:21:13.731000 259 site-packages/torch/_dynamo/convert_frame.py:1125]     return self._op(*args, **kwargs)
W0529 00:21:13.731000 259 site-packages/torch/_dynamo/convert_frame.py:1125]            ^^^^^^^^^^^^^^^^^^^^^^^^^
W0529 00:21:13.731000 259 site-packages/torch/_dynamo/convert_frame.py:1125]   File "/usr/local/lib/python3.12/site-packages/torch/_decomp/__init__.py", line 88, in _fn
W0529 00:21:13.731000 259 site-packages/torch/_dynamo/convert_frame.py:1125]     return f(*args, **kwargs, out=None if is_none else out_kwargs)
W0529 00:21:13.731000 259 site-packages/torch/_dynamo/convert_frame.py:1125]            ^^^^^^^^^^^^^^^^^^^^^^^^^^^^^^^^^^^^^^^^^^^^^^^^^^^^^^^
W0529 00:21:13.731000 259 site-packages/torch/_dynamo/convert_frame.py:1125]   File "/usr/local/lib/python3.12/site-packages/torch/_prims_common/wrappers.py", line 273, in _fn
W0529 00:21:13.731000 259 site-packages/torch/_dynamo/convert_frame.py:1125]     result = fn(*args, **kwargs)
W0529 00:21:13.731000 259 site-packages/torch/_dynamo/convert_frame.py:1125]              ^^^^^^^^^^^^^^^^^^^
W0529 00:21:13.731000 259 site-packages/torch/_dynamo/convert_frame.py:1125]   File "/usr/local/lib/python3.12/site-packages/torch/_refs/__init__.py", line 3223, in native_layer_norm
W0529 00:21:13.731000 259 site-packages/torch/_dynamo/convert_frame.py:1125]     torch._check(
W0529 00:21:13.731000 259 site-packages/torch/_dynamo/convert_frame.py:1125]   File "/usr/local/lib/python3.12/site-packages/torch/__init__.py", line 1564, in _check
W0529 00:21:13.731000 259 site-packages/torch/_dynamo/convert_frame.py:1125]     _check_with(RuntimeError, cond, message)
W0529 00:21:13.731000 259 site-packages/torch/_dynamo/convert_frame.py:1125]   File "/usr/local/lib/python3.12/site-packages/torch/__init__.py", line 1546, in _check_with
W0529 00:21:13.731000 259 site-packages/torch/_dynamo/convert_frame.py:1125]     raise error_type(message_evaluated)
W0529 00:21:13.731000 259 site-packages/torch/_dynamo/convert_frame.py:1125] torch._dynamo.exc.TorchRuntimeError: Failed running call_function <function layer_norm at 0x2aa776ac62a0>(*(FakeTensor(..., device='cuda:0', size=(1, 6, 3, 3)), (6,)), **{'weight': None, 'bias': None, 'eps': 1e-05}):
W0529 00:21:13.731000 259 site-packages/torch/_dynamo/convert_frame.py:1125] Given normalized_shape=[6], expected input with shape [6], but got input of size torch.Size([1, 6, 3, 3])
W0529 00:21:13.731000 259 site-packages/torch/_dynamo/convert_frame.py:1125] 
W0529 00:21:13.731000 259 site-packages/torch/_dynamo/convert_frame.py:1125] from user code:
W0529 00:21:13.731000 259 site-packages/torch/_dynamo/convert_frame.py:1125]    File "/data/results/lmstudio_prompt12_general_router_20260528-152031/call_acc/fused_silu_layer_norm_conv2d.py", line 32, in _fused_silu_layer_norm_conv2d_impl
W0529 00:21:13.731000 259 site-packages/torch/_dynamo/convert_frame.py:1125]     ln_out = F.layer_norm(conv_out, normalized_shape, weight=w, bias=None, eps=ln_eps)
W0529 00:21:13.731000 259 site-packages/torch/_dynamo/convert_frame.py:1125] 
W0529 00:21:13.731000 259 site-packages/torch/_dynamo/convert_frame.py:1125] Set TORCH_LOGS="+dynamo" and TORCHDYNAMO_VERBOSE=1 for more information
W0529 00:21:13.731000 259 site-packages/torch/_dynamo/convert_frame.py:1125] 
Traceback (most recent call last):
  File "/data/results/lmstudio_prompt12_general_router_20260528-152031/call_acc/fused_silu_layer_norm_conv2d.py", line 46, in fused_silu_layer_norm_conv2d
    y = _fused_silu_layer_norm_conv2d_fast(x, weight, conv_weight, conv_bias, conv_stride, conv_padding, conv_dilation, conv_groups, ln_eps)
        ^^^^^^^^^^^^^^^^^^^^^^^^^^^^^^^^^^^^^^^^^^^^^^^^^^^^^^^^^^^^^^^^^^^^^^^^^^^^^^^^^^^^^^^^^^^^^^^^^^^^^^^^^^^^^^^^^^^^^^^^^^^^^^^^^^^^
  File "/usr/local/lib/python3.12/site-packages/torch/_dynamo/eval_frame.py", line 465, in _fn
    return fn(*args, **kwargs)
           ^^^^^^^^^^^^^^^^^^^
  File "/data/results/lmstudio_prompt12_general_router_20260528-152031/call_acc/fused_silu_layer_norm_conv2d.py", line 32, in _fused_silu_layer_norm_conv2d_impl
    ln_out = F.layer_norm(conv_out, normalized_shape, weight=w, bias=None, eps=ln_eps)
             ^^^^^^^^^^^^^^^^^^^^^^^^^^^^^^^^^^^^^^^^^^^^^^^^^^^^^^^^^^^^^^^^^^^^^^^^^
  File "/usr/local/lib/python3.12/site-packages/torch/nn/functional.py", line 2900, in layer_norm
    return torch.layer_norm(
           ^^^^^^^^^^^^^^^^^
RuntimeError: Given normalized_shape=[6], expected input with shape [*, 6], but got input of size[1, 6, 3, 3]

During handling of the above exception, another exception occurred:

Traceback (most recent call last):
  File "/data/results/lmstudio_prompt12_general_router_20260528-152031/call_acc/fused_silu_layer_norm_conv2d.py", line 84, in <module>
    test_results = test_fused_silu_layer_norm_conv2d()
                   ^^^^^^^^^^^^^^^^^^^^^^^^^^^^^^^^^^^
  File "/data/results/lmstudio_prompt12_general_router_20260528-152031/call_acc/fused_silu_layer_norm_conv2d.py", line 70, in test_fused_silu_layer_norm_conv2d
    results['test_case_1'] = fused_silu_layer_norm_conv2d(x, None, conv_weight)
                             ^^^^^^^^^^^^^^^^^^^^^^^^^^^^^^^^^^^^^^^^^^^^^^^^^^
  File "/data/results/lmstudio_prompt12_general_router_20260528-152031/call_acc/fused_silu_layer_norm_conv2d.py", line 48, in fused_silu_layer_norm_conv2d
    y = _fused_silu_layer_norm_conv2d_impl(x, weight, conv_weight, conv_bias, conv_stride, conv_padding, conv_dilation, conv_groups, ln_eps)
        ^^^^^^^^^^^^^^^^^^^^^^^^^^^^^^^^^^^^^^^^^^^^^^^^^^^^^^^^^^^^^^^^^^^^^^^^^^^^^^^^^^^^^^^^^^^^^^^^^^^^^^^^^^^^^^^^^^^^^^^^^^^^^^^^^^^^
  File "/data/results/lmstudio_prompt12_general_router_20260528-152031/call_acc/fused_silu_layer_norm_conv2d.py", line 32, in _fused_silu_layer_norm_conv2d_impl
    ln_out = F.layer_norm(conv_out, normalized_shape, weight=w, bias=None, eps=ln_eps)
             ^^^^^^^^^^^^^^^^^^^^^^^^^^^^^^^^^^^^^^^^^^^^^^^^^^^^^^^^^^^^^^^^^^^^^^^^^
  File "/usr/local/lib/python3.12/site-packages/torch/nn/functional.py", line 2900, in layer_norm
    return torch.layer_norm(
           ^^^^^^^^^^^^^^^^^
RuntimeError: Given normalized_shape=[6], expected input with shape [*, 6], but got input of size[1, 6, 3, 3]

=== Output for fused_index_select_eq.py on GPU 0 ===

=== Errors for fused_index_select_eq.py on GPU 0 ===

=== Output for argmax.py on GPU 0 ===

=== Errors for argmax.py on GPU 0 ===

=== Output for fused_lu_solve.py on GPU 0 ===

=== Errors for fused_lu_solve.py on GPU 0 ===
Traceback (most recent call last):
  File "/data/results/lmstudio_prompt12_general_router_20260528-152031/call_acc/fused_lu_solve.py", line 59, in <module>
    test_results = test_fused_lu_solve()
                   ^^^^^^^^^^^^^^^^^^^^^
  File "/data/results/lmstudio_prompt12_general_router_20260528-152031/call_acc/fused_lu_solve.py", line 37, in test_fused_lu_solve
    results["test_case_1"] = fused_lu_solve(A1, b1)
                             ^^^^^^^^^^^^^^^^^^^^^^
  File "/data/results/lmstudio_prompt12_general_router_20260528-152031/call_acc/fused_lu_solve.py", line 24, in fused_lu_solve
    x = torch.linalg.lu_solve(lu, pivots, b)
        ^^^^^^^^^^^^^^^^^^^^^^^^^^^^^^^^^^^^
RuntimeError: linalg.lu_solve: The input tensor B must have at least 2 dimensions.

Deleted dropout_relu_batch_norm_conv2d.py
Deleted fused_bmm_rmsnorm_gelu_dropout_sub.py
Deleted fused_lu_solve.py
Deleted fused_mv_logsoftmax_dropout.py
Deleted fused_silu_layer_norm_conv2d.py
Deleted solve_multiple_lu.py
Deleted svd.py

Correct execution rate: 65.00%
['div.py', 'sigmoid_conv2d.py', 'tanh.py', 'relu_sqrt.py', 'sqrt.py', 'sigmoid_argmax.py', 'sub.py', 'grid_sample.py', 'i0.py', 'rsqrt.py', 'add.py', 'fused_index_select_eq.py', 'argmax.py']
Above is call test for lmstudio_qwen_qwen3.6-35b-a3b_simp_limit20_20260528-152038
================================================================================================================================================================

call_acc survivors: 13 / 20

======================================================================
=== Phase 2: execution accuracy ===
======================================================================

Correct execution rate: 100.00% = 13 / 13
above is the compare execution for /data/results/lmstudio_prompt12_general_router_20260528-152031/call_acc
================================================================================================================================================================================================================================================

exe_acc survivors: 13 / 20

======================================================================
=== Phase 3: efficiency ===
======================================================================


==========
== CUDA ==
==========

CUDA Version 12.4.1

Container image Copyright (c) 2016-2023, NVIDIA CORPORATION & AFFILIATES. All rights reserved.

This container image and its contents are governed by the NVIDIA Deep Learning Container License.
By pulling and using the container, you accept the terms and conditions of this license:
https://developer.nvidia.com/ngc/nvidia-deep-learning-container-license

A copy of this license is made available in this container at /NGC-DL-CONTAINER-LICENSE for your convenience.

[1AProcess:   0%|                                           | 0/13 [00:00<?, ?it/s]
[1AProcess:   8%|██▋                                | 1/13 [00:26<05:14, 26.17s/it]
[1AProcess:  15%|█████▍                             | 2/13 [01:01<05:47, 31.55s/it]
[1AProcess:  23%|████████                           | 3/13 [01:28<04:56, 29.68s/it]
[1AProcess:  31%|██████████▊                        | 4/13 [02:08<05:02, 33.57s/it]
[1AProcess:  38%|█████████████▍                     | 5/13 [02:21<03:28, 26.02s/it]
[1AProcess:  46%|████████████████▏                  | 6/13 [02:45<02:58, 25.44s/it]
[1AProcess:  54%|██████████████████▊                | 7/13 [03:14<02:38, 26.47s/it]Runner killed (SIGKILL), exit code: 137. Most often this happens when the process runs out of memory. Consider increasing or reserving memory to avoid unexpected termination: https://modal.com/docs/guide/resources

==========
== CUDA ==
==========

CUDA Version 12.4.1

Container image Copyright (c) 2016-2023, NVIDIA CORPORATION & AFFILIATES. All rights reserved.

This container image and its contents are governed by the NVIDIA Deep Learning Container License.
By pulling and using the container, you accept the terms and conditions of this license:
https://developer.nvidia.com/ngc/nvidia-deep-learning-container-license

A copy of this license is made available in this container at /NGC-DL-CONTAINER-LICENSE for your convenience.

Stopping app - uncaught exception raised locally: RemoteError('Input aborted - exceeded limit of 8 retries. This usually means your program is crashing during initialization. Check your code for segmentation faults, out-of-memory errors, or unhandled exceptions.').
╭─────────────────────────────── Traceback (most recent call last) ────────────────────────────────╮
│ /Users/gustavoortiz/Documents/tec/8/reto-dev/TritonBench4Modal/modal_app_lmstudio.py:380 in main │
│                                                                                                  │
│   379 │   print(f"\nevaluating: volume://{remote}\n", flush=True)                                │
│ ❱ 380 │   summary = evaluate_predictions.remote(                                                 │
│   381 │   │   predictions_path=remote,                                                           │
│                                                                                                  │
│ /Users/gustavoortiz/venvs/modal/lib/python3.9/site-packages/modal/_object.py:339 in wrapped      │
│                                                                                                  │
│   338 │   │   await self.hydrate()                                                               │
│ ❱ 339 │   │   return await method(self, *args, **kwargs)                                         │
│   340                                                                                            │
│                                                                                                  │
│ /Users/gustavoortiz/venvs/modal/lib/python3.9/site-packages/modal/_functions.py:1765 in remote   │
│                                                                                                  │
│   1764 │   │                                                                                     │
│ ❱ 1765 │   │   return await self._call_function(args, kwargs)                                    │
│   1766                                                                                           │
│                                                                                                  │
│ /Users/gustavoortiz/venvs/modal/lib/python3.9/site-packages/modal/_functions.py:1709 in          │
│ _call_function                                                                                   │
│                                                                                                  │
│   1708 │   │                                                                                     │
│ ❱ 1709 │   │   return await invocation.run_function()                                            │
│   1710                                                                                           │
│                                                                                                  │
│ /Users/gustavoortiz/venvs/modal/lib/python3.9/site-packages/modal/_functions.py:291 in           │
│ run_function                                                                                     │
│                                                                                                  │
│    290 │   │   │   item = await self._get_single_output()                                        │
│ ❱  291 │   │   │   return await _process_result(item.result, item.data_format, self.stub, self.  │
│    292                                                                                           │
│                                                                                                  │
│ /Users/gustavoortiz/venvs/modal/lib/python3.9/site-packages/modal/_utils/function_utils.py:532   │
│ in _process_result                                                                               │
│                                                                                                  │
│   531 │   │                                                                                      │
│ ❱ 532 │   │   raise RemoteError(result.exception)                                                │
│   533                                                                                            │
╰──────────────────────────────────────────────────────────────────────────────────────────────────╯
RemoteError: Input aborted - exceeded limit of 8 retries. This usually means your program is crashing during initialization. Check your code for segmentation faults, 
out-of-memory errors, or unhandled exceptions.
