✓ Initialized. View run at https://modal.com/apps/a01637220/main/ap-CsUEydN1soBqIeuBRZB4A9
✓ Created objects.
├── 🔨 Created mount /Users/gustavoortiz/Documents/tec/8/reto-dev/TritonBench4Modal/modal_app_lmstudio.py
├── 🔨 Created mount PythonPackage:modal_app
├── 🔨 Created function fetch_alpaca_items.
└── 🔨 Created function evaluate_predictions.

==========
== CUDA ==
==========

CUDA Version 12.4.1

Container image Copyright (c) 2016-2023, NVIDIA CORPORATION & AFFILIATES. All rights reserved.

This container image and its contents are governed by the NVIDIA Deep Learning Container License.
By pulling and using the container, you accept the terms and conditions of this license:
https://developer.nvidia.com/ngc/nvidia-deep-learning-container-license

A copy of this license is made available in this container at /NGC-DL-CONTAINER-LICENSE for your convenience.

WARNING: The NVIDIA Driver was not detected.  GPU functionality will not be available.
   Use the NVIDIA Container Toolkit to start this container with GPU support; see
   https://docs.nvidia.com/datacenter/cloud-native/ .

using prompt header: prompt-9-speed.txt
generating 166 missing predictions locally with qwen/qwen3.6-35b-a3b via native at http://localhost:1234/v1
  5/166 generated
  10/166 generated
  15/  15/166 generated
  20/166 generated
  25/166 gener  30/  30/166 generWARNING: Logs may not be continuous
WARNING: Logs may not be continuous
WARNING: Logs may not be continuous
WARNING: Logs may not be continuous
WARNING: Logs may not be continuous
WARNING: Logs may not be continuous
WARNING: Logs may not be continuous
WARNING: Logs may not be continuous
WARNING: Logs may not be continuous
WARNING: Logs may not be continuous
WARNING: Logs may not be continuous
WARNING: Logs may not be continuous
WARNING: Logs may not be continuous
WARNING: Logs may not be continuous
WARNING: Logs may not be continuous
WARNING: Logs may not be continuous
WARNING: Logs may not be continuous
WARNING: Logs may not be continuous
WARNING: Logs may not be continuous
WARNING: Logs may not be continuous
WARNING: Logs may not be continuous
WARNING: Logs may not be continuous
WARNING: Logs may not be continuous
WARNING: Logs may not be continuous
WARNING: Logs may not be continuous
WARNING: Logs may not be continuous
WARNING: Logs may not be continuous
WARNING: Logs may not be continuous
WARNING: Logs may not be continuous
WARNING: Logs may not be continuous
WARNING: Logs may not be continuous
WARNING: Logs may not be continuous
WARNING: Logs may not be continuous
WARNING: Logs may not be continuous
  35/166 generated
WARNING: Logs may not be continuous
WARNING: Logs may not be continuous
WARNING: Logs may not be continuous
WARNING: Logs may not be continuous
WARNING: Logs may not be continuous
WARNING: Logs may not be continuous
WARNING: Logs may not be continuous
WARNING: Logs may not be continuous
WARNING: Logs may not be continuous
WARNING: Logs may not be continuous
WARNING: Logs may not be continuous
WARNING: Logs may not be continuous
WARNING: Logs may not be continuous
WARNING: Logs may not be continuous
WARNING: Logs may not be continuous
WARNING: Logs may not be continuous
WARNING: Logs may not be continuous
WARNING: Logs may not be continuous
WARNING: Logs may not be continuous
WARNING: Logs may not be continuous
WARNING: Logs may not be continuous
WARNING: Logs may not be continuous
WARNING: Logs may not be continuous
WARNING: Logs may not be continuous
WARNING: Logs may not be continuous
WARNING: Logs may not be continuous
WARNING: Logs may not be continuous
WARNING: Logs may not be continuous
WARNING: Logs may not be continuous
WARNING: Logs may not be continuous
WARNING: Logs may not be continuous
WARNING: Logs may not be continuous
WARNING: Logs may not be continuous
WARNING: Logs may not be continuous
WARNING: Logs may not be continuous
WARNING: Logs may not be continuous
WARNING: Logs may not be continuous
WARNING: Logs may not be continuous
WARNING: Logs may not be continuous
WARNING: Logs may not be continuous
WARNING: Logs may not be continuous
WARNING: Logs may not be continuous
WARNING: Logs may not be continuous
WARNING: Logs may not be continuous
WARNING: Logs may not be continuous
  40/166 generated
WARNING: Logs may not be continuous
WARNING: Logs may not be continuous
WARNING: Logs may not be continuous
WARNING: Logs may not be continuous
WARNING: Logs may not be continuous
WARNING: Logs may not be continuous
WARNING: Logs may not be continuous
WARNING: Logs may not be continuous
WARNING: Logs may not be continuous
WARNING: Logs may not be continuous
WARNING: Logs may not be continuous
WARNING: Logs may not be continuous
WARNING: Logs may not be continuous
WARNING: Logs may not be continuous
WARNING: Logs may not be continuous
WARNING: Logs may not be continuous
WARNING: Logs may not be continuous
WARNING: Logs may not be continuous
WARNING: Logs may not be continuous
WARNING: Logs may not be continuous
WARNING: Logs may not be continuous
WARNING: Logs may not be continuous
WARNING: Logs may not be continuous
WARNING: Logs may not be continuous
WARNING: Logs may not be continuous
WARNING: Logs may not be continuous
WARNING: Logs may not be continuous
WARNING: Logs may not be continuous
WARNING: Logs may not be continuous
WARNING: Logs may not be continuous
WARNING: Logs may not be continuous
WARNING: Logs may not be continuous
WARNING: Logs may not be continuous
WARNING: Logs may not be continuous
WARNING: Logs may not be continuous
WARNING: Logs may not be continuous
WARNING: Logs may not be continuous
WARNING: Logs may not be continuous
WARNING: Logs may not be continuous
WARNING: Logs may not be continuous
WARNING: Logs may not be continuous
WARNING: Logs may not be continuous
WARNING: Logs may not be continuous
WARNING: Logs may not be continuous
WARNING: Logs may not be continuous
WARNING: Logs may not be continuous
WARNING: Logs may not be continuous
WARNING: Logs may not be continuous
WARNING: Logs may not be continuous
WARNING: Logs may not be continuous
WARNING: Logs may not be continuous
WARNING: Logs may not be continuous
WARNING: Logs may not be continuous
WARNING: Logs may not be continuous
WARNING: Logs may not be continuous
WARNING: Logs may not be continuous
WARNING: Logs may not be continuous
WARNING: Logs may not be continuous
WARNING: Logs may not be continuous
WARNING: Logs may not be continuous
WARNING: Logs may not be continuous
WARNING: Logs may not be continuous
WARNING: Logs may not be continuous
WARNING: Logs may not be continuous
WARNING: Logs may not be continuous
WARNING: Logs may not be continuous
WARNING: Logs may not be continuous
WARNING: Logs may not be continuous
WARNING: Logs may not be continuous
WARNING: Logs may not be continuous
WARNING: Logs may not be continuous
WARNING: Logs may not be continuous
WARNING: Logs may not be continuous
WARNING: Logs may not be continuous
WARNING: Logs may not be continuous
WARNING: Logs may not be continuous
WARNING: Logs may not be continuous
WARNING: Logs may not be continuous
WARNING: Logs may not be continuous
WARNING: Logs may not be continuous
WARNING: Logs may not be continuous
WARNING: Logs may not be continuous
WARNING: Logs may not be continuous
WARNING: Logs may not be continuous
WARNING: Logs may not be continuous
WARNING: Logs may not be continuous
WARNING: Logs may not be continuous
WARNING: Logs may not be continuous
WARNING: Logs may not be continuous
WARNING: Logs may not be continuous
WARNING: Logs may not be continuous
WARNING: Logs may not be continuous
WARNING: Logs may not be continuous
WARNING: Logs may not be continuous
WARNING: Logs may not be continuous
WARNING: Logs may not be continuous
WARNING: Logs may not be continuous
WARNING: Logs may not be continuous
WARNING: Logs may not be continuous
WARNING: Logs may not be continuous
WARNING: Logs may not be continuous
WARNING: Logs may not be continuous
WARNING: Logs may not be continuous
WARNING: Logs may not be continuous
WARNING: Logs may not be continuous
  45/166 generated
WARNING: Logs may not be continuous
WARNING: Logs may not be continuous
WARNING: Logs may not be continuous
WARNING: Logs may not be continuous
WARNING: Logs may not be continuous
WARNING: Logs may not be continuous
WARNING: Logs may not be continuous
WARNING: Logs may not be continuous
WARNING: Logs may not be continuous
WARNING: Logs may not be continuous
WARNING: Logs may not be continuous
WARNING: Logs may not be continuous
WARNING: Logs may not be continuous
WARNING: Logs may not be continuous
  50/166 generated
WARNING: Logs may not be continuous
WARNING: Logs may not be continuous
WARNING: Logs may not be continuous
WARNING: Logs may not be continuous
WARNING: Logs may not be continuous
WARNING: Logs may not be continuous
WARNING: Logs may not be continuous
WARNING: Logs may not be continuous
WARNING: Logs may not be continuous
WARNING: Logs may not be continuous
WARNING: Logs may not be continuous
WARNING: Logs may not be continuous
WARNING: Logs may not be continuous
WARNING: Logs may not be continuous
WARNING: Logs may not be continuous
WARNING: Logs may not be continuous
WARNING: Logs may not be continuous
WARNING: Logs may not be continuous
WARNING: Logs may not be continuous
WARNING: Logs may not be continuous
WARNING: Logs may not be continuous
WARNING: Logs may not be continuous
WARNING: Logs may not be continuous
WARNING: Logs may not be continuous
WARNING: Logs may not be continuous
WARNING: Logs may not be continuous
WARNING: Logs may not be continuous
WARNING: Logs may not be continuous
WARNING: Logs may not be continuous
WARNING: Logs may not be continuous
WARNING: Logs may not be continuous
WARNING: Logs may not be continuous
WARNING: Logs may not be continuous
WARNING: Logs may not be continuous
WARNING: Logs may not be continuous
WARNING: Logs may not be continuous
WARNING: Logs may not be continuous
WARNING: Logs may not be continuous
WARNING: Logs may not be continuous
WARNING: Logs may not be continuous
WARNING: Logs may not be continuous
WARNING: Logs may not be continuous
WARNING: Logs may not be continuous
WARNING: Logs may not be continuous
WARNING: Logs may not be continuous
WARNING: Logs may not be continuous
WARNING: Logs may not be continuous
WARNING: Logs may not be continuous
WARNING: Logs may not be continuous
WARNING: Logs may not be continuous
WARNING: Logs may not be continuous
WARNING: Logs may not be continuous
  55/166 generated
WARNING: Logs may not be continuous
WARNING: Logs may not be continuous
WARNING: Logs may not be continuous
WARNING: Logs may not be continuous
WARNING: Logs may not be continuous
WARNING: Logs may not be continuous
WARNING: Logs may not be continuous
WARNING: Logs may not be continuous
WARNING: Logs may not be continuous
WARNING: Logs may not be continuous
WARNING: Logs may not be continuous
WARNING: Logs may not be continuous
WARNING: Logs may not be continuous
WARNING: Logs may not be continuous
WARNING: Logs may not be continuous
WARNING: Logs may not be continuous
WARNING: Logs may not be continuous
WARNING: Logs may not be continuous
WARNING: Logs may not be continuous
WARNING: Logs may not be continuous
WARNING: Logs may not be continuous
WARNING: Logs may not be continuous
WARNING: Logs may not be continuous
WARNING: Logs may not be continuous
WARNING: Logs may not be continuous
WARNING: Logs may not be continuous
WARNING: Logs may not be continuous
WARNING: Logs may not be continuous
WARNING: Logs may not be continuous
WARNING: Logs may not be continuous
WARNING: Logs may not be continuous
WARNING: Logs may not be continuous
WARNING: Logs may not be continuous
WARNING: Logs may not be continuous
WARNING: Logs may not be continuous
WARNING: Logs may not be continuous
WARNING: Logs may not be continuous
WARNING: Logs may not be continuous
WARNING: Logs may not be continuous
WARNING: Logs may not be continuous
WARNING: Logs may not be continuous
WARNING: Logs may not be continuous
WARNING: Logs may not be continuous
WARNING: Logs may not be continuous
WARNING: Logs may not be continuous
WARNING: Logs may not be continuous
WARNING: Logs may not be continuous
WARNING: Logs may not be continuous
WARNING: Logs may not be continuous
WARNING: Logs may not be continuous
WARNING: Logs may not be continuous
WARNING: Logs may not be continuous
WARNING: Logs may not be continuous
WARNING: Logs may not be continuous
WARNING: Logs may not be continuous
WARNING: Logs may not be continuous
WARNING: Logs may not be continuous
WARNING: Logs may not be continuous
WARNING: Logs may not be continuous
  60/166 generated
WARNING: Logs may not be continuous
WARNING: Logs may not be continuous
WARNING: Logs may not be continuous
WARNING: Logs may not be continuous
WARNING: Logs may not be continuous
WARNING: Logs may not be continuous
WARNING: Logs may not be continuous
WARNING: Logs may not be continuous
WARNING: Logs may not be continuous
WARNING: Logs may not be continuous
WARNING: Logs may not be continuous
WARNING: Logs may not be continuous
WARNING: Logs may not be continuous
WARNING: Logs may not be continuous
WARNING: Logs may not be continuous
WARNING: Logs may not be continuous
WARNING: Logs may not be continuous
WARNING: Logs may not be continuous
WARNING: Logs may not be continuous
WARNING: Logs may not be continuous
WARNING: Logs may not be continuous
WARNING: Logs may not be continuous
WARNING: Logs may not be continuous
WARNING: Logs may not be continuous
WARNING: Logs may not be continuous
WARNING: Logs may not be continuous
WARNING: Logs may not be continuous
WARNING: Logs may not be continuous
WARNING: Logs may not be continuous
WARNING: Logs may not be continuous
WARNING: Logs may not be continuous
WARNING: Logs may not be continuous
WARNING: Logs may not be continuous
WARNING: Logs may not be continuous
WARNING: Logs may not be continuous
WARNING: Logs may not be continuous
WARNING: Logs may not be continuous
WARNING: Logs may not be continuous
  65/166 generated
WARNING: Logs may not be continuous
WARNING: Logs may not be continuous
WARNING: Logs may not be continuous
WARNING: Logs may not be continuous
WARNING: Logs may not be continuous
WARNING: Logs may not be continuous
WARNING: Logs may not be continuous
WARNING: Logs may not be continuous
WARNING: Logs may not be continuous
WARNING: Logs may not be continuous
WARNING: Logs may not be continuous
WARNING: Logs may not be continuous
WARNING: Logs may not be continuous
WARNING: Logs may not be continuous
WARNING: Logs may not be continuous
WARNING: Logs may not be continuous
WARNING: Logs may not be continuous
WARNING: Logs may not be continuous
WARNING: Logs may not be continuous
WARNING: Logs may not be continuous
WARNING: Logs may not be continuous
WARNING: Logs may not be continuous
WARNING: Logs may not be continuous
WARNING: Logs may not be continuous
WARNING: Logs may not be continuous
WARNING: Logs may not be continuous
WARNING: Logs may not be continuous
WARNING: Logs may not be continuous
WARNING: Logs may not be continuous
WARNING: Logs may not be continuous
WARNING: Logs may not be continuous
WARNING: Logs may not be continuous
WARNING: Logs may not be continuous
WARNING: Logs may not be continuous
WARNING: Logs may not be continuous
WARNING: Logs may not be continuous
WARNING: Logs may not be continuous
WARNING: Logs may not be continuous
WARNING: Logs may not be continuous
WARNING: Logs may not be continuous
WARNING: Logs may not be continuous
WARNING: Logs may not be continuous
WARNING: Logs may not be continuous
WARNING: Logs may not be continuous
WARNING: Logs may not be continuous
WARNING: Logs may not be continuous
WARNING: Logs may not be continuous
WARNING: Logs may not be continuous
WARNING: Logs may not be continuous
WARNING: Logs may not be continuous
WARNING: Logs may not be continuous
WARNING: Logs may not be continuous
WARNING: Logs may not be continuous
WARNING: Logs may not be continuous
WARNING: Logs may not be continuous
WARNING: Logs may not be continuous
  70/166 generated
WARNING: Logs may not be continuous
WARNING: Logs may not be continuous
WARNING: Logs may not be continuous
WARNING: Logs may not be continuous
WARNING: Logs may not be continuous
WARNING: Logs may not be continuous
WARNING: Logs may not be continuous
WARNING: Logs may not be continuous
WARNING: Logs may not be continuous
WARNING: Logs may not be continuous
WARNING: Logs may not be continuous
WARNING: Logs may not be continuous
WARNING: Logs may not be continuous
WARNING: Logs may not be continuous
WARNING: Logs may not be continuous
WARNING: Logs may not be continuous
WARNING: Logs may not be continuous
WARNING: Logs may not be continuous
WARNING: Logs may not be continuous
WARNING: Logs may not be continuous
WARNING: Logs may not be continuous
WARNING: Logs may not be continuous
WARNING: Logs may not be continuous
WARNING: Logs may not be continuous
WARNING: Logs may not be continuous
WARNING: Logs may not be continuous
WARNING: Logs may not be continuous
WARNING: Logs may not be continuous
WARNING: Logs may not be continuous
WARNING: Logs may not be continuous
WARNING: Logs may not be continuous
WARNING: Logs may not be continuous
WARNING: Logs may not be continuous
WARNING: Logs may not be continuous
WARNING: Logs may not be continuous
WARNING: Logs may not be continuous
WARNING: Logs may not be continuous
WARNING: Logs may not be continuous
WARNING: Logs may not be continuous
WARNING: Logs may not be continuous
WARNING: Logs may not be continuous
  75/166 generated
WARNING: Logs may not be continuous
WARNING: Logs may not be continuous
WARNING: Logs may not be continuous
WARNING: Logs may not be continuous
WARNING: Logs may not be continuous
WARNING: Logs may not be continuous
WARNING: Logs may not be continuous
WARNING: Logs may not be continuous
WARNING: Logs may not be continuous
WARNING: Logs may not be continuous
WARNING: Logs may not be continuous
WARNING: Logs may not be continuous
WARNING: Logs may not be continuous
WARNING: Logs may not be continuous
WARNING: Logs may not be continuous
WARNING: Logs may not be continuous
WARNING: Logs may not be continuous
WARNING: Logs may not be continuous
WARNING: Logs may not be continuous
WARNING: Logs may not be continuous
WARNING: Logs may not be continuous
WARNING: Logs may not be continuous
WARNING: Logs may not be continuous
WARNING: Logs may not be continuous
WARNING: Logs may not be continuous
WARNING: Logs may not be continuous
WARNING: Logs may not be continuous
WARNING: Logs may not be continuous
WARNING: Logs may not be continuous
WARNING: Logs may not be continuous
WARNING: Logs may not be continuous
WARNING: Logs may not be continuous
WARNING: Logs may not be continuous
WARNING: Logs may not be continuous
WARNING: Logs may not be continuous
WARNING: Logs may not be continuous
WARNING: Logs may not be continuous
WARNING: Logs may not be continuous
  80/166 generated
WARNING: Logs may not be continuous
WARNING: Logs may not be continuous
WARNING: Logs may not be continuous
WARNING: Logs may not be continuous
WARNING: Logs may not be continuous
WARNING: Logs may not be continuous
  85/166 generated
WARNING: Logs may not be continuous
WARNING: Logs may not be continuous
WARNING: Logs may not be continuous
WARNING: Logs may not be continuous
WARNING: Logs may not be continuous
WARNING: Logs may not be continuous
  90/166 generated
WARNING: Logs may not be continuous
WARNING: Logs may not be continuous
WARNING: Logs may not be continuous
WARNING: Logs may not be continuous
WARNING: Logs may not be continuous
WARNING: Logs may not be continuous
WARNING: Logs may not be continuous
WARNING: Logs may not be continuous
WARNING: Logs may not be continuous
WARNING: Logs may not be continuous
WARNING: Logs may not be continuous
WARNING: Logs may not be continuous
WARNING: Logs may not be continuous
WARNING: Logs may not be continuous
WARNING: Logs may not be continuous
WARNING: Logs may not be continuous
WARNING: Logs may not be continuous
WARNING: Logs may not be continuous
  95/166 generated
WARNING: Logs may not be continuous
WARNING: Logs may not be continuous
WARNING: Logs may not be continuous
WARNING: Logs may not be continuous
WARNING: Logs may not be continuous
WARNING: Logs may not be continuous
WARNING: Logs may not be continuous
WARNING: Logs may not be continuous
WARNING: Logs may not be continuous
WARNING: Logs may not be continuous
WARNING: Logs may not be continuous
WARNING: Logs may not be continuous
WARNING: Logs may not be continuous
WARNING: Logs may not be continuous
WARNING: Logs may not be continuous
WARNING: Logs may not be continuous
WARNING: Logs may not be continuous
WARNING: Logs may not be continuous
WARNING: Logs may not be continuous
WARNING: Logs may not be continuous
  100/166 generated
WARNING: Logs may not be continuous
WARNING: Logs may not be continuous
WARNING: Logs may not be continuous
WARNING: Logs may not be continuous
WARNING: Logs may not be continuous
WARNING: Logs may not be continuous
WARNING: Logs may not be continuous
WARNING: Logs may not be continuous
WARNING: Logs may not be continuous
WARNING: Logs may not be continuous
WARNING: Logs may not be continuous
WARNING: Logs may not be continuous
WARNING: Logs may not be continuous
WARNING: Logs may not be continuous
WARNING: Logs may not be continuous
WARNING: Logs may not be continuous
WARNING: Logs may not be continuous
WARNING: Logs may not be continuous
WARNING: Logs may not be continuous
WARNING: Logs may not be continuous
WARNING: Logs may not be continuous
WARNING: Logs may not be continuous
WARNING: Logs may not be continuous
WARNING: Logs may not be continuous
WARNING: Logs may not be continuous
WARNING: Logs may not be continuous
WARNING: Logs may not be continuous
WARNING: Logs may not be continuous
WARNING: Logs may not be continuous
WARNING: Logs may not be continuous
  105/166 generated
WARNING: Logs may not be continuous
WARNING: Logs may not be continuous
WARNING: Logs may not be continuous
WARNING: Logs may not be continuous
WARNING: Logs may not be continuous
  110/166 generated
WARNING: Logs may not be continuous
WARNING: Logs may not be continuous
WARNING: Logs may not be continuous
WARNING: Logs may not be continuous
WARNING: Logs may not be continuous
WARNING: Logs may not be continuous
WARNING: Logs may not be continuous
WARNING: Logs may not be continuous
WARNING: Logs may not be continuous
WARNING: Logs may not be continuous
WARNING: Logs may not be continuous
WARNING: Logs may not be continuous
WARNING: Logs may not be continuous
WARNING: Logs may not be continuous
WARNING: Logs may not be continuous
WARNING: Logs may not be continuous
WARNING: Logs may not be continuous
WARNING: Logs may not be continuous
WARNING: Logs may not be continuous
WARNING: Logs may not be continuous
WARNING: Logs may not be continuous
WARNING: Logs may not be continuous
  115/166 generated
WARNING: Logs may not be continuous
WARNING: Logs may not be continuous
WARNING: Logs may not be continuous
WARNING: Logs may not be continuous
WARNING: Logs may not be continuous
WARNING: Logs may not be continuous
WARNING: Logs may not be continuous
WARNING: Logs may not be continuous
WARNING: Logs may not be continuous
WARNING: Logs may not be continuous
WARNING: Logs may not be continuous
WARNING: Logs may not be continuous
WARNING: Logs may not be continuous
WARNING: Logs may not be continuous
WARNING: Logs may not be continuous
WARNING: Logs may not be continuous
WARNING: Logs may not be continuous
WARNING: Logs may not be continuous
WARNING: Logs may not be continuous
WARNING: Logs may not be continuous
WARNING: Logs may not be continuous
WARNING: Logs may not be continuous
WARNING: Logs may not be continuous
WARNING: Logs may not be continuous
WARNING: Logs may not be continuous
WARNING: Logs may not be continuous
WARNING: Logs may not be continuous
WARNING: Logs may not be continuous
WARNING: Logs may not be continuous
WARNING: Logs may not be continuous
  120/166 generated
WARNING: Logs may not be continuous
WARNING: Logs may not be continuous
WARNING: Logs may not be continuous
WARNING: Logs may not be continuous
WARNING: Logs may not be continuous
WARNING: Logs may not be continuous
  125/166 generated
WARNING: Logs may not be continuous
WARNING: Logs may not be continuous
WARNING: Logs may not be continuous
WARNING: Logs may not be continuous
  130/166 generated
WARNING: Logs may not be continuous
WARNING: Logs may not be continuous
WARNING: Logs may not be continuous
WARNING: Logs may not be continuous
WARNING: Logs may not be continuous
WARNING: Logs may not be continuous
  135/166 generated
WARNING: Logs may not be continuous
WARNING: Logs may not be continuous
WARNING: Logs may not be continuous
WARNING: Logs may not be continuous
WARNING: Logs may not be continuous
WARNING: Logs may not be continuous
WARNING: Logs may not be continuous
WARNING: Logs may not be continuous
WARNING: Logs may not be continuous
WARNING: Logs may not be continuous
WARNING: Logs may not be continuous
WARNING: Logs may not be continuous
WARNING: Logs may not be continuous
WARNING: Logs may not be continuous
WARNING: Logs may not be continuous
WARNING: Logs may not be continuous
WARNING: Logs may not be continuous
WARNING: Logs may not be continuous
WARNING: Logs may not be continuous
WARNING: Logs may not be continuous
WARNING: Logs may not be continuous
WARNING: Logs may not be continuous
WARNING: Logs may not be continuous
WARNING: Logs may not be continuous
WARNING: Logs may not be continuous
WARNING: Logs may not be continuous
WARNING: Logs may not be continuous
WARNING: Logs may not be continuous
WARNING: Logs may not be continuous
WARNING: Logs may not be continuous
WARNING: Logs may not be continuous
WARNING: Logs may not be continuous
WARNING: Logs may not be continuous
WARNING: Logs may not be continuous
WARNING: Logs may not be continuous
WARNING: Logs may not be continuous
WARNING: Logs may not be continuous
WARNING: Logs may not be continuous
WARNING: Logs may not be continuous
WARNING: Logs may not be continuous
WARNING: Logs may not be continuous
WARNING: Logs may not be continuous
WARNING: Logs may not be continuous
WARNING: Logs may not be continuous
WARNING: Logs may not be continuous
WARNING: Logs may not be continuous
WARNING: Logs may not be continuous
WARNING: Logs may not be continuous
WARNING: Logs may not be continuous
WARNING: Logs may not be continuous
WARNING: Logs may not be continuous
WARNING: Logs may not be continuous
WARNING: Logs may not be continuous
WARNING: Logs may not be continuous
WARNING: Logs may not be continuous
WARNING: Logs may not be continuous
WARNING: Logs may not be continuous
WARNING: Logs may not be continuous
WARNING: Logs may not be continuous
WARNING: Logs may not be continuous
WARNING: Logs may not be continuous
  140/166 generated
WARNING: Logs may not be continuous
WARNING: Logs may not be continuous
WARNING: Logs may not be continuous
WARNING: Logs may not be continuous
WARNING: Logs may not be continuous
WARNING: Logs may not be continuous
WARNING: Logs may not be continuous
WARNING: Logs may not be continuous
WARNING: Logs may not be continuous
WARNING: Logs may not be continuous
WARNING: Logs may not be continuous
WARNING: Logs may not be continuous
WARNING: Logs may not be continuous
WARNING: Logs may not be continuous
WARNING: Logs may not be continuous
WARNING: Logs may not be continuous
WARNING: Logs may not be continuous
WARNING: Logs may not be continuous
WARNING: Logs may not be continuous
WARNING: Logs may not be continuous
WARNING: Logs may not be continuous
WARNING: Logs may not be continuous
WARNING: Logs may not be continuous
WARNING: Logs may not be continuous
WARNING: Logs may not be continuous
WARNING: Logs may not be continuous
WARNING: Logs may not be continuous
WARNING: Logs may not be continuous
WARNING: Logs may not be continuous
WARNING: Logs may not be continuous
WARNING: Logs may not be continuous
WARNING: Logs may not be continuous
WARNING: Logs may not be continuous
WARNING: Logs may not be continuous
  145/166 generated
WARNING: Logs may not be continuous
WARNING: Logs may not be continuous
WARNING: Logs may not be continuous
WARNING: Logs may not be continuous
WARNING: Logs may not be continuous
WARNING: Logs may not be continuous
WARNING: Logs may not be continuous
WARNING: Logs may not be continuous
WARNING: Logs may not be continuous
WARNING: Logs may not be continuous
WARNING: Logs may not be continuous
WARNING: Logs may not be continuous
WARNING: Logs may not be continuous
WARNING: Logs may not be continuous
WARNING: Logs may not be continuous
WARNING: Logs may not be continuous
WARNING: Logs may not be continuous
WARNING: Logs may not be continuous
WARNING: Logs may not be continuous
WARNING: Logs may not be continuous
WARNING: Logs may not be continuous
WARNING: Logs may not be continuous
WARNING: Logs may not be continuous
WARNING: Logs may not be continuous
WARNING: Logs may not be continuous
WARNING: Logs may not be continuous
WARNING: Logs may not be continuous
WARNING: Logs may not be continuous
WARNING: Logs may not be continuous
WARNING: Logs may not be continuous
WARNING: Logs may not be continuous
WARNING: Logs may not be continuous
WARNING: Logs may not be continuous
WARNING: Logs may not be continuous
WARNING: Logs may not be continuous
WARNING: Logs may not be continuous
WARNING: Logs may not be continuous
WARNING: Logs may not be continuous
WARNING: Logs may not be continuous
WARNING: Logs may not be continuous
WARNING: Logs may not be continuous
WARNING: Logs may not be continuous
WARNING: Logs may not be continuous
WARNING: Logs may not be continuous
WARNING: Logs may not be continuous
WARNING: Logs may not be continuous
WARNING: Logs may not be continuous
WARNING: Logs may not be continuous
WARNING: Logs may not be continuous
WARNING: Logs may not be continuous
WARNING: Logs may not be continuous
WARNING: Logs may not be continuous
WARNING: Logs may not be continuous
WARNING: Logs may not be continuous
WARNING: Logs may not be continuous
WARNING: Logs may not be continuous
WARNING: Logs may not be continuous
WARNING: Logs may not be continuous
  150/166 generated
WARNING: Logs may not be continuous
WARNING: Logs may not be continuous
  155/166 generated
WARNING: Logs may not be continuous
WARNING: Logs may not be continuous
WARNING: Logs may not be continuous
WARNING: Logs may not be continuous
WARNING: Logs may not be continuous
WARNING: Logs may not be continuous
WARNING: Logs may not be continuous
WARNING: Logs may not be continuous
WARNING: Logs may not be continuous
WARNING: Logs may not be continuous
WARNING: Logs may not be continuous
WARNING: Logs may not be continuous
WARNING: Logs may not be continuous
WARNING: Logs may not be continuous
WARNING: Logs may not be continuous
WARNING: Logs may not be continuous
WARNING: Logs may not be continuous
WARNING: Logs may not be continuous
WARNING: Logs may not be continuous
WARNING: Logs may not be continuous
WARNING: Logs may not be continuous
WARNING: Logs may not be continuous
WARNING: Logs may not be continuous
WARNING: Logs may not be continuous
WARNING: Logs may not be continuous
WARNING: Logs may not be continuous
WARNING: Logs may not be continuous
WARNING: Logs may not be continuous
WARNING: Logs may not be continuous
WARNING: Logs may not be continuous
WARNING: Logs may not be continuous
WARNING: Logs may not be continuous
WARNING: Logs may not be continuous
WARNING: Logs may not be continuous
WARNING: Logs may not be continuous
WARNING: Logs may not be continuous
WARNING: Logs may not be continuous
WARNING: Logs may not be continuous
WARNING: Logs may not be continuous
WARNING: Logs may not be continuous
WARNING: Logs may not be continuous
WARNING: Logs may not be continuous
WARNING: Logs may not be continuous
WARNING: Logs may not be continuous
WARNING: Logs may not be continuous
WARNING: Logs may not be continuous
WARNING: Logs may not be continuous
WARNING: Logs may not be continuous
WARNING: Logs may not be continuous
WARNING: Logs may not be continuous
WARNING: Logs may not be continuous
WARNING: Logs may not be continuous
WARNING: Logs may not be continuous
WARNING: Logs may not be continuous
WARNING: Logs may not be continuous
  160/166 generated
WARNING: Logs may not be continuous
WARNING: Logs may not be continuous
WARNING: Logs may not be continuous
WARNING: Logs may not be continuous
WARNING: Logs may not be continuous
WARNING: Logs may not be continuous
  165/166 generated
  166/166 generated
uploading local-predictions/lmstudio_qwen_qwen3.6-35b-a3b_simp_all_20260527-004630.jsonl -> volume://uploads/lmstudio_qwen_qwen3.6-35b-a3b_simp_all_20260527-004630.jsonl

evaluating: volume://uploads/lmstudio_qwen_qwen3.6-35b-a3b_simp_all_20260527-004630.jsonl


==========
== CUDA ==
==========

CUDA Version 12.4.1

Container image Copyright (c) 2016-2023, NVIDIA CORPORATION & AFFILIATES. All rights reserved.

This container image and its contents are governed by the NVIDIA Deep Learning Container License.
By pulling and using the container, you accept the terms and conditions of this license:
https://developer.nvidia.com/ngc/nvidia-deep-learning-container-license

A copy of this license is made available in this container at /NGC-DL-CONTAINER-LICENSE for your convenience.


======================================================================
=== Phase 1: call accuracy ===
======================================================================
instruction
=== Output for fused_bmm_rmsnorm_gelu_dropout_sub.py on GPU 0 ===

=== Errors for fused_bmm_rmsnorm_gelu_dropout_sub.py on GPU 0 ===
W0527 14:19:35.245000 27 site-packages/torch/_inductor/utils.py:1048] [0/0] Not enough SMs to use max_autotune_gemm mode

=== Output for div.py on GPU 0 ===

=== Errors for div.py on GPU 0 ===

=== Output for sigmoid_conv2d.py on GPU 0 ===

=== Errors for sigmoid_conv2d.py on GPU 0 ===
W0527 14:19:56.820000 143 site-packages/torch/_inductor/utils.py:1048] [0/0] Not enough SMs to use max_autotune_gemm mode

=== Output for solve_multiple_lu.py on GPU 0 ===

=== Errors for solve_multiple_lu.py on GPU 0 ===

=== Output for tanh.py on GPU 0 ===

=== Errors for tanh.py on GPU 0 ===

=== Output for relu_sqrt.py on GPU 0 ===

=== Errors for relu_sqrt.py on GPU 0 ===

=== Output for sqrt.py on GPU 0 ===

=== Errors for sqrt.py on GPU 0 ===

=== Output for sigmoid_argmax.py on GPU 0 ===

=== Errors for sigmoid_argmax.py on GPU 0 ===

=== Output for sub.py on GPU 0 ===

=== Errors for sub.py on GPU 0 ===

=== Output for grid_sample.py on GPU 0 ===

=== Errors for grid_sample.py on GPU 0 ===

=== Output for svd.py on GPU 0 ===

=== Errors for svd.py on GPU 0 ===
Traceback (most recent call last):
  File "/data/results/lmstudio_prompt9_speed/call_acc/svd.py", line 48, in <module>
    test_results = test_svd()
                   ^^^^^^^^^^
  File "/data/results/lmstudio_prompt9_speed/call_acc/svd.py", line 28, in test_svd
    U1, S1, Vh1 = svd(A1, full_matrices=True)
                  ^^^
NameError: name 'svd' is not defined

=== Output for i0.py on GPU 0 ===

=== Errors for i0.py on GPU 0 ===

=== Output for rsqrt.py on GPU 0 ===

=== Errors for rsqrt.py on GPU 0 ===

=== Output for dropout_relu_batch_norm_conv2d.py on GPU 0 ===

=== Errors for dropout_relu_batch_norm_conv2d.py on GPU 0 ===
W0527 14:20:56.902000 320 site-packages/torch/_inductor/utils.py:1048] [0/0] Not enough SMs to use max_autotune_gemm mode

=== Output for fused_mv_logsoftmax_dropout.py on GPU 0 ===

=== Errors for fused_mv_logsoftmax_dropout.py on GPU 0 ===
Traceback (most recent call last):
  File "/data/results/lmstudio_prompt9_speed/call_acc/fused_mv_logsoftmax_dropout.py", line 64, in <module>
    test_results = test_fused_mv_logsoftmax_dropout()
                   ^^^^^^^^^^^^^^^^^^^^^^^^^^^^^^^^^^
  File "/data/results/lmstudio_prompt9_speed/call_acc/fused_mv_logsoftmax_dropout.py", line 60, in test_fused_mv_logsoftmax_dropout
    results["test_case_4"] = fused_mv_logsoftmax_dropout(input4, vec4, inplace=True)
                             ^^^^^^^^^^^^^^^^^^^^^^^^^^^^^^^^^^^^^^^^^^^^^^^^^^^^^^^
  File "/data/results/lmstudio_prompt9_speed/call_acc/fused_mv_logsoftmax_dropout.py", line 26, in fused_mv_logsoftmax_dropout
    y = _fused_mv_logsoftmax_dropout_compiled(input, vec, p, training, dim, inplace)
        ^^^^^^^^^^^^^^^^^^^^^^^^^^^^^^^^^^^^^^^^^^^^^^^^^^^^^^^^^^^^^^^^^^^^^^^^^^^^
  File "/usr/local/lib/python3.12/site-packages/torch/_dynamo/eval_frame.py", line 465, in _fn
    return fn(*args, **kwargs)
           ^^^^^^^^^^^^^^^^^^^
  File "/usr/local/lib/python3.12/site-packages/torch/_dynamo/convert_frame.py", line 1269, in __call__
    return self._torchdynamo_orig_callable(
           ^^^^^^^^^^^^^^^^^^^^^^^^^^^^^^^^
  File "/usr/local/lib/python3.12/site-packages/torch/_dynamo/convert_frame.py", line 1064, in __call__
    result = self._inner_convert(
             ^^^^^^^^^^^^^^^^^^^^
  File "/usr/local/lib/python3.12/site-packages/torch/_dynamo/convert_frame.py", line 526, in __call__
    return _compile(
           ^^^^^^^^^
  File "/usr/local/lib/python3.12/site-packages/torch/_dynamo/convert_frame.py", line 924, in _compile
    guarded_code = compile_inner(code, one_graph, hooks, transform)
                   ^^^^^^^^^^^^^^^^^^^^^^^^^^^^^^^^^^^^^^^^^^^^^^^^
  File "/usr/local/lib/python3.12/site-packages/torch/_dynamo/convert_frame.py", line 666, in compile_inner
    return _compile_inner(code, one_graph, hooks, transform)
           ^^^^^^^^^^^^^^^^^^^^^^^^^^^^^^^^^^^^^^^^^^^^^^^^^
  File "/usr/local/lib/python3.12/site-packages/torch/_utils_internal.py", line 87, in wrapper_function
    return function(*args, **kwargs)
           ^^^^^^^^^^^^^^^^^^^^^^^^^
  File "/usr/local/lib/python3.12/site-packages/torch/_dynamo/convert_frame.py", line 699, in _compile_inner
    out_code = transform_code_object(code, transform)
               ^^^^^^^^^^^^^^^^^^^^^^^^^^^^^^^^^^^^^^
  File "/usr/local/lib/python3.12/site-packages/torch/_dynamo/bytecode_transformation.py", line 1322, in transform_code_object
    transformations(instructions, code_options)
  File "/usr/local/lib/python3.12/site-packages/torch/_dynamo/convert_frame.py", line 219, in _fn
    return fn(*args, **kwargs)
           ^^^^^^^^^^^^^^^^^^^
  File "/usr/local/lib/python3.12/site-packages/torch/_dynamo/convert_frame.py", line 634, in transform
    tracer.run()
  File "/usr/local/lib/python3.12/site-packages/torch/_dynamo/symbolic_convert.py", line 2796, in run
    super().run()
  File "/usr/local/lib/python3.12/site-packages/torch/_dynamo/symbolic_convert.py", line 983, in run
    while self.step():
          ^^^^^^^^^^^
  File "/usr/local/lib/python3.12/site-packages/torch/_dynamo/symbolic_convert.py", line 895, in step
    self.dispatch_table[inst.opcode](self, inst)
  File "/usr/local/lib/python3.12/site-packages/torch/_dynamo/symbolic_convert.py", line 582, in wrapper
    return inner_fn(self, inst)
           ^^^^^^^^^^^^^^^^^^^^
  File "/usr/local/lib/python3.12/site-packages/torch/_dynamo/symbolic_convert.py", line 2279, in CALL
    self._call(inst)
  File "/usr/local/lib/python3.12/site-packages/torch/_dynamo/symbolic_convert.py", line 2273, in _call
    self.call_function(fn, args, kwargs)
  File "/usr/local/lib/python3.12/site-packages/torch/_dynamo/symbolic_convert.py", line 830, in call_function
    self.push(fn.call_function(self, args, kwargs))  # type: ignore[arg-type]
              ^^^^^^^^^^^^^^^^^^^^^^^^^^^^^^^^^^^^
  File "/usr/local/lib/python3.12/site-packages/torch/_dynamo/variables/misc.py", line 1024, in call_function
    return self.obj.call_method(tx, self.name, args, kwargs)
           ^^^^^^^^^^^^^^^^^^^^^^^^^^^^^^^^^^^^^^^^^^^^^^^^^
  File "/usr/local/lib/python3.12/site-packages/torch/_dynamo/variables/tensor.py", line 535, in call_method
    return wrap_fx_proxy(
           ^^^^^^^^^^^^^^
  File "/usr/local/lib/python3.12/site-packages/torch/_dynamo/variables/builder.py", line 2037, in wrap_fx_proxy
    return wrap_fx_proxy_cls(target_cls=TensorVariable, **kwargs)
           ^^^^^^^^^^^^^^^^^^^^^^^^^^^^^^^^^^^^^^^^^^^^^^^^^^^^^^
  File "/usr/local/lib/python3.12/site-packages/torch/_dynamo/variables/builder.py", line 2124, in wrap_fx_proxy_cls
    example_value = get_fake_value(proxy.node, tx, allow_non_graph_fake=True)
                    ^^^^^^^^^^^^^^^^^^^^^^^^^^^^^^^^^^^^^^^^^^^^^^^^^^^^^^^^^
  File "/usr/local/lib/python3.12/site-packages/torch/_dynamo/utils.py", line 2082, in get_fake_value
    raise TorchRuntimeError(str(e)).with_traceback(e.__traceback__) from None
  File "/usr/local/lib/python3.12/site-packages/torch/_dynamo/utils.py", line 2017, in get_fake_value
    ret_val = wrap_fake_exception(
              ^^^^^^^^^^^^^^^^^^^^
  File "/usr/local/lib/python3.12/site-packages/torch/_dynamo/utils.py", line 1574, in wrap_fake_exception
    return fn()
           ^^^^
  File "/usr/local/lib/python3.12/site-packages/torch/_dynamo/utils.py", line 2018, in <lambda>
    lambda: run_node(tx.output, node, args, kwargs, nnmodule)
            ^^^^^^^^^^^^^^^^^^^^^^^^^^^^^^^^^^^^^^^^^^^^^^^^^
  File "/usr/local/lib/python3.12/site-packages/torch/_dynamo/utils.py", line 2150, in run_node
    raise RuntimeError(make_error_message(e)).with_traceback(
  File "/usr/local/lib/python3.12/site-packages/torch/_dynamo/utils.py", line 2134, in run_node
    return getattr(args[0], node.target)(*args[1:], **kwargs)
           ^^^^^^^^^^^^^^^^^^^^^^^^^^^^^^^^^^^^^^^^^^^^^^^^^^
  File "/usr/local/lib/python3.12/site-packages/torch/utils/_stats.py", line 21, in wrapper
    return fn(*args, **kwargs)
           ^^^^^^^^^^^^^^^^^^^
  File "/usr/local/lib/python3.12/site-packages/torch/_subclasses/fake_tensor.py", line 1238, in __torch_dispatch__
    return self.dispatch(func, types, args, kwargs)
           ^^^^^^^^^^^^^^^^^^^^^^^^^^^^^^^^^^^^^^^^
  File "/usr/local/lib/python3.12/site-packages/torch/_subclasses/fake_tensor.py", line 1692, in dispatch
    return self._cached_dispatch_impl(func, types, args, kwargs)
           ^^^^^^^^^^^^^^^^^^^^^^^^^^^^^^^^^^^^^^^^^^^^^^^^^^^^^
  File "/usr/local/lib/python3.12/site-packages/torch/_subclasses/fake_tensor.py", line 1339, in _cached_dispatch_impl
    output = self._dispatch_impl(func, types, args, kwargs)
             ^^^^^^^^^^^^^^^^^^^^^^^^^^^^^^^^^^^^^^^^^^^^^^
  File "/usr/local/lib/python3.12/site-packages/torch/_subclasses/fake_tensor.py", line 1983, in _dispatch_impl
    op_impl_out = op_impl(self, func, *args, **kwargs)
                  ^^^^^^^^^^^^^^^^^^^^^^^^^^^^^^^^^^^^
  File "/usr/local/lib/python3.12/site-packages/torch/_subclasses/fake_impls.py", line 147, in dispatch_to_op_implementations_dict
    return op_implementations_dict[func](fake_mode, func, *args, **kwargs)
           ^^^^^^^^^^^^^^^^^^^^^^^^^^^^^^^^^^^^^^^^^^^^^^^^^^^^^^^^^^^^^^^
  File "/usr/local/lib/python3.12/site-packages/torch/_subclasses/fake_impls.py", line 593, in multi_device_op_default
    return run_and_return_new_tensor_of_input_device(fake_mode, func, args, kwargs)
           ^^^^^^^^^^^^^^^^^^^^^^^^^^^^^^^^^^^^^^^^^^^^^^^^^^^^^^^^^^^^^^^^^^^^^^^^
  File "/usr/local/lib/python3.12/site-packages/torch/_subclasses/fake_impls.py", line 503, in run_and_return_new_tensor_of_input_device
    out = func(*args, **kwargs)
          ^^^^^^^^^^^^^^^^^^^^^
  File "/usr/local/lib/python3.12/site-packages/torch/_ops.py", line 716, in __call__
    return self._op(*args, **kwargs)
           ^^^^^^^^^^^^^^^^^^^^^^^^^
  File "/usr/local/lib/python3.12/site-packages/torch/_meta_registrations.py", line 397, in meta_copy_
    aten.expand_copy.default(intermediate, self.size())
  File "/usr/local/lib/python3.12/site-packages/torch/_ops.py", line 716, in __call__
    return self._op(*args, **kwargs)
           ^^^^^^^^^^^^^^^^^^^^^^^^^
  File "/usr/local/lib/python3.12/site-packages/torch/_refs/__init__.py", line 2213, in _fn
    result = fn(*args, out=out, **kwargs)
             ^^^^^^^^^^^^^^^^^^^^^^^^^^^^
  File "/usr/local/lib/python3.12/site-packages/torch/_prims_common/wrappers.py", line 273, in _fn
    result = fn(*args, **kwargs)
             ^^^^^^^^^^^^^^^^^^^
  File "/usr/local/lib/python3.12/site-packages/torch/_ops.py", line 1116, in __call__
    return self._op(*args, **(kwargs or {}))
           ^^^^^^^^^^^^^^^^^^^^^^^^^^^^^^^^^
  File "/usr/local/lib/python3.12/site-packages/torch/_refs/__init__.py", line 2979, in expand
    torch._check(
  File "/usr/local/lib/python3.12/site-packages/torch/__init__.py", line 1564, in _check
    _check_with(RuntimeError, cond, message)
  File "/usr/local/lib/python3.12/site-packages/torch/__init__.py", line 1546, in _check_with
    raise error_type(message_evaluated)
torch._dynamo.exc.TorchRuntimeError: Failed running call_method copy_(*(FakeTensor(..., device='cuda:0', size=(3, 4)), FakeTensor(..., device='cuda:0', size=(3,))), **{}):
expand: attempting to expand a dimension of length 3!

from user code:
   File "/data/results/lmstudio_prompt9_speed/call_acc/fused_mv_logsoftmax_dropout.py", line 13, in _fused_mv_logsoftmax_dropout_impl
    input.copy_(y)

Set TORCH_LOGS="+dynamo" and TORCHDYNAMO_VERBOSE=1 for more information


You can suppress this exception and fall back to eager by setting:
    import torch._dynamo
    torch._dynamo.config.suppress_errors = True


=== Output for add.py on GPU 0 ===

=== Errors for add.py on GPU 0 ===

=== Output for fused_silu_layer_norm_conv2d.py on GPU 0 ===

=== Errors for fused_silu_layer_norm_conv2d.py on GPU 0 ===
W0527 14:21:29.744000 541 site-packages/torch/_inductor/utils.py:1048] [0/0] Not enough SMs to use max_autotune_gemm mode

=== Output for fused_index_select_eq.py on GPU 0 ===

=== Errors for fused_index_select_eq.py on GPU 0 ===

=== Output for argmax.py on GPU 0 ===

=== Errors for argmax.py on GPU 0 ===

=== Output for fused_lu_solve.py on GPU 0 ===

=== Errors for fused_lu_solve.py on GPU 0 ===
Traceback (most recent call last):
  File "/data/results/lmstudio_prompt9_speed/call_acc/fused_lu_solve.py", line 44, in <module>
    test_results = test_fused_lu_solve()
                   ^^^^^^^^^^^^^^^^^^^^^
  File "/data/results/lmstudio_prompt9_speed/call_acc/fused_lu_solve.py", line 22, in test_fused_lu_solve
    results["test_case_1"] = fused_lu_solve(A1, b1)
                             ^^^^^^^^^^^^^^^^^^^^^^
  File "/data/results/lmstudio_prompt9_speed/call_acc/fused_lu_solve.py", line 9, in fused_lu_solve
    x = torch.linalg.lu_solve(LU, pivots, b)
        ^^^^^^^^^^^^^^^^^^^^^^^^^^^^^^^^^^^^
RuntimeError: linalg.lu_solve: The input tensor B must have at least 2 dimensions.

=== Output for normalize_pairwise_distance.py on GPU 0 ===

=== Errors for normalize_pairwise_distance.py on GPU 0 ===

=== Output for max.py on GPU 0 ===

=== Errors for max.py on GPU 0 ===
  File "/data/results/lmstudio_prompt9_speed/call_acc/max.py", line 2
    "error": {
IndentationError: unexpected indent

=== Output for log_softmax_linear.py on GPU 0 ===

=== Errors for log_softmax_linear.py on GPU 0 ===
W0527 14:22:24.191000 739 site-packages/torch/_inductor/utils.py:1048] [0/0] Not enough SMs to use max_autotune_gemm mode
AUTOTUNE addmm(2x2, 2x2, 2x2)
  bias_addmm 0.0063 ms 100.0% 
  addmm 0.0102 ms 61.6% 
SingleProcess AUTOTUNE benchmarking takes 0.2179 seconds and 0.0001 seconds precompiling
Traceback (most recent call last):
  File "/usr/local/lib/python3.12/site-packages/torch/_dynamo/output_graph.py", line 1446, in _call_user_compiler
    compiled_fn = compiler_fn(gm, self.example_inputs())
                  ^^^^^^^^^^^^^^^^^^^^^^^^^^^^^^^^^^^^^^
  File "/usr/local/lib/python3.12/site-packages/torch/_dynamo/repro/after_dynamo.py", line 129, in __call__
    compiled_gm = compiler_fn(gm, example_inputs)
                  ^^^^^^^^^^^^^^^^^^^^^^^^^^^^^^^
  File "/usr/local/lib/python3.12/site-packages/torch/__init__.py", line 2234, in __call__
    return compile_fx(model_, inputs_, config_patches=self.config)
           ^^^^^^^^^^^^^^^^^^^^^^^^^^^^^^^^^^^^^^^^^^^^^^^^^^^^^^^
  File "/usr/local/lib/python3.12/site-packages/torch/_inductor/compile_fx.py", line 1253, in compile_fx
    return compile_fx(
           ^^^^^^^^^^^
  File "/usr/local/lib/python3.12/site-packages/torch/_inductor/compile_fx.py", line 1521, in compile_fx
    return aot_autograd(
           ^^^^^^^^^^^^^
  File "/usr/local/lib/python3.12/site-packages/torch/_dynamo/backends/common.py", line 72, in __call__
    cg = aot_module_simplified(gm, example_inputs, **self.kwargs)
         ^^^^^^^^^^^^^^^^^^^^^^^^^^^^^^^^^^^^^^^^^^^^^^^^^^^^^^^^
  File "/usr/local/lib/python3.12/site-packages/torch/_functorch/aot_autograd.py", line 1071, in aot_module_simplified
    compiled_fn = dispatch_and_compile()
                  ^^^^^^^^^^^^^^^^^^^^^^
  File "/usr/local/lib/python3.12/site-packages/torch/_functorch/aot_autograd.py", line 1056, in dispatch_and_compile
    compiled_fn, _ = create_aot_dispatcher_function(
                     ^^^^^^^^^^^^^^^^^^^^^^^^^^^^^^^
  File "/usr/local/lib/python3.12/site-packages/torch/_functorch/aot_autograd.py", line 522, in create_aot_dispatcher_function
    return _create_aot_dispatcher_function(
           ^^^^^^^^^^^^^^^^^^^^^^^^^^^^^^^^
  File "/usr/local/lib/python3.12/site-packages/torch/_functorch/aot_autograd.py", line 759, in _create_aot_dispatcher_function
    compiled_fn, fw_metadata = compiler_fn(
                               ^^^^^^^^^^^^
  File "/usr/local/lib/python3.12/site-packages/torch/_functorch/_aot_autograd/jit_compile_runtime_wrappers.py", line 179, in aot_dispatch_base
    compiled_fw = compiler(fw_module, updated_flat_args)
                  ^^^^^^^^^^^^^^^^^^^^^^^^^^^^^^^^^^^^^^
  File "/usr/local/lib/python3.12/site-packages/torch/_inductor/compile_fx.py", line 1350, in fw_compiler_base
    return _fw_compiler_base(model, example_inputs, is_inference)
           ^^^^^^^^^^^^^^^^^^^^^^^^^^^^^^^^^^^^^^^^^^^^^^^^^^^^^^
  File "/usr/local/lib/python3.12/site-packages/torch/_inductor/compile_fx.py", line 1359, in _fw_compiler_base
    _recursive_joint_graph_passes(model)
  File "/usr/local/lib/python3.12/site-packages/torch/_inductor/compile_fx.py", line 281, in _recursive_joint_graph_passes
    joint_graph_passes(gm)
  File "/usr/local/lib/python3.12/site-packages/torch/_inductor/fx_passes/joint_graph.py", line 460, in joint_graph_passes
    count += patterns.apply(graph.graph)  # type: ignore[arg-type]
             ^^^^^^^^^^^^^^^^^^^^^^^^^^^
  File "/usr/local/lib/python3.12/site-packages/torch/_inductor/pattern_matcher.py", line 1729, in apply
    if is_match(m) and entry.extra_check(m):
                       ^^^^^^^^^^^^^^^^^^^^
  File "/usr/local/lib/python3.12/site-packages/torch/_inductor/pattern_matcher.py", line 1331, in check_fn
    if is_match(specific_pattern_match) and extra_check(specific_pattern_match):
                                            ^^^^^^^^^^^^^^^^^^^^^^^^^^^^^^^^^^^
  File "/usr/local/lib/python3.12/site-packages/torch/_inductor/fx_passes/pad_mm.py", line 146, in should_pad_addmm
    return should_pad_common(mat1, mat2, input) and should_pad_bench(
                                                    ^^^^^^^^^^^^^^^^^
  File "/usr/local/lib/python3.12/site-packages/torch/_inductor/fx_passes/pad_mm.py", line 566, in should_pad_bench
    ori_time = do_bench(orig_bench_fn)
               ^^^^^^^^^^^^^^^^^^^^^^^
  File "/usr/local/lib/python3.12/site-packages/torch/_inductor/runtime/benchmarking.py", line 66, in wrapper
    return fn(self, *args, **kwargs)
           ^^^^^^^^^^^^^^^^^^^^^^^^^
  File "/usr/local/lib/python3.12/site-packages/torch/_inductor/runtime/benchmarking.py", line 201, in benchmark_gpu
    return self.triton_do_bench(_callable, **kwargs, return_mode="median")
           ^^^^^^^^^^^^^^^^^^^^^^^^^^^^^^^^^^^^^^^^^^^^^^^^^^^^^^^^^^^^^^^
  File "/usr/local/lib/python3.12/site-packages/triton/testing.py", line 106, in do_bench
    fn()
  File "/usr/local/lib/python3.12/site-packages/torch/_inductor/fx_passes/pad_mm.py", line 537, in orig_bench_fn
    op(input, mat1, mat2)
  File "/usr/local/lib/python3.12/site-packages/torch/_ops.py", line 1116, in __call__
    return self._op(*args, **(kwargs or {}))
           ^^^^^^^^^^^^^^^^^^^^^^^^^^^^^^^^^
RuntimeError: mat1 and mat2 must have the same dtype, but got Double and Float

The above exception was the direct cause of the following exception:

Traceback (most recent call last):
  File "/data/results/lmstudio_prompt9_speed/call_acc/log_softmax_linear.py", line 63, in <module>
    test_results = test_log_softmax_linear()
                   ^^^^^^^^^^^^^^^^^^^^^^^^^
  File "/data/results/lmstudio_prompt9_speed/call_acc/log_softmax_linear.py", line 59, in test_log_softmax_linear
    results["test_case_4"] = log_softmax_linear(input4, weight4, bias4, dtype=torch.float64)
                             ^^^^^^^^^^^^^^^^^^^^^^^^^^^^^^^^^^^^^^^^^^^^^^^^^^^^^^^^^^^^^^^
  File "/data/results/lmstudio_prompt9_speed/call_acc/log_softmax_linear.py", line 19, in log_softmax_linear
    y = _log_softmax_linear_compiled(input, weight, bias, dim, dtype)
        ^^^^^^^^^^^^^^^^^^^^^^^^^^^^^^^^^^^^^^^^^^^^^^^^^^^^^^^^^^^^^
  File "/usr/local/lib/python3.12/site-packages/torch/_dynamo/eval_frame.py", line 465, in _fn
    return fn(*args, **kwargs)
           ^^^^^^^^^^^^^^^^^^^
  File "/usr/local/lib/python3.12/site-packages/torch/_dynamo/convert_frame.py", line 1269, in __call__
    return self._torchdynamo_orig_callable(
           ^^^^^^^^^^^^^^^^^^^^^^^^^^^^^^^^
  File "/usr/local/lib/python3.12/site-packages/torch/_dynamo/convert_frame.py", line 1064, in __call__
    result = self._inner_convert(
             ^^^^^^^^^^^^^^^^^^^^
  File "/usr/local/lib/python3.12/site-packages/torch/_dynamo/convert_frame.py", line 526, in __call__
    return _compile(
           ^^^^^^^^^
  File "/usr/local/lib/python3.12/site-packages/torch/_dynamo/convert_frame.py", line 924, in _compile
    guarded_code = compile_inner(code, one_graph, hooks, transform)
                   ^^^^^^^^^^^^^^^^^^^^^^^^^^^^^^^^^^^^^^^^^^^^^^^^
  File "/usr/local/lib/python3.12/site-packages/torch/_dynamo/convert_frame.py", line 666, in compile_inner
    return _compile_inner(code, one_graph, hooks, transform)
           ^^^^^^^^^^^^^^^^^^^^^^^^^^^^^^^^^^^^^^^^^^^^^^^^^
  File "/usr/local/lib/python3.12/site-packages/torch/_utils_internal.py", line 87, in wrapper_function
    return function(*args, **kwargs)
           ^^^^^^^^^^^^^^^^^^^^^^^^^
  File "/usr/local/lib/python3.12/site-packages/torch/_dynamo/convert_frame.py", line 699, in _compile_inner
    out_code = transform_code_object(code, transform)
               ^^^^^^^^^^^^^^^^^^^^^^^^^^^^^^^^^^^^^^
  File "/usr/local/lib/python3.12/site-packages/torch/_dynamo/bytecode_transformation.py", line 1322, in transform_code_object
    transformations(instructions, code_options)
  File "/usr/local/lib/python3.12/site-packages/torch/_dynamo/convert_frame.py", line 219, in _fn
    return fn(*args, **kwargs)
           ^^^^^^^^^^^^^^^^^^^
  File "/usr/local/lib/python3.12/site-packages/torch/_dynamo/convert_frame.py", line 634, in transform
    tracer.run()
  File "/usr/local/lib/python3.12/site-packages/torch/_dynamo/symbolic_convert.py", line 2796, in run
    super().run()
  File "/usr/local/lib/python3.12/site-packages/torch/_dynamo/symbolic_convert.py", line 983, in run
    while self.step():
          ^^^^^^^^^^^
  File "/usr/local/lib/python3.12/site-packages/torch/_dynamo/symbolic_convert.py", line 895, in step
    self.dispatch_table[inst.opcode](self, inst)
  File "/usr/local/lib/python3.12/site-packages/torch/_dynamo/symbolic_convert.py", line 2987, in RETURN_VALUE
    self._return(inst)
  File "/usr/local/lib/python3.12/site-packages/torch/_dynamo/symbolic_convert.py", line 2972, in _return
    self.output.compile_subgraph(
  File "/usr/local/lib/python3.12/site-packages/torch/_dynamo/output_graph.py", line 1117, in compile_subgraph
    self.compile_and_call_fx_graph(tx, list(reversed(stack_values)), root)
  File "/usr/local/lib/python3.12/site-packages/torch/_dynamo/output_graph.py", line 1369, in compile_and_call_fx_graph
    compiled_fn = self.call_user_compiler(gm)
                  ^^^^^^^^^^^^^^^^^^^^^^^^^^^
  File "/usr/local/lib/python3.12/site-packages/torch/_dynamo/output_graph.py", line 1416, in call_user_compiler
    return self._call_user_compiler(gm)
           ^^^^^^^^^^^^^^^^^^^^^^^^^^^^
  File "/usr/local/lib/python3.12/site-packages/torch/_dynamo/output_graph.py", line 1465, in _call_user_compiler
    raise BackendCompilerFailed(self.compiler_fn, e) from e
torch._dynamo.exc.BackendCompilerFailed: backend='inductor' raised:
RuntimeError: mat1 and mat2 must have the same dtype, but got Double and Float

Set TORCH_LOGS="+dynamo" and TORCHDYNAMO_VERBOSE=1 for more information


You can suppress this exception and fall back to eager by setting:
    import torch._dynamo
    torch._dynamo.config.suppress_errors = True


=== Output for relu.py on GPU 0 ===

=== Errors for relu.py on GPU 0 ===
Traceback (most recent call last):
  File "/data/results/lmstudio_prompt9_speed/call_acc/relu.py", line 41, in <module>
    test_results = test_relu()
                   ^^^^^^^^^^^
  File "/data/results/lmstudio_prompt9_speed/call_acc/relu.py", line 25, in test_relu
    results["test_case_1"] = relu(input1)
                             ^^^^^^^^^^^^
  File "/data/results/lmstudio_prompt9_speed/call_acc/relu.py", line 8, in relu
    return torch.relu(input, inplace=inplace)
           ^^^^^^^^^^^^^^^^^^^^^^^^^^^^^^^^^^
TypeError: relu() got an unexpected keyword argument 'inplace'

=== Output for least_squares_qr.py on GPU 0 ===

=== Errors for least_squares_qr.py on GPU 0 ===

=== Output for determinant_via_qr.py on GPU 0 ===

=== Errors for determinant_via_qr.py on GPU 0 ===

=== Output for fused_tile_exp.py on GPU 0 ===

=== Errors for fused_tile_exp.py on GPU 0 ===
Traceback (most recent call last):
  File "/data/results/lmstudio_prompt9_speed/call_acc/fused_tile_exp.py", line 47, in <module>
    test_results = test_fused_tile_exp()
                   ^^^^^^^^^^^^^^^^^^^^^
  File "/data/results/lmstudio_prompt9_speed/call_acc/fused_tile_exp.py", line 43, in test_fused_tile_exp
    results["test_case_4"] = fused_tile_exp(input4, dims4, out=out_tensor)
                             ^^^^^^^^^^^^^^^^^^^^^^^^^^^^^^^^^^^^^^^^^^^^^
  File "/data/results/lmstudio_prompt9_speed/call_acc/fused_tile_exp.py", line 11, in fused_tile_exp
    out.copy_(y)
RuntimeError: The size of tensor a (3) must match the size of tensor b (6) at non-singleton dimension 1

=== Output for sqrt_tanh.py on GPU 0 ===

=== Errors for sqrt_tanh.py on GPU 0 ===

=== Output for silu_batch_norm.py on GPU 0 ===

=== Errors for silu_batch_norm.py on GPU 0 ===
skipping cudagraphs due to mutated inputs (2 instances). Found from : 
   File "/data/results/lmstudio_prompt9_speed/call_acc/silu_batch_norm.py", line 8, in _silu_batch_norm_impl
    y = F.batch_norm(input, running_mean, running_var, weight, bias, training, momentum, eps)

skipping cudagraphs due to mutated inputs (2 instances). Found from : 
   File "/data/results/lmstudio_prompt9_speed/call_acc/silu_batch_norm.py", line 8, in _silu_batch_norm_impl
    y = F.batch_norm(input, running_mean, running_var, weight, bias, training, momentum, eps)


=== Output for index_fill_.py on GPU 0 ===

=== Errors for index_fill_.py on GPU 0 ===
  File "/data/results/lmstudio_prompt9_speed/call_acc/index_fill_.py", line 2
    "error": {
IndentationError: unexpected indent

=== Output for fused_cross_entropy_softmax_layernorm.py on GPU 0 ===

=== Errors for fused_cross_entropy_softmax_layernorm.py on GPU 0 ===

=== Output for mean.py on GPU 0 ===

=== Errors for mean.py on GPU 0 ===

=== Output for eig.py on GPU 0 ===

=== Errors for eig.py on GPU 0 ===

=== Output for logsumexp.py on GPU 0 ===

=== Errors for logsumexp.py on GPU 0 ===

=== Output for fused_embedding_add_tanh.py on GPU 0 ===

=== Errors for fused_embedding_add_tanh.py on GPU 0 ===
Traceback (most recent call last):
  File "/data/results/lmstudio_prompt9_speed/call_acc/fused_embedding_add_tanh.py", line 72, in <module>
    test_results = test_fused_embedding_add_tanh()
                   ^^^^^^^^^^^^^^^^^^^^^^^^^^^^^^^
  File "/data/results/lmstudio_prompt9_speed/call_acc/fused_embedding_add_tanh.py", line 47, in test_fused_embedding_add_tanh
    results["test_case_1"] = fused_embedding_add_tanh(input_indices, weight, other)
                             ^^^^^^^^^^^^^^^^^^^^^^^^^^^^^^^^^^^^^^^^^^^^^^^^^^^^^^
  File "/data/results/lmstudio_prompt9_speed/call_acc/fused_embedding_add_tanh.py", line 19, in fused_embedding_add_tanh
    y = _fused_embedding_add_tanh_compiled(input_indices, weight, other, padding_idx, max_norm, norm_type, scale_grad_by_freq, sparse)
        ^^^^^^^^^^^^^^^^^^^^^^^^^^^^^^^^^^^^^^^^^^^^^^^^^^^^^^^^^^^^^^^^^^^^^^^^^^^^^^^^^^^^^^^^^^^^^^^^^^^^^^^^^^^^^^^^^^^^^^^^^^^^^^
  File "/usr/local/lib/python3.12/site-packages/torch/_dynamo/eval_frame.py", line 465, in _fn
    return fn(*args, **kwargs)
           ^^^^^^^^^^^^^^^^^^^
  File "/data/results/lmstudio_prompt9_speed/call_acc/fused_embedding_add_tanh.py", line 7, in _fused_embedding_add_tanh_impl
    def _fused_embedding_add_tanh_impl(input_indices, weight, other, padding_idx=None, max_norm=None, norm_type=2.0, scale_grad_by_freq=False, sparse=False):
TypeError: embedding() got an unexpected keyword argument 'sparse_grad'

=== Output for fused_mv_sigmoid_sub.py on GPU 0 ===

=== Errors for fused_mv_sigmoid_sub.py on GPU 0 ===

=== Output for add_gelu.py on GPU 0 ===

=== Errors for add_gelu.py on GPU 0 ===

=== Output for fused_cosine_embedding_loss_with_normalization.py on GPU 0 ===

=== Errors for fused_cosine_embedding_loss_with_normalization.py on GPU 0 ===
  File "/data/results/lmstudio_prompt9_speed/call_acc/fused_cosine_embedding_loss_with_normalization.py", line 2
    "error": {
IndentationError: unexpected indent

=== Output for fused_transformer_block.py on GPU 0 ===

=== Errors for fused_transformer_block.py on GPU 0 ===
E0527 14:24:05.335000 1154 site-packages/torch/_subclasses/fake_tensor.py:2017] [0/0] failed while attempting to run meta for aten.native_layer_norm.default
E0527 14:24:05.335000 1154 site-packages/torch/_subclasses/fake_tensor.py:2017] [0/0] Traceback (most recent call last):
E0527 14:24:05.335000 1154 site-packages/torch/_subclasses/fake_tensor.py:2017] [0/0]   File "/usr/local/lib/python3.12/site-packages/torch/_subclasses/fake_tensor.py", line 2013, in _dispatch_impl
E0527 14:24:05.335000 1154 site-packages/torch/_subclasses/fake_tensor.py:2017] [0/0]     r = func(*args, **kwargs)
E0527 14:24:05.335000 1154 site-packages/torch/_subclasses/fake_tensor.py:2017] [0/0]         ^^^^^^^^^^^^^^^^^^^^^
E0527 14:24:05.335000 1154 site-packages/torch/_subclasses/fake_tensor.py:2017] [0/0]   File "/usr/local/lib/python3.12/site-packages/torch/_ops.py", line 716, in __call__
E0527 14:24:05.335000 1154 site-packages/torch/_subclasses/fake_tensor.py:2017] [0/0]     return self._op(*args, **kwargs)
E0527 14:24:05.335000 1154 site-packages/torch/_subclasses/fake_tensor.py:2017] [0/0]            ^^^^^^^^^^^^^^^^^^^^^^^^^
E0527 14:24:05.335000 1154 site-packages/torch/_subclasses/fake_tensor.py:2017] [0/0]   File "/usr/local/lib/python3.12/site-packages/torch/_decomp/__init__.py", line 88, in _fn
E0527 14:24:05.335000 1154 site-packages/torch/_subclasses/fake_tensor.py:2017] [0/0]     return f(*args, **kwargs, out=None if is_none else out_kwargs)
E0527 14:24:05.335000 1154 site-packages/torch/_subclasses/fake_tensor.py:2017] [0/0]            ^^^^^^^^^^^^^^^^^^^^^^^^^^^^^^^^^^^^^^^^^^^^^^^^^^^^^^^
E0527 14:24:05.335000 1154 site-packages/torch/_subclasses/fake_tensor.py:2017] [0/0]   File "/usr/local/lib/python3.12/site-packages/torch/_prims_common/wrappers.py", line 273, in _fn
E0527 14:24:05.335000 1154 site-packages/torch/_subclasses/fake_tensor.py:2017] [0/0]     result = fn(*args, **kwargs)
E0527 14:24:05.335000 1154 site-packages/torch/_subclasses/fake_tensor.py:2017] [0/0]              ^^^^^^^^^^^^^^^^^^^
E0527 14:24:05.335000 1154 site-packages/torch/_subclasses/fake_tensor.py:2017] [0/0]   File "/usr/local/lib/python3.12/site-packages/torch/_refs/__init__.py", line 3223, in native_layer_norm
E0527 14:24:05.335000 1154 site-packages/torch/_subclasses/fake_tensor.py:2017] [0/0]     torch._check(
E0527 14:24:05.335000 1154 site-packages/torch/_subclasses/fake_tensor.py:2017] [0/0]   File "/usr/local/lib/python3.12/site-packages/torch/__init__.py", line 1564, in _check
E0527 14:24:05.335000 1154 site-packages/torch/_subclasses/fake_tensor.py:2017] [0/0]     _check_with(RuntimeError, cond, message)
E0527 14:24:05.335000 1154 site-packages/torch/_subclasses/fake_tensor.py:2017] [0/0]   File "/usr/local/lib/python3.12/site-packages/torch/__init__.py", line 1546, in _check_with
E0527 14:24:05.335000 1154 site-packages/torch/_subclasses/fake_tensor.py:2017] [0/0]     raise error_type(message_evaluated)
E0527 14:24:05.335000 1154 site-packages/torch/_subclasses/fake_tensor.py:2017] [0/0] RuntimeError: Given normalized_shape=[-1], expected input with shape [-1], but got input of size torch.Size([2, 3, 4])
Traceback (most recent call last):
  File "/data/results/lmstudio_prompt9_speed/call_acc/fused_transformer_block.py", line 68, in <module>
    test_results = test_fused_transformer_block()
                   ^^^^^^^^^^^^^^^^^^^^^^^^^^^^^^
  File "/data/results/lmstudio_prompt9_speed/call_acc/fused_transformer_block.py", line 43, in test_fused_transformer_block
    results["test_case_1"] = fused_transformer_block(input1, weight1_1, weight2_1, residual1)
                             ^^^^^^^^^^^^^^^^^^^^^^^^^^^^^^^^^^^^^^^^^^^^^^^^^^^^^^^^^^^^^^^^
  File "/data/results/lmstudio_prompt9_speed/call_acc/fused_transformer_block.py", line 22, in fused_transformer_block
    y = _fused_transformer_block_compiled(input, weight1, weight2, residual, dropout_p, eps)
        ^^^^^^^^^^^^^^^^^^^^^^^^^^^^^^^^^^^^^^^^^^^^^^^^^^^^^^^^^^^^^^^^^^^^^^^^^^^^^^^^^^^^
  File "/usr/local/lib/python3.12/site-packages/torch/_dynamo/eval_frame.py", line 465, in _fn
    return fn(*args, **kwargs)
           ^^^^^^^^^^^^^^^^^^^
  File "/usr/local/lib/python3.12/site-packages/torch/_dynamo/convert_frame.py", line 1269, in __call__
    return self._torchdynamo_orig_callable(
           ^^^^^^^^^^^^^^^^^^^^^^^^^^^^^^^^
  File "/usr/local/lib/python3.12/site-packages/torch/_dynamo/convert_frame.py", line 1064, in __call__
    result = self._inner_convert(
             ^^^^^^^^^^^^^^^^^^^^
  File "/usr/local/lib/python3.12/site-packages/torch/_dynamo/convert_frame.py", line 526, in __call__
    return _compile(
           ^^^^^^^^^
  File "/usr/local/lib/python3.12/site-packages/torch/_dynamo/convert_frame.py", line 924, in _compile
    guarded_code = compile_inner(code, one_graph, hooks, transform)
                   ^^^^^^^^^^^^^^^^^^^^^^^^^^^^^^^^^^^^^^^^^^^^^^^^
  File "/usr/local/lib/python3.12/site-packages/torch/_dynamo/convert_frame.py", line 666, in compile_inner
    return _compile_inner(code, one_graph, hooks, transform)
           ^^^^^^^^^^^^^^^^^^^^^^^^^^^^^^^^^^^^^^^^^^^^^^^^^
  File "/usr/local/lib/python3.12/site-packages/torch/_utils_internal.py", line 87, in wrapper_function
    return function(*args, **kwargs)
           ^^^^^^^^^^^^^^^^^^^^^^^^^
  File "/usr/local/lib/python3.12/site-packages/torch/_dynamo/convert_frame.py", line 699, in _compile_inner
    out_code = transform_code_object(code, transform)
               ^^^^^^^^^^^^^^^^^^^^^^^^^^^^^^^^^^^^^^
  File "/usr/local/lib/python3.12/site-packages/torch/_dynamo/bytecode_transformation.py", line 1322, in transform_code_object
    transformations(instructions, code_options)
  File "/usr/local/lib/python3.12/site-packages/torch/_dynamo/convert_frame.py", line 219, in _fn
    return fn(*args, **kwargs)
           ^^^^^^^^^^^^^^^^^^^
  File "/usr/local/lib/python3.12/site-packages/torch/_dynamo/convert_frame.py", line 634, in transform
    tracer.run()
  File "/usr/local/lib/python3.12/site-packages/torch/_dynamo/symbolic_convert.py", line 2796, in run
    super().run()
  File "/usr/local/lib/python3.12/site-packages/torch/_dynamo/symbolic_convert.py", line 983, in run
    while self.step():
          ^^^^^^^^^^^
  File "/usr/local/lib/python3.12/site-packages/torch/_dynamo/symbolic_convert.py", line 895, in step
    self.dispatch_table[inst.opcode](self, inst)
  File "/usr/local/lib/python3.12/site-packages/torch/_dynamo/symbolic_convert.py", line 582, in wrapper
    return inner_fn(self, inst)
           ^^^^^^^^^^^^^^^^^^^^
  File "/usr/local/lib/python3.12/site-packages/torch/_dynamo/symbolic_convert.py", line 2279, in CALL
    self._call(inst)
  File "/usr/local/lib/python3.12/site-packages/torch/_dynamo/symbolic_convert.py", line 2273, in _call
    self.call_function(fn, args, kwargs)
  File "/usr/local/lib/python3.12/site-packages/torch/_dynamo/symbolic_convert.py", line 830, in call_function
    self.push(fn.call_function(self, args, kwargs))  # type: ignore[arg-type]
              ^^^^^^^^^^^^^^^^^^^^^^^^^^^^^^^^^^^^
  File "/usr/local/lib/python3.12/site-packages/torch/_dynamo/variables/torch.py", line 897, in call_function
    tensor_variable = wrap_fx_proxy(
                      ^^^^^^^^^^^^^^
  File "/usr/local/lib/python3.12/site-packages/torch/_dynamo/variables/builder.py", line 2037, in wrap_fx_proxy
    return wrap_fx_proxy_cls(target_cls=TensorVariable, **kwargs)
           ^^^^^^^^^^^^^^^^^^^^^^^^^^^^^^^^^^^^^^^^^^^^^^^^^^^^^^
  File "/usr/local/lib/python3.12/site-packages/torch/_dynamo/variables/builder.py", line 2124, in wrap_fx_proxy_cls
    example_value = get_fake_value(proxy.node, tx, allow_non_graph_fake=True)
                    ^^^^^^^^^^^^^^^^^^^^^^^^^^^^^^^^^^^^^^^^^^^^^^^^^^^^^^^^^
  File "/usr/local/lib/python3.12/site-packages/torch/_dynamo/utils.py", line 2082, in get_fake_value
    raise TorchRuntimeError(str(e)).with_traceback(e.__traceback__) from None
  File "/usr/local/lib/python3.12/site-packages/torch/_dynamo/utils.py", line 2017, in get_fake_value
    ret_val = wrap_fake_exception(
              ^^^^^^^^^^^^^^^^^^^^
  File "/usr/local/lib/python3.12/site-packages/torch/_dynamo/utils.py", line 1574, in wrap_fake_exception
    return fn()
           ^^^^
  File "/usr/local/lib/python3.12/site-packages/torch/_dynamo/utils.py", line 2018, in <lambda>
    lambda: run_node(tx.output, node, args, kwargs, nnmodule)
            ^^^^^^^^^^^^^^^^^^^^^^^^^^^^^^^^^^^^^^^^^^^^^^^^^
  File "/usr/local/lib/python3.12/site-packages/torch/_dynamo/utils.py", line 2150, in run_node
    raise RuntimeError(make_error_message(e)).with_traceback(
  File "/usr/local/lib/python3.12/site-packages/torch/_dynamo/utils.py", line 2132, in run_node
    return node.target(*args, **kwargs)
           ^^^^^^^^^^^^^^^^^^^^^^^^^^^^
  File "/usr/local/lib/python3.12/site-packages/torch/nn/functional.py", line 2900, in layer_norm
    return torch.layer_norm(
           ^^^^^^^^^^^^^^^^^
  File "/usr/local/lib/python3.12/site-packages/torch/utils/_stats.py", line 21, in wrapper
    return fn(*args, **kwargs)
           ^^^^^^^^^^^^^^^^^^^
  File "/usr/local/lib/python3.12/site-packages/torch/_subclasses/fake_tensor.py", line 1238, in __torch_dispatch__
    return self.dispatch(func, types, args, kwargs)
           ^^^^^^^^^^^^^^^^^^^^^^^^^^^^^^^^^^^^^^^^
  File "/usr/local/lib/python3.12/site-packages/torch/_subclasses/fake_tensor.py", line 1692, in dispatch
    return self._cached_dispatch_impl(func, types, args, kwargs)
           ^^^^^^^^^^^^^^^^^^^^^^^^^^^^^^^^^^^^^^^^^^^^^^^^^^^^^
  File "/usr/local/lib/python3.12/site-packages/torch/_subclasses/fake_tensor.py", line 1339, in _cached_dispatch_impl
    output = self._dispatch_impl(func, types, args, kwargs)
             ^^^^^^^^^^^^^^^^^^^^^^^^^^^^^^^^^^^^^^^^^^^^^^
  File "/usr/local/lib/python3.12/site-packages/torch/_subclasses/fake_tensor.py", line 2013, in _dispatch_impl
    r = func(*args, **kwargs)
        ^^^^^^^^^^^^^^^^^^^^^
  File "/usr/local/lib/python3.12/site-packages/torch/_ops.py", line 716, in __call__
    return self._op(*args, **kwargs)
           ^^^^^^^^^^^^^^^^^^^^^^^^^
  File "/usr/local/lib/python3.12/site-packages/torch/_decomp/__init__.py", line 88, in _fn
    return f(*args, **kwargs, out=None if is_none else out_kwargs)
           ^^^^^^^^^^^^^^^^^^^^^^^^^^^^^^^^^^^^^^^^^^^^^^^^^^^^^^^
  File "/usr/local/lib/python3.12/site-packages/torch/_prims_common/wrappers.py", line 273, in _fn
    result = fn(*args, **kwargs)
             ^^^^^^^^^^^^^^^^^^^
  File "/usr/local/lib/python3.12/site-packages/torch/_refs/__init__.py", line 3223, in native_layer_norm
    torch._check(
  File "/usr/local/lib/python3.12/site-packages/torch/__init__.py", line 1564, in _check
    _check_with(RuntimeError, cond, message)
  File "/usr/local/lib/python3.12/site-packages/torch/__init__.py", line 1546, in _check_with
    raise error_type(message_evaluated)
torch._dynamo.exc.TorchRuntimeError: Failed running call_function <function layer_norm at 0x2b22e42ce0c0>(*(FakeTensor(..., device='cuda:0', size=(2, 3, 4)),), **{'normalized_shape': (-1,), 'eps': 1e-05}):
Given normalized_shape=[-1], expected input with shape [-1], but got input of size torch.Size([2, 3, 4])

from user code:
   File "/data/results/lmstudio_prompt9_speed/call_acc/fused_transformer_block.py", line 13, in _fused_transformer_block_impl
    y = F.layer_norm(z, normalized_shape=(-1,), eps=eps)

Set TORCH_LOGS="+dynamo" and TORCHDYNAMO_VERBOSE=1 for more information


You can suppress this exception and fall back to eager by setting:
    import torch._dynamo
    torch._dynamo.config.suppress_errors = True


=== Output for log1p.py on GPU 0 ===

=== Errors for log1p.py on GPU 0 ===

=== Output for sigmoid_batch_norm.py on GPU 0 ===

=== Errors for sigmoid_batch_norm.py on GPU 0 ===
skipping cudagraphs due to mutated inputs (2 instances). Found from : 
   File "/data/results/lmstudio_prompt9_speed/call_acc/sigmoid_batch_norm.py", line 9, in _sigmoid_batch_norm_impl
    return torch.sigmoid(F.batch_norm(input, running_mean, running_var, weight, bias, training, momentum, eps))


=== Output for fused_hardsigmoid_batch_norm.py on GPU 0 ===

=== Errors for fused_hardsigmoid_batch_norm.py on GPU 0 ===
  File "/data/results/lmstudio_prompt9_speed/call_acc/fused_hardsigmoid_batch_norm.py", line 2
    "error": {
IndentationError: unexpected indent

=== Output for zeta.py on GPU 0 ===

=== Errors for zeta.py on GPU 0 ===
  File "/data/results/lmstudio_prompt9_speed/call_acc/zeta.py", line 2
    "error": {
IndentationError: unexpected indent

=== Output for symmetric_matrix_vector_norm.py on GPU 0 ===

=== Errors for symmetric_matrix_vector_norm.py on GPU 0 ===
Traceback (most recent call last):
  File "/usr/local/lib/python3.12/site-packages/triton/language/core.py", line 35, in wrapper
    return fn(*args, **kwargs)
           ^^^^^^^^^^^^^^^^^^^
  File "/usr/local/lib/python3.12/site-packages/triton/language/core.py", line 1597, in load
    return semantic.load(pointer, mask, other, boundary_check, padding_option, cache_modifier, eviction_policy,
           ^^^^^^^^^^^^^^^^^^^^^^^^^^^^^^^^^^^^^^^^^^^^^^^^^^^^^^^^^^^^^^^^^^^^^^^^^^^^^^^^^^^^^^^^^^^^^^^^^^^^
  File "/usr/local/lib/python3.12/site-packages/triton/language/semantic.py", line 1037, in load
    return _load_legacy(ptr, mask, other, boundary_check, padding, cache, eviction, is_volatile, builder)
           ^^^^^^^^^^^^^^^^^^^^^^^^^^^^^^^^^^^^^^^^^^^^^^^^^^^^^^^^^^^^^^^^^^^^^^^^^^^^^^^^^^^^^^^^^^^^^^
  File "/usr/local/lib/python3.12/site-packages/triton/language/semantic.py", line 989, in _load_legacy
    mask = broadcast_impl_shape(mask, ptr.type.get_block_shapes(), builder)
           ^^^^^^^^^^^^^^^^^^^^^^^^^^^^^^^^^^^^^^^^^^^^^^^^^^^^^^^^^^^^^^^^
  File "/usr/local/lib/python3.12/site-packages/triton/language/semantic.py", line 631, in broadcast_impl_shape
    raise ValueError(f"Cannot broadcast, rank mismatch: {src_shape}, {shape}")
ValueError: Cannot broadcast, rank mismatch: [1024], [1024, 1024]

The above exception was the direct cause of the following exception:

Traceback (most recent call last):
  File "/data/results/lmstudio_prompt9_speed/call_acc/symmetric_matrix_vector_norm.py", line 66, in <module>
    test_results = test_symmetric_matrix_vector_norm()
                   ^^^^^^^^^^^^^^^^^^^^^^^^^^^^^^^^^^^
  File "/data/results/lmstudio_prompt9_speed/call_acc/symmetric_matrix_vector_norm.py", line 44, in test_symmetric_matrix_vector_norm
    results["test_case_1"] = symmetric_matrix_vector_norm(A, x, alpha, beta).item()
                             ^^^^^^^^^^^^^^^^^^^^^^^^^^^^^^^^^^^^^^^^^^^^^^^
  File "/data/results/lmstudio_prompt9_speed/call_acc/symmetric_matrix_vector_norm.py", line 27, in symmetric_matrix_vector_norm
    _sym_mv_kernel[grid](A, x, y, n, alpha, beta, BLOCK_SIZE=1024)
  File "/usr/local/lib/python3.12/site-packages/triton/runtime/jit.py", line 345, in <lambda>
    return lambda *args, **kwargs: self.run(grid=grid, warmup=False, *args, **kwargs)
                                   ^^^^^^^^^^^^^^^^^^^^^^^^^^^^^^^^^^^^^^^^^^^^^^^^^^
  File "/usr/local/lib/python3.12/site-packages/triton/runtime/jit.py", line 662, in run
    kernel = self.compile(
             ^^^^^^^^^^^^^
  File "/usr/local/lib/python3.12/site-packages/triton/compiler/compiler.py", line 276, in compile
    module = src.make_ir(options, codegen_fns, context)
             ^^^^^^^^^^^^^^^^^^^^^^^^^^^^^^^^^^^^^^^^^^
  File "/usr/local/lib/python3.12/site-packages/triton/compiler/compiler.py", line 113, in make_ir
    return ast_to_ttir(self.fn, self, context=context, options=options, codegen_fns=codegen_fns)
           ^^^^^^^^^^^^^^^^^^^^^^^^^^^^^^^^^^^^^^^^^^^^^^^^^^^^^^^^^^^^^^^^^^^^^^^^^^^^^^^^^^^^^
triton.compiler.errors.CompilationError: at 10:16:
def _sym_mv_kernel(A_ptr, x_ptr, y_ptr, n, alpha, beta, BLOCK_SIZE: tl.constexpr):
    pid = tl.program_id(0)
    row_off = pid * BLOCK_SIZE + tl.arange(0, BLOCK_SIZE)
    mask = row_off < n
    col_off = tl.arange(0, BLOCK_SIZE)
    acc = tl.zeros((BLOCK_SIZE,), dtype=tl.float32)
    for start_col in range(0, n, BLOCK_SIZE):
        col_idx = start_col + col_off
        col_mask = col_idx < n
        A_row = tl.load(A_ptr + row_off[:, None] * n + col_idx[None, :], mask=col_mask, other=0.0)
                ^

=== Output for softplus_linear.py on GPU 0 ===

=== Errors for softplus_linear.py on GPU 0 ===
  File "/data/results/lmstudio_prompt9_speed/call_acc/softplus_linear.py", line 2
    "error": {
IndentationError: unexpected indent

=== Output for fused_svd_reconstruct.py on GPU 0 ===

=== Errors for fused_svd_reconstruct.py on GPU 0 ===
Traceback (most recent call last):
  File "/data/results/lmstudio_prompt9_speed/call_acc/fused_svd_reconstruct.py", line 38, in <module>
    test_results = test_fused_svd_reconstruct()
                   ^^^^^^^^^^^^^^^^^^^^^^^^^^^^
  File "/data/results/lmstudio_prompt9_speed/call_acc/fused_svd_reconstruct.py", line 26, in test_fused_svd_reconstruct
    results["test_case_2"] = fused_svd_reconstruct(A2)
                             ^^^^^^^^^^^^^^^^^^^^^^^^^
  File "/data/results/lmstudio_prompt9_speed/call_acc/fused_svd_reconstruct.py", line 9, in fused_svd_reconstruct
    return U @ (S.unsqueeze(-1) * Vh)
           ~~^~~~~~~~~~~~~~~~~~~~~~~~
RuntimeError: mat1 and mat2 shapes cannot be multiplied (3x3 and 2x2)

=== Output for fused_mul_add_logsoftmax_dropout_bmm.py on GPU 0 ===

=== Errors for fused_mul_add_logsoftmax_dropout_bmm.py on GPU 0 ===
W0527 14:24:44.981000 1263 site-packages/torch/_inductor/utils.py:1048] [0/0] Not enough SMs to use max_autotune_gemm mode

=== Output for selu.py on GPU 0 ===

=== Errors for selu.py on GPU 0 ===

=== Output for scaled_add_norm.py on GPU 0 ===

=== Errors for scaled_add_norm.py on GPU 0 ===

=== Output for leaky_relu_conv2d.py on GPU 0 ===

=== Errors for leaky_relu_conv2d.py on GPU 0 ===
W0527 14:25:08.923000 1373 site-packages/torch/_inductor/utils.py:1048] [0/0] Not enough SMs to use max_autotune_gemm mode

=== Output for sqrt_exp.py on GPU 0 ===

=== Errors for sqrt_exp.py on GPU 0 ===

=== Output for cos_avg_pool1d.py on GPU 0 ===

=== Errors for cos_avg_pool1d.py on GPU 0 ===

=== Output for sum_std.py on GPU 0 ===

=== Errors for sum_std.py on GPU 0 ===

=== Output for mul_relu.py on GPU 0 ===

=== Errors for mul_relu.py on GPU 0 ===

=== Output for gelu_conv2d.py on GPU 0 ===

=== Errors for gelu_conv2d.py on GPU 0 ===
W0527 14:26:03.044000 1710 site-packages/torch/_inductor/utils.py:1048] [0/0] Not enough SMs to use max_autotune_gemm mode

=== Output for fused_instance_norm_selu_conv2d.py on GPU 0 ===

=== Errors for fused_instance_norm_selu_conv2d.py on GPU 0 ===
W0527 14:26:22.117000 1798 site-packages/torch/_inductor/utils.py:1048] [0/0] Not enough SMs to use max_autotune_gemm mode

=== Output for fused_fractional_max_pool2d_with_relu.py on GPU 0 ===

=== Errors for fused_fractional_max_pool2d_with_relu.py on GPU 0 ===

=== Output for chebyshev_polynomial_t.py on GPU 0 ===

=== Errors for chebyshev_polynomial_t.py on GPU 0 ===

=== Output for logit.py on GPU 0 ===

=== Errors for logit.py on GPU 0 ===

=== Output for solve_symmetric_ldl.py on GPU 0 ===

=== Errors for solve_symmetric_ldl.py on GPU 0 ===
Traceback (most recent call last):
  File "/data/results/lmstudio_prompt9_speed/call_acc/solve_symmetric_ldl.py", line 67, in <module>
    test_results = test_solve_symmetric_ldl()
                   ^^^^^^^^^^^^^^^^^^^^^^^^^^
  File "/data/results/lmstudio_prompt9_speed/call_acc/solve_symmetric_ldl.py", line 35, in test_solve_symmetric_ldl
    results["test_case_1"] = solve_symmetric_ldl(A1, b1)
                             ^^^^^^^^^^^^^^^^^^^^^^^^^^^
  File "/data/results/lmstudio_prompt9_speed/call_acc/solve_symmetric_ldl.py", line 9, in solve_symmetric_ldl
    L, D, _ = torch.linalg.ldl_ex(A, hermitian=hermitian)
              ^^^^^^^^^^^^^^^^^^^
AttributeError: module 'torch.linalg' has no attribute 'ldl_ex'

=== Output for exp_sqrt.py on GPU 0 ===

=== Errors for exp_sqrt.py on GPU 0 ===

=== Output for combined_activation.py on GPU 0 ===

=== Errors for combined_activation.py on GPU 0 ===
W0527 14:27:25.536000 2108 site-packages/torch/_inductor/utils.py:1048] [0/0] Not enough SMs to use max_autotune_gemm mode

=== Output for scaled_add_dot.py on GPU 0 ===

=== Errors for scaled_add_dot.py on GPU 0 ===

=== Output for tensordot.py on GPU 0 ===

=== Errors for tensordot.py on GPU 0 ===

=== Output for qr.py on GPU 0 ===

=== Errors for qr.py on GPU 0 ===

=== Output for asin.py on GPU 0 ===

=== Errors for asin.py on GPU 0 ===

ne 1710, in LOAD_METHOD
    self._load_attr(inst)
  File "/usr/local/lib/python3.12/site-packages/torch/_dynamo/symbolic_convert.py", line 1734, in _load_attr
    result = BuiltinVariable(getattr).call_function(
             ^^^^^^^^^^^^^^^^^^^^^^^^^^^^^^^^^^^^^^^
  File "/usr/local/lib/python3.12/site-packages/torch/_dynamo/variables/builtin.py", line 967, in call_function
    return handler(tx, args, kwargs)
           ^^^^^^^^^^^^^^^^^^^^^^^^^
  File "/usr/local/lib/python3.12/site-packages/torch/_dynamo/variables/builtin.py", line 711, in <lambda>
    return lambda tx, args, kwargs: obj.call_function(
                                    ^^^^^^^^^^^^^^^^^^
  File "/usr/local/lib/python3.12/site-packages/torch/_dynamo/variables/builtin.py", line 967, in call_function
    return handler(tx, args, kwargs)
           ^^^^^^^^^^^^^^^^^^^^^^^^^
  File "/usr/local/lib/python3.12/site-packages/torch/_dynamo/variables/builtin.py", line 848, in builtin_dispatch
    rv = fn(tx, args, kwargs)
         ^^^^^^^^^^^^^^^^^^^^
  File "/usr/local/lib/python3.12/site-packages/torch/_dynamo/variables/builtin.py", line 766, in call_self_handler
    result = self_handler(tx, *args, **kwargs)
             ^^^^^^^^^^^^^^^^^^^^^^^^^^^^^^^^^
  File "/usr/local/lib/python3.12/site-packages/torch/_dynamo/variables/builtin.py", line 1727, in call_getattr
    return obj.var_getattr(tx, name)
           ^^^^^^^^^^^^^^^^^^^^^^^^^
  File "/usr/local/lib/python3.12/site-packages/torch/_dynamo/variables/base.py", line 244, in var_getattr
    value = self.const_getattr(tx, name)
            ^^^^^^^^^^^^^^^^^^^^^^^^^^^^
  File "/usr/local/lib/python3.12/site-packages/torch/_dynamo/variables/constant.py", line 130, in const_getattr
    member = getattr(self.value, name)
             ^^^^^^^^^^^^^^^^^^^^^^^^^
torch._dynamo.exc.InternalTorchDynamoError: AttributeError: 'int' object has no attribute 'contiguous'

from user code:
   File "/data/results/lmstudio_prompt9_ultraspeed/call_acc/chebyshev_polynomial_t.py", line 71, in _chebyshev_impl
    n_t = n.contiguous()

Set TORCH_LOGS="+dynamo" and TORCHDYNAMO_VERBOSE=1 for more information


You can suppress this exception and fall back to eager by setting:
    import torch._dynamo
    torch._dynamo.config.suppress_errors = True


=== Output for logit.py on GPU 0 ===

=== Errors for logit.py on GPU 0 ===

=== Output for solve_symmetric_ldl.py on GPU 0 ===

=== Errors for solve_symmetric_ldl.py on GPU 0 ===
Traceback (most recent call last):
  File "/data/results/lmstudio_prompt9_ultraspeed/call_acc/solve_symmetric_ldl.py", line 79, in <module>
    test_results = test_solve_symmetric_ldl()
                   ^^^^^^^^^^^^^^^^^^^^^^^^^^
  File "/data/results/lmstudio_prompt9_ultraspeed/call_acc/solve_symmetric_ldl.py", line 47, in test_solve_symmetric_ldl
    results["test_case_1"] = solve_symmetric_ldl(A1, b1)
                             ^^^^^^^^^^^^^^^^^^^^^^^^^^^
  File "/data/results/lmstudio_prompt9_ultraspeed/call_acc/solve_symmetric_ldl.py", line 29, in solve_symmetric_ldl
    y = _solve_symmetric_ldl_fast(A, b, hermitian)
        ^^^^^^^^^^^^^^^^^^^^^^^^^^^^^^^^^^^^^^^^^^
  File "/usr/local/lib/python3.12/site-packages/torch/_dynamo/eval_frame.py", line 465, in _fn
    return fn(*args, **kwargs)
           ^^^^^^^^^^^^^^^^^^^
  File "/usr/local/lib/python3.12/site-packages/torch/_dynamo/convert_frame.py", line 1269, in __call__
    return self._torchdynamo_orig_callable(
           ^^^^^^^^^^^^^^^^^^^^^^^^^^^^^^^^
  File "/usr/local/lib/python3.12/site-packages/torch/_dynamo/convert_frame.py", line 1064, in __call__
    result = self._inner_convert(
             ^^^^^^^^^^^^^^^^^^^^
  File "/usr/local/lib/python3.12/site-packages/torch/_dynamo/convert_frame.py", line 526, in __call__
    return _compile(
           ^^^^^^^^^
  File "/usr/local/lib/python3.12/site-packages/torch/_dynamo/convert_frame.py", line 952, in _compile
    raise InternalTorchDynamoError(
  File "/usr/local/lib/python3.12/site-packages/torch/_dynamo/convert_frame.py", line 924, in _compile
    guarded_code = compile_inner(code, one_graph, hooks, transform)
                   ^^^^^^^^^^^^^^^^^^^^^^^^^^^^^^^^^^^^^^^^^^^^^^^^
  File "/usr/local/lib/python3.12/site-packages/torch/_dynamo/convert_frame.py", line 666, in compile_inner
    return _compile_inner(code, one_graph, hooks, transform)
           ^^^^^^^^^^^^^^^^^^^^^^^^^^^^^^^^^^^^^^^^^^^^^^^^^
  File "/usr/local/lib/python3.12/site-packages/torch/_utils_internal.py", line 87, in wrapper_function
    return function(*args, **kwargs)
           ^^^^^^^^^^^^^^^^^^^^^^^^^
  File "/usr/local/lib/python3.12/site-packages/torch/_dynamo/convert_frame.py", line 699, in _compile_inner
    out_code = transform_code_object(code, transform)
               ^^^^^^^^^^^^^^^^^^^^^^^^^^^^^^^^^^^^^^
  File "/usr/local/lib/python3.12/site-packages/torch/_dynamo/bytecode_transformation.py", line 1322, in transform_code_object
    transformations(instructions, code_options)
  File "/usr/local/lib/python3.12/site-packages/torch/_dynamo/convert_frame.py", line 219, in _fn
    return fn(*args, **kwargs)
           ^^^^^^^^^^^^^^^^^^^
  File "/usr/local/lib/python3.12/site-packages/torch/_dynamo/convert_frame.py", line 634, in transform
    tracer.run()
  File "/usr/local/lib/python3.12/site-packages/torch/_dynamo/symbolic_convert.py", line 2796, in run
    super().run()
  File "/usr/local/lib/python3.12/site-packages/torch/_dynamo/symbolic_convert.py", line 983, in run
    while self.step():
          ^^^^^^^^^^^
  File "/usr/local/lib/python3.12/site-packages/torch/_dynamo/symbolic_convert.py", line 895, in step
    self.dispatch_table[inst.opcode](self, inst)
  File "/usr/local/lib/python3.12/site-packages/torch/_dynamo/symbolic_convert.py", line 1742, in LOAD_ATTR
    self.LOAD_METHOD(inst)
  File "/usr/local/lib/python3.12/site-packages/torch/_dynamo/symbolic_convert.py", line 1710, in LOAD_METHOD
    self._load_attr(inst)
  File "/usr/local/lib/python3.12/site-packages/torch/_dynamo/symbolic_convert.py", line 1734, in _load_attr
    result = BuiltinVariable(getattr).call_function(
             ^^^^^^^^^^^^^^^^^^^^^^^^^^^^^^^^^^^^^^^
  File "/usr/local/lib/python3.12/site-packages/torch/_dynamo/variables/builtin.py", line 967, in call_function
    return handler(tx, args, kwargs)
           ^^^^^^^^^^^^^^^^^^^^^^^^^
  File "/usr/local/lib/python3.12/site-packages/torch/_dynamo/variables/builtin.py", line 848, in builtin_dispatch
    rv = fn(tx, args, kwargs)
         ^^^^^^^^^^^^^^^^^^^^
  File "/usr/local/lib/python3.12/site-packages/torch/_dynamo/variables/builtin.py", line 766, in call_self_handler
    result = self_handler(tx, *args, **kwargs)
             ^^^^^^^^^^^^^^^^^^^^^^^^^^^^^^^^^
  File "/usr/local/lib/python3.12/site-packages/torch/_dynamo/variables/builtin.py", line 1755, in call_getattr
    return obj.var_getattr(tx, name)
           ^^^^^^^^^^^^^^^^^^^^^^^^^
  File "/usr/local/lib/python3.12/site-packages/torch/_dynamo/variables/misc.py", line 1166, in var_getattr
    attr_value = getattr(self.value, name)
                 ^^^^^^^^^^^^^^^^^^^^^^^^^
torch._dynamo.exc.InternalTorchDynamoError: AttributeError: module 'torch.linalg' has no attribute 'ldl'

from user code:
   File "/data/results/lmstudio_prompt9_ultraspeed/call_acc/solve_symmetric_ldl.py", line 16, in _solve_symmetric_ldl_impl
    L, D = torch.linalg.ldl(A, hermitian=hermitian, pivoting=False)

Set TORCH_LOGS="+dynamo" and TORCHDYNAMO_VERBOSE=1 for more information


You can suppress this exception and fall back to eager by setting:
    import torch._dynamo
    torch._dynamo.config.suppress_errors = True


=== Output for exp_sqrt.py on GPU 0 ===

=== Errors for exp_sqrt.py on GPU 0 ===

=== Output for combined_activation.py on GPU 0 ===

=== Errors for combined_activation.py on GPU 0 ===
W0527 11:55:29.928000 3008 site-packages/torch/_inductor/utils.py:1048] [0/0] Not enough SMs to use max_autotune_gemm mode

=== Output for scaled_add_dot.py on GPU 0 ===

=== Errors for scaled_add_dot.py on GPU 0 ===

=== Output for tensordot.py on GPU 0 ===

=== Errors for tensordot.py on GPU 0 ===
Traceback (most recent call last):
  File "/data/results/lmstudio_prompt9_ultraspeed/call_acc/tensordot.py", line 74, in <module>
    test_results = test_tensordot()
                   ^^^^^^^^^^^^^^^^
  File "/data/results/lmstudio_prompt9_ultraspeed/call_acc/tensordot.py", line 65, in test_tensordot
    results["test_case_2"] = tensordot(a, b, dims=2).cpu()
                             ^^^^^^^^^^^^^^^^^^^^^^^
  File "/data/results/lmstudio_prompt9_ultraspeed/call_acc/tensordot.py", line 45, in tensordot
    return _tensordot_fast(a, b, dims)
           ^^^^^^^^^^^^^^^^^^^^^^^^^^^
  File "/usr/local/lib/python3.12/site-packages/torch/_dynamo/eval_frame.py", line 465, in _fn
    return fn(*args, **kwargs)
           ^^^^^^^^^^^^^^^^^^^
  File "/usr/local/lib/python3.12/site-packages/torch/_dynamo/convert_frame.py", line 1269, in __call__
    return self._torchdynamo_orig_callable(
           ^^^^^^^^^^^^^^^^^^^^^^^^^^^^^^^^
  File "/usr/local/lib/python3.12/site-packages/torch/_dynamo/convert_frame.py", line 1064, in __call__
    result = self._inner_convert(
             ^^^^^^^^^^^^^^^^^^^^
  File "/usr/local/lib/python3.12/site-packages/torch/_dynamo/convert_frame.py", line 526, in __call__
    return _compile(
           ^^^^^^^^^
  File "/usr/local/lib/python3.12/site-packages/torch/_dynamo/convert_frame.py", line 924, in _compile
    guarded_code = compile_inner(code, one_graph, hooks, transform)
                   ^^^^^^^^^^^^^^^^^^^^^^^^^^^^^^^^^^^^^^^^^^^^^^^^
  File "/usr/local/lib/python3.12/site-packages/torch/_dynamo/convert_frame.py", line 666, in compile_inner
    return _compile_inner(code, one_graph, hooks, transform)
           ^^^^^^^^^^^^^^^^^^^^^^^^^^^^^^^^^^^^^^^^^^^^^^^^^
  File "/usr/local/lib/python3.12/site-packages/torch/_utils_internal.py", line 87, in wrapper_function
    return function(*args, **kwargs)
           ^^^^^^^^^^^^^^^^^^^^^^^^^
  File "/usr/local/lib/python3.12/site-packages/torch/_dynamo/convert_frame.py", line 699, in _compile_inner
    out_code = transform_code_object(code, transform)
               ^^^^^^^^^^^^^^^^^^^^^^^^^^^^^^^^^^^^^^
  File "/usr/local/lib/python3.12/site-packages/torch/_dynamo/bytecode_transformation.py", line 1322, in transform_code_object
    transformations(instructions, code_options)
  File "/usr/local/lib/python3.12/site-packages/torch/_dynamo/convert_frame.py", line 219, in _fn
    return fn(*args, **kwargs)
           ^^^^^^^^^^^^^^^^^^^
  File "/usr/local/lib/python3.12/site-packages/torch/_dynamo/convert_frame.py", line 634, in transform
    tracer.run()
  File "/usr/local/lib/python3.12/site-packages/torch/_dynamo/symbolic_convert.py", line 2796, in run
    super().run()
  File "/usr/local/lib/python3.12/site-packages/torch/_dynamo/symbolic_convert.py", line 983, in run
    while self.step():
          ^^^^^^^^^^^
  File "/usr/local/lib/python3.12/site-packages/torch/_dynamo/symbolic_convert.py", line 895, in step
    self.dispatch_table[inst.opcode](self, inst)
  File "/usr/local/lib/python3.12/site-packages/torch/_dynamo/symbolic_convert.py", line 582, in wrapper
    return inner_fn(self, inst)
           ^^^^^^^^^^^^^^^^^^^^
  File "/usr/local/lib/python3.12/site-packages/torch/_dynamo/symbolic_convert.py", line 2279, in CALL
    self._call(inst)
  File "/usr/local/lib/python3.12/site-packages/torch/_dynamo/symbolic_convert.py", line 2273, in _call
    self.call_function(fn, args, kwargs)
  File "/usr/local/lib/python3.12/site-packages/torch/_dynamo/symbolic_convert.py", line 830, in call_function
    self.push(fn.call_function(self, args, kwargs))  # type: ignore[arg-type]
              ^^^^^^^^^^^^^^^^^^^^^^^^^^^^^^^^^^^^
  File "/usr/local/lib/python3.12/site-packages/torch/_dynamo/variables/misc.py", line 1024, in call_function
    return self.obj.call_method(tx, self.name, args, kwargs)
           ^^^^^^^^^^^^^^^^^^^^^^^^^^^^^^^^^^^^^^^^^^^^^^^^^
  File "/usr/local/lib/python3.12/site-packages/torch/_dynamo/variables/tensor.py", line 535, in call_method
    return wrap_fx_proxy(
           ^^^^^^^^^^^^^^
  File "/usr/local/lib/python3.12/site-packages/torch/_dynamo/variables/builder.py", line 2037, in wrap_fx_proxy
    return wrap_fx_proxy_cls(target_cls=TensorVariable, **kwargs)
           ^^^^^^^^^^^^^^^^^^^^^^^^^^^^^^^^^^^^^^^^^^^^^^^^^^^^^^
  File "/usr/local/lib/python3.12/site-packages/torch/_dynamo/variables/builder.py", line 2124, in wrap_fx_proxy_cls
    example_value = get_fake_value(proxy.node, tx, allow_non_graph_fake=True)
                    ^^^^^^^^^^^^^^^^^^^^^^^^^^^^^^^^^^^^^^^^^^^^^^^^^^^^^^^^^
  File "/usr/local/lib/python3.12/site-packages/torch/_dynamo/utils.py", line 2082, in get_fake_value
    raise TorchRuntimeError(str(e)).with_traceback(e.__traceback__) from None
  File "/usr/local/lib/python3.12/site-packages/torch/_dynamo/utils.py", line 2017, in get_fake_value
    ret_val = wrap_fake_exception(
              ^^^^^^^^^^^^^^^^^^^^
  File "/usr/local/lib/python3.12/site-packages/torch/_dynamo/utils.py", line 1574, in wrap_fake_exception
    return fn()
           ^^^^
  File "/usr/local/lib/python3.12/site-packages/torch/_dynamo/utils.py", line 2018, in <lambda>
    lambda: run_node(tx.output, node, args, kwargs, nnmodule)
            ^^^^^^^^^^^^^^^^^^^^^^^^^^^^^^^^^^^^^^^^^^^^^^^^^
  File "/usr/local/lib/python3.12/site-packages/torch/_dynamo/utils.py", line 2150, in run_node
    raise RuntimeError(make_error_message(e)).with_traceback(
  File "/usr/local/lib/python3.12/site-packages/torch/_dynamo/utils.py", line 2134, in run_node
    return getattr(args[0], node.target)(*args[1:], **kwargs)
           ^^^^^^^^^^^^^^^^^^^^^^^^^^^^^^^^^^^^^^^^^^^^^^^^^^
  File "/usr/local/lib/python3.12/site-packages/torch/utils/_stats.py", line 21, in wrapper
    return fn(*args, **kwargs)
           ^^^^^^^^^^^^^^^^^^^
  File "/usr/local/lib/python3.12/site-packages/torch/_subclasses/fake_tensor.py", line 1238, in __torch_dispatch__
    return self.dispatch(func, types, args, kwargs)
           ^^^^^^^^^^^^^^^^^^^^^^^^^^^^^^^^^^^^^^^^
  File "/usr/local/lib/python3.12/site-packages/torch/_subclasses/fake_tensor.py", line 1692, in dispatch
    return self._cached_dispatch_impl(func, types, args, kwargs)
           ^^^^^^^^^^^^^^^^^^^^^^^^^^^^^^^^^^^^^^^^^^^^^^^^^^^^^
  File "/usr/local/lib/python3.12/site-packages/torch/_subclasses/fake_tensor.py", line 1348, in _cached_dispatch_impl
    output = self._dispatch_impl(func, types, args, kwargs)
             ^^^^^^^^^^^^^^^^^^^^^^^^^^^^^^^^^^^^^^^^^^^^^^
  File "/usr/local/lib/python3.12/site-packages/torch/_subclasses/fake_tensor.py", line 1943, in _dispatch_impl
    return decomposition_table[func](*args, **kwargs)
           ^^^^^^^^^^^^^^^^^^^^^^^^^^^^^^^^^^^^^^^^^^
  File "/usr/local/lib/python3.12/site-packages/torch/_refs/__init__.py", line 4591, in view
    return _reshape_view_helper(a, *shape, allow_copy=False)
           ^^^^^^^^^^^^^^^^^^^^^^^^^^^^^^^^^^^^^^^^^^^^^^^^^
  File "/usr/local/lib/python3.12/site-packages/torch/_refs/__init__.py", line 3659, in _reshape_view_helper
    shape = utils.infer_size(shape, a.numel())
            ^^^^^^^^^^^^^^^^^^^^^^^^^^^^^^^^^^
  File "/usr/local/lib/python3.12/site-packages/torch/_prims_common/__init__.py", line 901, in infer_size
    torch._check(
  File "/usr/local/lib/python3.12/site-packages/torch/__init__.py", line 1564, in _check
    _check_with(RuntimeError, cond, message)
  File "/usr/local/lib/python3.12/site-packages/torch/__init__.py", line 1546, in _check_with
    raise error_type(message_evaluated)
torch._dynamo.exc.TorchRuntimeError: Failed running call_method reshape(*(FakeTensor(..., device='cuda:0', size=(15, s0*s1)), torch.Size([3, s1])), **{}):
shape '[3, s1]' is invalid for input of size 15*s0*s1

from user code:
   File "/data/results/lmstudio_prompt9_ultraspeed/call_acc/tensordot.py", line 37, in _tensordot_impl
    return torch.matmul(a_, b_).reshape(out_shape)

Set TORCH_LOGS="+dynamo" and TORCHDYNAMO_VERBOSE=1 for more information


You can suppress this exception and fall back to eager by setting:
    import torch._dynamo
    torch._dynamo.config.suppress_errors = True


=== Output for qr.py on GPU 0 ===

=== Errors for qr.py on GPU 0 ===

=== Output for asin.py on GPU 0 ===

=== Errors for asin.py on GPU 0 ===

=== Output for fused_masked_select_add_gelu.py on GPU 0 ===

=== Errors for fused_masked_select_add_gelu.py on GPU 0 ===

=== Output for fused_pairwise_distance_adaptive_avg_pool2d.py on GPU 0 ===

=== Errors for fused_pairwise_distance_adaptive_avg_pool2d.py on GPU 0 ===
Traceback (most recent call last):
  File "/usr/local/lib/python3.12/site-packages/torch/_dynamo/output_graph.py", line 1446, in _call_user_compiler
    compiled_fn = compiler_fn(gm, self.example_inputs())
                  ^^^^^^^^^^^^^^^^^^^^^^^^^^^^^^^^^^^^^^
  File "/usr/local/lib/python3.12/site-packages/torch/_dynamo/repro/after_dynamo.py", line 129, in __call__
    compiled_gm = compiler_fn(gm, example_inputs)
                  ^^^^^^^^^^^^^^^^^^^^^^^^^^^^^^^
  File "/usr/local/lib/python3.12/site-packages/torch/__init__.py", line 2234, in __call__
    return compile_fx(model_, inputs_, config_patches=self.config)
           ^^^^^^^^^^^^^^^^^^^^^^^^^^^^^^^^^^^^^^^^^^^^^^^^^^^^^^^
  File "/usr/local/lib/python3.12/site-packages/torch/_inductor/compile_fx.py", line 1253, in compile_fx
    return compile_fx(
           ^^^^^^^^^^^
  File "/usr/local/lib/python3.12/site-packages/torch/_inductor/compile_fx.py", line 1521, in compile_fx
    return aot_autograd(
           ^^^^^^^^^^^^^
  File "/usr/local/lib/python3.12/site-packages/torch/_dynamo/backends/common.py", line 72, in __call__
    cg = aot_module_simplified(gm, example_inputs, **self.kwargs)
         ^^^^^^^^^^^^^^^^^^^^^^^^^^^^^^^^^^^^^^^^^^^^^^^^^^^^^^^^
  File "/usr/local/lib/python3.12/site-packages/torch/_functorch/aot_autograd.py", line 1071, in aot_module_simplified
    compiled_fn = dispatch_and_compile()
                  ^^^^^^^^^^^^^^^^^^^^^^
  File "/usr/local/lib/python3.12/site-packages/torch/_functorch/aot_autograd.py", line 1056, in dispatch_and_compile
    compiled_fn, _ = create_aot_dispatcher_function(
                     ^^^^^^^^^^^^^^^^^^^^^^^^^^^^^^^
  File "/usr/local/lib/python3.12/site-packages/torch/_functorch/aot_autograd.py", line 522, in create_aot_dispatcher_function
    return _create_aot_dispatcher_function(
           ^^^^^^^^^^^^^^^^^^^^^^^^^^^^^^^^
  File "/usr/local/lib/python3.12/site-packages/torch/_functorch/aot_autograd.py", line 759, in _create_aot_dispatcher_function
    compiled_fn, fw_metadata = compiler_fn(
                               ^^^^^^^^^^^^
  File "/usr/local/lib/python3.12/site-packages/torch/_functorch/_aot_autograd/jit_compile_runtime_wrappers.py", line 179, in aot_dispatch_base
    compiled_fw = compiler(fw_module, updated_flat_args)
                  ^^^^^^^^^^^^^^^^^^^^^^^^^^^^^^^^^^^^^^
  File "/usr/local/lib/python3.12/site-packages/torch/_inductor/compile_fx.py", line 1350, in fw_compiler_base
    return _fw_compiler_base(model, example_inputs, is_inference)
           ^^^^^^^^^^^^^^^^^^^^^^^^^^^^^^^^^^^^^^^^^^^^^^^^^^^^^^
  File "/usr/local/lib/python3.12/site-packages/torch/_inductor/compile_fx.py", line 1421, in _fw_compiler_base
    return inner_compile(
           ^^^^^^^^^^^^^^
  File "/usr/local/lib/python3.12/contextlib.py", line 81, in inner
    return func(*args, **kwds)
           ^^^^^^^^^^^^^^^^^^^
  File "/usr/local/lib/python3.12/site-packages/torch/_inductor/compile_fx.py", line 475, in compile_fx_inner
    return wrap_compiler_debug(_compile_fx_inner, compiler_name="inductor")(
           ^^^^^^^^^^^^^^^^^^^^^^^^^^^^^^^^^^^^^^^^^^^^^^^^^^^^^^^^^^^^^^^^^
  File "/usr/local/lib/python3.12/site-packages/torch/_dynamo/repro/after_aot.py", line 85, in debug_wrapper
    inner_compiled_fn = compiler_fn(gm, example_inputs)
                        ^^^^^^^^^^^^^^^^^^^^^^^^^^^^^^^
  File "/usr/local/lib/python3.12/site-packages/torch/_inductor/compile_fx.py", line 661, in _compile_fx_inner
    compiled_graph = FxGraphCache.load(
                     ^^^^^^^^^^^^^^^^^^
  File "/usr/local/lib/python3.12/site-packages/torch/_inductor/codecache.py", line 1334, in load
    compiled_graph = compile_fx_fn(
                     ^^^^^^^^^^^^^^
  File "/usr/local/lib/python3.12/site-packages/torch/_inductor/compile_fx.py", line 570, in codegen_and_compile
    compiled_graph = fx_codegen_and_compile(gm, example_inputs, **fx_kwargs)
                     ^^^^^^^^^^^^^^^^^^^^^^^^^^^^^^^^^^^^^^^^^^^^^^^^^^^^^^^
  File "/usr/local/lib/python3.12/site-packages/torch/_inductor/compile_fx.py", line 859, in fx_codegen_and_compile
    graph.run(*example_inputs)
  File "/usr/local/lib/python3.12/site-packages/torch/_inductor/graph.py", line 780, in run
    return super().run(*args)
           ^^^^^^^^^^^^^^^^^^
  File "/usr/local/lib/python3.12/site-packages/torch/fx/interpreter.py", line 146, in run
    self.env[node] = self.run_node(node)
                     ^^^^^^^^^^^^^^^^^^^
  File "/usr/local/lib/python3.12/site-packages/torch/_inductor/graph.py", line 1319, in run_node
    result = super().run_node(n)
             ^^^^^^^^^^^^^^^^^^^
  File "/usr/local/lib/python3.12/site-packages/torch/fx/interpreter.py", line 203, in run_node
    return getattr(self, n.op)(n.target, args, kwargs)
           ^^^^^^^^^^^^^^^^^^^^^^^^^^^^^^^^^^^^^^^^^^^
  File "/usr/local/lib/python3.12/site-packages/torch/_inductor/graph.py", line 1024, in call_function
    raise LoweringException(e, target, args, kwargs).with_traceback(
  File "/usr/local/lib/python3.12/site-packages/torch/_inductor/graph.py", line 1021, in call_function
    out = lowerings[target](*args, **kwargs)  # type: ignore[index]
          ^^^^^^^^^^^^^^^^^^^^^^^^^^^^^^^^^^
  File "/usr/local/lib/python3.12/site-packages/torch/_inductor/lowering.py", line 361, in wrapped
    out = decomp_fn(*args, **kwargs)
          ^^^^^^^^^^^^^^^^^^^^^^^^^^
  File "/usr/local/lib/python3.12/site-packages/torch/_inductor/lowering.py", line 4216, in _adaptive_avg_pool2d
    if window_size > 25:
       ^^^^^^^^^^^^^^^^
  File "/usr/local/lib/python3.12/site-packages/sympy/core/relational.py", line 516, in __bool__
    raise TypeError("cannot determine truth value of Relational")
torch._inductor.exc.LoweringException: TypeError: cannot determine truth value of Relational
  target: aten._adaptive_avg_pool2d.default
  args[0]: TensorBox(StorageBox(
    InputBuffer(name='arg4_1', layout=FixedLayout('cuda', torch.float32, size=[2, 3, s2, s3], stride=[3*s2*s3, s2*s3, s3, 1]))
  ))
  args[1]: [s0, s1]

The above exception was the direct cause of the following exception:

Traceback (most recent call last):
  File "/data/results/lmstudio_prompt9_ultraspeed/call_acc/fused_pairwise_distance_adaptive_avg_pool2d.py", line 69, in <module>
    test_results = test_fused_pairwise_distance_adaptive_avg_pool2d()
                   ^^^^^^^^^^^^^^^^^^^^^^^^^^^^^^^^^^^^^^^^^^^^^^^^^^
  File "/data/results/lmstudio_prompt9_ultraspeed/call_acc/fused_pairwise_distance_adaptive_avg_pool2d.py", line 55, in test_fused_pairwise_distance_adaptive_avg_pool2d
    results["test_case_2"] = fused_pairwise_distance_adaptive_avg_pool2d(x1, x2, output_size=(16, 16))
                             ^^^^^^^^^^^^^^^^^^^^^^^^^^^^^^^^^^^^^^^^^^^^^^^^^^^^^^^^^^^^^^^^^^^^^^^^^
  File "/data/results/lmstudio_prompt9_ultraspeed/call_acc/fused_pairwise_distance_adaptive_avg_pool2d.py", line 28, in fused_pairwise_distance_adaptive_avg_pool2d
    return _fused_pairwise_distance_adaptive_avg_pool2d_fast(x1, x2, output_size, p, eps, keepdim)
           ^^^^^^^^^^^^^^^^^^^^^^^^^^^^^^^^^^^^^^^^^^^^^^^^^^^^^^^^^^^^^^^^^^^^^^^^^^^^^^^^^^^^^^^
  File "/usr/local/lib/python3.12/site-packages/torch/_dynamo/eval_frame.py", line 465, in _fn
    return fn(*args, **kwargs)
           ^^^^^^^^^^^^^^^^^^^
  File "/usr/local/lib/python3.12/site-packages/torch/_dynamo/convert_frame.py", line 1269, in __call__
    return self._torchdynamo_orig_callable(
           ^^^^^^^^^^^^^^^^^^^^^^^^^^^^^^^^
  File "/usr/local/lib/python3.12/site-packages/torch/_dynamo/convert_frame.py", line 1064, in __call__
    result = self._inner_convert(
             ^^^^^^^^^^^^^^^^^^^^
  File "/usr/local/lib/python3.12/site-packages/torch/_dynamo/convert_frame.py", line 526, in __call__
    return _compile(
           ^^^^^^^^^
  File "/usr/local/lib/python3.12/site-packages/torch/_dynamo/convert_frame.py", line 924, in _compile
    guarded_code = compile_inner(code, one_graph, hooks, transform)
                   ^^^^^^^^^^^^^^^^^^^^^^^^^^^^^^^^^^^^^^^^^^^^^^^^
  File "/usr/local/lib/python3.12/site-packages/torch/_dynamo/convert_frame.py", line 666, in compile_inner
    return _compile_inner(code, one_graph, hooks, transform)
           ^^^^^^^^^^^^^^^^^^^^^^^^^^^^^^^^^^^^^^^^^^^^^^^^^
  File "/usr/local/lib/python3.12/site-packages/torch/_utils_internal.py", line 87, in wrapper_function
    return function(*args, **kwargs)
           ^^^^^^^^^^^^^^^^^^^^^^^^^
  File "/usr/local/lib/python3.12/site-packages/torch/_dynamo/convert_frame.py", line 699, in _compile_inner
    out_code = transform_code_object(code, transform)
               ^^^^^^^^^^^^^^^^^^^^^^^^^^^^^^^^^^^^^^
  File "/usr/local/lib/python3.12/site-packages/torch/_dynamo/bytecode_transformation.py", line 1322, in transform_code_object
    transformations(instructions, code_options)
  File "/usr/local/lib/python3.12/site-packages/torch/_dynamo/convert_frame.py", line 219, in _fn
    return fn(*args, **kwargs)
           ^^^^^^^^^^^^^^^^^^^
  File "/usr/local/lib/python3.12/site-packages/torch/_dynamo/convert_frame.py", line 634, in transform
    tracer.run()
  File "/usr/local/lib/python3.12/site-packages/torch/_dynamo/symbolic_convert.py", line 2796, in run
    super().run()
  File "/usr/local/lib/python3.12/site-packages/torch/_dynamo/symbolic_convert.py", line 983, in run
    while self.step():
          ^^^^^^^^^^^
  File "/usr/local/lib/python3.12/site-packages/torch/_dynamo/symbolic_convert.py", line 895, in step
    self.dispatch_table[inst.opcode](self, inst)
  File "/usr/local/lib/python3.12/site-packages/torch/_dynamo/symbolic_convert.py", line 2987, in RETURN_VALUE
    self._return(inst)
  File "/usr/local/lib/python3.12/site-packages/torch/_dynamo/symbolic_convert.py", line 2972, in _return
    self.output.compile_subgraph(
  File "/usr/local/lib/python3.12/site-packages/torch/_dynamo/output_graph.py", line 1117, in compile_subgraph
    self.compile_and_call_fx_graph(tx, list(reversed(stack_values)), root)
  File "/usr/local/lib/python3.12/site-packages/torch/_dynamo/output_graph.py", line 1369, in compile_and_call_fx_graph
    compiled_fn = self.call_user_compiler(gm)
                  ^^^^^^^^^^^^^^^^^^^^^^^^^^^
  File "/usr/local/lib/python3.12/site-packages/torch/_dynamo/output_graph.py", line 1416, in call_user_compiler
    return self._call_user_compiler(gm)
           ^^^^^^^^^^^^^^^^^^^^^^^^^^^^
  File "/usr/local/lib/python3.12/site-packages/torch/_dynamo/output_graph.py", line 1465, in _call_user_compiler
    raise BackendCompilerFailed(self.compiler_fn, e) from e
torch._dynamo.exc.BackendCompilerFailed: backend='inductor' raised:
LoweringException: TypeError: cannot determine truth value of Relational
  target: aten._adaptive_avg_pool2d.default
  args[0]: TensorBox(StorageBox(
    InputBuffer(name='arg4_1', layout=FixedLayout('cuda', torch.float32, size=[2, 3, s2, s3], stride=[3*s2*s3, s2*s3, s3, 1]))
  ))
  args[1]: [s0, s1]

Set TORCH_LOGS="+dynamo" and TORCHDYNAMO_VERBOSE=1 for more information


You can suppress this exception and fall back to eager by setting:
    import torch._dynamo
    torch._dynamo.config.suppress_errors = True


=== Output for add_mean.py on GPU 0 ===

=== Errors for add_mean.py on GPU 0 ===

=== Output for fused_layer_norm_relu_linear.py on GPU 0 ===

=== Errors for fused_layer_norm_relu_linear.py on GPU 0 ===
W0527 11:56:49.859000 3355 site-packages/torch/_inductor/utils.py:1048] [0/0] Not enough SMs to use max_autotune_gemm mode

=== Output for fused_add_mul_groupnorm.py on GPU 0 ===

=== Errors for fused_add_mul_groupnorm.py on GPU 0 ===

=== Output for SGD.py on GPU 0 ===

=== Errors for SGD.py on GPU 0 ===
Traceback (most recent call last):
  File "/data/results/lmstudio_prompt9_ultraspeed/call_acc/SGD.py", line 96, in <module>
    test_results = test_SGD()
                   ^^^^^^^^^^
  File "/data/results/lmstudio_prompt9_ultraspeed/call_acc/SGD.py", line 67, in test_SGD
    loss = SGD(model, input, target, loss_fn)
           ^^^^^^^^^^^^^^^^^^^^^^^^^^^^^^^^^^
  File "/data/results/lmstudio_prompt9_ultraspeed/call_acc/SGD.py", line 37, in SGD
    y = _sgd_fast(params, lr, momentum, weight_decay, dampening, nesterov, maximize)
        ^^^^^^^^^^^^^^^^^^^^^^^^^^^^^^^^^^^^^^^^^^^^^^^^^^^^^^^^^^^^^^^^^^^^^^^^^^^^
  File "/usr/local/lib/python3.12/site-packages/torch/_dynamo/eval_frame.py", line 465, in _fn
    return fn(*args, **kwargs)
           ^^^^^^^^^^^^^^^^^^^
  File "/data/results/lmstudio_prompt9_ultraspeed/call_acc/SGD.py", line 16, in _sgd_impl
    for p in params:
TypeError: 'SimpleModel' object is not iterable

=== Output for relu_batch_norm_conv2d.py on GPU 0 ===
Output tensor shape: torch.Size([4, 6, 32, 32])

=== Errors for relu_batch_norm_conv2d.py on GPU 0 ===

=== Output for conv2d.py on GPU 0 ===

=== Errors for conv2d.py on GPU 0 ===

=== Output for normalized_cosine_similarity.py on GPU 0 ===

=== Errors for normalized_cosine_similarity.py on GPU 0 ===
Traceback (most recent call last):
  File "/data/results/lmstudio_prompt9_ultraspeed/call_acc/normalized_cosine_similarity.py", line 93, in <module>
    test_results = test_normalized_cosine_similarity()
                   ^^^^^^^^^^^^^^^^^^^^^^^^^^^^^^^^^^^
  File "/data/results/lmstudio_prompt9_ultraspeed/call_acc/normalized_cosine_similarity.py", line 74, in test_normalized_cosine_similarity
    results["test_case_1"] = normalized_cosine_similarity(x1, x2)
                             ^^^^^^^^^^^^^^^^^^^^^^^^^^^^^^^^^^^^
  File "/data/results/lmstudio_prompt9_ultraspeed/call_acc/normalized_cosine_similarity.py", line 46, in normalized_cosine_similarity
    _norm_cos_kernel[grid](x1_c, x2_c, out_t, x1_c.shape[-1], p_norm, 1.0 / p_norm, eps_norm, eps_similarity, BLOCK_SIZE=2048)
  File "/usr/local/lib/python3.12/site-packages/triton/runtime/jit.py", line 345, in <lambda>
    return lambda *args, **kwargs: self.run(grid=grid, warmup=False, *args, **kwargs)
                                   ^^^^^^^^^^^^^^^^^^^^^^^^^^^^^^^^^^^^^^^^^^^^^^^^^^
  File "/usr/local/lib/python3.12/site-packages/triton/runtime/jit.py", line 662, in run
    kernel = self.compile(
             ^^^^^^^^^^^^^
  File "/usr/local/lib/python3.12/site-packages/triton/compiler/compiler.py", line 276, in compile
    module = src.make_ir(options, codegen_fns, context)
             ^^^^^^^^^^^^^^^^^^^^^^^^^^^^^^^^^^^^^^^^^^
  File "/usr/local/lib/python3.12/site-packages/triton/compiler/compiler.py", line 113, in make_ir
    return ast_to_ttir(self.fn, self, context=context, options=options, codegen_fns=codegen_fns)
           ^^^^^^^^^^^^^^^^^^^^^^^^^^^^^^^^^^^^^^^^^^^^^^^^^^^^^^^^^^^^^^^^^^^^^^^^^^^^^^^^^^^^^
triton.compiler.errors.CompilationError: at 8:10:
def _norm_cos_kernel(x1_ptr, x2_ptr, out_ptr, n_cols, p_norm, inv_p, eps_norm, eps_sim, BLOCK_SIZE: tl.constexpr):
    pid = tl.program_id(0)
    row_offs = pid * n_cols + tl.arange(0, BLOCK_SIZE)
    mask = row_offs < n_cols
    x1 = tl.load(x1_ptr + row_offs, mask=mask, other=0.0)
    x2 = tl.load(x2_ptr + row_offs, mask=mask, other=0.0)

    x1p = tl.abs(x1) ** p_norm
          ^
AttributeError("'tensor' object has no attribute '__pow__'")

=== Output for fused_cholesky_solve.py on GPU 0 ===

=== Errors for fused_cholesky_solve.py on GPU 0 ===
Traceback (most recent call last):
  File "/data/results/lmstudio_prompt9_ultraspeed/call_acc/fused_cholesky_solve.py", line 58, in <module>
    test_results = test_fused_cholesky_solve()
                   ^^^^^^^^^^^^^^^^^^^^^^^^^^^
  File "/data/results/lmstudio_prompt9_ultraspeed/call_acc/fused_cholesky_solve.py", line 39, in test_fused_cholesky_solve
    results["test_case_1"] = fused_cholesky_solve(A1, b1)
                             ^^^^^^^^^^^^^^^^^^^^^^^^^^^^
  File "/data/results/lmstudio_prompt9_ultraspeed/call_acc/fused_cholesky_solve.py", line 25, in fused_cholesky_solve
    return _fused_cholesky_solve_fast(A, b)
           ^^^^^^^^^^^^^^^^^^^^^^^^^^^^^^^^
  File "/usr/local/lib/python3.12/site-packages/torch/_dynamo/eval_frame.py", line 465, in _fn
    return fn(*args, **kwargs)
           ^^^^^^^^^^^^^^^^^^^
  File "/usr/local/lib/python3.12/site-packages/torch/_dynamo/convert_frame.py", line 1269, in __call__
    return self._torchdynamo_orig_callable(
           ^^^^^^^^^^^^^^^^^^^^^^^^^^^^^^^^
  File "/usr/local/lib/python3.12/site-packages/torch/_dynamo/convert_frame.py", line 1064, in __call__
    result = self._inner_convert(
             ^^^^^^^^^^^^^^^^^^^^
  File "/usr/local/lib/python3.12/site-packages/torch/_dynamo/convert_frame.py", line 526, in __call__
    return _compile(
           ^^^^^^^^^
  File "/usr/local/lib/python3.12/site-packages/torch/_dynamo/convert_frame.py", line 952, in _compile
    raise InternalTorchDynamoError(
  File "/usr/local/lib/python3.12/site-packages/torch/_dynamo/convert_frame.py", line 924, in _compile
    guarded_code = compile_inner(code, one_graph, hooks, transform)
                   ^^^^^^^^^^^^^^^^^^^^^^^^^^^^^^^^^^^^^^^^^^^^^^^^
  File "/usr/local/lib/python3.12/site-packages/torch/_dynamo/convert_frame.py", line 666, in compile_inner
    return _compile_inner(code, one_graph, hooks, transform)
           ^^^^^^^^^^^^^^^^^^^^^^^^^^^^^^^^^^^^^^^^^^^^^^^^^
  File "/usr/local/lib/python3.12/site-packages/torch/_utils_internal.py", line 87, in wrapper_function
    return function(*args, **kwargs)
           ^^^^^^^^^^^^^^^^^^^^^^^^^
  File "/usr/local/lib/python3.12/site-packages/torch/_dynamo/convert_frame.py", line 699, in _compile_inner
    out_code = transform_code_object(code, transform)
               ^^^^^^^^^^^^^^^^^^^^^^^^^^^^^^^^^^^^^^
  File "/usr/local/lib/python3.12/site-packages/torch/_dynamo/bytecode_transformation.py", line 1322, in transform_code_object
    transformations(instructions, code_options)
  File "/usr/local/lib/python3.12/site-packages/torch/_dynamo/convert_frame.py", line 219, in _fn
    return fn(*args, **kwargs)
           ^^^^^^^^^^^^^^^^^^^
  File "/usr/local/lib/python3.12/site-packages/torch/_dynamo/convert_frame.py", line 634, in transform
    tracer.run()
  File "/usr/local/lib/python3.12/site-packages/torch/_dynamo/symbolic_convert.py", line 2796, in run
    super().run()
  File "/usr/local/lib/python3.12/site-packages/torch/_dynamo/symbolic_convert.py", line 983, in run
    while self.step():
          ^^^^^^^^^^^
  File "/usr/local/lib/python3.12/site-packages/torch/_dynamo/symbolic_convert.py", line 895, in step
    self.dispatch_table[inst.opcode](self, inst)
  File "/usr/local/lib/python3.12/site-packages/torch/_dynamo/symbolic_convert.py", line 1742, in LOAD_ATTR
    self.LOAD_METHOD(inst)
  File "/usr/local/lib/python3.12/site-packages/torch/_dynamo/symbolic_convert.py", line 1710, in LOAD_METHOD
    self._load_attr(inst)
  File "/usr/local/lib/python3.12/site-packages/torch/_dynamo/symbolic_convert.py", line 1734, in _load_attr
    result = BuiltinVariable(getattr).call_function(
             ^^^^^^^^^^^^^^^^^^^^^^^^^^^^^^^^^^^^^^^
  File "/usr/local/lib/python3.12/site-packages/torch/_dynamo/variables/builtin.py", line 967, in call_function
    return handler(tx, args, kwargs)
           ^^^^^^^^^^^^^^^^^^^^^^^^^
  File "/usr/local/lib/python3.12/site-packages/torch/_dynamo/variables/builtin.py", line 848, in builtin_dispatch
    rv = fn(tx, args, kwargs)
         ^^^^^^^^^^^^^^^^^^^^
  File "/usr/local/lib/python3.12/site-packages/torch/_dynamo/variables/builtin.py", line 766, in call_self_handler
    result = self_handler(tx, *args, **kwargs)
             ^^^^^^^^^^^^^^^^^^^^^^^^^^^^^^^^^
  File "/usr/local/lib/python3.12/site-packages/torch/_dynamo/variables/builtin.py", line 1755, in call_getattr
    return obj.var_getattr(tx, name)
           ^^^^^^^^^^^^^^^^^^^^^^^^^
  File "/usr/local/lib/python3.12/site-packages/torch/_dynamo/variables/misc.py", line 1166, in var_getattr
    attr_value = getattr(self.value, name)
                 ^^^^^^^^^^^^^^^^^^^^^^^^^
torch._dynamo.exc.InternalTorchDynamoError: AttributeError: module 'torch.linalg' has no attribute 'cho_solve'

from user code:
   File "/data/results/lmstudio_prompt9_ultraspeed/call_acc/fused_cholesky_solve.py", line 17, in _fused_cholesky_solve_impl
    return torch.linalg.cho_solve(L, b)

Set TORCH_LOGS="+dynamo" and TORCHDYNAMO_VERBOSE=1 for more information


You can suppress this exception and fall back to eager by setting:
    import torch._dynamo
    torch._dynamo.config.suppress_errors = True


=== Output for matmul.py on GPU 0 ===

=== Errors for matmul.py on GPU 0 ===
W0527 11:58:04.039000 3608 site-packages/torch/_inductor/utils.py:1048] [0/0] Not enough SMs to use max_autotune_gemm mode

=== Output for fused_gather_masked_fill.py on GPU 0 ===

=== Errors for fused_gather_masked_fill.py on GPU 0 ===
  File "/data/results/lmstudio_prompt9_ultraspeed/call_acc/fused_gather_masked_fill.py", line 2
    "error": {
IndentationError: unexpected indent

=== Output for fused_cross_entropy_log_softmax.py on GPU 0 ===

=== Errors for fused_cross_entropy_log_softmax.py on GPU 0 ===

=== Output for addmm.py on GPU 0 ===

=== Errors for addmm.py on GPU 0 ===
W0527 11:58:31.462000 3752 site-packages/torch/_inductor/utils.py:1048] [0/0] Not enough SMs to use max_autotune_gemm mode

=== Output for fused_qr_solve.py on GPU 0 ===

=== Errors for fused_qr_solve.py on GPU 0 ===
W0527 11:58:43.696000 3808 site-packages/torch/_inductor/utils.py:1048] [0/0] Not enough SMs to use max_autotune_gemm mode

=== Output for sigmoid_adaptive_avg_pool2d.py on GPU 0 ===

=== Errors for sigmoid_adaptive_avg_pool2d.py on GPU 0 ===
Traceback (most recent call last):
  File "/usr/local/lib/python3.12/site-packages/torch/_dynamo/output_graph.py", line 1446, in _call_user_compiler
    compiled_fn = compiler_fn(gm, self.example_inputs())
                  ^^^^^^^^^^^^^^^^^^^^^^^^^^^^^^^^^^^^^^
  File "/usr/local/lib/python3.12/site-packages/torch/_dynamo/repro/after_dynamo.py", line 129, in __call__
    compiled_gm = compiler_fn(gm, example_inputs)
                  ^^^^^^^^^^^^^^^^^^^^^^^^^^^^^^^
  File "/usr/local/lib/python3.12/site-packages/torch/__init__.py", line 2234, in __call__
    return compile_fx(model_, inputs_, config_patches=self.config)
           ^^^^^^^^^^^^^^^^^^^^^^^^^^^^^^^^^^^^^^^^^^^^^^^^^^^^^^^
  File "/usr/local/lib/python3.12/site-packages/torch/_inductor/compile_fx.py", line 1253, in compile_fx
    return compile_fx(
           ^^^^^^^^^^^
  File "/usr/local/lib/python3.12/site-packages/torch/_inductor/compile_fx.py", line 1521, in compile_fx
    return aot_autograd(
           ^^^^^^^^^^^^^
  File "/usr/local/lib/python3.12/site-packages/torch/_dynamo/backends/common.py", line 72, in __call__
    cg = aot_module_simplified(gm, example_inputs, **self.kwargs)
         ^^^^^^^^^^^^^^^^^^^^^^^^^^^^^^^^^^^^^^^^^^^^^^^^^^^^^^^^
  File "/usr/local/lib/python3.12/site-packages/torch/_functorch/aot_autograd.py", line 1071, in aot_module_simplified
    compiled_fn = dispatch_and_compile()
                  ^^^^^^^^^^^^^^^^^^^^^^
  File "/usr/local/lib/python3.12/site-packages/torch/_functorch/aot_autograd.py", line 1056, in dispatch_and_compile
    compiled_fn, _ = create_aot_dispatcher_function(
                     ^^^^^^^^^^^^^^^^^^^^^^^^^^^^^^^
  File "/usr/local/lib/python3.12/site-packages/torch/_functorch/aot_autograd.py", line 522, in create_aot_dispatcher_function
    return _create_aot_dispatcher_function(
           ^^^^^^^^^^^^^^^^^^^^^^^^^^^^^^^^
  File "/usr/local/lib/python3.12/site-packages/torch/_functorch/aot_autograd.py", line 759, in _create_aot_dispatcher_function
    compiled_fn, fw_metadata = compiler_fn(
                               ^^^^^^^^^^^^
  File "/usr/local/lib/python3.12/site-packages/torch/_functorch/_aot_autograd/jit_compile_runtime_wrappers.py", line 179, in aot_dispatch_base
    compiled_fw = compiler(fw_module, updated_flat_args)
                  ^^^^^^^^^^^^^^^^^^^^^^^^^^^^^^^^^^^^^^
  File "/usr/local/lib/python3.12/site-packages/torch/_inductor/compile_fx.py", line 1350, in fw_compiler_base
    return _fw_compiler_base(model, example_inputs, is_inference)
           ^^^^^^^^^^^^^^^^^^^^^^^^^^^^^^^^^^^^^^^^^^^^^^^^^^^^^^
  File "/usr/local/lib/python3.12/site-packages/torch/_inductor/compile_fx.py", line 1421, in _fw_compiler_base
    return inner_compile(
           ^^^^^^^^^^^^^^
  File "/usr/local/lib/python3.12/contextlib.py", line 81, in inner
    return func(*args, **kwds)
           ^^^^^^^^^^^^^^^^^^^
  File "/usr/local/lib/python3.12/site-packages/torch/_inductor/compile_fx.py", line 475, in compile_fx_inner
    return wrap_compiler_debug(_compile_fx_inner, compiler_name="inductor")(
           ^^^^^^^^^^^^^^^^^^^^^^^^^^^^^^^^^^^^^^^^^^^^^^^^^^^^^^^^^^^^^^^^^
  File "/usr/local/lib/python3.12/site-packages/torch/_dynamo/repro/after_aot.py", line 85, in debug_wrapper
    inner_compiled_fn = compiler_fn(gm, example_inputs)
                        ^^^^^^^^^^^^^^^^^^^^^^^^^^^^^^^
  File "/usr/local/lib/python3.12/site-packages/torch/_inductor/compile_fx.py", line 661, in _compile_fx_inner
    compiled_graph = FxGraphCache.load(
                     ^^^^^^^^^^^^^^^^^^
  File "/usr/local/lib/python3.12/site-packages/torch/_inductor/codecache.py", line 1334, in load
    compiled_graph = compile_fx_fn(
                     ^^^^^^^^^^^^^^
  File "/usr/local/lib/python3.12/site-packages/torch/_inductor/compile_fx.py", line 570, in codegen_and_compile
    compiled_graph = fx_codegen_and_compile(gm, example_inputs, **fx_kwargs)
                     ^^^^^^^^^^^^^^^^^^^^^^^^^^^^^^^^^^^^^^^^^^^^^^^^^^^^^^^
  File "/usr/local/lib/python3.12/site-packages/torch/_inductor/compile_fx.py", line 859, in fx_codegen_and_compile
    graph.run(*example_inputs)
  File "/usr/local/lib/python3.12/site-packages/torch/_inductor/graph.py", line 780, in run
    return super().run(*args)
           ^^^^^^^^^^^^^^^^^^
  File "/usr/local/lib/python3.12/site-packages/torch/fx/interpreter.py", line 146, in run
    self.env[node] = self.run_node(node)
                     ^^^^^^^^^^^^^^^^^^^
  File "/usr/local/lib/python3.12/site-packages/torch/_inductor/graph.py", line 1319, in run_node
    result = super().run_node(n)
             ^^^^^^^^^^^^^^^^^^^
  File "/usr/local/lib/python3.12/site-packages/torch/fx/interpreter.py", line 203, in run_node
    return getattr(self, n.op)(n.target, args, kwargs)
           ^^^^^^^^^^^^^^^^^^^^^^^^^^^^^^^^^^^^^^^^^^^
  File "/usr/local/lib/python3.12/site-packages/torch/_inductor/graph.py", line 1024, in call_function
    raise LoweringException(e, target, args, kwargs).with_traceback(
  File "/usr/local/lib/python3.12/site-packages/torch/_inductor/graph.py", line 1021, in call_function
    out = lowerings[target](*args, **kwargs)  # type: ignore[index]
          ^^^^^^^^^^^^^^^^^^^^^^^^^^^^^^^^^^
  File "/usr/local/lib/python3.12/site-packages/torch/_inductor/lowering.py", line 361, in wrapped
    out = decomp_fn(*args, **kwargs)
          ^^^^^^^^^^^^^^^^^^^^^^^^^^
  File "/usr/local/lib/python3.12/site-packages/torch/_inductor/lowering.py", line 4216, in _adaptive_avg_pool2d
    if window_size > 25:
       ^^^^^^^^^^^^^^^^
  File "/usr/local/lib/python3.12/site-packages/sympy/core/relational.py", line 516, in __bool__
    raise TypeError("cannot determine truth value of Relational")
torch._inductor.exc.LoweringException: TypeError: cannot determine truth value of Relational
  target: aten._adaptive_avg_pool2d.default
  args[0]: TensorBox(StorageBox(
    InputBuffer(name='arg5_1', layout=FixedLayout('cuda', torch.float32, size=[s2, 3, s3, s4], stride=[3*s3*s4, s3*s4, s4, 1]))
  ))
  args[1]: [s0, s1]

The above exception was the direct cause of the following exception:

Traceback (most recent call last):
  File "/data/results/lmstudio_prompt9_ultraspeed/call_acc/sigmoid_adaptive_avg_pool2d.py", line 60, in <module>
    test_results = test_sigmoid_adaptive_avg_pool2d()
                   ^^^^^^^^^^^^^^^^^^^^^^^^^^^^^^^^^^
  File "/data/results/lmstudio_prompt9_ultraspeed/call_acc/sigmoid_adaptive_avg_pool2d.py", line 49, in test_sigmoid_adaptive_avg_pool2d
    result3 = sigmoid_adaptive_avg_pool2d(input_tensor3, output_size3)
              ^^^^^^^^^^^^^^^^^^^^^^^^^^^^^^^^^^^^^^^^^^^^^^^^^^^^^^^^
  File "/data/results/lmstudio_prompt9_ultraspeed/call_acc/sigmoid_adaptive_avg_pool2d.py", line 24, in sigmoid_adaptive_avg_pool2d
    return _sigmoid_adaptive_avg_pool2d_fast(input, output_size)
           ^^^^^^^^^^^^^^^^^^^^^^^^^^^^^^^^^^^^^^^^^^^^^^^^^^^^^
  File "/usr/local/lib/python3.12/site-packages/torch/_dynamo/eval_frame.py", line 465, in _fn
    return fn(*args, **kwargs)
           ^^^^^^^^^^^^^^^^^^^
  File "/usr/local/lib/python3.12/site-packages/torch/_dynamo/convert_frame.py", line 1269, in __call__
    return self._torchdynamo_orig_callable(
           ^^^^^^^^^^^^^^^^^^^^^^^^^^^^^^^^
  File "/usr/local/lib/python3.12/site-packages/torch/_dynamo/convert_frame.py", line 1064, in __call__
    result = self._inner_convert(
             ^^^^^^^^^^^^^^^^^^^^
  File "/usr/local/lib/python3.12/site-packages/torch/_dynamo/convert_frame.py", line 526, in __call__
    return _compile(
           ^^^^^^^^^
  File "/usr/local/lib/python3.12/site-packages/torch/_dynamo/convert_frame.py", line 924, in _compile
    guarded_code = compile_inner(code, one_graph, hooks, transform)
                   ^^^^^^^^^^^^^^^^^^^^^^^^^^^^^^^^^^^^^^^^^^^^^^^^
  File "/usr/local/lib/python3.12/site-packages/torch/_dynamo/convert_frame.py", line 666, in compile_inner
    return _compile_inner(code, one_graph, hooks, transform)
           ^^^^^^^^^^^^^^^^^^^^^^^^^^^^^^^^^^^^^^^^^^^^^^^^^
  File "/usr/local/lib/python3.12/site-packages/torch/_utils_internal.py", line 87, in wrapper_function
    return function(*args, **kwargs)
           ^^^^^^^^^^^^^^^^^^^^^^^^^
  File "/usr/local/lib/python3.12/site-packages/torch/_dynamo/convert_frame.py", line 699, in _compile_inner
    out_code = transform_code_object(code, transform)
               ^^^^^^^^^^^^^^^^^^^^^^^^^^^^^^^^^^^^^^
  File "/usr/local/lib/python3.12/site-packages/torch/_dynamo/bytecode_transformation.py", line 1322, in transform_code_object
    transformations(instructions, code_options)
  File "/usr/local/lib/python3.12/site-packages/torch/_dynamo/convert_frame.py", line 219, in _fn
    return fn(*args, **kwargs)
           ^^^^^^^^^^^^^^^^^^^
  File "/usr/local/lib/python3.12/site-packages/torch/_dynamo/convert_frame.py", line 634, in transform
    tracer.run()
  File "/usr/local/lib/python3.12/site-packages/torch/_dynamo/symbolic_convert.py", line 2796, in run
    super().run()
  File "/usr/local/lib/python3.12/site-packages/torch/_dynamo/symbolic_convert.py", line 983, in run
    while self.step():
          ^^^^^^^^^^^
  File "/usr/local/lib/python3.12/site-packages/torch/_dynamo/symbolic_convert.py", line 895, in step
    self.dispatch_table[inst.opcode](self, inst)
  File "/usr/local/lib/python3.12/site-packages/torch/_dynamo/symbolic_convert.py", line 2987, in RETURN_VALUE
    self._return(inst)
  File "/usr/local/lib/python3.12/site-packages/torch/_dynamo/symbolic_convert.py", line 2972, in _return
    self.output.compile_subgraph(
  File "/usr/local/lib/python3.12/site-packages/torch/_dynamo/output_graph.py", line 1117, in compile_subgraph
    self.compile_and_call_fx_graph(tx, list(reversed(stack_values)), root)
  File "/usr/local/lib/python3.12/site-packages/torch/_dynamo/output_graph.py", line 1369, in compile_and_call_fx_graph
    compiled_fn = self.call_user_compiler(gm)
                  ^^^^^^^^^^^^^^^^^^^^^^^^^^^
  File "/usr/local/lib/python3.12/site-packages/torch/_dynamo/output_graph.py", line 1416, in call_user_compiler
    return self._call_user_compiler(gm)
           ^^^^^^^^^^^^^^^^^^^^^^^^^^^^
  File "/usr/local/lib/python3.12/site-packages/torch/_dynamo/output_graph.py", line 1465, in _call_user_compiler
    raise BackendCompilerFailed(self.compiler_fn, e) from e
torch._dynamo.exc.BackendCompilerFailed: backend='inductor' raised:
LoweringException: TypeError: cannot determine truth value of Relational
  target: aten._adaptive_avg_pool2d.default
  args[0]: TensorBox(StorageBox(
    InputBuffer(name='arg5_1', layout=FixedLayout('cuda', torch.float32, size=[s2, 3, s3, s4], stride=[3*s3*s4, s3*s4, s4, 1]))
  ))
  args[1]: [s0, s1]

Set TORCH_LOGS="+dynamo" and TORCHDYNAMO_VERBOSE=1 for more information


You can suppress this exception and fall back to eager by setting:
    import torch._dynamo
    torch._dynamo.config.suppress_errors = True


=== Output for cos.py on GPU 0 ===

=== Errors for cos.py on GPU 0 ===

=== Output for fused_bmm_dropout_gelu.py on GPU 0 ===

=== Errors for fused_bmm_dropout_gelu.py on GPU 0 ===
W0527 11:59:18.430000 3937 site-packages/torch/_inductor/utils.py:1048] [0/0] Not enough SMs to use max_autotune_gemm mode

=== Output for trunc.py on GPU 0 ===

=== Errors for trunc.py on GPU 0 ===

=== Output for matrix_power_eig.py on GPU 0 ===

=== Errors for matrix_power_eig.py on GPU 0 ===
/usr/local/lib/python3.12/site-packages/torch/_inductor/lowering.py:1713: UserWarning: Torchinductor does not support code generation for complex operators. Performance may be worse than eager.
  warnings.warn(

=== Output for log_tanh.py on GPU 0 ===

=== Errors for log_tanh.py on GPU 0 ===

=== Output for exp.py on GPU 0 ===

=== Errors for exp.py on GPU 0 ===

=== Output for matrix_multiply_symmetric.py on GPU 0 ===

=== Errors for matrix_multiply_symmetric.py on GPU 0 ===
W0527 11:59:59.712000 4080 site-packages/torch/_inductor/utils.py:1048] [0/0] Not enough SMs to use max_autotune_gemm mode

=== Output for fused_avg_pool2d_cosine_similarity.py on GPU 0 ===

=== Errors for fused_avg_pool2d_cosine_similarity.py on GPU 0 ===

=== Output for fused_hardshrink_dropout.py on GPU 0 ===

=== Errors for fused_hardshrink_dropout.py on GPU 0 ===

=== Output for erfc_sqrt.py on GPU 0 ===

=== Errors for erfc_sqrt.py on GPU 0 ===
Traceback (most recent call last):
  File "/data/results/lmstudio_prompt9_ultraspeed/call_acc/erfc_sqrt.py", line 83, in <module>
    test_results = test_erfc_sqrt()
                   ^^^^^^^^^^^^^^^^
  File "/data/results/lmstudio_prompt9_ultraspeed/call_acc/erfc_sqrt.py", line 67, in test_erfc_sqrt
    results["test_case_1"] = erfc_sqrt(input1)
                             ^^^^^^^^^^^^^^^^^
  File "/data/results/lmstudio_prompt9_ultraspeed/call_acc/erfc_sqrt.py", line 33, in erfc_sqrt
    _erfc_sqrt_kernel[grid](x_c, out_erfc, out_sqrt, n, BLOCK_SIZE=1024)
  File "/usr/local/lib/python3.12/site-packages/triton/runtime/jit.py", line 345, in <lambda>
    return lambda *args, **kwargs: self.run(grid=grid, warmup=False, *args, **kwargs)
                                   ^^^^^^^^^^^^^^^^^^^^^^^^^^^^^^^^^^^^^^^^^^^^^^^^^^
  File "/usr/local/lib/python3.12/site-packages/triton/runtime/jit.py", line 662, in run
    kernel = self.compile(
             ^^^^^^^^^^^^^
  File "/usr/local/lib/python3.12/site-packages/triton/compiler/compiler.py", line 240, in compile
    key = f"{triton_key()}-{src.hash()}-{backend.hash()}-{options.hash()}-{str(sorted(env_vars.items()))}"
                            ^^^^^^^^^^
  File "/usr/local/lib/python3.12/site-packages/triton/compiler/compiler.py", line 109, in hash
    key = f"{self.fn.cache_key}-{self.attrs.hash()}-{sorted_sig}-{sorted_constants}"
             ^^^^^^^^^^^^^^^^^
  File "/usr/local/lib/python3.12/site-packages/triton/runtime/jit.py", line 758, in cache_key
    dependencies_finder.visit(self.parse())
  File "/usr/local/lib/python3.12/ast.py", line 407, in visit
    return visitor(node)
           ^^^^^^^^^^^^^
  File "/usr/local/lib/python3.12/ast.py", line 415, in generic_visit
    self.visit(item)
  File "/usr/local/lib/python3.12/ast.py", line 407, in visit
    return visitor(node)
           ^^^^^^^^^^^^^
  File "/usr/local/lib/python3.12/site-packages/triton/runtime/jit.py", line 167, in visit_FunctionDef
    self.generic_visit(node)
  File "/usr/local/lib/python3.12/ast.py", line 415, in generic_visit
    self.visit(item)
  File "/usr/local/lib/python3.12/ast.py", line 407, in visit
    return visitor(node)
           ^^^^^^^^^^^^^
  File "/usr/local/lib/python3.12/site-packages/triton/runtime/jit.py", line 221, in visit_Assign
    self.generic_visit(node)
  File "/usr/local/lib/python3.12/ast.py", line 417, in generic_visit
    self.visit(value)
  File "/usr/local/lib/python3.12/ast.py", line 407, in visit
    return visitor(node)
           ^^^^^^^^^^^^^
  File "/usr/local/lib/python3.12/site-packages/triton/runtime/jit.py", line 127, in visit_Call
    func = self.visit(node.func)
           ^^^^^^^^^^^^^^^^^^^^^
  File "/usr/local/lib/python3.12/ast.py", line 407, in visit
    return visitor(node)
           ^^^^^^^^^^^^^
  File "/usr/local/lib/python3.12/site-packages/triton/runtime/jit.py", line 117, in visit_Attribute
    return getattr(lhs, node.attr)
           ^^^^^^^^^^^^^^^^^^^^^^^
AttributeError: module 'triton.language' has no attribute 'erfc'. Did you mean: 'erf'?

=== Output for tensordot_rsqrt.py on GPU 0 ===

=== Errors for tensordot_rsqrt.py on GPU 0 ===
W0527 12:00:42.265000 4314 site-packages/torch/_inductor/utils.py:1048] [0/0] Not enough SMs to use max_autotune_gemm mode

=== Output for softmax_log.py on GPU 0 ===

=== Errors for softmax_log.py on GPU 0 ===
Traceback (most recent call last):
  File "/data/results/lmstudio_prompt9_ultraspeed/call_acc/softmax_log.py", line 25, in <module>
    def softmax_log(input, dim=-1, dtype=None) -> Tensor:
                                                  ^^^^^^
NameError: name 'Tensor' is not defined

=== Output for dropout_sigmoid_linear.py on GPU 0 ===

=== Errors for dropout_sigmoid_linear.py on GPU 0 ===
W0527 12:01:04.618000 4398 site-packages/torch/_inductor/utils.py:1048] [0/0] Not enough SMs to use max_autotune_gemm mode

=== Output for batch_norm.py on GPU 0 ===

=== Errors for batch_norm.py on GPU 0 ===
skipping cudagraphs due to mutated inputs (2 instances). Found from : 
   File "/data/results/lmstudio_prompt9_ultraspeed/call_acc/batch_norm.py", line 16, in _batch_norm_impl
    return F.batch_norm(input, running_mean, running_var, weight=weight, bias=bias, training=training, momentum=momentum, eps=eps)


=== Output for gammaln.py on GPU 0 ===

=== Errors for gammaln.py on GPU 0 ===

=== Output for bitwise_and.py on GPU 0 ===

=== Errors for bitwise_and.py on GPU 0 ===

=== Output for sub_gelu.py on GPU 0 ===

=== Errors for sub_gelu.py on GPU 0 ===

=== Output for gelu_std.py on GPU 0 ===

=== Errors for gelu_std.py on GPU 0 ===
Traceback (most recent call last):
  File "/data/results/lmstudio_prompt9_ultraspeed/call_acc/gelu_std.py", line 5, in <module>
    from typing import Optional, Tuple, Union, Tensor
ImportError: cannot import name 'Tensor' from 'typing' (/usr/local/lib/python3.12/typing.py)

=== Output for permute_copy.py on GPU 0 ===

=== Errors for permute_copy.py on GPU 0 ===

=== Output for digamma.py on GPU 0 ===

=== Errors for digamma.py on GPU 0 ===

=== Output for softmax_mul.py on GPU 0 ===

=== Errors for softmax_mul.py on GPU 0 ===

=== Output for bitwise_and_binomial.py on GPU 0 ===

=== Errors for bitwise_and_binomial.py on GPU 0 ===
Traceback (most recent call last):
  File "/data/results/lmstudio_prompt9_ultraspeed/call_acc/bitwise_and_binomial.py", line 60, in <module>
    test_results = test_bitwise_and_binomial()
                   ^^^^^^^^^^^^^^^^^^^^^^^^^^^
  File "/data/results/lmstudio_prompt9_ultraspeed/call_acc/bitwise_and_binomial.py", line 45, in test_bitwise_and_binomial
    results["test_case_1"] = bitwise_and_binomial(input_tensor, other_tensor, total_count, probs=probs)
                             ^^^^^^^^^^^^^^^^^^^^^^^^^^^^^^^^^^^^^^^^^^^^^^^^^^^^^^^^^^^^^^^^^^^^^^^^^^
  File "/data/results/lmstudio_prompt9_ultraspeed/call_acc/bitwise_and_binomial.py", line 28, in bitwise_and_binomial
    return _bitwise_and_binomial_fast(input, other, total_count, probs, logits)
           ^^^^^^^^^^^^^^^^^^^^^^^^^^^^^^^^^^^^^^^^^^^^^^^^^^^^^^^^^^^^^^^^^^^^
  File "/usr/local/lib/python3.12/site-packages/torch/_dynamo/eval_frame.py", line 465, in _fn
    return fn(*args, **kwargs)
           ^^^^^^^^^^^^^^^^^^^
  File "/usr/local/lib/python3.12/site-packages/torch/_dynamo/convert_frame.py", line 1269, in __call__
    return self._torchdynamo_orig_callable(
           ^^^^^^^^^^^^^^^^^^^^^^^^^^^^^^^^
  File "/usr/local/lib/python3.12/site-packages/torch/_dynamo/convert_frame.py", line 1064, in __call__
    result = self._inner_convert(
             ^^^^^^^^^^^^^^^^^^^^
  File "/usr/local/lib/python3.12/site-packages/torch/_dynamo/convert_frame.py", line 526, in __call__
    return _compile(
           ^^^^^^^^^
  File "/usr/local/lib/python3.12/site-packages/torch/_dynamo/convert_frame.py", line 924, in _compile
    guarded_code = compile_inner(code, one_graph, hooks, transform)
                   ^^^^^^^^^^^^^^^^^^^^^^^^^^^^^^^^^^^^^^^^^^^^^^^^
  File "/usr/local/lib/python3.12/site-packages/torch/_dynamo/convert_frame.py", line 666, in compile_inner
    return _compile_inner(code, one_graph, hooks, transform)
           ^^^^^^^^^^^^^^^^^^^^^^^^^^^^^^^^^^^^^^^^^^^^^^^^^
  File "/usr/local/lib/python3.12/site-packages/torch/_utils_internal.py", line 87, in wrapper_function
    return function(*args, **kwargs)
           ^^^^^^^^^^^^^^^^^^^^^^^^^
  File "/usr/local/lib/python3.12/site-packages/torch/_dynamo/convert_frame.py", line 699, in _compile_inner
    out_code = transform_code_object(code, transform)
               ^^^^^^^^^^^^^^^^^^^^^^^^^^^^^^^^^^^^^^
  File "/usr/local/lib/python3.12/site-packages/torch/_dynamo/bytecode_transformation.py", line 1322, in transform_code_object
    transformations(instructions, code_options)
  File "/usr/local/lib/python3.12/site-packages/torch/_dynamo/convert_frame.py", line 219, in _fn
    return fn(*args, **kwargs)
           ^^^^^^^^^^^^^^^^^^^
  File "/usr/local/lib/python3.12/site-packages/torch/_dynamo/convert_frame.py", line 634, in transform
    tracer.run()
  File "/usr/local/lib/python3.12/site-packages/torch/_dynamo/symbolic_convert.py", line 2796, in run
    super().run()
  File "/usr/local/lib/python3.12/site-packages/torch/_dynamo/symbolic_convert.py", line 983, in run
    while self.step():
          ^^^^^^^^^^^
  File "/usr/local/lib/python3.12/site-packages/torch/_dynamo/symbolic_convert.py", line 895, in step
    self.dispatch_table[inst.opcode](self, inst)
  File "/usr/local/lib/python3.12/site-packages/torch/_dynamo/symbolic_convert.py", line 582, in wrapper
    return inner_fn(self, inst)
           ^^^^^^^^^^^^^^^^^^^^
  File "/usr/local/lib/python3.12/site-packages/torch/_dynamo/symbolic_convert.py", line 2279, in CALL
    self._call(inst)
  File "/usr/local/lib/python3.12/site-packages/torch/_dynamo/symbolic_convert.py", line 2273, in _call
    self.call_function(fn, args, kwargs)
  File "/usr/local/lib/python3.12/site-packages/torch/_dynamo/symbolic_convert.py", line 830, in call_function
    self.push(fn.call_function(self, args, kwargs))  # type: ignore[arg-type]
              ^^^^^^^^^^^^^^^^^^^^^^^^^^^^^^^^^^^^
  File "/usr/local/lib/python3.12/site-packages/torch/_dynamo/variables/torch.py", line 897, in call_function
    tensor_variable = wrap_fx_proxy(
                      ^^^^^^^^^^^^^^
  File "/usr/local/lib/python3.12/site-packages/torch/_dynamo/variables/builder.py", line 2037, in wrap_fx_proxy
    return wrap_fx_proxy_cls(target_cls=TensorVariable, **kwargs)
           ^^^^^^^^^^^^^^^^^^^^^^^^^^^^^^^^^^^^^^^^^^^^^^^^^^^^^^
  File "/usr/local/lib/python3.12/site-packages/torch/_dynamo/variables/builder.py", line 2124, in wrap_fx_proxy_cls
    example_value = get_fake_value(proxy.node, tx, allow_non_graph_fake=True)
                    ^^^^^^^^^^^^^^^^^^^^^^^^^^^^^^^^^^^^^^^^^^^^^^^^^^^^^^^^^
  File "/usr/local/lib/python3.12/site-packages/torch/_dynamo/utils.py", line 2082, in get_fake_value
    raise TorchRuntimeError(str(e)).with_traceback(e.__traceback__) from None
  File "/usr/local/lib/python3.12/site-packages/torch/_dynamo/utils.py", line 2017, in get_fake_value
    ret_val = wrap_fake_exception(
              ^^^^^^^^^^^^^^^^^^^^
  File "/usr/local/lib/python3.12/site-packages/torch/_dynamo/utils.py", line 1574, in wrap_fake_exception
    return fn()
           ^^^^
  File "/usr/local/lib/python3.12/site-packages/torch/_dynamo/utils.py", line 2018, in <lambda>
    lambda: run_node(tx.output, node, args, kwargs, nnmodule)
            ^^^^^^^^^^^^^^^^^^^^^^^^^^^^^^^^^^^^^^^^^^^^^^^^^
  File "/usr/local/lib/python3.12/site-packages/torch/_dynamo/utils.py", line 2150, in run_node
    raise RuntimeError(make_error_message(e)).with_traceback(
  File "/usr/local/lib/python3.12/site-packages/torch/_dynamo/utils.py", line 2132, in run_node
    return node.target(*args, **kwargs)
           ^^^^^^^^^^^^^^^^^^^^^^^^^^^^
  File "/usr/local/lib/python3.12/site-packages/torch/utils/_stats.py", line 21, in wrapper
    return fn(*args, **kwargs)
           ^^^^^^^^^^^^^^^^^^^
  File "/usr/local/lib/python3.12/site-packages/torch/_subclasses/fake_tensor.py", line 1238, in __torch_dispatch__
    return self.dispatch(func, types, args, kwargs)
           ^^^^^^^^^^^^^^^^^^^^^^^^^^^^^^^^^^^^^^^^
  File "/usr/local/lib/python3.12/site-packages/torch/_subclasses/fake_tensor.py", line 1692, in dispatch
    return self._cached_dispatch_impl(func, types, args, kwargs)
           ^^^^^^^^^^^^^^^^^^^^^^^^^^^^^^^^^^^^^^^^^^^^^^^^^^^^^
  File "/usr/local/lib/python3.12/site-packages/torch/_subclasses/fake_tensor.py", line 1339, in _cached_dispatch_impl
    output = self._dispatch_impl(func, types, args, kwargs)
             ^^^^^^^^^^^^^^^^^^^^^^^^^^^^^^^^^^^^^^^^^^^^^^
  File "/usr/local/lib/python3.12/site-packages/torch/_subclasses/fake_tensor.py", line 2015, in _dispatch_impl
    return maybe_run_unsafe_fallback(not_implemented_error)
           ^^^^^^^^^^^^^^^^^^^^^^^^^^^^^^^^^^^^^^^^^^^^^^^^
  File "/usr/local/lib/python3.12/site-packages/torch/_subclasses/fake_tensor.py", line 2000, in maybe_run_unsafe_fallback
    return run_fallback_kernel(self, func, flat_args, args_spec, error)
           ^^^^^^^^^^^^^^^^^^^^^^^^^^^^^^^^^^^^^^^^^^^^^^^^^^^^^^^^^^^^
  File "/usr/local/lib/python3.12/site-packages/torch/_subclasses/fake_tensor.py", line 2283, in run_fallback_kernel
    r = func(*args, **kwargs)
        ^^^^^^^^^^^^^^^^^^^^^
  File "/usr/local/lib/python3.12/site-packages/torch/_ops.py", line 716, in __call__
    return self._op(*args, **kwargs)
           ^^^^^^^^^^^^^^^^^^^^^^^^^
torch._dynamo.exc.TorchRuntimeError: Failed running call_function <built-in method binomial of type object at 0x2aa57f4ef280>(*(FakeTensor(..., device='cuda:0', size=(4,), dtype=torch.int32), FakeTensor(..., device='cuda:0', size=(4,))), **{}):
Found dtype Float but expected Int

from user code:
   File "/data/results/lmstudio_prompt9_ultraspeed/call_acc/bitwise_and_binomial.py", line 18, in _bitwise_and_binomial_impl
    return torch.binomial(and_val, probs)

Set TORCH_LOGS="+dynamo" and TORCHDYNAMO_VERBOSE=1 for more information


You can suppress this exception and fall back to eager by setting:
    import torch._dynamo
    torch._dynamo.config.suppress_errors = True


=== Output for rad2deg_sqrt.py on GPU 0 ===

=== Errors for rad2deg_sqrt.py on GPU 0 ===

=== Output for bessel_j1.py on GPU 0 ===

=== Errors for bessel_j1.py on GPU 0 ===

=== Output for lu.py on GPU 0 ===

=== Errors for lu.py on GPU 0 ===

=== Output for gelu_min.py on GPU 0 ===

=== Errors for gelu_min.py on GPU 0 ===
Traceback (most recent call last):
  File "/data/results/lmstudio_prompt9_ultraspeed/call_acc/gelu_min.py", line 56, in <module>
    test_results = test_gelu_min()
                   ^^^^^^^^^^^^^^^
  File "/data/results/lmstudio_prompt9_ultraspeed/call_acc/gelu_min.py", line 40, in test_gelu_min
    results['test_case_1'] = gelu_min(input_tensor)
                             ^^^^^^^^^^^^^^^^^^^^^^
  File "/data/results/lmstudio_prompt9_ultraspeed/call_acc/gelu_min.py", line 25, in gelu_min
    y = _gelu_min_fast(input, approximate, dim, keepdim)
        ^^^^^^^^^^^^^^^^^^^^^^^^^^^^^^^^^^^^^^^^^^^^^^^^
  File "/usr/local/lib/python3.12/site-packages/torch/_dynamo/eval_frame.py", line 465, in _fn
    return fn(*args, **kwargs)
           ^^^^^^^^^^^^^^^^^^^
  File "/usr/local/lib/python3.12/site-packages/torch/_dynamo/convert_frame.py", line 1269, in __call__
    return self._torchdynamo_orig_callable(
           ^^^^^^^^^^^^^^^^^^^^^^^^^^^^^^^^
  File "/usr/local/lib/python3.12/site-packages/torch/_dynamo/convert_frame.py", line 1064, in __call__
    result = self._inner_convert(
             ^^^^^^^^^^^^^^^^^^^^
  File "/usr/local/lib/python3.12/site-packages/torch/_dynamo/convert_frame.py", line 526, in __call__
    return _compile(
           ^^^^^^^^^
  File "/usr/local/lib/python3.12/site-packages/torch/_dynamo/convert_frame.py", line 924, in _compile
    guarded_code = compile_inner(code, one_graph, hooks, transform)
                   ^^^^^^^^^^^^^^^^^^^^^^^^^^^^^^^^^^^^^^^^^^^^^^^^
  File "/usr/local/lib/python3.12/site-packages/torch/_dynamo/convert_frame.py", line 666, in compile_inner
    return _compile_inner(code, one_graph, hooks, transform)
           ^^^^^^^^^^^^^^^^^^^^^^^^^^^^^^^^^^^^^^^^^^^^^^^^^
  File "/usr/local/lib/python3.12/site-packages/torch/_utils_internal.py", line 87, in wrapper_function
    return function(*args, **kwargs)
           ^^^^^^^^^^^^^^^^^^^^^^^^^
  File "/usr/local/lib/python3.12/site-packages/torch/_dynamo/convert_frame.py", line 699, in _compile_inner
    out_code = transform_code_object(code, transform)
               ^^^^^^^^^^^^^^^^^^^^^^^^^^^^^^^^^^^^^^
  File "/usr/local/lib/python3.12/site-packages/torch/_dynamo/bytecode_transformation.py", line 1322, in transform_code_object
    transformations(instructions, code_options)
  File "/usr/local/lib/python3.12/site-packages/torch/_dynamo/convert_frame.py", line 219, in _fn
    return fn(*args, **kwargs)
           ^^^^^^^^^^^^^^^^^^^
  File "/usr/local/lib/python3.12/site-packages/torch/_dynamo/convert_frame.py", line 634, in transform
    tracer.run()
  File "/usr/local/lib/python3.12/site-packages/torch/_dynamo/symbolic_convert.py", line 2796, in run
    super().run()
  File "/usr/local/lib/python3.12/site-packages/torch/_dynamo/symbolic_convert.py", line 983, in run
    while self.step():
          ^^^^^^^^^^^
  File "/usr/local/lib/python3.12/site-packages/torch/_dynamo/symbolic_convert.py", line 895, in step
    self.dispatch_table[inst.opcode](self, inst)
  File "/usr/local/lib/python3.12/site-packages/torch/_dynamo/symbolic_convert.py", line 582, in wrapper
    return inner_fn(self, inst)
           ^^^^^^^^^^^^^^^^^^^^
  File "/usr/local/lib/python3.12/site-packages/torch/_dynamo/symbolic_convert.py", line 2279, in CALL
    self._call(inst)
  File "/usr/local/lib/python3.12/site-packages/torch/_dynamo/symbolic_convert.py", line 2273, in _call
    self.call_function(fn, args, kwargs)
  File "/usr/local/lib/python3.12/site-packages/torch/_dynamo/symbolic_convert.py", line 830, in call_function
    self.push(fn.call_function(self, args, kwargs))  # type: ignore[arg-type]
              ^^^^^^^^^^^^^^^^^^^^^^^^^^^^^^^^^^^^
  File "/usr/local/lib/python3.12/site-packages/torch/_dynamo/variables/misc.py", line 1024, in call_function
    return self.obj.call_method(tx, self.name, args, kwargs)
           ^^^^^^^^^^^^^^^^^^^^^^^^^^^^^^^^^^^^^^^^^^^^^^^^^
  File "/usr/local/lib/python3.12/site-packages/torch/_dynamo/variables/tensor.py", line 535, in call_method
    return wrap_fx_proxy(
           ^^^^^^^^^^^^^^
  File "/usr/local/lib/python3.12/site-packages/torch/_dynamo/variables/builder.py", line 2037, in wrap_fx_proxy
    return wrap_fx_proxy_cls(target_cls=TensorVariable, **kwargs)
           ^^^^^^^^^^^^^^^^^^^^^^^^^^^^^^^^^^^^^^^^^^^^^^^^^^^^^^
  File "/usr/local/lib/python3.12/site-packages/torch/_dynamo/variables/builder.py", line 2124, in wrap_fx_proxy_cls
    example_value = get_fake_value(proxy.node, tx, allow_non_graph_fake=True)
                    ^^^^^^^^^^^^^^^^^^^^^^^^^^^^^^^^^^^^^^^^^^^^^^^^^^^^^^^^^
  File "/usr/local/lib/python3.12/site-packages/torch/_dynamo/utils.py", line 2082, in get_fake_value
    raise TorchRuntimeError(str(e)).with_traceback(e.__traceback__) from None
  File "/usr/local/lib/python3.12/site-packages/torch/_dynamo/utils.py", line 2017, in get_fake_value
    ret_val = wrap_fake_exception(
              ^^^^^^^^^^^^^^^^^^^^
  File "/usr/local/lib/python3.12/site-packages/torch/_dynamo/utils.py", line 1574, in wrap_fake_exception
    return fn()
           ^^^^
  File "/usr/local/lib/python3.12/site-packages/torch/_dynamo/utils.py", line 2018, in <lambda>
    lambda: run_node(tx.output, node, args, kwargs, nnmodule)
            ^^^^^^^^^^^^^^^^^^^^^^^^^^^^^^^^^^^^^^^^^^^^^^^^^
  File "/usr/local/lib/python3.12/site-packages/torch/_dynamo/utils.py", line 2150, in run_node
    raise RuntimeError(make_error_message(e)).with_traceback(
  File "/usr/local/lib/python3.12/site-packages/torch/_dynamo/utils.py", line 2134, in run_node
    return getattr(args[0], node.target)(*args[1:], **kwargs)
           ^^^^^^^^^^^^^^^^^^^^^^^^^^^^^^^^^^^^^^^^^^^^^^^^^^
torch._dynamo.exc.TorchRuntimeError: Failed running call_method min(*(FakeTensor(..., device='cuda:0', size=(4,)),), **{'dim': None, 'keepdim': False}):
Please look up dimensions by name, got: name = None.

from user code:
   File "/data/results/lmstudio_prompt9_ultraspeed/call_acc/gelu_min.py", line 17, in _gelu_min_impl
    return x.min(dim=dim, keepdim=keepdim)

Set TORCH_LOGS="+dynamo" and TORCHDYNAMO_VERBOSE=1 for more information


You can suppress this exception and fall back to eager by setting:
    import torch._dynamo
    torch._dynamo.config.suppress_errors = True


=== Output for grid_sample_with_affine.py on GPU 0 ===

=== Errors for grid_sample_with_affine.py on GPU 0 ===
Traceback (most recent call last):
  File "/data/results/lmstudio_prompt9_ultraspeed/call_acc/grid_sample_with_affine.py", line 53, in <module>
    test_results = test_grid_sample_with_affine()
                   ^^^^^^^^^^^^^^^^^^^^^^^^^^^^^^
  File "/data/results/lmstudio_prompt9_ultraspeed/call_acc/grid_sample_with_affine.py", line 40, in test_grid_sample_with_affine
    results["test_case_1"] = grid_sample_with_affine(input_tensor, theta, size)
                             ^^^^^^^^^^^^^^^^^^^^^^^^^^^^^^^^^^^^^^^^^^^^^^^^^^
  File "/data/results/lmstudio_prompt9_ultraspeed/call_acc/grid_sample_with_affine.py", line 25, in grid_sample_with_affine
    return _grid_sample_with_affine_fast(input, theta, size, mode, padding_mode, align_corners)
           ^^^^^^^^^^^^^^^^^^^^^^^^^^^^^^^^^^^^^^^^^^^^^^^^^^^^^^^^^^^^^^^^^^^^^^^^^^^^^^^^^^^^
  File "/usr/local/lib/python3.12/site-packages/torch/_dynamo/eval_frame.py", line 465, in _fn
    return fn(*args, **kwargs)
           ^^^^^^^^^^^^^^^^^^^
  File "/usr/local/lib/python3.12/site-packages/torch/_dynamo/convert_frame.py", line 1269, in __call__
    return self._torchdynamo_orig_callable(
           ^^^^^^^^^^^^^^^^^^^^^^^^^^^^^^^^
  File "/usr/local/lib/python3.12/site-packages/torch/_dynamo/convert_frame.py", line 1064, in __call__
    result = self._inner_convert(
             ^^^^^^^^^^^^^^^^^^^^
  File "/usr/local/lib/python3.12/site-packages/torch/_dynamo/convert_frame.py", line 526, in __call__
    return _compile(
           ^^^^^^^^^
  File "/usr/local/lib/python3.12/site-packages/torch/_dynamo/convert_frame.py", line 924, in _compile
    guarded_code = compile_inner(code, one_graph, hooks, transform)
                   ^^^^^^^^^^^^^^^^^^^^^^^^^^^^^^^^^^^^^^^^^^^^^^^^
  File "/usr/local/lib/python3.12/site-packages/torch/_dynamo/convert_frame.py", line 666, in compile_inner
    return _compile_inner(code, one_graph, hooks, transform)
           ^^^^^^^^^^^^^^^^^^^^^^^^^^^^^^^^^^^^^^^^^^^^^^^^^
  File "/usr/local/lib/python3.12/site-packages/torch/_utils_internal.py", line 87, in wrapper_function
    return function(*args, **kwargs)
           ^^^^^^^^^^^^^^^^^^^^^^^^^
  File "/usr/local/lib/python3.12/site-packages/torch/_dynamo/convert_frame.py", line 699, in _compile_inner
    out_code = transform_code_object(code, transform)
               ^^^^^^^^^^^^^^^^^^^^^^^^^^^^^^^^^^^^^^
  File "/usr/local/lib/python3.12/site-packages/torch/_dynamo/bytecode_transformation.py", line 1322, in transform_code_object
    transformations(instructions, code_options)
  File "/usr/local/lib/python3.12/site-packages/torch/_dynamo/convert_frame.py", line 219, in _fn
    return fn(*args, **kwargs)
           ^^^^^^^^^^^^^^^^^^^
  File "/usr/local/lib/python3.12/site-packages/torch/_dynamo/convert_frame.py", line 634, in transform
    tracer.run()
  File "/usr/local/lib/python3.12/site-packages/torch/_dynamo/symbolic_convert.py", line 2796, in run
    super().run()
  File "/usr/local/lib/python3.12/site-packages/torch/_dynamo/symbolic_convert.py", line 983, in run
    while self.step():
          ^^^^^^^^^^^
  File "/usr/local/lib/python3.12/site-packages/torch/_dynamo/symbolic_convert.py", line 895, in step
    self.dispatch_table[inst.opcode](self, inst)
  File "/usr/local/lib/python3.12/site-packages/torch/_dynamo/symbolic_convert.py", line 582, in wrapper
    return inner_fn(self, inst)
           ^^^^^^^^^^^^^^^^^^^^
  File "/usr/local/lib/python3.12/site-packages/torch/_dynamo/symbolic_convert.py", line 2279, in CALL
    self._call(inst)
  File "/usr/local/lib/python3.12/site-packages/torch/_dynamo/symbolic_convert.py", line 2273, in _call
    self.call_function(fn, args, kwargs)
  File "/usr/local/lib/python3.12/site-packages/torch/_dynamo/symbolic_convert.py", line 830, in call_function
    self.push(fn.call_function(self, args, kwargs))  # type: ignore[arg-type]
              ^^^^^^^^^^^^^^^^^^^^^^^^^^^^^^^^^^^^
  File "/usr/local/lib/python3.12/site-packages/torch/_dynamo/variables/torch.py", line 897, in call_function
    tensor_variable = wrap_fx_proxy(
                      ^^^^^^^^^^^^^^
  File "/usr/local/lib/python3.12/site-packages/torch/_dynamo/variables/builder.py", line 2037, in wrap_fx_proxy
    return wrap_fx_proxy_cls(target_cls=TensorVariable, **kwargs)
           ^^^^^^^^^^^^^^^^^^^^^^^^^^^^^^^^^^^^^^^^^^^^^^^^^^^^^^
  File "/usr/local/lib/python3.12/site-packages/torch/_dynamo/variables/builder.py", line 2124, in wrap_fx_proxy_cls
    example_value = get_fake_value(proxy.node, tx, allow_non_graph_fake=True)
                    ^^^^^^^^^^^^^^^^^^^^^^^^^^^^^^^^^^^^^^^^^^^^^^^^^^^^^^^^^
  File "/usr/local/lib/python3.12/site-packages/torch/_dynamo/utils.py", line 2082, in get_fake_value
    raise TorchRuntimeError(str(e)).with_traceback(e.__traceback__) from None
  File "/usr/local/lib/python3.12/site-packages/torch/_dynamo/utils.py", line 2017, in get_fake_value
    ret_val = wrap_fake_exception(
              ^^^^^^^^^^^^^^^^^^^^
  File "/usr/local/lib/python3.12/site-packages/torch/_dynamo/utils.py", line 1574, in wrap_fake_exception
    return fn()
           ^^^^
  File "/usr/local/lib/python3.12/site-packages/torch/_dynamo/utils.py", line 2018, in <lambda>
    lambda: run_node(tx.output, node, args, kwargs, nnmodule)
            ^^^^^^^^^^^^^^^^^^^^^^^^^^^^^^^^^^^^^^^^^^^^^^^^^
  File "/usr/local/lib/python3.12/site-packages/torch/_dynamo/utils.py", line 2150, in run_node
    raise RuntimeError(make_error_message(e)).with_traceback(
  File "/usr/local/lib/python3.12/site-packages/torch/_dynamo/utils.py", line 2132, in run_node
    return node.target(*args, **kwargs)
           ^^^^^^^^^^^^^^^^^^^^^^^^^^^^
  File "/usr/local/lib/python3.12/site-packages/torch/nn/functional.py", line 4979, in affine_grid
    raise ValueError(
torch._dynamo.exc.TorchRuntimeError: Failed running call_function <function affine_grid at 0x2b1e0673c680>(*(FakeTensor(..., device='cuda:0', size=(1, 2, 3), dtype=torch.int64), (1, 3, 64, 64)), **{'align_corners': False}):
Expected theta to have floating point type, but got torch.int64

from user code:
   File "/data/results/lmstudio_prompt9_ultraspeed/call_acc/grid_sample_with_affine.py", line 16, in _grid_sample_with_affine_impl
    grid = F.affine_grid(theta, size, align_corners=align_corners)

Set TORCH_LOGS="+dynamo" and TORCHDYNAMO_VERBOSE=1 for more information


You can suppress this exception and fall back to eager by setting:
    import torch._dynamo
    torch._dynamo.config.suppress_errors = True


=== Output for pseudoinverse_svd.py on GPU 0 ===

=== Errors for pseudoinverse_svd.py on GPU 0 ===
W0527 12:02:58.102000 4817 site-packages/torch/_inductor/utils.py:1048] [0/0] Not enough SMs to use max_autotune_gemm mode
Traceback (most recent call last):
  File "/usr/local/lib/python3.12/site-packages/torch/_inductor/cudagraph_trees.py", line 1204, in _record
    static_outputs = model(inputs)
                     ^^^^^^^^^^^^^
  File "/tmp/torchinductor_root/pi/cpiehienduuyz7kunlhituxuy5dsnwfj7p2v3j26vjg5kzrkrks4.py", line 134, in call
    buf0 = torch.ops.aten._linalg_svd.default(arg0_1, True)
           ^^^^^^^^^^^^^^^^^^^^^^^^^^^^^^^^^^^^^^^^^^^^^^^^
  File "/usr/local/lib/python3.12/site-packages/torch/_ops.py", line 716, in __call__
    return self._op(*args, **kwargs)
           ^^^^^^^^^^^^^^^^^^^^^^^^^
RuntimeError: CUDA error: operation not permitted when stream is capturing
CUDA kernel errors might be asynchronously reported at some other API call, so the stacktrace below might be incorrect.
For debugging consider passing CUDA_LAUNCH_BLOCKING=1
Compile with `TORCH_USE_CUDA_DSA` to enable device-side assertions.


During handling of the above exception, another exception occurred:

Traceback (most recent call last):
  File "/data/results/lmstudio_prompt9_ultraspeed/call_acc/pseudoinverse_svd.py", line 56, in <module>
    test_results = test_pseudoinverse_svd()
                   ^^^^^^^^^^^^^^^^^^^^^^^^
  File "/data/results/lmstudio_prompt9_ultraspeed/call_acc/pseudoinverse_svd.py", line 52, in test_pseudoinverse_svd
    results["test_case_4"] = pseudoinverse_svd(A4)
                             ^^^^^^^^^^^^^^^^^^^^^
  File "/data/results/lmstudio_prompt9_ultraspeed/call_acc/pseudoinverse_svd.py", line 31, in pseudoinverse_svd
    y = _pseudoinverse_svd_fast(A, full_matrices, rcond)
        ^^^^^^^^^^^^^^^^^^^^^^^^^^^^^^^^^^^^^^^^^^^^^^^^
  File "/usr/local/lib/python3.12/site-packages/torch/_dynamo/eval_frame.py", line 465, in _fn
    return fn(*args, **kwargs)
           ^^^^^^^^^^^^^^^^^^^
  File "/data/results/lmstudio_prompt9_ultraspeed/call_acc/pseudoinverse_svd.py", line 15, in _pseudoinverse_svd_impl
    def _pseudoinverse_svd_impl(A, full_matrices, rcond):
  File "/usr/local/lib/python3.12/site-packages/torch/_dynamo/eval_frame.py", line 632, in _fn
    return fn(*args, **kwargs)
           ^^^^^^^^^^^^^^^^^^^
  File "/usr/local/lib/python3.12/site-packages/torch/_functorch/aot_autograd.py", line 1100, in forward
    return compiled_fn(full_args)
           ^^^^^^^^^^^^^^^^^^^^^^
  File "/usr/local/lib/python3.12/site-packages/torch/_functorch/_aot_autograd/runtime_wrappers.py", line 321, in runtime_wrapper
    all_outs = call_func_at_runtime_with_args(
               ^^^^^^^^^^^^^^^^^^^^^^^^^^^^^^^
  File "/usr/local/lib/python3.12/site-packages/torch/_functorch/_aot_autograd/utils.py", line 124, in call_func_at_runtime_with_args
    out = normalize_as_list(f(args))
                            ^^^^^^^
  File "/usr/local/lib/python3.12/site-packages/torch/_functorch/_aot_autograd/runtime_wrappers.py", line 667, in inner_fn
    outs = compiled_fn(args)
           ^^^^^^^^^^^^^^^^^
  File "/usr/local/lib/python3.12/site-packages/torch/_functorch/_aot_autograd/runtime_wrappers.py", line 488, in wrapper
    return compiled_fn(runtime_args)
           ^^^^^^^^^^^^^^^^^^^^^^^^^
  File "/usr/local/lib/python3.12/site-packages/torch/_inductor/codecache.py", line 1478, in __call__
    return self.current_callable(inputs)
           ^^^^^^^^^^^^^^^^^^^^^^^^^^^^^
  File "/usr/local/lib/python3.12/site-packages/torch/_inductor/compile_fx.py", line 1008, in run
    return compiled_fn(new_inputs)
           ^^^^^^^^^^^^^^^^^^^^^^^
  File "/usr/local/lib/python3.12/site-packages/torch/_inductor/cudagraph_trees.py", line 382, in deferred_cudagraphify
    return fn(inputs)
           ^^^^^^^^^^
  File "/usr/local/lib/python3.12/site-packages/torch/_inductor/utils.py", line 1977, in run
    return model(new_inputs)
           ^^^^^^^^^^^^^^^^^
  File "/usr/local/lib/python3.12/site-packages/torch/_inductor/cudagraph_trees.py", line 1919, in run
    out = self._run(new_inputs, function_id)
          ^^^^^^^^^^^^^^^^^^^^^^^^^^^^^^^^^^
  File "/usr/local/lib/python3.12/site-packages/torch/_inductor/cudagraph_trees.py", line 2089, in _run
    return self.record_function(new_inputs, function_id)
           ^^^^^^^^^^^^^^^^^^^^^^^^^^^^^^^^^^^^^^^^^^^^^
  File "/usr/local/lib/python3.12/site-packages/torch/_inductor/cudagraph_trees.py", line 2123, in record_function
    node = CUDAGraphNode(
           ^^^^^^^^^^^^^^
  File "/usr/local/lib/python3.12/site-packages/torch/_inductor/cudagraph_trees.py", line 970, in __init__
    self.recording_outputs: Optional[OutputType] = self._record(
                                                   ^^^^^^^^^^^^^
  File "/usr/local/lib/python3.12/site-packages/torch/_inductor/cudagraph_trees.py", line 1196, in _record
    with preserve_rng_state(), torch.cuda.device(
  File "/usr/local/lib/python3.12/site-packages/torch/cuda/graphs.py", line 186, in __exit__
    self.cuda_graph.capture_end()
  File "/usr/local/lib/python3.12/site-packages/torch/cuda/graphs.py", line 84, in capture_end
    super().capture_end()
RuntimeError: CUDA error: operation failed due to a previous error during capture
CUDA kernel errors might be asynchronously reported at some other API call, so the stacktrace below might be incorrect.
For debugging consider passing CUDA_LAUNCH_BLOCKING=1
Compile with `TORCH_USE_CUDA_DSA` to enable device-side assertions.


=== Output for exp_mean.py on GPU 0 ===

=== Errors for exp_mean.py on GPU 0 ===

=== Output for low_rank_svd_approximation.py on GPU 0 ===

=== Errors for low_rank_svd_approximation.py on GPU 0 ===
E0527 12:03:10.919000 4876 site-packages/torch/_subclasses/fake_tensor.py:2017] [0/0] failed while attempting to run meta for aten.mul.Tensor
E0527 12:03:10.919000 4876 site-packages/torch/_subclasses/fake_tensor.py:2017] [0/0] Traceback (most recent call last):
E0527 12:03:10.919000 4876 site-packages/torch/_subclasses/fake_tensor.py:2017] [0/0]   File "/usr/local/lib/python3.12/site-packages/torch/_subclasses/fake_tensor.py", line 2013, in _dispatch_impl
E0527 12:03:10.919000 4876 site-packages/torch/_subclasses/fake_tensor.py:2017] [0/0]     r = func(*args, **kwargs)
E0527 12:03:10.919000 4876 site-packages/torch/_subclasses/fake_tensor.py:2017] [0/0]         ^^^^^^^^^^^^^^^^^^^^^
E0527 12:03:10.919000 4876 site-packages/torch/_subclasses/fake_tensor.py:2017] [0/0]   File "/usr/local/lib/python3.12/site-packages/torch/_ops.py", line 716, in __call__
E0527 12:03:10.919000 4876 site-packages/torch/_subclasses/fake_tensor.py:2017] [0/0]     return self._op(*args, **kwargs)
E0527 12:03:10.919000 4876 site-packages/torch/_subclasses/fake_tensor.py:2017] [0/0]            ^^^^^^^^^^^^^^^^^^^^^^^^^
E0527 12:03:10.919000 4876 site-packages/torch/_subclasses/fake_tensor.py:2017] [0/0]   File "/usr/local/lib/python3.12/site-packages/torch/_prims_common/wrappers.py", line 273, in _fn
E0527 12:03:10.919000 4876 site-packages/torch/_subclasses/fake_tensor.py:2017] [0/0]     result = fn(*args, **kwargs)
E0527 12:03:10.919000 4876 site-packages/torch/_subclasses/fake_tensor.py:2017] [0/0]              ^^^^^^^^^^^^^^^^^^^
E0527 12:03:10.919000 4876 site-packages/torch/_subclasses/fake_tensor.py:2017] [0/0]   File "/usr/local/lib/python3.12/site-packages/torch/_prims_common/wrappers.py", line 141, in _fn
E0527 12:03:10.919000 4876 site-packages/torch/_subclasses/fake_tensor.py:2017] [0/0]     result = fn(**bound.arguments)
E0527 12:03:10.919000 4876 site-packages/torch/_subclasses/fake_tensor.py:2017] [0/0]              ^^^^^^^^^^^^^^^^^^^^^
E0527 12:03:10.919000 4876 site-packages/torch/_subclasses/fake_tensor.py:2017] [0/0]   File "/usr/local/lib/python3.12/site-packages/torch/_refs/__init__.py", line 1049, in _ref
E0527 12:03:10.919000 4876 site-packages/torch/_subclasses/fake_tensor.py:2017] [0/0]     a, b = _maybe_broadcast(a, b)
E0527 12:03:10.919000 4876 site-packages/torch/_subclasses/fake_tensor.py:2017] [0/0]            ^^^^^^^^^^^^^^^^^^^^^^
E0527 12:03:10.919000 4876 site-packages/torch/_subclasses/fake_tensor.py:2017] [0/0]   File "/usr/local/lib/python3.12/site-packages/torch/_refs/__init__.py", line 422, in _maybe_broadcast
E0527 12:03:10.919000 4876 site-packages/torch/_subclasses/fake_tensor.py:2017] [0/0]     common_shape = _broadcast_shapes(
E0527 12:03:10.919000 4876 site-packages/torch/_subclasses/fake_tensor.py:2017] [0/0]                    ^^^^^^^^^^^^^^^^^^
E0527 12:03:10.919000 4876 site-packages/torch/_subclasses/fake_tensor.py:2017] [0/0]   File "/usr/local/lib/python3.12/site-packages/torch/_refs/__init__.py", line 411, in _broadcast_shapes
E0527 12:03:10.919000 4876 site-packages/torch/_subclasses/fake_tensor.py:2017] [0/0]     raise RuntimeError(
E0527 12:03:10.919000 4876 site-packages/torch/_subclasses/fake_tensor.py:2017] [0/0] RuntimeError: Attempting to broadcast a dimension of length 2 at -2! Mismatching argument at index 1 had torch.Size([2, 1]); but expected shape should be broadcastable to [5, 2]
Traceback (most recent call last):
  File "/data/results/lmstudio_prompt9_ultraspeed/call_acc/low_rank_svd_approximation.py", line 65, in <module>
    test_results = test_low_rank_svd_approximation()
                   ^^^^^^^^^^^^^^^^^^^^^^^^^^^^^^^^^
  File "/data/results/lmstudio_prompt9_ultraspeed/call_acc/low_rank_svd_approximation.py", line 46, in test_low_rank_svd_approximation
    results["test_case_1"] = low_rank_svd_approximation(A, k)
                             ^^^^^^^^^^^^^^^^^^^^^^^^^^^^^^^^
  File "/data/results/lmstudio_prompt9_ultraspeed/call_acc/low_rank_svd_approximation.py", line 28, in low_rank_svd_approximation
    y = _low_rank_svd_approximation_fast(A, k, full_matrices)
        ^^^^^^^^^^^^^^^^^^^^^^^^^^^^^^^^^^^^^^^^^^^^^^^^^^^^^
  File "/usr/local/lib/python3.12/site-packages/torch/_dynamo/eval_frame.py", line 465, in _fn
    return fn(*args, **kwargs)
           ^^^^^^^^^^^^^^^^^^^
  File "/usr/local/lib/python3.12/site-packages/torch/_dynamo/convert_frame.py", line 1269, in __call__
    return self._torchdynamo_orig_callable(
           ^^^^^^^^^^^^^^^^^^^^^^^^^^^^^^^^
  File "/usr/local/lib/python3.12/site-packages/torch/_dynamo/convert_frame.py", line 1064, in __call__
    result = self._inner_convert(
             ^^^^^^^^^^^^^^^^^^^^
  File "/usr/local/lib/python3.12/site-packages/torch/_dynamo/convert_frame.py", line 526, in __call__
    return _compile(
           ^^^^^^^^^
  File "/usr/local/lib/python3.12/site-packages/torch/_dynamo/convert_frame.py", line 924, in _compile
    guarded_code = compile_inner(code, one_graph, hooks, transform)
                   ^^^^^^^^^^^^^^^^^^^^^^^^^^^^^^^^^^^^^^^^^^^^^^^^
  File "/usr/local/lib/python3.12/site-packages/torch/_dynamo/convert_frame.py", line 666, in compile_inner
    return _compile_inner(code, one_graph, hooks, transform)
           ^^^^^^^^^^^^^^^^^^^^^^^^^^^^^^^^^^^^^^^^^^^^^^^^^
  File "/usr/local/lib/python3.12/site-packages/torch/_utils_internal.py", line 87, in wrapper_function
    return function(*args, **kwargs)
           ^^^^^^^^^^^^^^^^^^^^^^^^^
  File "/usr/local/lib/python3.12/site-packages/torch/_dynamo/convert_frame.py", line 699, in _compile_inner
    out_code = transform_code_object(code, transform)
               ^^^^^^^^^^^^^^^^^^^^^^^^^^^^^^^^^^^^^^
  File "/usr/local/lib/python3.12/site-packages/torch/_dynamo/bytecode_transformation.py", line 1322, in transform_code_object
    transformations(instructions, code_options)
  File "/usr/local/lib/python3.12/site-packages/torch/_dynamo/convert_frame.py", line 219, in _fn
    return fn(*args, **kwargs)
           ^^^^^^^^^^^^^^^^^^^
  File "/usr/local/lib/python3.12/site-packages/torch/_dynamo/convert_frame.py", line 634, in transform
    tracer.run()
  File "/usr/local/lib/python3.12/site-packages/torch/_dynamo/symbolic_convert.py", line 2796, in run
    super().run()
  File "/usr/local/lib/python3.12/site-packages/torch/_dynamo/symbolic_convert.py", line 983, in run
    while self.step():
          ^^^^^^^^^^^
  File "/usr/local/lib/python3.12/site-packages/torch/_dynamo/symbolic_convert.py", line 895, in step
    self.dispatch_table[inst.opcode](self, inst)
  File "/usr/local/lib/python3.12/site-packages/torch/_dynamo/symbolic_convert.py", line 2220, in BINARY_OP
    return _binary_op_lookup[inst.arg](self, inst)
           ^^^^^^^^^^^^^^^^^^^^^^^^^^^^^^^^^^^^^^^
  File "/usr/local/lib/python3.12/site-packages/torch/_dynamo/symbolic_convert.py", line 301, in impl
    self.push(fn_var.call_function(self, self.popn(nargs), {}))
              ^^^^^^^^^^^^^^^^^^^^^^^^^^^^^^^^^^^^^^^^^^^^^^^^
  File "/usr/local/lib/python3.12/site-packages/torch/_dynamo/variables/builtin.py", line 967, in call_function
    return handler(tx, args, kwargs)
           ^^^^^^^^^^^^^^^^^^^^^^^^^
  File "/usr/local/lib/python3.12/site-packages/torch/_dynamo/variables/builtin.py", line 943, in _handle_insert_op_in_graph
    return wrap_fx_proxy(tx, proxy)
           ^^^^^^^^^^^^^^^^^^^^^^^^
  File "/usr/local/lib/python3.12/site-packages/torch/_dynamo/variables/builder.py", line 2037, in wrap_fx_proxy
    return wrap_fx_proxy_cls(target_cls=TensorVariable, **kwargs)
           ^^^^^^^^^^^^^^^^^^^^^^^^^^^^^^^^^^^^^^^^^^^^^^^^^^^^^^
  File "/usr/local/lib/python3.12/site-packages/torch/_dynamo/variables/builder.py", line 2124, in wrap_fx_proxy_cls
    example_value = get_fake_value(proxy.node, tx, allow_non_graph_fake=True)
                    ^^^^^^^^^^^^^^^^^^^^^^^^^^^^^^^^^^^^^^^^^^^^^^^^^^^^^^^^^
  File "/usr/local/lib/python3.12/site-packages/torch/_dynamo/utils.py", line 2082, in get_fake_value
    raise TorchRuntimeError(str(e)).with_traceback(e.__traceback__) from None
  File "/usr/local/lib/python3.12/site-packages/torch/_dynamo/utils.py", line 2017, in get_fake_value
    ret_val = wrap_fake_exception(
              ^^^^^^^^^^^^^^^^^^^^
  File "/usr/local/lib/python3.12/site-packages/torch/_dynamo/utils.py", line 1574, in wrap_fake_exception
    return fn()
           ^^^^
  File "/usr/local/lib/python3.12/site-packages/torch/_dynamo/utils.py", line 2018, in <lambda>
    lambda: run_node(tx.output, node, args, kwargs, nnmodule)
            ^^^^^^^^^^^^^^^^^^^^^^^^^^^^^^^^^^^^^^^^^^^^^^^^^
  File "/usr/local/lib/python3.12/site-packages/torch/_dynamo/utils.py", line 2150, in run_node
    raise RuntimeError(make_error_message(e)).with_traceback(
  File "/usr/local/lib/python3.12/site-packages/torch/_dynamo/utils.py", line 2132, in run_node
    return node.target(*args, **kwargs)
           ^^^^^^^^^^^^^^^^^^^^^^^^^^^^
  File "/usr/local/lib/python3.12/site-packages/torch/utils/_stats.py", line 21, in wrapper
    return fn(*args, **kwargs)
           ^^^^^^^^^^^^^^^^^^^
  File "/usr/local/lib/python3.12/site-packages/torch/_subclasses/fake_tensor.py", line 1238, in __torch_dispatch__
    return self.dispatch(func, types, args, kwargs)
           ^^^^^^^^^^^^^^^^^^^^^^^^^^^^^^^^^^^^^^^^
  File "/usr/local/lib/python3.12/site-packages/torch/_subclasses/fake_tensor.py", line 1692, in dispatch
    return self._cached_dispatch_impl(func, types, args, kwargs)
           ^^^^^^^^^^^^^^^^^^^^^^^^^^^^^^^^^^^^^^^^^^^^^^^^^^^^^
  File "/usr/local/lib/python3.12/site-packages/torch/_subclasses/fake_tensor.py", line 1339, in _cached_dispatch_impl
    output = self._dispatch_impl(func, types, args, kwargs)
             ^^^^^^^^^^^^^^^^^^^^^^^^^^^^^^^^^^^^^^^^^^^^^^
  File "/usr/local/lib/python3.12/site-packages/torch/_subclasses/fake_tensor.py", line 2013, in _dispatch_impl
    r = func(*args, **kwargs)
        ^^^^^^^^^^^^^^^^^^^^^
  File "/usr/local/lib/python3.12/site-packages/torch/_ops.py", line 716, in __call__
    return self._op(*args, **kwargs)
           ^^^^^^^^^^^^^^^^^^^^^^^^^
  File "/usr/local/lib/python3.12/site-packages/torch/_prims_common/wrappers.py", line 273, in _fn
    result = fn(*args, **kwargs)
             ^^^^^^^^^^^^^^^^^^^
  File "/usr/local/lib/python3.12/site-packages/torch/_prims_common/wrappers.py", line 141, in _fn
    result = fn(**bound.arguments)
             ^^^^^^^^^^^^^^^^^^^^^
  File "/usr/local/lib/python3.12/site-packages/torch/_refs/__init__.py", line 1049, in _ref
    a, b = _maybe_broadcast(a, b)
           ^^^^^^^^^^^^^^^^^^^^^^
  File "/usr/local/lib/python3.12/site-packages/torch/_refs/__init__.py", line 422, in _maybe_broadcast
    common_shape = _broadcast_shapes(
                   ^^^^^^^^^^^^^^^^^^
  File "/usr/local/lib/python3.12/site-packages/torch/_refs/__init__.py", line 411, in _broadcast_shapes
    raise RuntimeError(
torch._dynamo.exc.TorchRuntimeError: Failed running call_function <built-in function mul>(*(FakeTensor(..., device='cuda:0', size=(5, 2)), FakeTensor(..., device='cuda:0', size=(2, 1))), **{}):
Attempting to broadcast a dimension of length 2 at -2! Mismatching argument at index 1 had torch.Size([2, 1]); but expected shape should be broadcastable to [5, 2]

from user code:
   File "/data/results/lmstudio_prompt9_ultraspeed/call_acc/low_rank_svd_approximation.py", line 20, in _low_rank_svd_approximation_impl
    return torch.matmul(U_k * S_k.unsqueeze(-1), Vh_k)

Set TORCH_LOGS="+dynamo" and TORCHDYNAMO_VERBOSE=1 for more information


You can suppress this exception and fall back to eager by setting:
    import torch._dynamo
    torch._dynamo.config.suppress_errors = True


=== Output for min.py on GPU 0 ===

=== Errors for min.py on GPU 0 ===

=== Output for symmetric_mm_and_abs_sum.py on GPU 0 ===

=== Errors for symmetric_mm_and_abs_sum.py on GPU 0 ===
W0527 12:03:25.041000 4884 site-packages/torch/_inductor/utils.py:1048] [0/0] Not enough SMs to use max_autotune_gemm mode

=== Output for determinant_lu.py on GPU 0 ===

=== Errors for determinant_lu.py on GPU 0 ===
/usr/local/lib/python3.12/site-packages/torch/_inductor/lowering.py:1532: FutureWarning: `torch._prims_common.check` is deprecated and will be removed in the future. Please use `torch._check*` functions instead.
  check(
/usr/local/lib/python3.12/site-packages/torch/_inductor/lowering.py:1532: FutureWarning: `torch._prims_common.check` is deprecated and will be removed in the future. Please use `torch._check*` functions instead.
  check(
/usr/local/lib/python3.12/site-packages/torch/_inductor/lowering.py:1532: FutureWarning: `torch._prims_common.check` is deprecated and will be removed in the future. Please use `torch._check*` functions instead.
  check(

=== Output for tanh_linear.py on GPU 0 ===

=== Errors for tanh_linear.py on GPU 0 ===
W0527 12:03:52.636000 5023 site-packages/torch/_inductor/utils.py:1048] [0/0] Not enough SMs to use max_autotune_gemm mode

=== Output for sum.py on GPU 0 ===

=== Errors for sum.py on GPU 0 ===

=== Output for logspace.py on GPU 0 ===

=== Errors for logspace.py on GPU 0 ===
Traceback (most recent call last):
  File "/usr/local/lib/python3.12/site-packages/torch/_dynamo/output_graph.py", line 1446, in _call_user_compiler
    compiled_fn = compiler_fn(gm, self.example_inputs())
                  ^^^^^^^^^^^^^^^^^^^^^^^^^^^^^^^^^^^^^^
  File "/usr/local/lib/python3.12/site-packages/torch/_dynamo/repro/after_dynamo.py", line 129, in __call__
    compiled_gm = compiler_fn(gm, example_inputs)
                  ^^^^^^^^^^^^^^^^^^^^^^^^^^^^^^^
  File "/usr/local/lib/python3.12/site-packages/torch/__init__.py", line 2234, in __call__
    return compile_fx(model_, inputs_, config_patches=self.config)
           ^^^^^^^^^^^^^^^^^^^^^^^^^^^^^^^^^^^^^^^^^^^^^^^^^^^^^^^
  File "/usr/local/lib/python3.12/site-packages/torch/_inductor/compile_fx.py", line 1253, in compile_fx
    return compile_fx(
           ^^^^^^^^^^^
  File "/usr/local/lib/python3.12/site-packages/torch/_inductor/compile_fx.py", line 1521, in compile_fx
    return aot_autograd(
           ^^^^^^^^^^^^^
  File "/usr/local/lib/python3.12/site-packages/torch/_dynamo/backends/common.py", line 72, in __call__
    cg = aot_module_simplified(gm, example_inputs, **self.kwargs)
         ^^^^^^^^^^^^^^^^^^^^^^^^^^^^^^^^^^^^^^^^^^^^^^^^^^^^^^^^
  File "/usr/local/lib/python3.12/site-packages/torch/_functorch/aot_autograd.py", line 1071, in aot_module_simplified
    compiled_fn = dispatch_and_compile()
                  ^^^^^^^^^^^^^^^^^^^^^^
  File "/usr/local/lib/python3.12/site-packages/torch/_functorch/aot_autograd.py", line 1056, in dispatch_and_compile
    compiled_fn, _ = create_aot_dispatcher_function(
                     ^^^^^^^^^^^^^^^^^^^^^^^^^^^^^^^
  File "/usr/local/lib/python3.12/site-packages/torch/_functorch/aot_autograd.py", line 522, in create_aot_dispatcher_function
    return _create_aot_dispatcher_function(
           ^^^^^^^^^^^^^^^^^^^^^^^^^^^^^^^^
  File "/usr/local/lib/python3.12/site-packages/torch/_functorch/aot_autograd.py", line 759, in _create_aot_dispatcher_function
    compiled_fn, fw_metadata = compiler_fn(
                               ^^^^^^^^^^^^
  File "/usr/local/lib/python3.12/site-packages/torch/_functorch/_aot_autograd/jit_compile_runtime_wrappers.py", line 140, in aot_dispatch_base
    fw_module, updated_flat_args, maybe_subclass_meta = aot_dispatch_base_graph(  # type: ignore[misc]
                                                        ^^^^^^^^^^^^^^^^^^^^^^^^^^^^^^^^^^^^^^^^^^^^^^
  File "/usr/local/lib/python3.12/site-packages/torch/_functorch/_aot_autograd/dispatch_and_compile_graph.py", line 154, in aot_dispatch_base_graph
    fw_module = _create_graph(
                ^^^^^^^^^^^^^^
  File "/usr/local/lib/python3.12/site-packages/torch/_functorch/_aot_autograd/dispatch_and_compile_graph.py", line 54, in _create_graph
    fx_g = make_fx(
           ^^^^^^^^
  File "/usr/local/lib/python3.12/site-packages/torch/fx/experimental/proxy_tensor.py", line 2110, in wrapped
    return make_fx_tracer.trace(f, *args)
           ^^^^^^^^^^^^^^^^^^^^^^^^^^^^^^
  File "/usr/local/lib/python3.12/site-packages/torch/fx/experimental/proxy_tensor.py", line 2048, in trace
    return self._trace_inner(f, *args)
           ^^^^^^^^^^^^^^^^^^^^^^^^^^^
  File "/usr/local/lib/python3.12/site-packages/torch/fx/experimental/proxy_tensor.py", line 2034, in _trace_inner
    t = dispatch_trace(
        ^^^^^^^^^^^^^^^
  File "/usr/local/lib/python3.12/site-packages/torch/_compile.py", line 32, in inner
    return disable_fn(*args, **kwargs)
           ^^^^^^^^^^^^^^^^^^^^^^^^^^^
  File "/usr/local/lib/python3.12/site-packages/torch/_dynamo/eval_frame.py", line 632, in _fn
    return fn(*args, **kwargs)
           ^^^^^^^^^^^^^^^^^^^
  File "/usr/local/lib/python3.12/site-packages/torch/fx/experimental/proxy_tensor.py", line 1127, in dispatch_trace
    graph = tracer.trace(root, concrete_args)  # type: ignore[arg-type]
            ^^^^^^^^^^^^^^^^^^^^^^^^^^^^^^^^^
  File "/usr/local/lib/python3.12/site-packages/torch/_dynamo/eval_frame.py", line 632, in _fn
    return fn(*args, **kwargs)
           ^^^^^^^^^^^^^^^^^^^
  File "/usr/local/lib/python3.12/site-packages/torch/fx/_symbolic_trace.py", line 823, in trace
    (self.create_arg(fn(*args)),),
                     ^^^^^^^^^
  File "/usr/local/lib/python3.12/site-packages/torch/fx/experimental/proxy_tensor.py", line 1182, in wrapped
    out = f(*tensors)
          ^^^^^^^^^^^
  File "<string>", line 1, in <lambda>
  File "/usr/local/lib/python3.12/site-packages/torch/_functorch/_aot_autograd/traced_function_transforms.py", line 693, in inner_fn
    outs = fn(*args)
           ^^^^^^^^^
  File "/usr/local/lib/python3.12/site-packages/torch/_functorch/_aot_autograd/traced_function_transforms.py", line 413, in _functionalized_f_helper
    f_outs = fn(*f_args)
             ^^^^^^^^^^^
  File "/usr/local/lib/python3.12/site-packages/torch/_functorch/_aot_autograd/traced_function_transforms.py", line 78, in inner_fn
    outs = fn(*args)
           ^^^^^^^^^
  File "/usr/local/lib/python3.12/site-packages/torch/_functorch/_aot_autograd/traced_function_transforms.py", line 859, in functional_call
    out = PropagateUnbackedSymInts(mod).run(
          ^^^^^^^^^^^^^^^^^^^^^^^^^^^^^^^^^^
  File "/usr/local/lib/python3.12/site-packages/torch/fx/interpreter.py", line 146, in run
    self.env[node] = self.run_node(node)
                     ^^^^^^^^^^^^^^^^^^^
  File "/usr/local/lib/python3.12/site-packages/torch/fx/experimental/symbolic_shapes.py", line 5498, in run_node
    result = super().run_node(n)
             ^^^^^^^^^^^^^^^^^^^
  File "/usr/local/lib/python3.12/site-packages/torch/fx/interpreter.py", line 203, in run_node
    return getattr(self, n.op)(n.target, args, kwargs)
           ^^^^^^^^^^^^^^^^^^^^^^^^^^^^^^^^^^^^^^^^^^^
  File "/usr/local/lib/python3.12/site-packages/torch/fx/interpreter.py", line 275, in call_function
    return target(*args, **kwargs)
           ^^^^^^^^^^^^^^^^^^^^^^^
  File "/usr/local/lib/python3.12/site-packages/torch/fx/experimental/proxy_tensor.py", line 1230, in __torch_function__
    return func(*args, **kwargs)
           ^^^^^^^^^^^^^^^^^^^^^
  File "/usr/local/lib/python3.12/site-packages/torch/_subclasses/functional_tensor.py", line 534, in __torch_dispatch__
    outs_unwrapped = func._op_dk(
                     ^^^^^^^^^^^^
  File "/usr/local/lib/python3.12/site-packages/torch/utils/_stats.py", line 21, in wrapper
    return fn(*args, **kwargs)
           ^^^^^^^^^^^^^^^^^^^
  File "/usr/local/lib/python3.12/site-packages/torch/fx/experimental/proxy_tensor.py", line 1308, in __torch_dispatch__
    return proxy_call(self, func, self.pre_dispatch, args, kwargs)
           ^^^^^^^^^^^^^^^^^^^^^^^^^^^^^^^^^^^^^^^^^^^^^^^^^^^^^^^
  File "/usr/local/lib/python3.12/site-packages/torch/fx/experimental/proxy_tensor.py", line 787, in proxy_call
    r = maybe_handle_decomp(proxy_mode, func, args, kwargs)
        ^^^^^^^^^^^^^^^^^^^^^^^^^^^^^^^^^^^^^^^^^^^^^^^^^^^
  File "/usr/local/lib/python3.12/site-packages/torch/fx/experimental/proxy_tensor.py", line 2171, in maybe_handle_decomp
    out = CURRENT_DECOMPOSITION_TABLE[op](*args, **kwargs)
          ^^^^^^^^^^^^^^^^^^^^^^^^^^^^^^^^^^^^^^^^^^^^^^^^
  File "/usr/local/lib/python3.12/site-packages/torch/_prims_common/wrappers.py", line 273, in _fn
    result = fn(*args, **kwargs)
             ^^^^^^^^^^^^^^^^^^^
  File "/usr/local/lib/python3.12/site-packages/torch/_refs/__init__.py", line 5145, in linspace
    start + step * cast_rg(rg),  # type: ignore[arg-type,operator]
            ~~~~~^~~~~~~~~~~~~
  File "/usr/local/lib/python3.12/site-packages/torch/utils/_stats.py", line 21, in wrapper
    return fn(*args, **kwargs)
           ^^^^^^^^^^^^^^^^^^^
  File "/usr/local/lib/python3.12/site-packages/torch/fx/experimental/proxy_tensor.py", line 1308, in __torch_dispatch__
    return proxy_call(self, func, self.pre_dispatch, args, kwargs)
           ^^^^^^^^^^^^^^^^^^^^^^^^^^^^^^^^^^^^^^^^^^^^^^^^^^^^^^^
  File "/usr/local/lib/python3.12/site-packages/torch/fx/experimental/proxy_tensor.py", line 906, in proxy_call
    out = func(*args, **kwargs)
          ^^^^^^^^^^^^^^^^^^^^^
  File "/usr/local/lib/python3.12/site-packages/torch/_ops.py", line 716, in __call__
    return self._op(*args, **kwargs)
           ^^^^^^^^^^^^^^^^^^^^^^^^^
  File "/usr/local/lib/python3.12/site-packages/torch/utils/_stats.py", line 21, in wrapper
    return fn(*args, **kwargs)
           ^^^^^^^^^^^^^^^^^^^
  File "/usr/local/lib/python3.12/site-packages/torch/_subclasses/fake_tensor.py", line 1238, in __torch_dispatch__
    return self.dispatch(func, types, args, kwargs)
           ^^^^^^^^^^^^^^^^^^^^^^^^^^^^^^^^^^^^^^^^
  File "/usr/local/lib/python3.12/site-packages/torch/_subclasses/fake_tensor.py", line 1692, in dispatch
    return self._cached_dispatch_impl(func, types, args, kwargs)
           ^^^^^^^^^^^^^^^^^^^^^^^^^^^^^^^^^^^^^^^^^^^^^^^^^^^^^
  File "/usr/local/lib/python3.12/site-packages/torch/_subclasses/fake_tensor.py", line 1339, in _cached_dispatch_impl
    output = self._dispatch_impl(func, types, args, kwargs)
             ^^^^^^^^^^^^^^^^^^^^^^^^^^^^^^^^^^^^^^^^^^^^^^
  File "/usr/local/lib/python3.12/site-packages/torch/_subclasses/fake_tensor.py", line 2021, in _dispatch_impl
    self.wrap_meta_outputs_with_default_device_logic(
  File "/usr/local/lib/python3.12/site-packages/torch/_subclasses/fake_tensor.py", line 2143, in wrap_meta_outputs_with_default_device_logic
    return tree_map(wrap, r)
           ^^^^^^^^^^^^^^^^^
  File "/usr/local/lib/python3.12/site-packages/torch/utils/_pytree.py", line 964, in tree_map
    return treespec.unflatten(map(func, *flat_args))
           ^^^^^^^^^^^^^^^^^^^^^^^^^^^^^^^^^^^^^^^^^
  File "/usr/local/lib/python3.12/site-packages/torch/utils/_pytree.py", line 803, in unflatten
    leaves = list(leaves)
             ^^^^^^^^^^^^
  File "/usr/local/lib/python3.12/site-packages/torch/_subclasses/fake_tensor.py", line 2121, in wrap
    ) = FakeTensor._find_common_device(func, flat_args)
        ^^^^^^^^^^^^^^^^^^^^^^^^^^^^^^^^^^^^^^^^^^^^^^^
  File "/usr/local/lib/python3.12/site-packages/torch/_subclasses/fake_tensor.py", line 872, in _find_common_device
    merge_devices(arg)
  File "/usr/local/lib/python3.12/site-packages/torch/_subclasses/fake_tensor.py", line 867, in merge_devices
    raise RuntimeError(
RuntimeError: Unhandled FakeTensor Device Propagation for aten.mul.Tensor, found two different devices cuda:0, cpu

While executing %linspace : [num_users=1] = call_function[target=torch.linspace](args = (%l_start_, %l_end_, 5), kwargs = {dtype: None, device: None})
Original traceback:
  File "/data/results/lmstudio_prompt9_ultraspeed/call_acc/logspace.py", line 16, in _logspace_impl
    return torch.pow(base, torch.linspace(start, end, steps, dtype=dtype, device=device))


The above exception was the direct cause of the following exception:

Traceback (most recent call last):
  File "/data/results/lmstudio_prompt9_ultraspeed/call_acc/logspace.py", line 68, in <module>
    test_results = test_logspace()
                   ^^^^^^^^^^^^^^^
  File "/data/results/lmstudio_prompt9_ultraspeed/call_acc/logspace.py", line 43, in test_logspace
    results["test_case_1"] = logspace(start, end, steps)
                             ^^^^^^^^^^^^^^^^^^^^^^^^^^^
  File "/data/results/lmstudio_prompt9_ultraspeed/call_acc/logspace.py", line 24, in logspace
    y = _logspace_fast(start, end, steps, base, dtype, device)
        ^^^^^^^^^^^^^^^^^^^^^^^^^^^^^^^^^^^^^^^^^^^^^^^^^^^^^^
  File "/usr/local/lib/python3.12/site-packages/torch/_dynamo/eval_frame.py", line 465, in _fn
    return fn(*args, **kwargs)
           ^^^^^^^^^^^^^^^^^^^
  File "/usr/local/lib/python3.12/site-packages/torch/_dynamo/convert_frame.py", line 1269, in __call__
    return self._torchdynamo_orig_callable(
           ^^^^^^^^^^^^^^^^^^^^^^^^^^^^^^^^
  File "/usr/local/lib/python3.12/site-packages/torch/_dynamo/convert_frame.py", line 1064, in __call__
    result = self._inner_convert(
             ^^^^^^^^^^^^^^^^^^^^
  File "/usr/local/lib/python3.12/site-packages/torch/_dynamo/convert_frame.py", line 526, in __call__
    return _compile(
           ^^^^^^^^^
  File "/usr/local/lib/python3.12/site-packages/torch/_dynamo/convert_frame.py", line 924, in _compile
    guarded_code = compile_inner(code, one_graph, hooks, transform)
                   ^^^^^^^^^^^^^^^^^^^^^^^^^^^^^^^^^^^^^^^^^^^^^^^^
  File "/usr/local/lib/python3.12/site-packages/torch/_dynamo/convert_frame.py", line 666, in compile_inner
    return _compile_inner(code, one_graph, hooks, transform)
           ^^^^^^^^^^^^^^^^^^^^^^^^^^^^^^^^^^^^^^^^^^^^^^^^^
  File "/usr/local/lib/python3.12/site-packages/torch/_utils_internal.py", line 87, in wrapper_function
    return function(*args, **kwargs)
           ^^^^^^^^^^^^^^^^^^^^^^^^^
  File "/usr/local/lib/python3.12/site-packages/torch/_dynamo/convert_frame.py", line 699, in _compile_inner
    out_code = transform_code_object(code, transform)
               ^^^^^^^^^^^^^^^^^^^^^^^^^^^^^^^^^^^^^^
  File "/usr/local/lib/python3.12/site-packages/torch/_dynamo/bytecode_transformation.py", line 1322, in transform_code_object
    transformations(instructions, code_options)
  File "/usr/local/lib/python3.12/site-packages/torch/_dynamo/convert_frame.py", line 219, in _fn
    return fn(*args, **kwargs)
           ^^^^^^^^^^^^^^^^^^^
  File "/usr/local/lib/python3.12/site-packages/torch/_dynamo/convert_frame.py", line 634, in transform
    tracer.run()
  File "/usr/local/lib/python3.12/site-packages/torch/_dynamo/symbolic_convert.py", line 2796, in run
    super().run()
  File "/usr/local/lib/python3.12/site-packages/torch/_dynamo/symbolic_convert.py", line 983, in run
    while self.step():
          ^^^^^^^^^^^
  File "/usr/local/lib/python3.12/site-packages/torch/_dynamo/symbolic_convert.py", line 895, in step
    self.dispatch_table[inst.opcode](self, inst)
  File "/usr/local/lib/python3.12/site-packages/torch/_dynamo/symbolic_convert.py", line 2987, in RETURN_VALUE
    self._return(inst)
  File "/usr/local/lib/python3.12/site-packages/torch/_dynamo/symbolic_convert.py", line 2972, in _return
    self.output.compile_subgraph(
  File "/usr/local/lib/python3.12/site-packages/torch/_dynamo/output_graph.py", line 1117, in compile_subgraph
    self.compile_and_call_fx_graph(tx, list(reversed(stack_values)), root)
  File "/usr/local/lib/python3.12/site-packages/torch/_dynamo/output_graph.py", line 1369, in compile_and_call_fx_graph
    compiled_fn = self.call_user_compiler(gm)
                  ^^^^^^^^^^^^^^^^^^^^^^^^^^^
  File "/usr/local/lib/python3.12/site-packages/torch/_dynamo/output_graph.py", line 1416, in call_user_compiler
    return self._call_user_compiler(gm)
           ^^^^^^^^^^^^^^^^^^^^^^^^^^^^
  File "/usr/local/lib/python3.12/site-packages/torch/_dynamo/output_graph.py", line 1465, in _call_user_compiler
    raise BackendCompilerFailed(self.compiler_fn, e) from e
torch._dynamo.exc.BackendCompilerFailed: backend='inductor' raised:
RuntimeError: Unhandled FakeTensor Device Propagation for aten.mul.Tensor, found two different devices cuda:0, cpu

While executing %linspace : [num_users=1] = call_function[target=torch.linspace](args = (%l_start_, %l_end_, 5), kwargs = {dtype: None, device: None})
Original traceback:
  File "/data/results/lmstudio_prompt9_ultraspeed/call_acc/logspace.py", line 16, in _logspace_impl
    return torch.pow(base, torch.linspace(start, end, steps, dtype=dtype, device=device))


Set TORCH_LOGS="+dynamo" and TORCHDYNAMO_VERBOSE=1 for more information


You can suppress this exception and fall back to eager by setting:
    import torch._dynamo
    torch._dynamo.config.suppress_errors = True


=== Output for solve_and_add_scaled_vector.py on GPU 0 ===

=== Errors for solve_and_add_scaled_vector.py on GPU 0 ===

=== Output for pixel_shuffle_conv2d.py on GPU 0 ===

=== Errors for pixel_shuffle_conv2d.py on GPU 0 ===
W0527 12:04:30.141000 5170 site-packages/torch/_inductor/utils.py:1048] [0/0] Not enough SMs to use max_autotune_gemm mode
W0527 12:04:36.559000 5170 site-packages/torch/utils/_sympy/interp.py:159] [0/2] failed while executing pow_by_natural([VR[1, int_oo], VR[-1, -1]])

=== Output for matrix_vector_dot.py on GPU 0 ===

=== Errors for matrix_vector_dot.py on GPU 0 ===
skipping cudagraphs due to mutated inputs (1 instances). Found from : 
   File "/data/results/lmstudio_prompt9_ultraspeed/call_acc/matrix_vector_dot.py", line 18, in _matrix_vector_dot_impl
    y.copy_(y_new)

skipping cudagraphs due to mutated inputs (1 instances). Found from : 
   File "/data/results/lmstudio_prompt9_ultraspeed/call_acc/matrix_vector_dot.py", line 18, in _matrix_vector_dot_impl
    y.copy_(y_new)

skipping cudagraphs due to mutated inputs (1 instances). Found from : 
   File "/data/results/lmstudio_prompt9_ultraspeed/call_acc/matrix_vector_dot.py", line 18, in _matrix_vector_dot_impl
    y.copy_(y_new)

skipping cudagraphs due to mutated inputs (1 instances). Found from : 
   File "/data/results/lmstudio_prompt9_ultraspeed/call_acc/matrix_vector_dot.py", line 18, in _matrix_vector_dot_impl
    y.copy_(y_new)


=== Output for min_gelu.py on GPU 0 ===

=== Errors for min_gelu.py on GPU 0 ===

=== Output for pow.py on GPU 0 ===

=== Errors for pow.py on GPU 0 ===

=== Output for relu_max_pool2d_conv2d.py on GPU 0 ===

=== Errors for relu_max_pool2d_conv2d.py on GPU 0 ===
W0527 12:05:12.833000 5398 site-packages/torch/_inductor/utils.py:1048] [0/0] Not enough SMs to use max_autotune_gemm mode

=== Output for erf.py on GPU 0 ===

=== Errors for erf.py on GPU 0 ===

=== Output for sigmoid.py on GPU 0 ===

=== Errors for sigmoid.py on GPU 0 ===

=== Output for gelu.py on GPU 0 ===

=== Errors for gelu.py on GPU 0 ===

=== Output for det.py on GPU 0 ===

=== Errors for det.py on GPU 0 ===

=== Output for fused_bmm_rmsnorm_gelu_dropout.py on GPU 0 ===

=== Errors for fused_bmm_rmsnorm_gelu_dropout.py on GPU 0 ===
W0527 12:05:54.365000 5586 site-packages/torch/_inductor/utils.py:1048] [0/0] Not enough SMs to use max_autotune_gemm mode

=== Output for floor.py on GPU 0 ===

=== Errors for floor.py on GPU 0 ===

=== Output for rand.py on GPU 0 ===

=== Errors for rand.py on GPU 0 ===
  File "/data/results/lmstudio_prompt9_ultraspeed/call_acc/rand.py", line 27
    def rand(*size, *, generator=None, out=None, dtype=None, layout=torch.strided, device=None, requires_grad=False, pin_memory=False):
                    ^
SyntaxError: * argument may appear only once

=== Output for cholesky_solve.py on GPU 0 ===

=== Errors for cholesky_solve.py on GPU 0 ===
Traceback (most recent call last):
  File "/data/results/lmstudio_prompt9_ultraspeed/call_acc/cholesky_solve.py", line 53, in <module>
    test_results = test_cholesky_solve()
                   ^^^^^^^^^^^^^^^^^^^^^
  File "/data/results/lmstudio_prompt9_ultraspeed/call_acc/cholesky_solve.py", line 34, in test_cholesky_solve
    results["test_case_1"] = cholesky_solve(B1, L1)
                             ^^^^^^^^^^^^^^^^^^^^^^
  File "/data/results/lmstudio_prompt9_ultraspeed/call_acc/cholesky_solve.py", line 16, in cholesky_solve
    y = torch.linalg.cholesky_solve(B, L, upper=upper)
        ^^^^^^^^^^^^^^^^^^^^^^^^^^^
AttributeError: module 'torch.linalg' has no attribute 'cholesky_solve'

=== Output for mul_sub.py on GPU 0 ===

=== Errors for mul_sub.py on GPU 0 ===

=== Output for ldl_factor.py on GPU 0 ===

=== Errors for ldl_factor.py on GPU 0 ===

=== Output for abs.py on GPU 0 ===

=== Errors for abs.py on GPU 0 ===

=== Output for mul.py on GPU 0 ===

=== Errors for mul.py on GPU 0 ===

=== Output for softmax.py on GPU 0 ===

=== Errors for softmax.py on GPU 0 ===
Traceback (most recent call last):
  File "/data/results/lmstudio_prompt9_ultraspeed/call_acc/softmax.py", line 25, in <module>
    def softmax(input, dim, dtype=None) -> Tensor:
                                           ^^^^^^
NameError: name 'Tensor' is not defined

=== Output for leaky_relu.py on GPU 0 ===

=== Errors for leaky_relu.py on GPU 0 ===

=== Output for invert_matrix_lu.py on GPU 0 ===

=== Errors for invert_matrix_lu.py on GPU 0 ===

=== Output for std.py on GPU 0 ===

=== Errors for std.py on GPU 0 ===

=== Output for tril_mm_and_scale.py on GPU 0 ===

=== Errors for tril_mm_and_scale.py on GPU 0 ===
W0527 12:07:07.086000 5855 site-packages/torch/_inductor/utils.py:1048] [0/0] Not enough SMs to use max_autotune_gemm mode

=== Output for solve.py on GPU 0 ===

=== Errors for solve.py on GPU 0 ===

=== Output for airy_ai.py on GPU 0 ===

=== Errors for airy_ai.py on GPU 0 ===

=== Output for signbit.py on GPU 0 ===

=== Errors for signbit.py on GPU 0 ===
Traceback (most recent call last):
  File "/data/results/lmstudio_prompt9_ultraspeed/call_acc/signbit.py", line 68, in <module>
    test_results = test_signbit()
                   ^^^^^^^^^^^^^^
  File "/data/results/lmstudio_prompt9_ultraspeed/call_acc/signbit.py", line 52, in test_signbit
    results["test_case_1"] = signbit(input_tensor_1)
                             ^^^^^^^^^^^^^^^^^^^^^^^
  File "/data/results/lmstudio_prompt9_ultraspeed/call_acc/signbit.py", line 30, in signbit
    _signbit_kernel[grid](x_c, out_t, n, BLOCK_SIZE=1024)
  File "/usr/local/lib/python3.12/site-packages/triton/runtime/jit.py", line 345, in <lambda>
    return lambda *args, **kwargs: self.run(grid=grid, warmup=False, *args, **kwargs)
                                   ^^^^^^^^^^^^^^^^^^^^^^^^^^^^^^^^^^^^^^^^^^^^^^^^^^
  File "/usr/local/lib/python3.12/site-packages/triton/runtime/jit.py", line 662, in run
    kernel = self.compile(
             ^^^^^^^^^^^^^
  File "/usr/local/lib/python3.12/site-packages/triton/compiler/compiler.py", line 240, in compile
    key = f"{triton_key()}-{src.hash()}-{backend.hash()}-{options.hash()}-{str(sorted(env_vars.items()))}"
                            ^^^^^^^^^^
  File "/usr/local/lib/python3.12/site-packages/triton/compiler/compiler.py", line 109, in hash
    key = f"{self.fn.cache_key}-{self.attrs.hash()}-{sorted_sig}-{sorted_constants}"
             ^^^^^^^^^^^^^^^^^
  File "/usr/local/lib/python3.12/site-packages/triton/runtime/jit.py", line 758, in cache_key
    dependencies_finder.visit(self.parse())
  File "/usr/local/lib/python3.12/ast.py", line 407, in visit
    return visitor(node)
           ^^^^^^^^^^^^^
  File "/usr/local/lib/python3.12/ast.py", line 415, in generic_visit
    self.visit(item)
  File "/usr/local/lib/python3.12/ast.py", line 407, in visit
    return visitor(node)
           ^^^^^^^^^^^^^
  File "/usr/local/lib/python3.12/site-packages/triton/runtime/jit.py", line 167, in visit_FunctionDef
    self.generic_visit(node)
  File "/usr/local/lib/python3.12/ast.py", line 415, in generic_visit
    self.visit(item)
  File "/usr/local/lib/python3.12/ast.py", line 407, in visit
    return visitor(node)
           ^^^^^^^^^^^^^
  File "/usr/local/lib/python3.12/site-packages/triton/runtime/jit.py", line 221, in visit_Assign
    self.generic_visit(node)
  File "/usr/local/lib/python3.12/ast.py", line 417, in generic_visit
    self.visit(value)
  File "/usr/local/lib/python3.12/ast.py", line 407, in visit
    return visitor(node)
           ^^^^^^^^^^^^^
  File "/usr/local/lib/python3.12/site-packages/triton/runtime/jit.py", line 127, in visit_Call
    func = self.visit(node.func)
           ^^^^^^^^^^^^^^^^^^^^^
  File "/usr/local/lib/python3.12/ast.py", line 407, in visit
    return visitor(node)
           ^^^^^^^^^^^^^
  File "/usr/local/lib/python3.12/site-packages/triton/runtime/jit.py", line 117, in visit_Attribute
    return getattr(lhs, node.attr)
           ^^^^^^^^^^^^^^^^^^^^^^^
AttributeError: module 'triton.language' has no attribute 'signbit'

=== Output for matrix_multiply_and_row_dot.py on GPU 0 ===

=== Errors for matrix_multiply_and_row_dot.py on GPU 0 ===
W0527 12:07:31.060000 5936 site-packages/torch/_inductor/utils.py:1048] [0/0] Not enough SMs to use max_autotune_gemm mode

=== Output for polygamma.py on GPU 0 ===

=== Errors for polygamma.py on GPU 0 ===
Traceback (most recent call last):
  File "/data/results/lmstudio_prompt9_ultraspeed/call_acc/polygamma.py", line 117, in <module>
    test_results = test_polygamma()
                   ^^^^^^^^^^^^^^^^
  File "/data/results/lmstudio_prompt9_ultraspeed/call_acc/polygamma.py", line 104, in test_polygamma
    results["test_case_1"] = polygamma(1, a)
                             ^^^^^^^^^^^^^^^
  File "/data/results/lmstudio_prompt9_ultraspeed/call_acc/polygamma.py", line 71, in polygamma
    _polygamma_kernel_v2[grid](x_c, out_t, n, sign, fact, K, n_elem, BLOCK_SIZE=1024)
  File "/usr/local/lib/python3.12/site-packages/triton/runtime/jit.py", line 345, in <lambda>
    return lambda *args, **kwargs: self.run(grid=grid, warmup=False, *args, **kwargs)
                                   ^^^^^^^^^^^^^^^^^^^^^^^^^^^^^^^^^^^^^^^^^^^^^^^^^^
  File "/usr/local/lib/python3.12/site-packages/triton/runtime/jit.py", line 662, in run
    kernel = self.compile(
             ^^^^^^^^^^^^^
  File "/usr/local/lib/python3.12/site-packages/triton/compiler/compiler.py", line 240, in compile
    key = f"{triton_key()}-{src.hash()}-{backend.hash()}-{options.hash()}-{str(sorted(env_vars.items()))}"
                            ^^^^^^^^^^
  File "/usr/local/lib/python3.12/site-packages/triton/compiler/compiler.py", line 109, in hash
    key = f"{self.fn.cache_key}-{self.attrs.hash()}-{sorted_sig}-{sorted_constants}"
             ^^^^^^^^^^^^^^^^^
  File "/usr/local/lib/python3.12/site-packages/triton/runtime/jit.py", line 758, in cache_key
    dependencies_finder.visit(self.parse())
  File "/usr/local/lib/python3.12/ast.py", line 407, in visit
    return visitor(node)
           ^^^^^^^^^^^^^
  File "/usr/local/lib/python3.12/ast.py", line 415, in generic_visit
    self.visit(item)
  File "/usr/local/lib/python3.12/ast.py", line 407, in visit
    return visitor(node)
           ^^^^^^^^^^^^^
  File "/usr/local/lib/python3.12/site-packages/triton/runtime/jit.py", line 167, in visit_FunctionDef
    self.generic_visit(node)
  File "/usr/local/lib/python3.12/ast.py", line 415, in generic_visit
    self.visit(item)
  File "/usr/local/lib/python3.12/ast.py", line 407, in visit
    return visitor(node)
           ^^^^^^^^^^^^^
  File "/usr/local/lib/python3.12/site-packages/triton/runtime/jit.py", line 233, in visit_For
    self.generic_visit(node)
  File "/usr/local/lib/python3.12/ast.py", line 415, in generic_visit
    self.visit(item)
  File "/usr/local/lib/python3.12/ast.py", line 407, in visit
    return visitor(node)
           ^^^^^^^^^^^^^
  File "/usr/local/lib/python3.12/site-packages/triton/runtime/jit.py", line 221, in visit_Assign
    self.generic_visit(node)
  File "/usr/local/lib/python3.12/ast.py", line 417, in generic_visit
    self.visit(value)
  File "/usr/local/lib/python3.12/ast.py", line 407, in visit
    return visitor(node)
           ^^^^^^^^^^^^^
  File "/usr/local/lib/python3.12/site-packages/triton/runtime/jit.py", line 127, in visit_Call
    func = self.visit(node.func)
           ^^^^^^^^^^^^^^^^^^^^^
  File "/usr/local/lib/python3.12/ast.py", line 407, in visit
    return visitor(node)
           ^^^^^^^^^^^^^
  File "/usr/local/lib/python3.12/site-packages/triton/runtime/jit.py", line 117, in visit_Attribute
    return getattr(lhs, node.attr)
           ^^^^^^^^^^^^^^^^^^^^^^^
AttributeError: module 'triton.language' has no attribute 'pow'

=== Output for elu_linear.py on GPU 0 ===

=== Errors for elu_linear.py on GPU 0 ===
Traceback (most recent call last):
  File "/data/results/lmstudio_prompt9_ultraspeed/call_acc/elu_linear.py", line 68, in <module>
    test_results = test_elu_linear()
                   ^^^^^^^^^^^^^^^^^
  File "/data/results/lmstudio_prompt9_ultraspeed/call_acc/elu_linear.py", line 47, in test_elu_linear
    results["test_case_1"] = elu_linear(input1, weight1, bias1)
                             ^^^^^^^^^^^^^^^^^^^^^^^^^^^^^^^^^^
  File "/data/results/lmstudio_prompt9_ultraspeed/call_acc/elu_linear.py", line 26, in elu_linear
    y = _elu_linear_fast(input, weight, bias, alpha, inplace)
        ^^^^^^^^^^^^^^^^^^^^^^^^^^^^^^^^^^^^^^^^^^^^^^^^^^^^^
  File "/usr/local/lib/python3.12/site-packages/torch/_dynamo/eval_frame.py", line 465, in _fn
    return fn(*args, **kwargs)
           ^^^^^^^^^^^^^^^^^^^
  File "/usr/local/lib/python3.12/site-packages/torch/_dynamo/convert_frame.py", line 1269, in __call__
    return self._torchdynamo_orig_callable(
           ^^^^^^^^^^^^^^^^^^^^^^^^^^^^^^^^
  File "/usr/local/lib/python3.12/site-packages/torch/_dynamo/convert_frame.py", line 1064, in __call__
    result = self._inner_convert(
             ^^^^^^^^^^^^^^^^^^^^
  File "/usr/local/lib/python3.12/site-packages/torch/_dynamo/convert_frame.py", line 526, in __call__
    return _compile(
           ^^^^^^^^^
  File "/usr/local/lib/python3.12/site-packages/torch/_dynamo/convert_frame.py", line 952, in _compile
    raise InternalTorchDynamoError(
  File "/usr/local/lib/python3.12/site-packages/torch/_dynamo/convert_frame.py", line 924, in _compile
    guarded_code = compile_inner(code, one_graph, hooks, transform)
                   ^^^^^^^^^^^^^^^^^^^^^^^^^^^^^^^^^^^^^^^^^^^^^^^^
  File "/usr/local/lib/python3.12/site-packages/torch/_dynamo/convert_frame.py", line 666, in compile_inner
    return _compile_inner(code, one_graph, hooks, transform)
           ^^^^^^^^^^^^^^^^^^^^^^^^^^^^^^^^^^^^^^^^^^^^^^^^^
  File "/usr/local/lib/python3.12/site-packages/torch/_utils_internal.py", line 87, in wrapper_function
    return function(*args, **kwargs)
           ^^^^^^^^^^^^^^^^^^^^^^^^^
  File "/usr/local/lib/python3.12/site-packages/torch/_dynamo/convert_frame.py", line 699, in _compile_inner
    out_code = transform_code_object(code, transform)
               ^^^^^^^^^^^^^^^^^^^^^^^^^^^^^^^^^^^^^^
  File "/usr/local/lib/python3.12/site-packages/torch/_dynamo/bytecode_transformation.py", line 1322, in transform_code_object
    transformations(instructions, code_options)
  File "/usr/local/lib/python3.12/site-packages/torch/_dynamo/convert_frame.py", line 219, in _fn
    return fn(*args, **kwargs)
           ^^^^^^^^^^^^^^^^^^^
  File "/usr/local/lib/python3.12/site-packages/torch/_dynamo/convert_frame.py", line 634, in transform
    tracer.run()
  File "/usr/local/lib/python3.12/site-packages/torch/_dynamo/symbolic_convert.py", line 2796, in run
    super().run()
  File "/usr/local/lib/python3.12/site-packages/torch/_dynamo/symbolic_convert.py", line 983, in run
    while self.step():
          ^^^^^^^^^^^
  File "/usr/local/lib/python3.12/site-packages/torch/_dynamo/symbolic_convert.py", line 895, in step
    self.dispatch_table[inst.opcode](self, inst)
  File "/usr/local/lib/python3.12/site-packages/torch/_dynamo/symbolic_convert.py", line 1744, in LOAD_ATTR
    self._load_attr(inst)
  File "/usr/local/lib/python3.12/site-packages/torch/_dynamo/symbolic_convert.py", line 1734, in _load_attr
    result = BuiltinVariable(getattr).call_function(
             ^^^^^^^^^^^^^^^^^^^^^^^^^^^^^^^^^^^^^^^
  File "/usr/local/lib/python3.12/site-packages/torch/_dynamo/variables/builtin.py", line 967, in call_function
    return handler(tx, args, kwargs)
           ^^^^^^^^^^^^^^^^^^^^^^^^^
  File "/usr/local/lib/python3.12/site-packages/torch/_dynamo/variables/builtin.py", line 848, in builtin_dispatch
    rv = fn(tx, args, kwargs)
         ^^^^^^^^^^^^^^^^^^^^
  File "/usr/local/lib/python3.12/site-packages/torch/_dynamo/variables/builtin.py", line 766, in call_self_handler
    result = self_handler(tx, *args, **kwargs)
             ^^^^^^^^^^^^^^^^^^^^^^^^^^^^^^^^^
  File "/usr/local/lib/python3.12/site-packages/torch/_dynamo/variables/builtin.py", line 1755, in call_getattr
    return obj.var_getattr(tx, name)
           ^^^^^^^^^^^^^^^^^^^^^^^^^
  File "/usr/local/lib/python3.12/site-packages/torch/_dynamo/variables/misc.py", line 1166, in var_getattr
    attr_value = getattr(self.value, name)
                 ^^^^^^^^^^^^^^^^^^^^^^^^^
  File "/usr/local/lib/python3.12/site-packages/torch/__init__.py", line 2562, in __getattr__
    raise AttributeError(f"module '{__name__}' has no attribute '{name}'")
torch._dynamo.exc.InternalTorchDynamoError: AttributeError: module 'torch' has no attribute 'elu'

from user code:
   File "/data/results/lmstudio_prompt9_ultraspeed/call_acc/elu_linear.py", line 18, in _elu_linear_impl
    return torch.elu(z, alpha=alpha, inplace=inplace)

Set TORCH_LOGS="+dynamo" and TORCHDYNAMO_VERBOSE=1 for more information


You can suppress this exception and fall back to eager by setting:
    import torch._dynamo
    torch._dynamo.config.suppress_errors = True


=== Output for fused_pairwise_distance_normalize.py on GPU 0 ===

=== Errors for fused_pairwise_distance_normalize.py on GPU 0 ===

=== Output for Adam.py on GPU 0 ===

=== Errors for Adam.py on GPU 0 ===
Traceback (most recent call last):
  File "/data/results/lmstudio_prompt9_ultraspeed/call_acc/Adam.py", line 72, in <module>
    def Adam(params, lr=1e-3, betas=(0.9, 0.999), eps=1e-8, weight_decay=0, amsgrad=False, foreach=None, maximize=False, capturable=False, differentiable=False, fused=None) -> Optimizer:
                                                                                                                                                                                ^^^^^^^^^
NameError: name 'Optimizer' is not defined

=== Output for fused_hstack_div.py on GPU 0 ===

=== Errors for fused_hstack_div.py on GPU 0 ===
E0527 12:08:11.111000 6081 site-packages/torch/_subclasses/fake_tensor.py:2017] [0/0] failed while attempting to run meta for aten.cat.default
E0527 12:08:11.111000 6081 site-packages/torch/_subclasses/fake_tensor.py:2017] [0/0] Traceback (most recent call last):
E0527 12:08:11.111000 6081 site-packages/torch/_subclasses/fake_tensor.py:2017] [0/0]   File "/usr/local/lib/python3.12/site-packages/torch/_subclasses/fake_tensor.py", line 2013, in _dispatch_impl
E0527 12:08:11.111000 6081 site-packages/torch/_subclasses/fake_tensor.py:2017] [0/0]     r = func(*args, **kwargs)
E0527 12:08:11.111000 6081 site-packages/torch/_subclasses/fake_tensor.py:2017] [0/0]         ^^^^^^^^^^^^^^^^^^^^^
E0527 12:08:11.111000 6081 site-packages/torch/_subclasses/fake_tensor.py:2017] [0/0]   File "/usr/local/lib/python3.12/site-packages/torch/_ops.py", line 716, in __call__
E0527 12:08:11.111000 6081 site-packages/torch/_subclasses/fake_tensor.py:2017] [0/0]     return self._op(*args, **kwargs)
E0527 12:08:11.111000 6081 site-packages/torch/_subclasses/fake_tensor.py:2017] [0/0]            ^^^^^^^^^^^^^^^^^^^^^^^^^
E0527 12:08:11.111000 6081 site-packages/torch/_subclasses/fake_tensor.py:2017] [0/0]   File "/usr/local/lib/python3.12/site-packages/torch/_prims_common/wrappers.py", line 273, in _fn
E0527 12:08:11.111000 6081 site-packages/torch/_subclasses/fake_tensor.py:2017] [0/0]     result = fn(*args, **kwargs)
E0527 12:08:11.111000 6081 site-packages/torch/_subclasses/fake_tensor.py:2017] [0/0]              ^^^^^^^^^^^^^^^^^^^
E0527 12:08:11.111000 6081 site-packages/torch/_subclasses/fake_tensor.py:2017] [0/0]   File "/usr/local/lib/python3.12/site-packages/torch/_prims_common/wrappers.py", line 141, in _fn
E0527 12:08:11.111000 6081 site-packages/torch/_subclasses/fake_tensor.py:2017] [0/0]     result = fn(**bound.arguments)
E0527 12:08:11.111000 6081 site-packages/torch/_subclasses/fake_tensor.py:2017] [0/0]              ^^^^^^^^^^^^^^^^^^^^^
E0527 12:08:11.111000 6081 site-packages/torch/_subclasses/fake_tensor.py:2017] [0/0]   File "/usr/local/lib/python3.12/site-packages/torch/_refs/__init__.py", line 2829, in cat
E0527 12:08:11.111000 6081 site-packages/torch/_subclasses/fake_tensor.py:2017] [0/0]     dim = utils.canonicalize_dim(filtered[0].ndim, dim)
E0527 12:08:11.111000 6081 site-packages/torch/_subclasses/fake_tensor.py:2017] [0/0]           ^^^^^^^^^^^^^^^^^^^^^^^^^^^^^^^^^^^^^^^^^^^^^
E0527 12:08:11.111000 6081 site-packages/torch/_subclasses/fake_tensor.py:2017] [0/0]   File "/usr/local/lib/python3.12/site-packages/torch/_prims_common/__init__.py", line 663, in canonicalize_dim
E0527 12:08:11.111000 6081 site-packages/torch/_subclasses/fake_tensor.py:2017] [0/0]     raise IndexError(msg)
E0527 12:08:11.111000 6081 site-packages/torch/_subclasses/fake_tensor.py:2017] [0/0] IndexError: Dimension out of range (expected to be in range of [-1, 0], but got 1)
Traceback (most recent call last):
  File "/data/results/lmstudio_prompt9_ultraspeed/call_acc/fused_hstack_div.py", line 57, in <module>
    test_results = test_fused_hstack_div()
                   ^^^^^^^^^^^^^^^^^^^^^^^
  File "/data/results/lmstudio_prompt9_ultraspeed/call_acc/fused_hstack_div.py", line 43, in test_fused_hstack_div
    results["test_case_1"] = fused_hstack_div(tensors1, divisor1)
                             ^^^^^^^^^^^^^^^^^^^^^^^^^^^^^^^^^^^^
  File "/data/results/lmstudio_prompt9_ultraspeed/call_acc/fused_hstack_div.py", line 25, in fused_hstack_div
    y = _fused_hstack_div_fast(tensors, divisor, rounding_mode)
        ^^^^^^^^^^^^^^^^^^^^^^^^^^^^^^^^^^^^^^^^^^^^^^^^^^^^^^^
  File "/usr/local/lib/python3.12/site-packages/torch/_dynamo/eval_frame.py", line 465, in _fn
    return fn(*args, **kwargs)
           ^^^^^^^^^^^^^^^^^^^
  File "/usr/local/lib/python3.12/site-packages/torch/_dynamo/convert_frame.py", line 1269, in __call__
    return self._torchdynamo_orig_callable(
           ^^^^^^^^^^^^^^^^^^^^^^^^^^^^^^^^
  File "/usr/local/lib/python3.12/site-packages/torch/_dynamo/convert_frame.py", line 1064, in __call__
    result = self._inner_convert(
             ^^^^^^^^^^^^^^^^^^^^
  File "/usr/local/lib/python3.12/site-packages/torch/_dynamo/convert_frame.py", line 526, in __call__
    return _compile(
           ^^^^^^^^^
  File "/usr/local/lib/python3.12/site-packages/torch/_dynamo/convert_frame.py", line 924, in _compile
    guarded_code = compile_inner(code, one_graph, hooks, transform)
                   ^^^^^^^^^^^^^^^^^^^^^^^^^^^^^^^^^^^^^^^^^^^^^^^^
  File "/usr/local/lib/python3.12/site-packages/torch/_dynamo/convert_frame.py", line 666, in compile_inner
    return _compile_inner(code, one_graph, hooks, transform)
           ^^^^^^^^^^^^^^^^^^^^^^^^^^^^^^^^^^^^^^^^^^^^^^^^^
  File "/usr/local/lib/python3.12/site-packages/torch/_utils_internal.py", line 87, in wrapper_function
    return function(*args, **kwargs)
           ^^^^^^^^^^^^^^^^^^^^^^^^^
  File "/usr/local/lib/python3.12/site-packages/torch/_dynamo/convert_frame.py", line 699, in _compile_inner
    out_code = transform_code_object(code, transform)
               ^^^^^^^^^^^^^^^^^^^^^^^^^^^^^^^^^^^^^^
  File "/usr/local/lib/python3.12/site-packages/torch/_dynamo/bytecode_transformation.py", line 1322, in transform_code_object
    transformations(instructions, code_options)
  File "/usr/local/lib/python3.12/site-packages/torch/_dynamo/convert_frame.py", line 219, in _fn
    return fn(*args, **kwargs)
           ^^^^^^^^^^^^^^^^^^^
  File "/usr/local/lib/python3.12/site-packages/torch/_dynamo/convert_frame.py", line 634, in transform
    tracer.run()
  File "/usr/local/lib/python3.12/site-packages/torch/_dynamo/symbolic_convert.py", line 2796, in run
    super().run()
  File "/usr/local/lib/python3.12/site-packages/torch/_dynamo/symbolic_convert.py", line 983, in run
    while self.step():
          ^^^^^^^^^^^
  File "/usr/local/lib/python3.12/site-packages/torch/_dynamo/symbolic_convert.py", line 895, in step
    self.dispatch_table[inst.opcode](self, inst)
  File "/usr/local/lib/python3.12/site-packages/torch/_dynamo/symbolic_convert.py", line 582, in wrapper
    return inner_fn(self, inst)
           ^^^^^^^^^^^^^^^^^^^^
  File "/usr/local/lib/python3.12/site-packages/torch/_dynamo/symbolic_convert.py", line 2279, in CALL
    self._call(inst)
  File "/usr/local/lib/python3.12/site-packages/torch/_dynamo/symbolic_convert.py", line 2273, in _call
    self.call_function(fn, args, kwargs)
  File "/usr/local/lib/python3.12/site-packages/torch/_dynamo/symbolic_convert.py", line 830, in call_function
    self.push(fn.call_function(self, args, kwargs))  # type: ignore[arg-type]
              ^^^^^^^^^^^^^^^^^^^^^^^^^^^^^^^^^^^^
  File "/usr/local/lib/python3.12/site-packages/torch/_dynamo/variables/torch.py", line 897, in call_function
    tensor_variable = wrap_fx_proxy(
                      ^^^^^^^^^^^^^^
  File "/usr/local/lib/python3.12/site-packages/torch/_dynamo/variables/builder.py", line 2037, in wrap_fx_proxy
    return wrap_fx_proxy_cls(target_cls=TensorVariable, **kwargs)
           ^^^^^^^^^^^^^^^^^^^^^^^^^^^^^^^^^^^^^^^^^^^^^^^^^^^^^^
  File "/usr/local/lib/python3.12/site-packages/torch/_dynamo/variables/builder.py", line 2124, in wrap_fx_proxy_cls
    example_value = get_fake_value(proxy.node, tx, allow_non_graph_fake=True)
                    ^^^^^^^^^^^^^^^^^^^^^^^^^^^^^^^^^^^^^^^^^^^^^^^^^^^^^^^^^
  File "/usr/local/lib/python3.12/site-packages/torch/_dynamo/utils.py", line 2082, in get_fake_value
    raise TorchRuntimeError(str(e)).with_traceback(e.__traceback__) from None
  File "/usr/local/lib/python3.12/site-packages/torch/_dynamo/utils.py", line 2017, in get_fake_value
    ret_val = wrap_fake_exception(
              ^^^^^^^^^^^^^^^^^^^^
  File "/usr/local/lib/python3.12/site-packages/torch/_dynamo/utils.py", line 1574, in wrap_fake_exception
    return fn()
           ^^^^
  File "/usr/local/lib/python3.12/site-packages/torch/_dynamo/utils.py", line 2018, in <lambda>
    lambda: run_node(tx.output, node, args, kwargs, nnmodule)
            ^^^^^^^^^^^^^^^^^^^^^^^^^^^^^^^^^^^^^^^^^^^^^^^^^
  File "/usr/local/lib/python3.12/site-packages/torch/_dynamo/utils.py", line 2150, in run_node
    raise RuntimeError(make_error_message(e)).with_traceback(
  File "/usr/local/lib/python3.12/site-packages/torch/_dynamo/utils.py", line 2132, in run_node
    return node.target(*args, **kwargs)
           ^^^^^^^^^^^^^^^^^^^^^^^^^^^^
  File "/usr/local/lib/python3.12/site-packages/torch/utils/_stats.py", line 21, in wrapper
    return fn(*args, **kwargs)
           ^^^^^^^^^^^^^^^^^^^
  File "/usr/local/lib/python3.12/site-packages/torch/_subclasses/fake_tensor.py", line 1238, in __torch_dispatch__
    return self.dispatch(func, types, args, kwargs)
           ^^^^^^^^^^^^^^^^^^^^^^^^^^^^^^^^^^^^^^^^
  File "/usr/local/lib/python3.12/site-packages/torch/_subclasses/fake_tensor.py", line 1692, in dispatch
    return self._cached_dispatch_impl(func, types, args, kwargs)
           ^^^^^^^^^^^^^^^^^^^^^^^^^^^^^^^^^^^^^^^^^^^^^^^^^^^^^
  File "/usr/local/lib/python3.12/site-packages/torch/_subclasses/fake_tensor.py", line 1339, in _cached_dispatch_impl
    output = self._dispatch_impl(func, types, args, kwargs)
             ^^^^^^^^^^^^^^^^^^^^^^^^^^^^^^^^^^^^^^^^^^^^^^
  File "/usr/local/lib/python3.12/site-packages/torch/_subclasses/fake_tensor.py", line 2013, in _dispatch_impl
    r = func(*args, **kwargs)
        ^^^^^^^^^^^^^^^^^^^^^
  File "/usr/local/lib/python3.12/site-packages/torch/_ops.py", line 716, in __call__
    return self._op(*args, **kwargs)
           ^^^^^^^^^^^^^^^^^^^^^^^^^
  File "/usr/local/lib/python3.12/site-packages/torch/_prims_common/wrappers.py", line 273, in _fn
    result = fn(*args, **kwargs)
             ^^^^^^^^^^^^^^^^^^^
  File "/usr/local/lib/python3.12/site-packages/torch/_prims_common/wrappers.py", line 141, in _fn
    result = fn(**bound.arguments)
             ^^^^^^^^^^^^^^^^^^^^^
  File "/usr/local/lib/python3.12/site-packages/torch/_refs/__init__.py", line 2829, in cat
    dim = utils.canonicalize_dim(filtered[0].ndim, dim)
          ^^^^^^^^^^^^^^^^^^^^^^^^^^^^^^^^^^^^^^^^^^^^^
  File "/usr/local/lib/python3.12/site-packages/torch/_prims_common/__init__.py", line 663, in canonicalize_dim
    raise IndexError(msg)
torch._dynamo.exc.TorchRuntimeError: Failed running call_function <built-in method cat of type object at 0x2a5f434ef280>(*([FakeTensor(..., device='cuda:0', size=(2,), dtype=torch.int64), FakeTensor(..., device='cuda:0', size=(2,), dtype=torch.int64)],), **{'dim': 1}):
Dimension out of range (expected to be in range of [-1, 0], but got 1)

from user code:
   File "/data/results/lmstudio_prompt9_ultraspeed/call_acc/fused_hstack_div.py", line 16, in _fused_hstack_div_impl
    stacked = torch.cat(tensors, dim=1)

Set TORCH_LOGS="+dynamo" and TORCHDYNAMO_VERBOSE=1 for more information


You can suppress this exception and fall back to eager by setting:
    import torch._dynamo
    torch._dynamo.config.suppress_errors = True


=== Output for broadcast_tensors.py on GPU 0 ===

=== Errors for broadcast_tensors.py on GPU 0 ===

=== Output for relu_conv2d.py on GPU 0 ===

=== Errors for relu_conv2d.py on GPU 0 ===
W0527 12:08:24.776000 6089 site-packages/torch/_inductor/utils.py:1048] [0/0] Not enough SMs to use max_autotune_gemm mode

=== Output for log.py on GPU 0 ===

=== Errors for log.py on GPU 0 ===

=== Output for adaptive_avg_pool2d.py on GPU 0 ===

=== Errors for adaptive_avg_pool2d.py on GPU 0 ===

=== Output for quantize_dynamic.py on GPU 0 ===

=== Errors for quantize_dynamic.py on GPU 0 ===
Traceback (most recent call last):
  File "/data/results/lmstudio_prompt9_ultraspeed/call_acc/quantize_dynamic.py", line 63, in <module>
    test_results = test_quantize_dynamic()
                   ^^^^^^^^^^^^^^^^^^^^^^^
  File "/data/results/lmstudio_prompt9_ultraspeed/call_acc/quantize_dynamic.py", line 25, in test_quantize_dynamic
    class SimpleModel(nn.Module):
                      ^^
NameError: name 'nn' is not defined

=== Output for conv2d_add.py on GPU 0 ===

=== Errors for conv2d_add.py on GPU 0 ===
W0527 12:08:50.325000 6177 site-packages/torch/_inductor/utils.py:1048] [0/0] Not enough SMs to use max_autotune_gemm mode

=== Output for ifftshift.py on GPU 0 ===

=== Errors for ifftshift.py on GPU 0 ===
Traceback (most recent call last):
  File "/data/results/lmstudio_prompt9_ultraspeed/call_acc/ifftshift.py", line 58, in <module>
    test_results = test_ifftshift()
                   ^^^^^^^^^^^^^^^^
  File "/data/results/lmstudio_prompt9_ultraspeed/call_acc/ifftshift.py", line 43, in test_ifftshift
    results["test_case_1"] = ifftshift(input_tensor_1d)
                             ^^^^^^^^^^^^^^^^^^^^^^^^^^
  File "/data/results/lmstudio_prompt9_ultraspeed/call_acc/ifftshift.py", line 26, in ifftshift
    y = torch.roll(input, shifts=shifts, dim=dim)
        ^^^^^^^^^^^^^^^^^^^^^^^^^^^^^^^^^^^^^^^^^
TypeError: roll() got an unexpected keyword argument 'dim'

=== Output for signbit_bitwise_and.py on GPU 0 ===

=== Errors for signbit_bitwise_and.py on GPU 0 ===
E0527 12:09:06.939000 6262 site-packages/torch/_inductor/runtime/triton_heuristics.py:445] [0/0] Triton compilation failed: triton_poi_fused_bitwise_and_signbit_0
E0527 12:09:06.939000 6262 site-packages/torch/_inductor/runtime/triton_heuristics.py:445] [0/0] def triton_(in_ptr0, in_ptr1, out_ptr0, out_ptr1, xnumel, XBLOCK : tl.constexpr):
E0527 12:09:06.939000 6262 site-packages/torch/_inductor/runtime/triton_heuristics.py:445] [0/0]     xnumel = 4
E0527 12:09:06.939000 6262 site-packages/torch/_inductor/runtime/triton_heuristics.py:445] [0/0]     xoffset = tl.program_id(0) * XBLOCK
E0527 12:09:06.939000 6262 site-packages/torch/_inductor/runtime/triton_heuristics.py:445] [0/0]     xindex = xoffset + tl.arange(0, XBLOCK)[:]
E0527 12:09:06.939000 6262 site-packages/torch/_inductor/runtime/triton_heuristics.py:445] [0/0]     xmask = xindex < xnumel
E0527 12:09:06.939000 6262 site-packages/torch/_inductor/runtime/triton_heuristics.py:445] [0/0]     x0 = xindex
E0527 12:09:06.939000 6262 site-packages/torch/_inductor/runtime/triton_heuristics.py:445] [0/0]     tmp0 = tl.load(in_ptr0 + (x0), xmask)
E0527 12:09:06.939000 6262 site-packages/torch/_inductor/runtime/triton_heuristics.py:445] [0/0]     tmp2 = tl.load(in_ptr1 + (x0), xmask)
E0527 12:09:06.939000 6262 site-packages/torch/_inductor/runtime/triton_heuristics.py:445] [0/0]     tmp1 = libdevice.signbit(tmp0) if (tmp0).dtype is tl.float32 else tmp0 < 0
E0527 12:09:06.939000 6262 site-packages/torch/_inductor/runtime/triton_heuristics.py:445] [0/0]     tmp3 = tmp2.to(tl.float32)
E0527 12:09:06.939000 6262 site-packages/torch/_inductor/runtime/triton_heuristics.py:445] [0/0]     tmp4 = tmp0 & tmp3
E0527 12:09:06.939000 6262 site-packages/torch/_inductor/runtime/triton_heuristics.py:445] [0/0]     tl.store(out_ptr0 + (x0), tmp1, xmask)
E0527 12:09:06.939000 6262 site-packages/torch/_inductor/runtime/triton_heuristics.py:445] [0/0]     tl.store(out_ptr1 + (x0), tmp4, xmask)
E0527 12:09:06.939000 6262 site-packages/torch/_inductor/runtime/triton_heuristics.py:445] [0/0] 
E0527 12:09:06.939000 6262 site-packages/torch/_inductor/runtime/triton_heuristics.py:445] [0/0] metadata: {'signature': {0: '*fp32', 1: '*i8', 2: '*i1', 3: '*fp32', 4: 'i32'}, 'device': 0, 'constants': {5: 4}, 'configs': [AttrsDescriptor(divisible_by_16=(0, 1, 2, 3), equal_to_1=())], 'device_type': 'cuda', 'num_warps': 1, 'num_stages': 1, 'debug': True, 'cc': 75}
E0527 12:09:06.939000 6262 site-packages/torch/_inductor/runtime/triton_heuristics.py:445] [0/0] Traceback (most recent call last):
E0527 12:09:06.939000 6262 site-packages/torch/_inductor/runtime/triton_heuristics.py:445] [0/0]   File "/usr/local/lib/python3.12/site-packages/torch/_inductor/runtime/triton_heuristics.py", line 443, in _precompile_config
E0527 12:09:06.939000 6262 site-packages/torch/_inductor/runtime/triton_heuristics.py:445] [0/0]     binary = triton.compile(*compile_args, **compile_kwargs)
E0527 12:09:06.939000 6262 site-packages/torch/_inductor/runtime/triton_heuristics.py:445] [0/0]              ^^^^^^^^^^^^^^^^^^^^^^^^^^^^^^^^^^^^^^^^^^^^^^^
E0527 12:09:06.939000 6262 site-packages/torch/_inductor/runtime/triton_heuristics.py:445] [0/0]   File "/usr/local/lib/python3.12/site-packages/triton/compiler/compiler.py", line 276, in compile
E0527 12:09:06.939000 6262 site-packages/torch/_inductor/runtime/triton_heuristics.py:445] [0/0]     module = src.make_ir(options, codegen_fns, context)
E0527 12:09:06.939000 6262 site-packages/torch/_inductor/runtime/triton_heuristics.py:445] [0/0]              ^^^^^^^^^^^^^^^^^^^^^^^^^^^^^^^^^^^^^^^^^^
E0527 12:09:06.939000 6262 site-packages/torch/_inductor/runtime/triton_heuristics.py:445] [0/0]   File "/usr/local/lib/python3.12/site-packages/triton/compiler/compiler.py", line 113, in make_ir
E0527 12:09:06.939000 6262 site-packages/torch/_inductor/runtime/triton_heuristics.py:445] [0/0]     return ast_to_ttir(self.fn, self, context=context, options=options, codegen_fns=codegen_fns)
E0527 12:09:06.939000 6262 site-packages/torch/_inductor/runtime/triton_heuristics.py:445] [0/0]            ^^^^^^^^^^^^^^^^^^^^^^^^^^^^^^^^^^^^^^^^^^^^^^^^^^^^^^^^^^^^^^^^^^^^^^^^^^^^^^^^^^^^^
E0527 12:09:06.939000 6262 site-packages/torch/_inductor/runtime/triton_heuristics.py:445] [0/0] triton.compiler.errors.CompilationError: at 11:11:
E0527 12:09:06.939000 6262 site-packages/torch/_inductor/runtime/triton_heuristics.py:445] [0/0] def triton_(in_ptr0, in_ptr1, out_ptr0, out_ptr1, xnumel, XBLOCK : tl.constexpr):
E0527 12:09:06.939000 6262 site-packages/torch/_inductor/runtime/triton_heuristics.py:445] [0/0]     xnumel = 4
E0527 12:09:06.939000 6262 site-packages/torch/_inductor/runtime/triton_heuristics.py:445] [0/0]     xoffset = tl.program_id(0) * XBLOCK
E0527 12:09:06.939000 6262 site-packages/torch/_inductor/runtime/triton_heuristics.py:445] [0/0]     xindex = xoffset + tl.arange(0, XBLOCK)[:]
E0527 12:09:06.939000 6262 site-packages/torch/_inductor/runtime/triton_heuristics.py:445] [0/0]     xmask = xindex < xnumel
E0527 12:09:06.939000 6262 site-packages/torch/_inductor/runtime/triton_heuristics.py:445] [0/0]     x0 = xindex
E0527 12:09:06.939000 6262 site-packages/torch/_inductor/runtime/triton_heuristics.py:445] [0/0]     tmp0 = tl.load(in_ptr0 + (x0), xmask)
E0527 12:09:06.939000 6262 site-packages/torch/_inductor/runtime/triton_heuristics.py:445] [0/0]     tmp2 = tl.load(in_ptr1 + (x0), xmask)
E0527 12:09:06.939000 6262 site-packages/torch/_inductor/runtime/triton_heuristics.py:445] [0/0]     tmp1 = libdevice.signbit(tmp0) if (tmp0).dtype is tl.float32 else tmp0 < 0
E0527 12:09:06.939000 6262 site-packages/torch/_inductor/runtime/triton_heuristics.py:445] [0/0]     tmp3 = tmp2.to(tl.float32)
E0527 12:09:06.939000 6262 site-packages/torch/_inductor/runtime/triton_heuristics.py:445] [0/0]     tmp4 = tmp0 & tmp3
E0527 12:09:06.939000 6262 site-packages/torch/_inductor/runtime/triton_heuristics.py:445] [0/0]            ^
E0527 12:09:06.939000 6262 site-packages/torch/_inductor/runtime/triton_heuristics.py:445] [0/0] IncompatibleTypeErrorImpl('invalid operands of type triton.language.float32 and triton.language.float32')
Traceback (most recent call last):
  File "/usr/local/lib/python3.12/site-packages/torch/_dynamo/output_graph.py", line 1446, in _call_user_compiler
    compiled_fn = compiler_fn(gm, self.example_inputs())
                  ^^^^^^^^^^^^^^^^^^^^^^^^^^^^^^^^^^^^^^
  File "/usr/local/lib/python3.12/site-packages/torch/_dynamo/repro/after_dynamo.py", line 129, in __call__
    compiled_gm = compiler_fn(gm, example_inputs)
                  ^^^^^^^^^^^^^^^^^^^^^^^^^^^^^^^
  File "/usr/local/lib/python3.12/site-packages/torch/__init__.py", line 2234, in __call__
    return compile_fx(model_, inputs_, config_patches=self.config)
           ^^^^^^^^^^^^^^^^^^^^^^^^^^^^^^^^^^^^^^^^^^^^^^^^^^^^^^^
  File "/usr/local/lib/python3.12/site-packages/torch/_inductor/compile_fx.py", line 1253, in compile_fx
    return compile_fx(
           ^^^^^^^^^^^
  File "/usr/local/lib/python3.12/site-packages/torch/_inductor/compile_fx.py", line 1521, in compile_fx
    return aot_autograd(
           ^^^^^^^^^^^^^
  File "/usr/local/lib/python3.12/site-packages/torch/_dynamo/backends/common.py", line 72, in __call__
    cg = aot_module_simplified(gm, example_inputs, **self.kwargs)
         ^^^^^^^^^^^^^^^^^^^^^^^^^^^^^^^^^^^^^^^^^^^^^^^^^^^^^^^^
  File "/usr/local/lib/python3.12/site-packages/torch/_functorch/aot_autograd.py", line 1071, in aot_module_simplified
    compiled_fn = dispatch_and_compile()
                  ^^^^^^^^^^^^^^^^^^^^^^
  File "/usr/local/lib/python3.12/site-packages/torch/_functorch/aot_autograd.py", line 1056, in dispatch_and_compile
    compiled_fn, _ = create_aot_dispatcher_function(
                     ^^^^^^^^^^^^^^^^^^^^^^^^^^^^^^^
  File "/usr/local/lib/python3.12/site-packages/torch/_functorch/aot_autograd.py", line 522, in create_aot_dispatcher_function
    return _create_aot_dispatcher_function(
           ^^^^^^^^^^^^^^^^^^^^^^^^^^^^^^^^
  File "/usr/local/lib/python3.12/site-packages/torch/_functorch/aot_autograd.py", line 759, in _create_aot_dispatcher_function
    compiled_fn, fw_metadata = compiler_fn(
                               ^^^^^^^^^^^^
  File "/usr/local/lib/python3.12/site-packages/torch/_functorch/_aot_autograd/jit_compile_runtime_wrappers.py", line 179, in aot_dispatch_base
    compiled_fw = compiler(fw_module, updated_flat_args)
                  ^^^^^^^^^^^^^^^^^^^^^^^^^^^^^^^^^^^^^^
  File "/usr/local/lib/python3.12/site-packages/torch/_inductor/compile_fx.py", line 1350, in fw_compiler_base
    return _fw_compiler_base(model, example_inputs, is_inference)
           ^^^^^^^^^^^^^^^^^^^^^^^^^^^^^^^^^^^^^^^^^^^^^^^^^^^^^^
  File "/usr/local/lib/python3.12/site-packages/torch/_inductor/compile_fx.py", line 1421, in _fw_compiler_base
    return inner_compile(
           ^^^^^^^^^^^^^^
  File "/usr/local/lib/python3.12/contextlib.py", line 81, in inner
    return func(*args, **kwds)
           ^^^^^^^^^^^^^^^^^^^
  File "/usr/local/lib/python3.12/site-packages/torch/_inductor/compile_fx.py", line 475, in compile_fx_inner
    return wrap_compiler_debug(_compile_fx_inner, compiler_name="inductor")(
           ^^^^^^^^^^^^^^^^^^^^^^^^^^^^^^^^^^^^^^^^^^^^^^^^^^^^^^^^^^^^^^^^^
  File "/usr/local/lib/python3.12/site-packages/torch/_dynamo/repro/after_aot.py", line 85, in debug_wrapper
    inner_compiled_fn = compiler_fn(gm, example_inputs)
                        ^^^^^^^^^^^^^^^^^^^^^^^^^^^^^^^
  File "/usr/local/lib/python3.12/site-packages/torch/_inductor/compile_fx.py", line 661, in _compile_fx_inner
    compiled_graph = FxGraphCache.load(
                     ^^^^^^^^^^^^^^^^^^
  File "/usr/local/lib/python3.12/site-packages/torch/_inductor/codecache.py", line 1334, in load
    compiled_graph = compile_fx_fn(
                     ^^^^^^^^^^^^^^
  File "/usr/local/lib/python3.12/site-packages/torch/_inductor/compile_fx.py", line 570, in codegen_and_compile
    compiled_graph = fx_codegen_and_compile(gm, example_inputs, **fx_kwargs)
                     ^^^^^^^^^^^^^^^^^^^^^^^^^^^^^^^^^^^^^^^^^^^^^^^^^^^^^^^
  File "/usr/local/lib/python3.12/site-packages/torch/_inductor/compile_fx.py", line 878, in fx_codegen_and_compile
    compiled_fn = graph.compile_to_fn()
                  ^^^^^^^^^^^^^^^^^^^^^
  File "/usr/local/lib/python3.12/site-packages/torch/_inductor/graph.py", line 1913, in compile_to_fn
    return self.compile_to_module().call
           ^^^^^^^^^^^^^^^^^^^^^^^^
  File "/usr/local/lib/python3.12/site-packages/torch/_inductor/graph.py", line 1839, in compile_to_module
    return self._compile_to_module()
           ^^^^^^^^^^^^^^^^^^^^^^^^^
  File "/usr/local/lib/python3.12/site-packages/torch/_inductor/graph.py", line 1867, in _compile_to_module
    mod = PyCodeCache.load_by_key_path(
          ^^^^^^^^^^^^^^^^^^^^^^^^^^^^^
  File "/usr/local/lib/python3.12/site-packages/torch/_inductor/codecache.py", line 2876, in load_by_key_path
    mod = _reload_python_module(key, path)
          ^^^^^^^^^^^^^^^^^^^^^^^^^^^^^^^^
  File "/usr/local/lib/python3.12/site-packages/torch/_inductor/runtime/compile_tasks.py", line 45, in _reload_python_module
    exec(code, mod.__dict__, mod.__dict__)
  File "/tmp/torchinductor_root/33/c332aix3fxy53wqbss55bzqhhkppzbj73fz2bcu45k45lbtn2dmt.py", line 41, in <module>
    triton_poi_fused_bitwise_and_signbit_0 = async_compile.triton('triton_', '''
                                             ^^^^^^^^^^^^^^^^^^^^^^^^^^^^^^^^^^^
  File "/usr/local/lib/python3.12/site-packages/torch/_inductor/async_compile.py", line 203, in triton
    kernel.precompile()
  File "/usr/local/lib/python3.12/site-packages/torch/_inductor/runtime/triton_heuristics.py", line 244, in precompile
    compiled_binary, launcher = self._precompile_config(
                                ^^^^^^^^^^^^^^^^^^^^^^^^
  File "/usr/local/lib/python3.12/site-packages/torch/_inductor/runtime/triton_heuristics.py", line 443, in _precompile_config
    binary = triton.compile(*compile_args, **compile_kwargs)
             ^^^^^^^^^^^^^^^^^^^^^^^^^^^^^^^^^^^^^^^^^^^^^^^
  File "/usr/local/lib/python3.12/site-packages/triton/compiler/compiler.py", line 276, in compile
    module = src.make_ir(options, codegen_fns, context)
             ^^^^^^^^^^^^^^^^^^^^^^^^^^^^^^^^^^^^^^^^^^
  File "/usr/local/lib/python3.12/site-packages/triton/compiler/compiler.py", line 113, in make_ir
    return ast_to_ttir(self.fn, self, context=context, options=options, codegen_fns=codegen_fns)
           ^^^^^^^^^^^^^^^^^^^^^^^^^^^^^^^^^^^^^^^^^^^^^^^^^^^^^^^^^^^^^^^^^^^^^^^^^^^^^^^^^^^^^
triton.compiler.errors.CompilationError: at 11:11:
def triton_(in_ptr0, in_ptr1, out_ptr0, out_ptr1, xnumel, XBLOCK : tl.constexpr):
    xnumel = 4
    xoffset = tl.program_id(0) * XBLOCK
    xindex = xoffset + tl.arange(0, XBLOCK)[:]
    xmask = xindex < xnumel
    x0 = xindex
    tmp0 = tl.load(in_ptr0 + (x0), xmask)
    tmp2 = tl.load(in_ptr1 + (x0), xmask)
    tmp1 = libdevice.signbit(tmp0) if (tmp0).dtype is tl.float32 else tmp0 < 0
    tmp3 = tmp2.to(tl.float32)
    tmp4 = tmp0 & tmp3
           ^
IncompatibleTypeErrorImpl('invalid operands of type triton.language.float32 and triton.language.float32')

The above exception was the direct cause of the following exception:

Traceback (most recent call last):
  File "/data/results/lmstudio_prompt9_ultraspeed/call_acc/signbit_bitwise_and.py", line 63, in <module>
    test_results = test_signbit_bitwise_and()
                   ^^^^^^^^^^^^^^^^^^^^^^^^^^
  File "/data/results/lmstudio_prompt9_ultraspeed/call_acc/signbit_bitwise_and.py", line 44, in test_signbit_bitwise_and
    results["test_case_1"] = signbit_bitwise_and(a, b)
                             ^^^^^^^^^^^^^^^^^^^^^^^^^
  File "/data/results/lmstudio_prompt9_ultraspeed/call_acc/signbit_bitwise_and.py", line 24, in signbit_bitwise_and
    return _signbit_bitwise_and_fast(input, other)
           ^^^^^^^^^^^^^^^^^^^^^^^^^^^^^^^^^^^^^^^
  File "/usr/local/lib/python3.12/site-packages/torch/_dynamo/eval_frame.py", line 465, in _fn
    return fn(*args, **kwargs)
           ^^^^^^^^^^^^^^^^^^^
  File "/usr/local/lib/python3.12/site-packages/torch/_dynamo/convert_frame.py", line 1269, in __call__
    return self._torchdynamo_orig_callable(
           ^^^^^^^^^^^^^^^^^^^^^^^^^^^^^^^^
  File "/usr/local/lib/python3.12/site-packages/torch/_dynamo/convert_frame.py", line 1064, in __call__
    result = self._inner_convert(
             ^^^^^^^^^^^^^^^^^^^^
  File "/usr/local/lib/python3.12/site-packages/torch/_dynamo/convert_frame.py", line 526, in __call__
    return _compile(
           ^^^^^^^^^
  File "/usr/local/lib/python3.12/site-packages/torch/_dynamo/convert_frame.py", line 924, in _compile
    guarded_code = compile_inner(code, one_graph, hooks, transform)
                   ^^^^^^^^^^^^^^^^^^^^^^^^^^^^^^^^^^^^^^^^^^^^^^^^
  File "/usr/local/lib/python3.12/site-packages/torch/_dynamo/convert_frame.py", line 666, in compile_inner
    return _compile_inner(code, one_graph, hooks, transform)
           ^^^^^^^^^^^^^^^^^^^^^^^^^^^^^^^^^^^^^^^^^^^^^^^^^
  File "/usr/local/lib/python3.12/site-packages/torch/_utils_internal.py", line 87, in wrapper_function
    return function(*args, **kwargs)
           ^^^^^^^^^^^^^^^^^^^^^^^^^
  File "/usr/local/lib/python3.12/site-packages/torch/_dynamo/convert_frame.py", line 699, in _compile_inner
    out_code = transform_code_object(code, transform)
               ^^^^^^^^^^^^^^^^^^^^^^^^^^^^^^^^^^^^^^
  File "/usr/local/lib/python3.12/site-packages/torch/_dynamo/bytecode_transformation.py", line 1322, in transform_code_object
    transformations(instructions, code_options)
  File "/usr/local/lib/python3.12/site-packages/torch/_dynamo/convert_frame.py", line 219, in _fn
    return fn(*args, **kwargs)
           ^^^^^^^^^^^^^^^^^^^
  File "/usr/local/lib/python3.12/site-packages/torch/_dynamo/convert_frame.py", line 634, in transform
    tracer.run()
  File "/usr/local/lib/python3.12/site-packages/torch/_dynamo/symbolic_convert.py", line 2796, in run
    super().run()
  File "/usr/local/lib/python3.12/site-packages/torch/_dynamo/symbolic_convert.py", line 983, in run
    while self.step():
          ^^^^^^^^^^^
  File "/usr/local/lib/python3.12/site-packages/torch/_dynamo/symbolic_convert.py", line 895, in step
    self.dispatch_table[inst.opcode](self, inst)
  File "/usr/local/lib/python3.12/site-packages/torch/_dynamo/symbolic_convert.py", line 2987, in RETURN_VALUE
    self._return(inst)
  File "/usr/local/lib/python3.12/site-packages/torch/_dynamo/symbolic_convert.py", line 2972, in _return
    self.output.compile_subgraph(
  File "/usr/local/lib/python3.12/site-packages/torch/_dynamo/output_graph.py", line 1142, in compile_subgraph
    self.compile_and_call_fx_graph(tx, pass2.graph_output_vars(), root)
  File "/usr/local/lib/python3.12/site-packages/torch/_dynamo/output_graph.py", line 1369, in compile_and_call_fx_graph
    compiled_fn = self.call_user_compiler(gm)
                  ^^^^^^^^^^^^^^^^^^^^^^^^^^^
  File "/usr/local/lib/python3.12/site-packages/torch/_dynamo/output_graph.py", line 1416, in call_user_compiler
    return self._call_user_compiler(gm)
           ^^^^^^^^^^^^^^^^^^^^^^^^^^^^
  File "/usr/local/lib/python3.12/site-packages/torch/_dynamo/output_graph.py", line 1465, in _call_user_compiler
    raise BackendCompilerFailed(self.compiler_fn, e) from e
torch._dynamo.exc.BackendCompilerFailed: backend='inductor' raised:
CompilationError: at 11:11:
def triton_(in_ptr0, in_ptr1, out_ptr0, out_ptr1, xnumel, XBLOCK : tl.constexpr):
    xnumel = 4
    xoffset = tl.program_id(0) * XBLOCK
    xindex = xoffset + tl.arange(0, XBLOCK)[:]
    xmask = xindex < xnumel
    x0 = xindex
    tmp0 = tl.load(in_ptr0 + (x0), xmask)
    tmp2 = tl.load(in_ptr1 + (x0), xmask)
    tmp1 = libdevice.signbit(tmp0) if (tmp0).dtype is tl.float32 else tmp0 < 0
    tmp3 = tmp2.to(tl.float32)
    tmp4 = tmp0 & tmp3
           ^
IncompatibleTypeErrorImpl('invalid operands of type triton.language.float32 and triton.language.float32')

Set TORCH_LOGS="+dynamo" and TORCHDYNAMO_VERBOSE=1 for more information


You can suppress this exception and fall back to eager by setting:
    import torch._dynamo
    torch._dynamo.config.suppress_errors = True


=== Output for fused_repeat_interleave_log_softmax.py on GPU 0 ===

=== Errors for fused_repeat_interleave_log_softmax.py on GPU 0 ===

=== Output for cholesky.py on GPU 0 ===

=== Errors for cholesky.py on GPU 0 ===

=== Output for ones_like.py on GPU 0 ===

=== Errors for ones_like.py on GPU 0 ===

=== Output for autocast.py on GPU 0 ===

=== Errors for autocast.py on GPU 0 ===

=== Output for reciprocal.py on GPU 0 ===

=== Errors for reciprocal.py on GPU 0 ===

=== Output for cos_signbit.py on GPU 0 ===

=== Errors for cos_signbit.py on GPU 0 ===

=== Output for spectral_norm_eig.py on GPU 0 ===

=== Errors for spectral_norm_eig.py on GPU 0 ===
/usr/local/lib/python3.12/site-packages/torch/_inductor/lowering.py:1713: UserWarning: Torchinductor does not support code generation for complex operators. Performance may be worse than eager.
  warnings.warn(

=== Output for fftn.py on GPU 0 ===

=== Errors for fftn.py on GPU 0 ===

Deleted Adam.py
Deleted SGD.py
Error deleting __pycache__: [Errno 21] Is a directory: '/data/results/lmstudio_prompt9_ultraspeed/call_acc/__pycache__'
Deleted bitwise_and_binomial.py
Deleted chebyshev_polynomial_t.py
Deleted cholesky_solve.py
Deleted eig.py
Deleted elu_linear.py
Deleted erfc_sqrt.py
Deleted fused_cholesky_solve.py
Deleted fused_cosine_embedding_loss_with_normalization.py
Deleted fused_cross_entropy_softmax_layernorm.py
Deleted fused_gather_masked_fill.py
Deleted fused_hardsigmoid_batch_norm.py
Deleted fused_hstack_div.py
Deleted fused_lu_solve.py
Deleted fused_pairwise_distance_adaptive_avg_pool2d.py
Deleted fused_tile_exp.py
Deleted gelu_min.py
Deleted gelu_std.py
Deleted grid_sample.py
Deleted grid_sample_with_affine.py
Deleted ifftshift.py
Deleted index_fill_.py
Deleted least_squares_qr.py
Deleted log_softmax_linear.py
Deleted logspace.py
Deleted logsumexp.py
Deleted low_rank_svd_approximation.py
Deleted normalized_cosine_similarity.py
Deleted polygamma.py
Deleted pseudoinverse_svd.py
Deleted quantize_dynamic.py
Deleted rand.py
Deleted sigmoid_adaptive_avg_pool2d.py
Deleted signbit.py
Deleted signbit_bitwise_and.py
Deleted softmax.py
Deleted softmax_log.py
Deleted solve_symmetric_ldl.py
Deleted sqrt_tanh.py
Deleted tensordot.py
Deleted zeta.py

Correct execution rate: 74.70%
['fused_bmm_rmsnorm_gelu_dropout_sub.py', 'div.py', 'sigmoid_conv2d.py', 'solve_multiple_lu.py', 'tanh.py', 'relu_sqrt.py', 'sqrt.py', 'sigmoid_argmax.py', 'sub.py', 'svd.py', 'i0.py', 'rsqrt.py', 'dropout_relu_batch_norm_conv2d.py', 'fused_mv_logsoftmax_dropout.py', 'add.py', 'fused_silu_layer_norm_conv2d.py', 'fused_index_select_eq.py', 'argmax.py', 'normalize_pairwise_distance.py', 'max.py', 'relu.py', 'determinant_via_qr.py', 'silu_batch_norm.py', 'mean.py', 'fused_embedding_add_tanh.py', 'fused_mv_sigmoid_sub.py', 'add_gelu.py', 'fused_transformer_block.py', 'log1p.py', 'sigmoid_batch_norm.py', 'symmetric_matrix_vector_norm.py', 'softplus_linear.py', 'fused_svd_reconstruct.py', 'fused_mul_add_logsoftmax_dropout_bmm.py', 'selu.py', 'scaled_add_norm.py', 'leaky_relu_conv2d.py', 'sqrt_exp.py', 'cos_avg_pool1d.py', 'sum_std.py', 'mul_relu.py', 'gelu_conv2d.py', 'fused_instance_norm_selu_conv2d.py', 'fused_fractional_max_pool2d_with_relu.py', 'logit.py', 'exp_sqrt.py', 'combined_activation.py', 'scaled_add_dot.py', 'qr.py', 'asin.py', 'fused_masked_select_add_gelu.py', 'add_mean.py', 'fused_layer_norm_relu_linear.py', 'fused_add_mul_groupnorm.py', 'relu_batch_norm_conv2d.py', 'conv2d.py', 'matmul.py', 'fused_cross_entropy_log_softmax.py', 'addmm.py', 'fused_qr_solve.py', 'cos.py', 'fused_bmm_dropout_gelu.py', 'trunc.py', 'matrix_power_eig.py', 'log_tanh.py', 'exp.py', 'matrix_multiply_symmetric.py', 'fused_avg_pool2d_cosine_similarity.py', 'fused_hardshrink_dropout.py', 'tensordot_rsqrt.py', 'dropout_sigmoid_linear.py', 'batch_norm.py', 'gammaln.py', 'bitwise_and.py', 'sub_gelu.py', 'permute_copy.py', 'digamma.py', 'softmax_mul.py', 'rad2deg_sqrt.py', 'bessel_j1.py', 'lu.py', 'exp_mean.py', 'min.py', 'symmetric_mm_and_abs_sum.py', 'determinant_lu.py', 'tanh_linear.py', 'sum.py', 'solve_and_add_scaled_vector.py', 'pixel_shuffle_conv2d.py', 'matrix_vector_dot.py', 'min_gelu.py', 'pow.py', 'relu_max_pool2d_conv2d.py', 'erf.py', 'sigmoid.py', 'gelu.py', 'det.py', 'fused_bmm_rmsnorm_gelu_dropout.py', 'floor.py', 'mul_sub.py', 'ldl_factor.py', 'abs.py', 'mul.py', 'leaky_relu.py', 'invert_matrix_lu.py', 'std.py', 'tril_mm_and_scale.py', 'solve.py', 'airy_ai.py', 'matrix_multiply_and_row_dot.py', 'fused_pairwise_distance_normalize.py', 'broadcast_tensors.py', 'relu_conv2d.py', 'log.py', 'adaptive_avg_pool2d.py', 'conv2d_add.py', 'fused_repeat_interleave_log_softmax.py', 'cholesky.py', 'ones_like.py', 'autocast.py', 'reciprocal.py', 'cos_signbit.py', 'spectral_norm_eig.py', 'fftn.py']
Above is call test for lmstudio_qwen_qwen3.6-35b-a3b_simp_all_20260527-004435
================================================================================================================================================================

call_acc survivors: 124 / 166

======================================================================
=== Phase 2: execution accuracy ===
======================================================================

Correct execution rate: 100.00% = 124 / 124
above is the compare execution for /data/results/lmstudio_prompt9_ultraspeed/call_acc
================================================================================================================================================================================================================================================

exe_acc survivors: 124 / 166

======================================================================
=== Phase 3: efficiency ===
======================================================================

[1AProcess:   0%|                                          | 0/124 [00:00<?, ?it/s]
[1AProcess:   1%|▎                                 | 1/124 [00:22<46:55, 22.89s/it]
[1AProcess:   2%|▌                               | 2/124 [01:19<1:26:55, 42.75s/it]
[1AProcess:   2%|▊                               | 3/124 [01:40<1:06:33, 33.00s/it]
[1AProcess:   3%|█                                 | 4/124 [02:02<57:05, 28.55s/it]
[1AProcess:   4%|█▎                                | 5/124 [02:21<49:49, 25.12s/it]
[1AProcess:   5%|█▋                                | 6/124 [02:46<49:27, 25.15s/it]
[1AProcess:   6%|█▉                                | 7/124 [03:11<48:45, 25.00s/it]
[1AProcess:   6%|██▏                               | 8/124 [03:44<53:29, 27.66s/it]
[1AProcess:   7%|██▍                               | 9/124 [04:08<50:37, 26.42s/it]
[1AProcess:   8%|██▋                              | 10/124 [04:50<59:29, 31.31s/it]
[1AProcess:   9%|██▊                            | 11/124 [05:55<1:18:02, 41.44s/it]
[1AProcess:  10%|███                            | 12/124 [06:20<1:07:56, 36.40s/it]
[1AProcess:  10%|███▎                           | 13/124 [06:48<1:02:56, 34.03s/it]
[1AProcess:  11%|███▋                             | 14/124 [07:07<53:48, 29.35s/it]
[1AProcess:  12%|███▉                             | 15/124 [07:28<48:49, 26.87s/it]
[1AProcess:  13%|████▎                            | 16/124 [07:48<44:27, 24.70s/it]
[1AProcess:  14%|████▌                            | 17/124 [08:22<48:59, 27.47s/it]
[1AProcess:  15%|████▊                            | 18/124 [08:39<43:08, 24.42s/it]
[1AProcess:  15%|█████                            | 19/124 [09:06<44:02, 25.17s/it]
[1AProcess:  16%|█████▎                           | 20/124 [09:30<43:05, 24.86s/it]
[1AProcess:  17%|█████▌                           | 21/124 [09:55<42:38, 24.84s/it]
[1AProcess:  18%|█████▊                           | 22/124 [10:10<37:22, 21.98s/it]
[1AProcess:  19%|██████                           | 23/124 [10:23<32:34, 19.35s/it]
[1AProcess:  19%|██████▍                          | 24/124 [10:44<32:50, 19.71s/it]
[1AProcess:  20%|██████▋                          | 25/124 [11:09<35:01, 21.23s/it]
[1AProcess:  21%|██████▉                          | 26/124 [11:34<36:53, 22.58s/it]
[1AProcess:  22%|███████▏                         | 27/124 [12:00<37:52, 23.43s/it]
[1AProcess:  23%|███████▍                         | 28/124 [12:16<34:13, 21.39s/it]
[1AProcess:  23%|███████▋                         | 29/124 [12:40<35:10, 22.21s/it]
[1AProcess:  24%|███████▉                         | 30/124 [13:12<39:25, 25.17s/it]
[1AProcess:  25%|████████▎                        | 31/124 [13:36<38:18, 24.72s/it]
[1AProcess:  26%|████████▌                        | 32/124 [14:01<37:50, 24.68s/it]
[1AProcess:  27%|████████▊                        | 33/124 [14:18<34:01, 22.44s/it]
[1AProcess:  27%|█████████                        | 34/124 [14:40<33:39, 22.44s/it]
[1AProcess:  28%|█████████▎                       | 35/124 [15:50<54:09, 36.51s/it]
[1AProcess:  29%|█████████▌                       | 36/124 [16:39<59:05, 40.29s/it]
[1AProcess:  30%|█████████▎                     | 37/124 [17:34<1:04:52, 44.74s/it]
[1AProcess:  31%|█████████▌                     | 38/124 [18:36<1:11:40, 50.00s/it]
[1AProcess:  31%|█████████▊                     | 39/124 [19:50<1:20:58, 57.15s/it]
[1AProcess:  32%|██████████                     | 40/124 [20:30<1:12:53, 52.06s/it]
[1AProcess:  33%|██████████▉                      | 41/124 [20:52<59:14, 42.82s/it]
[1AProcess:  34%|███████████▏                     | 42/124 [21:31<56:59, 41.70s/it]
[1AProcess:  35%|███████████▍                     | 43/124 [21:51<47:45, 35.38s/it]
[1AProcess:  35%|███████████▋                     | 44/124 [22:30<48:39, 36.49s/it]
[1AProcess:  36%|███████████▎                   | 45/124 [24:47<1:27:36, 66.54s/it]
[1AProcess:  37%|███████████▌                   | 46/124 [27:03<1:53:36, 87.39s/it]
[1AProcess:  38%|███████████▊                   | 47/124 [27:25<1:26:57, 67.76s/it]
[1AProcess:  39%|████████████                   | 48/124 [28:39<1:28:23, 69.78s/it]
[1AProcess:  40%|████████████▎                  | 49/124 [29:03<1:09:48, 55.85s/it]
[1AProcess:  40%|█████████████▎                   | 50/124 [29:32<59:11, 47.99s/it]
[1AProcess:  41%|█████████████▌                   | 51/124 [29:51<47:40, 39.19s/it]
[1AProcess:  42%|█████████████▊                   | 52/124 [30:10<39:35, 32.99s/it]
[1AProcess:  43%|██████████████                   | 53/124 [30:27<33:22, 28.21s/it]
[1AProcess:  44%|██████████████▎                  | 54/124 [30:48<30:37, 26.25s/it]
[1AProcess:  44%|██████████████▋                  | 55/124 [31:01<25:32, 22.21s/it]
[1AProcess:  45%|██████████████▉                  | 56/124 [31:32<28:13, 24.90s/it]
[1AProcess:  46%|███████████████▏                 | 57/124 [31:51<25:49, 23.12s/it]
[1AProcess:  47%|███████████████▍                 | 58/124 [32:35<32:18, 29.36s/it]
[1AProcess:  48%|███████████████▋                 | 59/124 [33:00<30:10, 27.86s/it]
[1AProcess:  48%|███████████████▉                 | 60/124 [33:24<28:27, 26.68s/it]
[1AProcess:  49%|████████████████▏                | 61/124 [33:35<23:09, 22.05s/it]
[1AProcess:  50%|████████████████▌                | 62/124 [33:46<19:22, 18.75s/it]
[1AProcess:  51%|████████████████▊                | 63/124 [34:08<20:10, 19.84s/it]
[1AProcess:  52%|█████████████████                | 64/124 [34:33<21:15, 21.27s/it]
[1AProcess:  52%|█████████████████▎               | 65/124 [34:56<21:32, 21.90s/it]
[1AProcess:  53%|█████████████████▌               | 66/124 [35:21<22:06, 22.88s/it]
[1AProcess:  54%|█████████████████▊               | 67/124 [35:46<22:15, 23.43s/it]
[1AProcess:  55%|██████████████████               | 68/124 [36:12<22:29, 24.09s/it]
[1AProcess:  56%|██████████████████▎              | 69/124 [36:29<20:20, 22.19s/it]
[1AProcess:  56%|██████████████████▋              | 70/124 [36:51<19:43, 21.92s/it]
[1AProcess:  57%|██████████████████▉              | 71/124 [37:17<20:31, 23.24s/it]
[1AProcess:  58%|███████████████████▏             | 72/124 [37:45<21:18, 24.59s/it]
[1AProcess:  59%|███████████████████▍             | 73/124 [37:56<17:25, 20.50s/it]
[1AProcess:  60%|███████████████████▋             | 74/124 [38:33<21:18, 25.57s/it]
[1AProcess:  60%|███████████████████▉             | 75/124 [38:56<20:17, 24.84s/it]
[1AProcess:  61%|████████████████████▏            | 76/124 [39:16<18:33, 23.20s/it]
[1AProcess:  62%|████████████████████▍            | 77/124 [39:41<18:43, 23.91s/it]
[1AProcess:  63%|████████████████████▊            | 78/124 [39:57<16:22, 21.36s/it]
[1AProcess:  64%|█████████████████████            | 79/124 [40:23<17:03, 22.73s/it]
[1AProcess:  65%|█████████████████████▎           | 80/124 [40:50<17:36, 24.01s/it]
[1AProcess:  65%|█████████████████████▌           | 81/124 [41:24<19:25, 27.11s/it]
[1AProcess:  66%|█████████████████████▊           | 82/124 [41:51<18:57, 27.09s/it]
[1AProcess:  67%|██████████████████████           | 83/124 [42:05<15:49, 23.15s/it]
[1AProcess:  68%|██████████████████████▎          | 84/124 [42:17<13:18, 19.96s/it]
[1AProcess:  69%|██████████████████████▌          | 85/124 [42:52<15:50, 24.37s/it]
[1AProcess:  69%|██████████████████████▉          | 86/124 [43:16<15:15, 24.09s/it]
[1AProcess:  70%|███████████████████████▏         | 87/124 [43:31<13:18, 21.58s/it]
[1AProcess:  71%|███████████████████████▍         | 88/124 [43:56<13:30, 22.53s/it]
[1AProcess:  72%|███████████████████████▋         | 89/124 [44:21<13:30, 23.16s/it]
[1AProcess:  73%|███████████████████████▉         | 90/124 [46:03<26:39, 47.05s/it]
[1AProcess:  73%|████████████████████████▏        | 91/124 [46:22<21:10, 38.49s/it]
[1AProcess:  74%|████████████████████████▍        | 92/124 [46:56<19:50, 37.21s/it]
[1AProcess:  75%|████████████████████████▊        | 93/124 [47:21<17:15, 33.40s/it]
[1AProcess:  76%|█████████████████████████        | 94/124 [47:45<15:18, 30.62s/it]
[1AProcess:  77%|█████████████████████████▎       | 95/124 [48:10<14:01, 29.02s/it]
[1AProcess:  77%|█████████████████████████▌       | 96/124 [48:37<13:13, 28.33s/it]
[1AProcess:  78%|█████████████████████████▊       | 97/124 [49:04<12:33, 27.89s/it]
[1AProcess:  79%|██████████████████████████       | 98/124 [49:29<11:44, 27.09s/it]
[1AProcess:  80%|██████████████████████████▎      | 99/124 [49:52<10:45, 25.81s/it]
[1AProcess:  81%|█████████████████████████▊      | 100/124 [50:13<09:50, 24.61s/it]
[1AProcess:  81%|██████████████████████████      | 101/124 [50:36<09:08, 23.87s/it]
[1AProcess:  82%|██████████████████████████▎     | 102/124 [51:00<08:50, 24.10s/it]
[1AProcess:  83%|██████████████████████████▌     | 103/124 [51:33<09:17, 26.55s/it]
[1AProcess:  84%|██████████████████████████▊     | 104/124 [52:12<10:06, 30.31s/it]
[1AProcess:  85%|███████████████████████████     | 105/124 [52:41<09:31, 30.10s/it]
[1AProcess:  85%|███████████████████████████▎    | 106/124 [53:15<09:22, 31.27s/it]
[1AProcess:  86%|███████████████████████████▌    | 107/124 [53:26<07:06, 25.12s/it]
[1AProcess:  87%|███████████████████████████▊    | 108/124 [53:40<05:47, 21.72s/it]
[1AProcess:  88%|████████████████████████████▏   | 109/124 [53:51<04:38, 18.55s/it]
[1AProcess:  89%|████████████████████████████▍   | 110/124 [54:15<04:42, 20.21s/it]
[1AProcess:  90%|████████████████████████████▋   | 111/124 [54:39<04:39, 21.46s/it]
[1AProcess:  90%|████████████████████████████▉   | 112/124 [55:00<04:13, 21.11s/it]
[1AProcess:  91%|█████████████████████████████▏  | 113/124 [55:16<03:35, 19.61s/it]
[1AProcess:  92%|█████████████████████████████▍  | 114/124 [55:35<03:14, 19.48s/it]
[1AProcess:  93%|█████████████████████████████▋  | 115/124 [55:59<03:07, 20.83s/it]
[1AProcess:  94%|█████████████████████████████▉  | 116/124 [56:14<02:33, 19.21s/it]
[1AProcess:  94%|██████████████████████████████▏ | 117/124 [56:25<01:55, 16.49s/it]
[1AProcess:  95%|██████████████████████████████▍ | 118/124 [56:48<01:52, 18.67s/it]
[1AProcess:  96%|██████████████████████████████▋ | 119/124 [57:02<01:26, 17.31s/it]
[1AProcess:  97%|██████████████████████████████▉ | 120/124 [57:28<01:18, 19.72s/it]
[1AProcess:  98%|███████████████████████████████▏| 121/124 [57:53<01:03, 21.33s/it]
[1AProcess:  98%|███████████████████████████████▍| 122/124 [58:07<00:38, 19.29s/it]
[1AProcess:  99%|███████████████████████████████▋| 123/124 [58:18<00:16, 16.60s/it]
✅ finished 1/124: abs_perf.py
✅ finished 2/124: adaptive_avg_pool2d_perf.py
✅ finished 3/124: add_gelu_perf.py
✅ finished 4/124: add_mean_perf.py
✅ finished 5/124: add_perf.py
✅ finished 6/124: addmm_perf.py
✅ finished 7/124: airy_ai_perf.py
✅ finished 8/124: argmax_perf.py
✅ finished 9/124: asin_perf.py
✅ finished 10/124: autocast_perf.py
✅ finished 11/124: batch_norm_perf.py
✅ finished 12/124: bessel_j1_perf.py
✅ finished 13/124: bitwise_and_perf.py
✅ finished 14/124: broadcast_tensors_perf.py
✅ finished 15/124: cholesky_perf.py
✅ finished 16/124: combined_activation_perf.py
✅ finished 17/124: conv2d_add_perf.py
✅ finished 18/124: conv2d_perf.py
✅ finished 19/124: cos_avg_pool1d_perf.py
✅ finished 20/124: cos_perf.py
✅ finished 21/124: cos_signbit_perf.py
✅ finished 22/124: det_perf.py
✅ finished 23/124: determinant_lu_perf.py
✅ finished 24/124: determinant_via_qr_perf.py
✅ finished 25/124: digamma_perf.py
✅ finished 26/124: div_perf.py
✅ finished 27/124: dropout_relu_batch_norm_conv2d_perf.py
✅ finished 28/124: dropout_sigmoid_linear_perf.py
✅ finished 29/124: erf_perf.py
✅ finished 30/124: exp_mean_perf.py
✅ finished 31/124: exp_perf.py
✅ finished 32/124: exp_sqrt_perf.py
✅ finished 33/124: fftn_perf.py
✅ finished 34/124: floor_perf.py
✅ finished 35/124: fused_add_mul_groupnorm_perf.py
✅ finished 36/124: fused_avg_pool2d_cosine_similarity_perf.py
✅ finished 37/124: fused_bmm_dropout_gelu_perf.py
✅ finished 38/124: fused_bmm_rmsnorm_gelu_dropout_perf.py
✅ finished 39/124: fused_bmm_rmsnorm_gelu_dropout_sub_perf.py
✅ finished 40/124: fused_cross_entropy_log_softmax_perf.py
✅ finished 41/124: fused_embedding_add_tanh_perf.py
✅ finished 42/124: fused_fractional_max_pool2d_with_relu_perf.py
✅ finished 43/124: fused_hardshrink_dropout_perf.py
✅ finished 44/124: fused_index_select_eq_perf.py
✅ finished 45/124: fused_instance_norm_selu_conv2d_perf.py
✅ finished 46/124: fused_layer_norm_relu_linear_perf.py
✅ finished 47/124: fused_masked_select_add_gelu_perf.py
✅ finished 48/124: fused_mul_add_logsoftmax_dropout_bmm_perf.py
✅ finished 49/124: fused_mv_logsoftmax_dropout_perf.py
✅ finished 50/124: fused_mv_sigmoid_sub_perf.py
✅ finished 51/124: fused_pairwise_distance_normalize_perf.py
✅ finished 52/124: fused_qr_solve_perf.py
✅ finished 53/124: fused_repeat_interleave_log_softmax_perf.py
✅ finished 54/124: fused_silu_layer_norm_conv2d_perf.py
✅ finished 55/124: fused_svd_reconstruct_perf.py
✅ finished 56/124: fused_transformer_block_perf.py
✅ finished 57/124: gammaln_perf.py
✅ finished 58/124: gelu_conv2d_perf.py
✅ finished 59/124: gelu_perf.py
✅ finished 60/124: i0_perf.py
✅ finished 61/124: invert_matrix_lu_perf.py
✅ finished 62/124: ldl_factor_perf.py
✅ finished 63/124: leaky_relu_conv2d_perf.py
✅ finished 64/124: leaky_relu_perf.py
✅ finished 65/124: log1p_perf.py
✅ finished 66/124: log_perf.py
✅ finished 67/124: log_tanh_perf.py
✅ finished 68/124: logit_perf.py
✅ finished 69/124: lu_perf.py
✅ finished 70/124: matmul_perf.py
✅ finished 71/124: matrix_multiply_and_row_dot_perf.py
✅ finished 72/124: matrix_multiply_symmetric_perf.py
✅ finished 73/124: matrix_power_eig_perf.py
✅ finished 74/124: matrix_vector_dot_perf.py
✅ finished 75/124: max_perf.py
✅ finished 76/124: mean_perf.py
✅ finished 77/124: min_gelu_perf.py
✅ finished 78/124: min_perf.py
✅ finished 79/124: mul_perf.py
✅ finished 80/124: mul_relu_perf.py
✅ finished 81/124: mul_sub_perf.py
✅ finished 82/124: normalize_pairwise_distance_perf.py
✅ finished 83/124: ones_like_perf.py
✅ finished 84/124: permute_copy_perf.py
✅ finished 85/124: pixel_shuffle_conv2d_perf.py
✅ finished 86/124: pow_perf.py
✅ finished 87/124: qr_perf.py
✅ finished 88/124: rad2deg_sqrt_perf.py
✅ finished 89/124: reciprocal_perf.py
✅ finished 90/124: relu_batch_norm_conv2d_perf.py
✅ finished 91/124: relu_conv2d_perf.py
✅ finished 92/124: relu_max_pool2d_conv2d_perf.py
✅ finished 93/124: relu_perf.py
✅ finished 94/124: relu_sqrt_perf.py
✅ finished 95/124: rsqrt_perf.py
✅ finished 96/124: scaled_add_dot_perf.py
✅ finished 97/124: scaled_add_norm_perf.py
✅ finished 98/124: selu_perf.py
✅ finished 99/124: sigmoid_argmax_perf.py
✅ finished 100/124: sigmoid_batch_norm_perf.py
✅ finished 101/124: sigmoid_conv2d_perf.py
✅ finished 102/124: sigmoid_perf.py
✅ finished 103/124: silu_batch_norm_perf.py
✅ finished 104/124: softmax_mul_perf.py
✅ finished 105/124: softplus_linear_perf.py
✅ finished 106/124: solve_and_add_scaled_vector_perf.py
✅ finished 107/124: solve_multiple_lu_perf.py
✅ finished 108/124: solve_perf.py
✅ finished 109/124: spectral_norm_eig_perf.py
✅ finished 110/124: sqrt_exp_perf.py
✅ finished 111/124: sqrt_perf.py
✅ finished 112/124: std_perf.py
✅ finished 113/124: sub_gelu_perf.py
✅ finished 114/124: sub_perf.py
✅ finished 115/124: sum_perf.py
✅ finished 116/124: sum_std_perf.py
✅ finished 117/124: svd_perf.py
✅ finished 118/124: symmetric_matrix_vector_norm_perf.py
✅ finished 119/124: symmetric_mm_and_abs_sum_perf.py
✅ finished 120/124: tanh_linear_perf.py
✅ finished 121/124: tanh_perf.py
✅ finished 122/124: tensordot_rsqrt_perf.py
✅ finished 123/124: tril_mm_and_scale_perf.py
✅ finished 124/124: trunc_perf.py
[1AProcess: 100%|████████████████████████████████| 124/124 [58:42<00:00, 18.92s/it]
[1AProcess: 100%|████████████████████████████████| 124/124 [58:42<00:00, 28.41s/it]

[1AProcess:   0%|                                          | 0/124 [00:00<?, ?it/s]
[1AProcess:   1%|▎                                 | 1/124 [00:22<46:46, 22.82s/it]
[1AProcess:   2%|▌                               | 2/124 [01:16<1:23:53, 41.26s/it]
[1AProcess:   2%|▊                               | 3/124 [01:42<1:08:46, 34.10s/it]
[1AProcess:   3%|█                               | 4/124 [02:07<1:00:59, 30.50s/it]
[1AProcess:   4%|█▎                                | 5/124 [02:32<56:44, 28.61s/it]
[1AProcess:   5%|█▌                              | 6/124 [03:16<1:06:34, 33.85s/it]
[1AProcess:   6%|█▉                                | 7/124 [03:40<59:31, 30.52s/it]
[1AProcess:   6%|██                              | 8/124 [04:14<1:01:04, 31.59s/it]
[1AProcess:   7%|██▍                               | 9/124 [04:38<55:47, 29.11s/it]
[1AProcess:   8%|██▌                            | 10/124 [05:20<1:03:07, 33.22s/it]
[1AProcess:   9%|██▊                            | 11/124 [06:21<1:18:40, 41.78s/it]
[1AProcess:  10%|███                            | 12/124 [06:44<1:07:23, 36.10s/it]
[1AProcess:  10%|███▎                           | 13/124 [07:14<1:03:11, 34.16s/it]
[1AProcess:  11%|███▋                             | 14/124 [07:33<53:58, 29.45s/it]
[1AProcess:  12%|███▉                             | 15/124 [07:55<49:27, 27.23s/it]
[1AProcess:  13%|████▎                            | 16/124 [08:11<43:22, 24.09s/it]
[1AProcess:  14%|████▌                            | 17/124 [08:35<42:52, 24.04s/it]
[1AProcess:  15%|████▊                            | 18/124 [08:48<36:35, 20.71s/it]
[1AProcess:  15%|█████                            | 19/124 [09:05<34:19, 19.62s/it]
[1AProcess:  16%|█████▎                           | 20/124 [09:28<35:42, 20.60s/it]
[1AProcess:  17%|█████▌                           | 21/124 [09:51<36:42, 21.38s/it]
[1AProcess:  18%|█████▊                           | 22/124 [10:09<34:10, 20.11s/it]
[1AProcess:  19%|██████                           | 23/124 [10:22<30:19, 18.01s/it]
[1AProcess:  19%|██████▍                          | 24/124 [10:44<32:20, 19.41s/it]
[1AProcess:  20%|██████▋                          | 25/124 [11:10<35:06, 21.28s/it]
[1AProcess:  21%|██████▉                          | 26/124 [11:38<38:03, 23.30s/it]
[1AProcess:  22%|███████▏                         | 27/124 [11:50<32:20, 20.00s/it]
[1AProcess:  23%|███████▍                         | 28/124 [12:05<29:24, 18.38s/it]
[1AProcess:  23%|███████▋                         | 29/124 [12:28<31:19, 19.78s/it]
[1AProcess:  24%|███████▉                         | 30/124 [13:01<37:13, 23.76s/it]
[1AProcess:  25%|████████▎                        | 31/124 [13:25<36:47, 23.73s/it]
[1AProcess:  26%|████████▌                        | 32/124 [13:48<35:59, 23.48s/it]
[1AProcess:  27%|████████▊                        | 33/124 [14:05<32:41, 21.55s/it]
[1AProcess:  27%|█████████                        | 34/124 [14:28<33:01, 22.02s/it]
[1AProcess:  28%|█████████▎                       | 35/124 [15:22<46:58, 31.67s/it]
[1AProcess:  29%|█████████▌                       | 36/124 [15:59<48:55, 33.36s/it]
[1AProcess:  30%|█████████▊                       | 37/124 [16:54<57:34, 39.71s/it]
[1AProcess:  31%|█████████▌                     | 38/124 [17:49<1:03:46, 44.49s/it]
[1AProcess:  31%|█████████▊                     | 39/124 [18:57<1:12:38, 51.28s/it]
[1AProcess:  32%|██████████                     | 40/124 [19:34<1:05:56, 47.10s/it]
[1AProcess:  33%|██████████▉                      | 41/124 [20:01<57:01, 41.23s/it]
[1AProcess:  34%|███████████▏                     | 42/124 [20:24<48:34, 35.54s/it]
[1AProcess:  35%|███████████▍                     | 43/124 [20:47<42:58, 31.83s/it]
[1AProcess:  35%|███████████▋                     | 44/124 [21:25<44:51, 33.64s/it]
[1AProcess:  36%|███████████▎                   | 45/124 [23:08<1:11:39, 54.42s/it]
[1AProcess:  37%|███████████▌                   | 46/124 [25:04<1:34:54, 73.01s/it]
[1AProcess:  38%|███████████▊                   | 47/124 [25:30<1:15:38, 58.95s/it]
[1AProcess:  39%|████████████                   | 48/124 [26:44<1:20:22, 63.46s/it]
[1AProcess:  40%|████████████▎                  | 49/124 [27:22<1:09:50, 55.87s/it]
[1AProcess:  40%|█████████████▎                   | 50/124 [27:49<57:58, 47.01s/it]
[1AProcess:  41%|█████████████▌                   | 51/124 [28:01<44:35, 36.65s/it]
[1AProcess:  42%|█████████████▊                   | 52/124 [28:18<36:44, 30.62s/it]
[1AProcess:  43%|██████████████                   | 53/124 [28:34<31:03, 26.24s/it]
[1AProcess:  44%|██████████████▎                  | 54/124 [28:49<26:50, 23.01s/it]
[1AProcess:  44%|██████████████▋                  | 55/124 [29:00<22:26, 19.51s/it]
[1AProcess:  45%|██████████████▉                  | 56/124 [29:12<19:20, 17.06s/it]
[1AProcess:  46%|███████████████▏                 | 57/124 [29:35<21:09, 18.95s/it]
[1AProcess:  47%|███████████████▍                 | 58/124 [30:05<24:32, 22.32s/it]
[1AProcess:  48%|███████████████▋                 | 59/124 [30:28<24:14, 22.38s/it]
[1AProcess:  48%|███████████████▉                 | 60/124 [30:50<23:47, 22.31s/it]
[1AProcess:  49%|████████████████▏                | 61/124 [31:02<20:04, 19.11s/it]
[1AProcess:  50%|████████████████▌                | 62/124 [31:13<17:16, 16.72s/it]
[1AProcess:  51%|████████████████▊                | 63/124 [31:28<16:29, 16.22s/it]
[1AProcess:  52%|█████████████████                | 64/124 [31:51<18:09, 18.17s/it]
[1AProcess:  52%|█████████████████▎               | 65/124 [32:13<19:09, 19.48s/it]
[1AProcess:  53%|█████████████████▌               | 66/124 [32:36<19:48, 20.49s/it]
[1AProcess:  54%|█████████████████▊               | 67/124 [32:59<20:17, 21.36s/it]
[1AProcess:  55%|██████████████████               | 68/124 [33:22<20:21, 21.82s/it]
[1AProcess:  56%|██████████████████▎              | 69/124 [33:39<18:39, 20.35s/it]
[1AProcess:  56%|██████████████████▋              | 70/124 [34:21<23:59, 26.65s/it]
[1AProcess:  57%|██████████████████▉              | 71/124 [35:03<27:46, 31.45s/it]
[1AProcess:  58%|███████████████████▏             | 72/124 [35:46<30:17, 34.96s/it]
[1AProcess:  59%|███████████████████▍             | 73/124 [36:09<26:27, 31.13s/it]
[1AProcess:  60%|███████████████████▋             | 74/124 [36:38<25:25, 30.50s/it]
[1AProcess:  60%|███████████████████▉             | 75/124 [37:01<23:03, 28.24s/it]
[1AProcess:  61%|████████████████████▏            | 76/124 [37:24<21:33, 26.95s/it]
[1AProcess:  62%|████████████████████▍            | 77/124 [37:48<20:21, 25.99s/it]
[1AProcess:  63%|████████████████████▊            | 78/124 [38:15<20:08, 26.28s/it]
[1AProcess:  64%|█████████████████████            | 79/124 [38:41<19:37, 26.17s/it]
[1AProcess:  65%|█████████████████████▎           | 80/124 [39:06<18:58, 25.88s/it]
[1AProcess:  65%|█████████████████████▌           | 81/124 [39:34<18:52, 26.33s/it]
[1AProcess:  66%|█████████████████████▊           | 82/124 [39:53<16:55, 24.18s/it]
[1AProcess:  67%|██████████████████████           | 83/124 [40:06<14:18, 20.93s/it]
[1AProcess:  68%|██████████████████████▎          | 84/124 [40:18<12:04, 18.10s/it]
[1AProcess:  69%|██████████████████████▌          | 85/124 [40:31<10:52, 16.73s/it]
[1AProcess:  69%|██████████████████████▉          | 86/124 [40:54<11:46, 18.59s/it]
[1AProcess:  70%|███████████████████████▏         | 87/124 [41:10<10:52, 17.63s/it]
[1AProcess:  71%|███████████████████████▍         | 88/124 [41:33<11:37, 19.37s/it]
[1AProcess:  72%|███████████████████████▋         | 89/124 [41:56<11:57, 20.51s/it]
[1AProcess:  73%|███████████████████████▉         | 90/124 [42:25<13:04, 23.09s/it]
[1AProcess:  73%|████████████████████████▏        | 91/124 [42:38<10:56, 19.90s/it]
[1AProcess:  74%|████████████████████████▍        | 92/124 [42:54<10:01, 18.80s/it]
[1AProcess:  75%|████████████████████████▊        | 93/124 [43:17<10:18, 19.96s/it]
[1AProcess:  76%|█████████████████████████        | 94/124 [43:40<10:25, 20.85s/it]
[1AProcess:  77%|█████████████████████████▎       | 95/124 [44:04<10:36, 21.93s/it]
[1AProcess:  77%|█████████████████████████▌       | 96/124 [44:29<10:37, 22.77s/it]
[1AProcess:  78%|█████████████████████████▊       | 97/124 [44:54<10:35, 23.55s/it]
[1AProcess:  79%|██████████████████████████       | 98/124 [45:18<10:17, 23.77s/it]
[1AProcess:  80%|██████████████████████████▎      | 99/124 [45:45<10:12, 24.51s/it]
[1AProcess:  81%|█████████████████████████▊      | 100/124 [46:09<09:49, 24.55s/it]
[1AProcess:  81%|██████████████████████████      | 101/124 [46:23<08:07, 21.19s/it]
[1AProcess:  82%|██████████████████████████▎     | 102/124 [46:46<08:03, 21.97s/it]
[1AProcess:  83%|██████████████████████████▌     | 103/124 [47:14<08:17, 23.70s/it]
[1AProcess:  84%|██████████████████████████▊     | 104/124 [47:52<09:18, 27.91s/it]
[1AProcess:  85%|███████████████████████████     | 105/124 [48:21<08:59, 28.37s/it]
[1AProcess:  85%|███████████████████████████▎    | 106/124 [48:56<09:06, 30.38s/it]
[1AProcess:  86%|███████████████████████████▌    | 107/124 [49:09<07:03, 24.93s/it]
[1AProcess:  87%|███████████████████████████▊    | 108/124 [49:23<05:46, 21.65s/it]
[1AProcess:  88%|████████████████████████████▏   | 109/124 [49:34<04:37, 18.48s/it]
[1AProcess:  89%|████████████████████████████▍   | 110/124 [49:57<04:38, 19.87s/it]
[1AProcess:  90%|████████████████████████████▋   | 111/124 [50:20<04:32, 20.95s/it]
[1AProcess:  90%|████████████████████████████▉   | 112/124 [50:44<04:23, 21.93s/it]
[1AProcess:  91%|█████████████████████████████▏  | 113/124 [51:05<03:55, 21.45s/it]
[1AProcess:  92%|█████████████████████████████▍  | 114/124 [51:30<03:46, 22.67s/it]
[1AProcess:  93%|█████████████████████████████▋  | 115/124 [51:54<03:26, 22.90s/it]
[1AProcess:  94%|█████████████████████████████▉  | 116/124 [52:12<02:52, 21.51s/it]
[1AProcess:  94%|██████████████████████████████▏ | 117/124 [52:23<02:07, 18.27s/it]
[1AProcess:  95%|██████████████████████████████▍ | 118/124 [52:49<02:04, 20.82s/it]
[1AProcess:  96%|██████████████████████████████▋ | 119/124 [53:02<01:32, 18.41s/it]
[1AProcess:  97%|██████████████████████████████▉ | 120/124 [53:26<01:20, 20.15s/it]
[1AProcess:  98%|███████████████████████████████▏| 121/124 [53:49<01:02, 20.96s/it]
[1AProcess:  98%|███████████████████████████████▍| 122/124 [54:01<00:36, 18.09s/it]
[1AProcess:  99%|███████████████████████████████▋| 123/124 [54:04<00:13, 13.72s/it]
✅ finished 1/124: abs_perf.py
✅ finished 2/124: adaptive_avg_pool2d_perf.py
✅ finished 3/124: add_gelu_perf.py
✅ finished 4/124: add_mean_perf.py
✅ finished 5/124: add_perf.py
✅ finished 6/124: addmm_perf.py
✅ finished 7/124: airy_ai_perf.py
✅ finished 8/124: argmax_perf.py
✅ finished 9/124: asin_perf.py
✅ finished 10/124: autocast_perf.py
✅ finished 11/124: batch_norm_perf.py
✅ finished 12/124: bessel_j1_perf.py
✅ finished 13/124: bitwise_and_perf.py
✅ finished 14/124: broadcast_tensors_perf.py
✅ finished 15/124: cholesky_perf.py
✅ finished 16/124: combined_activation_perf.py
✅ finished 17/124: conv2d_add_perf.py
✅ finished 18/124: conv2d_perf.py
✅ finished 19/124: cos_avg_pool1d_perf.py
✅ finished 20/124: cos_perf.py
✅ finished 21/124: cos_signbit_perf.py
✅ finished 22/124: det_perf.py
✅ finished 23/124: determinant_lu_perf.py
✅ finished 24/124: determinant_via_qr_perf.py
✅ finished 25/124: digamma_perf.py
✅ finished 26/124: div_perf.py
✅ finished 27/124: dropout_relu_batch_norm_conv2d_perf.py
✅ finished 28/124: dropout_sigmoid_linear_perf.py
✅ finished 29/124: erf_perf.py
✅ finished 30/124: exp_mean_perf.py
✅ finished 31/124: exp_perf.py
✅ finished 32/124: exp_sqrt_perf.py
✅ finished 33/124: fftn_perf.py
✅ finished 34/124: floor_perf.py
✅ finished 35/124: fused_add_mul_groupnorm_perf.py
✅ finished 36/124: fused_avg_pool2d_cosine_similarity_perf.py
✅ finished 37/124: fused_bmm_dropout_gelu_perf.py
✅ finished 38/124: fused_bmm_rmsnorm_gelu_dropout_perf.py
✅ finished 39/124: fused_bmm_rmsnorm_gelu_dropout_sub_perf.py
✅ finished 40/124: fused_cross_entropy_log_softmax_perf.py
✅ finished 41/124: fused_embedding_add_tanh_perf.py
✅ finished 42/124: fused_fractional_max_pool2d_with_relu_perf.py
✅ finished 43/124: fused_hardshrink_dropout_perf.py
✅ finished 44/124: fused_index_select_eq_perf.py
✅ finished 45/124: fused_instance_norm_selu_conv2d_perf.py
✅ finished 46/124: fused_layer_norm_relu_linear_perf.py
✅ finished 47/124: fused_masked_select_add_gelu_perf.py
✅ finished 48/124: fused_mul_add_logsoftmax_dropout_bmm_perf.py
✅ finished 49/124: fused_mv_logsoftmax_dropout_perf.py
✅ finished 50/124: fused_mv_sigmoid_sub_perf.py
✅ finished 51/124: fused_pairwise_distance_normalize_perf.py
✅ finished 52/124: fused_qr_solve_perf.py
✅ finished 53/124: fused_repeat_interleave_log_softmax_perf.py
✅ finished 54/124: fused_silu_layer_norm_conv2d_perf.py
✅ finished 55/124: fused_svd_reconstruct_perf.py
✅ finished 56/124: fused_transformer_block_perf.py
✅ finished 57/124: gammaln_perf.py
✅ finished 58/124: gelu_conv2d_perf.py
✅ finished 59/124: gelu_perf.py
✅ finished 60/124: i0_perf.py
✅ finished 61/124: invert_matrix_lu_perf.py
✅ finished 62/124: ldl_factor_perf.py
✅ finished 63/124: leaky_relu_conv2d_perf.py
✅ finished 64/124: leaky_relu_perf.py
✅ finished 65/124: log1p_perf.py
✅ finished 66/124: log_perf.py
✅ finished 67/124: log_tanh_perf.py
✅ finished 68/124: logit_perf.py
✅ finished 69/124: lu_perf.py
✅ finished 70/124: matmul_perf.py
✅ finished 71/124: matrix_multiply_and_row_dot_perf.py
✅ finished 72/124: matrix_multiply_symmetric_perf.py
✅ finished 73/124: matrix_power_eig_perf.py
✅ finished 74/124: matrix_vector_dot_perf.py
✅ finished 75/124: max_perf.py
✅ finished 76/124: mean_perf.py
✅ finished 77/124: min_gelu_perf.py
✅ finished 78/124: min_perf.py
✅ finished 79/124: mul_perf.py
✅ finished 80/124: mul_relu_perf.py
✅ finished 81/124: mul_sub_perf.py
✅ finished 82/124: normalize_pairwise_distance_perf.py
✅ finished 83/124: ones_like_perf.py
✅ finished 84/124: permute_copy_perf.py
✅ finished 85/124: pixel_shuffle_conv2d_perf.py
✅ finished 86/124: pow_perf.py
✅ finished 87/124: qr_perf.py
✅ finished 88/124: rad2deg_sqrt_perf.py
✅ finished 89/124: reciprocal_perf.py
✅ finished 90/124: relu_batch_norm_conv2d_perf.py
✅ finished 91/124: relu_conv2d_perf.py
✅ finished 92/124: relu_max_pool2d_conv2d_perf.py
✅ finished 93/124: relu_perf.py
✅ finished 94/124: relu_sqrt_perf.py
✅ finished 95/124: rsqrt_perf.py
✅ finished 96/124: scaled_add_dot_perf.py
✅ finished 97/124: scaled_add_norm_perf.py
✅ finished 98/124: selu_perf.py
✅ finished 99/124: sigmoid_argmax_perf.py
✅ finished 100/124: sigmoid_batch_norm_perf.py
✅ finished 101/124: sigmoid_conv2d_perf.py
✅ finished 102/124: sigmoid_perf.py
✅ finished 103/124: silu_batch_norm_perf.py
✅ finished 104/124: softmax_mul_perf.py
✅ finished 105/124: softplus_linear_perf.py
✅ finished 106/124: solve_and_add_scaled_vector_perf.py
✅ finished 107/124: solve_multiple_lu_perf.py
✅ finished 108/124: solve_perf.py
✅ finished 109/124: spectral_norm_eig_perf.py
✅ finished 110/124: sqrt_exp_perf.py
✅ finished 111/124: sqrt_perf.py
✅ finished 112/124: std_perf.py
✅ finished 113/124: sub_gelu_perf.py
✅ finished 114/124: sub_perf.py
✅ finished 115/124: sum_perf.py
✅ finished 116/124: sum_std_perf.py
✅ finished 117/124: svd_perf.py
✅ finished 118/124: symmetric_matrix_vector_norm_perf.py
✅ finished 119/124: symmetric_mm_and_abs_sum_perf.py
✅ finished 120/124: tanh_linear_perf.py
✅ finished 121/124: tanh_perf.py
✅ finished 122/124: tensordot_rsqrt_perf.py
✅ finished 123/124: tril_mm_and_scale_perf.py
✅ finished 124/124: trunc_perf.py
[1AProcess: 100%|████████████████████████████████| 124/124 [54:26<00:00, 16.28s/it]
[1AProcess: 100%|████████████████████████████████| 124/124 [54:26<00:00, 26.35s/it]

=== Same-GPU PyTorch reference speedup ===
================================================================================================================================================================
abs.json: 0.9984
adaptive_avg_pool2d.json: 1.0052
add.json: 0.4025
add_gelu.json: 0.8883
add_mean.json: 0.2923
addmm.json: 0.8025
airy_ai.json: 6.4075
argmax.json: 1.0081
asin.json: 0.9987
autocast.json: 1.0239
batch_norm.json: 0.5505
bessel_j1.json: 2.9233
bitwise_and.json: 1.0
broadcast_tensors.json: 1.0013
cholesky.json: 1.5234
combined_activation.json: 1.023
conv2d.json: 1.0038
conv2d_add.json: 0.8548
cos.json: 0.9817
cos_avg_pool1d.json: 0.8927
cos_signbit.json: 0.9493
det.json: 0.9719
determinant_lu.json: 1.1294
determinant_via_qr.json: 1.2602
digamma.json: 1.6255
div.json: 0.9997
dropout_relu_batch_norm_conv2d.json: 2.404
dropout_sigmoid_linear.json: 0.664
erf.json: 0.9816
exp.json: 0.9999
exp_mean.json: 0.9993
exp_sqrt.json: 1.9557
fftn.json: 1.0005
floor.json: 1.0
fused_add_mul_groupnorm.json: 0.9982
fused_avg_pool2d_cosine_similarity.json: 1.5
fused_bmm_dropout_gelu.json: 0.9798
fused_bmm_rmsnorm_gelu_dropout.json: 1.0022
fused_bmm_rmsnorm_gelu_dropout_sub.json: 0.9423
fused_cross_entropy_log_softmax.json: 3.1095
fused_embedding_add_tanh.json: 1.3902
fused_fractional_max_pool2d_with_relu.json: 0.9996
fused_hardshrink_dropout.json: 1.0345
fused_index_select_eq.json: 0.1914
fused_instance_norm_selu_conv2d.json: 0.9202
fused_layer_norm_relu_linear.json: 0.4664
fused_masked_select_add_gelu.json: 0.9201
fused_mul_add_logsoftmax_dropout_bmm.json: 0.9777
fused_mv_logsoftmax_dropout.json: 0.3177
fused_mv_sigmoid_sub.json: 0.284
fused_pairwise_distance_normalize.json failed (input-size mismatch: generated=8 reference=7)
fused_qr_solve.json: 1.0106
fused_repeat_interleave_log_softmax.json: 0.2699
fused_transformer_block.json: 0.9581
gammaln.json failed (suspicious speedup 0.0901)
gelu.json: 0.9816
gelu_conv2d.json: 0.9211
i0.json: 0.9432
invert_matrix_lu.json: 2.5817
ldl_factor.json: 0.9927
leaky_relu.json: 0.9825
leaky_relu_conv2d.json: 1.2491
log.json: 0.9817
log1p.json: 0.9813
log_tanh.json: 2.6886
logit.json: 3.3934
lu.py.json: 1.0025
matmul.json: 0.8079
matrix_multiply_and_row_dot.json: 0.9076
matrix_multiply_symmetric.json: 1.0064
matrix_vector_dot.json: 0.3821
max.json: 1.0009
mean.json failed (suspicious speedup 0.0789)
min_gelu.json: 4.8017
mul.json: 0.9989
mul_relu.json: 1.657
mul_sub.json: 0.9998
normalize_pairwise_distance.json: 0.6077
ones_like.json: 0.2532
permute_copy.json failed (suspicious speedup 1098.7874)
pixel_shuffle_conv2d.json: 1.2406
pow.json: 0.9983
qr.json: 1.0088
rad2deg_sqrt.json: 1.225
reciprocal.json: 0.9805
relu.json: 0.982
relu_batch_norm_conv2d.json: 1.0083
relu_conv2d.json: 0.9499
relu_max_pool2d_conv2d.json: 1.2309
relu_sqrt.json: 1.9553
rsqrt.json: 3.6651
scaled_add_dot.json: 1.498
scaled_add_norm.json: 1.5035
selu.json: 8.6352
sigmoid.json: 0.9979
sigmoid_argmax.json: 0.9156
sigmoid_batch_norm.json: 0.5603
sigmoid_conv2d.json: 1.0381
silu_batch_norm.json: 1.6551
softmax_mul.json: 0.4064
softplus_linear.json: 0.302
solve.json: 1.0106
solve_and_add_scaled_vector..json: 0.2324
solve_multiple_lu.json: 0.9838
sqrt.json: 0.9803
sqrt_exp.json: 1.9551
std.json failed (suspicious speedup 0.0366)
sub.json: 0.6809
sub_gelu.json: 1.9287
sum.json: 1.0003
sum_std.json failed (suspicious speedup 0.0382)
svd.json: 1.0087
symmetric_matrix_vector_norm.json: 0.1067
symmetric_mm_and_abs_sum.json: 0.3679
tanh.json: 0.9788
tanh_linear.json: 0.8868
tensordot_rsqrt.json: 0.5535
trunc.json: 0.9829
[0.9984, 1.0052, 0.4025, 0.8883, 0.2923, 0.8025, 6.4075, 1.0081, 0.9987, 1.0239, 0.5505, 2.9233, 1.0, 1.0013, 1.5234, 1.023, 1.0038, 0.8548, 0.9817, 0.8927, 0.9493, 0.9719, 1.1294, 1.2602, 1.6255, 0.9997, 2.404, 0.664, 0.9816, 0.9999, 0.9993, 1.9557, 1.0005, 1.0, 0.9982, 1.5, 0.9798, 1.0022, 0.9423, 3.1095, 1.3902, 0.9996, 1.0345, 0.1914, 0.9202, 0.4664, 0.9201, 0.9777, 0.3177, 0.284, 1.0106, 0.2699, 0.9581, 0.9816, 0.9211, 0.9432, 2.5817, 0.9927, 0.9825, 1.2491, 0.9817, 0.9813, 2.6886, 3.3934, 1.0025, 0.8079, 0.9076, 1.0064, 0.3821, 1.0009, 4.8017, 0.9989, 1.657, 0.9998, 0.6077, 0.2532, 1.2406, 0.9983, 1.0088, 1.225, 0.9805, 0.982, 1.0083, 0.9499, 1.2309, 1.9553, 3.6651, 1.498, 1.5035, 8.6352, 0.9979, 0.9156, 0.5603, 1.0381, 1.6551, 0.4064, 0.302, 1.0106, 0.2324, 0.9838, 0.9803, 1.9551, 0.6809, 1.9287, 1.0003, 1.0087, 0.1067, 0.3679, 0.9788, 0.8868, 0.5535, 0.9829]

local_ref_results
speed up: 1.24
================================================================================================================================================================

=== Final summary ===
{
  "total_predictions": 166,
  "phase1_call_acc": {
    "passed": 124,
    "rate": 74.7
  },
  "phase2_exec_acc": {
    "passed": 124,
    "rate": 74.7
  },
  "phase3_efficiency": {
    "speedup_vs_pytorch": 0.47,
    "official_speedup_vs_upstream_golden": 0.47,
    "local_speedup_vs_same_gpu_pytorch": 1.24,
    "raw_output_tail": "rwise_distance.json: 0.1158\nones_like.json: 1.3632\npermute_copy.json failed\npixel_shuffle_conv2d.json: 0.2869\npow.json: 0.1468\nqr.json: 0.6414\nrad2deg_sqrt.json: 0.1749\nreciprocal.json: 0.1443\nrelu.json: 0.1442\nrelu_batch_norm_conv2d.json failed\nrelu_conv2d.json: 0.1693\nrelu_max_pool2d_conv2d.json: 0.2152\nrelu_sqrt.json: 0.2784\nrsqrt.json: 0.5973\nscaled_add_dot.json: 0.2381\nscaled_add_norm.json: 0.2299\nselu.json: 1.1991\nsigmoid.json: 0.1469\nsigmoid_argmax.json: 0.1424\nsigmoid_batch_norm.json failed\nsigmoid_conv2d.json failed\nsilu_batch_norm.json: 0.2452\nsoftmax_mul.json failed\nsoftplus_linear.json failed\nsolve.json: 0.8585\nsolve_and_add_scaled_vector..json: 0.1404\nsolve_multiple_lu.json: 0.7585\nsqrt.json: 0.1442\nsqrt_exp.json: 0.2784\nstd.json failed\nsub.json failed\nsub_gelu.json: 0.2913\nsum.json: 0.2273\nsum_std.json failed\nsvd.json: 1.0498\nsymmetric_matrix_vector_norm.json failed\nsymmetric_mm_and_abs_sum.json: 0.1016\ntanh.json: 0.144\ntanh_linear.json: 0.2143\ntensordot_rsqrt.json: 0.1581\ntrunc.json: 0.144\n[0.1465, 1.2722, 0.1464, 0.1044, 1.8464, 0.2499, 0.1915, 0.1439, 0.114, 0.6679, 0.1464, 1.8165, 0.4166, 0.2818, 0.1014, 0.1346, 0.1453, 0.2486, 0.1477, 0.4095, 0.9977, 0.5037, 0.3786, 0.1472, 0.6214, 0.1888, 0.1456, 0.1472, 0.1476, 0.2781, 0.1807, 0.1463, 0.1852, 0.2171, 0.2171, 0.2109, 0.197, 3.1512, 0.2762, 0.1756, 0.152, 0.1059, 0.107, 0.2261, 0.209, 0.1444, 8.7313, 0.5358, 0.295, 0.2353, 0.1465, 0.1388, 0.2338, 1.7036, 1.168, 0.1448, 0.3868, 0.1461, 0.1465, 0.4601, 0.4814, 0.8411, 0.123, 0.1311, 0.2412, 0.7114, 0.1639, 0.236, 0.1422, 0.1158, 1.3632, 0.2869, 0.1468, 0.6414, 0.1749, 0.1443, 0.1442, 0.1693, 0.2152, 0.2784, 0.5973, 0.2381, 0.2299, 1.1991, 0.1469, 0.1424, 0.2452, 0.8585, 0.1404, 0.7585, 0.1442, 0.2784, 0.2913, 0.2273, 1.0498, 0.1016, 0.144, 0.2143, 0.1581, 0.144]\n\nperf_results\nspeed up: 0.47\n================================================================================================================================================================\n",
    "official_raw_output_tail": "rwise_distance.json: 0.1158\nones_like.json: 1.3632\npermute_copy.json failed\npixel_shuffle_conv2d.json: 0.2869\npow.json: 0.1468\nqr.json: 0.6414\nrad2deg_sqrt.json: 0.1749\nreciprocal.json: 0.1443\nrelu.json: 0.1442\nrelu_batch_norm_conv2d.json failed\nrelu_conv2d.json: 0.1693\nrelu_max_pool2d_conv2d.json: 0.2152\nrelu_sqrt.json: 0.2784\nrsqrt.json: 0.5973\nscaled_add_dot.json: 0.2381\nscaled_add_norm.json: 0.2299\nselu.json: 1.1991\nsigmoid.json: 0.1469\nsigmoid_argmax.json: 0.1424\nsigmoid_batch_norm.json failed\nsigmoid_conv2d.json failed\nsilu_batch_norm.json: 0.2452\nsoftmax_mul.json failed\nsoftplus_linear.json failed\nsolve.json: 0.8585\nsolve_and_add_scaled_vector..json: 0.1404\nsolve_multiple_lu.json: 0.7585\nsqrt.json: 0.1442\nsqrt_exp.json: 0.2784\nstd.json failed\nsub.json failed\nsub_gelu.json: 0.2913\nsum.json: 0.2273\nsum_std.json failed\nsvd.json: 1.0498\nsymmetric_matrix_vector_norm.json failed\nsymmetric_mm_and_abs_sum.json: 0.1016\ntanh.json: 0.144\ntanh_linear.json: 0.2143\ntensordot_rsqrt.json: 0.1581\ntrunc.json: 0.144\n[0.1465, 1.2722, 0.1464, 0.1044, 1.8464, 0.2499, 0.1915, 0.1439, 0.114, 0.6679, 0.1464, 1.8165, 0.4166, 0.2818, 0.1014, 0.1346, 0.1453, 0.2486, 0.1477, 0.4095, 0.9977, 0.5037, 0.3786, 0.1472, 0.6214, 0.1888, 0.1456, 0.1472, 0.1476, 0.2781, 0.1807, 0.1463, 0.1852, 0.2171, 0.2171, 0.2109, 0.197, 3.1512, 0.2762, 0.1756, 0.152, 0.1059, 0.107, 0.2261, 0.209, 0.1444, 8.7313, 0.5358, 0.295, 0.2353, 0.1465, 0.1388, 0.2338, 1.7036, 1.168, 0.1448, 0.3868, 0.1461, 0.1465, 0.4601, 0.4814, 0.8411, 0.123, 0.1311, 0.2412, 0.7114, 0.1639, 0.236, 0.1422, 0.1158, 1.3632, 0.2869, 0.1468, 0.6414, 0.1749, 0.1443, 0.1442, 0.1693, 0.2152, 0.2784, 0.5973, 0.2381, 0.2299, 1.1991, 0.1469, 0.1424, 0.2452, 0.8585, 0.1404, 0.7585, 0.1442, 0.2784, 0.2913, 0.2273, 1.0498, 0.1016, 0.144, 0.2143, 0.1581, 0.144]\n\nperf_results\nspeed up: 0.47\n================================================================================================================================================================\n",
    "local_raw_output_tail": "t.json: 1.225\nreciprocal.json: 0.9805\nrelu.json: 0.982\nrelu_batch_norm_conv2d.json: 1.0083\nrelu_conv2d.json: 0.9499\nrelu_max_pool2d_conv2d.json: 1.2309\nrelu_sqrt.json: 1.9553\nrsqrt.json: 3.6651\nscaled_add_dot.json: 1.498\nscaled_add_norm.json: 1.5035\nselu.json: 8.6352\nsigmoid.json: 0.9979\nsigmoid_argmax.json: 0.9156\nsigmoid_batch_norm.json: 0.5603\nsigmoid_conv2d.json: 1.0381\nsilu_batch_norm.json: 1.6551\nsoftmax_mul.json: 0.4064\nsoftplus_linear.json: 0.302\nsolve.json: 1.0106\nsolve_and_add_scaled_vector..json: 0.2324\nsolve_multiple_lu.json: 0.9838\nsqrt.json: 0.9803\nsqrt_exp.json: 1.9551\nstd.json failed (suspicious speedup 0.0366)\nsub.json: 0.6809\nsub_gelu.json: 1.9287\nsum.json: 1.0003\nsum_std.json failed (suspicious speedup 0.0382)\nsvd.json: 1.0087\nsymmetric_matrix_vector_norm.json: 0.1067\nsymmetric_mm_and_abs_sum.json: 0.3679\ntanh.json: 0.9788\ntanh_linear.json: 0.8868\ntensordot_rsqrt.json: 0.5535\ntrunc.json: 0.9829\n[0.9984, 1.0052, 0.4025, 0.8883, 0.2923, 0.8025, 6.4075, 1.0081, 0.9987, 1.0239, 0.5505, 2.9233, 1.0, 1.0013, 1.5234, 1.023, 1.0038, 0.8548, 0.9817, 0.8927, 0.9493, 0.9719, 1.1294, 1.2602, 1.6255, 0.9997, 2.404, 0.664, 0.9816, 0.9999, 0.9993, 1.9557, 1.0005, 1.0, 0.9982, 1.5, 0.9798, 1.0022, 0.9423, 3.1095, 1.3902, 0.9996, 1.0345, 0.1914, 0.9202, 0.4664, 0.9201, 0.9777, 0.3177, 0.284, 1.0106, 0.2699, 0.9581, 0.9816, 0.9211, 0.9432, 2.5817, 0.9927, 0.9825, 1.2491, 0.9817, 0.9813, 2.6886, 3.3934, 1.0025, 0.8079, 0.9076, 1.0064, 0.3821, 1.0009, 4.8017, 0.9989, 1.657, 0.9998, 0.6077, 0.2532, 1.2406, 0.9983, 1.0088, 1.225, 0.9805, 0.982, 1.0083, 0.9499, 1.2309, 1.9553, 3.6651, 1.498, 1.5035, 8.6352, 0.9979, 0.9156, 0.5603, 1.0381, 1.6551, 0.4064, 0.302, 1.0106, 0.2324, 0.9838, 0.9803, 1.9551, 0.6809, 1.9287, 1.0003, 1.0087, 0.1067, 0.3679, 0.9788, 0.8868, 0.5535, 0.9829]\n\nlocal_ref_results\nspeed up: 1.24\n================================================================================================================================================================"
  },
  "artifacts_volume": "tritonbench-t-data",
  "artifacts_subdir": "results/lmstudio_prompt9_ultraspeed"
}
Stopping app - local entrypoint completed.
✓ App completed. View run at https://modal.com/apps/a01637220/main/ap-HjP2fJaWuhu6nPIfwWYz8p
